solid "link4"
  facet normal -0 -1 0
    outer loop
      vertex 9.39999485016 -40.8250007629 9.07500362396
      vertex 9.39999485016 -42.5249977112 9.07500362396
      vertex -8.60000228882 -40.8249969482 9.07500362396
    endloop
  endfacet
  facet normal 2.76499349638e-07 5.52999175341e-08 -1
    outer loop
      vertex -8.60000228882 -40.8249969482 9.07500362396
      vertex -9.20000267029 -40.8249969482 12.0750045776
      vertex 9.39999485016 -40.8250007629 9.07500362396
    endloop
  endfacet
  facet normal 2.59218126075e-07 -5.18436671371e-08 -1
    outer loop
      vertex 9.39999485016 -40.8250007629 9.07500362396
      vertex -9.20000267029 -40.8249969482 12.0750045776
      vertex 9.9999961853 -40.8250007629 12.0750045776
    endloop
  endfacet
  facet normal 0 0 -1
    outer loop
      vertex 9.39999485016 -40.8250007629 9.07500362396
      vertex 9.9999961853 -40.8250007629 12.0750045776
      vertex 9.99999523163 -40.8250007629 -7.42499780655
    endloop
  endfacet
  facet normal 0 0 -1
    outer loop
      vertex 9.99999523163 -40.8250007629 -7.42499780655
      vertex 9.39999485016 -40.8250007629 -7.42499780655
      vertex 9.39999485016 -40.8250007629 9.07500362396
    endloop
  endfacet
  facet normal -1 3.77044493405e-08 0
    outer loop
      vertex 9.39999485016 -40.8250007629 -7.42499780655
      vertex 9.39999485016 -42.5249977112 -7.42499780655
      vertex 9.39999485016 -40.8250007629 9.07500362396
    endloop
  endfacet
  facet normal 0 -1 0
    outer loop
      vertex 9.39999485016 -40.8250007629 -7.42499780655
      vertex 11.6499938965 -42.5249977112 -7.42499780655
      vertex 9.39999485016 -42.5249977112 -7.42499780655
    endloop
  endfacet
  facet normal 0 0 1
    outer loop
      vertex 9.39999485016 -42.5249977112 -7.42499780655
      vertex 11.6499938965 -42.5249977112 -7.42499780655
      vertex 9.39999485016 -42.5249977112 9.07500362396
    endloop
  endfacet
  facet normal -0 0 1
    outer loop
      vertex 9.39999485016 -42.5249977112 9.07500362396
      vertex 11.6499938965 -42.5249977112 -7.42499780655
      vertex 11.6499958038 -42.5249977112 31.5750045776
    endloop
  endfacet
  facet normal 0 -0 1
    outer loop
      vertex 9.39999485016 -42.5249977112 9.07500362396
      vertex 11.6499958038 -42.5249977112 31.5750045776
      vertex -8.60000228882 -42.5249977112 9.07500362396
    endloop
  endfacet
  facet normal 0 -0 1
    outer loop
      vertex -8.60000228882 -42.5249977112 9.07500362396
      vertex 11.6499958038 -42.5249977112 31.5750045776
      vertex -10.8500041962 -42.5249977112 31.5750045776
    endloop
  endfacet
  facet normal 0 0 1
    outer loop
      vertex -8.60000228882 -42.5249977112 9.07500362396
      vertex -10.8500041962 -42.5249977112 31.5750045776
      vertex -10.8500061035 -42.5249977112 -7.42499780655
    endloop
  endfacet
  facet normal 0 0 1
    outer loop
      vertex -10.8500061035 -42.5249977112 -7.42499780655
      vertex -8.60000514984 -42.5249977112 -7.42499780655
      vertex -8.60000228882 -42.5249977112 9.07500362396
    endloop
  endfacet
  facet normal 1 -1.50817797362e-07 0
    outer loop
      vertex -8.60000514984 -40.8250007629 -7.42499780655
      vertex -8.60000228882 -42.5249977112 9.07500362396
      vertex -8.60000514984 -42.5249977112 -7.42499780655
    endloop
  endfacet
  facet normal 0 -1 0
    outer loop
      vertex -8.60000514984 -40.8250007629 -7.42499780655
      vertex -8.60000514984 -42.5249977112 -7.42499780655
      vertex -9.20000553131 -40.8250007629 -7.42499780655
    endloop
  endfacet
  facet normal -0 -3.01635594724e-07 -1
    outer loop
      vertex -8.60000514984 -40.8250007629 -7.42499780655
      vertex -9.20000553131 -40.8250007629 -7.42499780655
      vertex -8.60000228882 -40.8249969482 9.07500362396
    endloop
  endfacet
  facet normal 1 -1.50817797362e-07 0
    outer loop
      vertex -8.60000228882 -40.8249969482 9.07500362396
      vertex -8.60000228882 -42.5249977112 9.07500362396
      vertex -8.60000514984 -40.8250007629 -7.42499780655
    endloop
  endfacet
  facet normal 0 -1 0
    outer loop
      vertex -9.20000553131 -40.8250007629 -7.42499780655
      vertex -8.60000514984 -42.5249977112 -7.42499780655
      vertex -10.8500061035 -42.5249977112 -7.42499780655
    endloop
  endfacet
  facet normal -0 -1 -0
    outer loop
      vertex -9.20000553131 -40.8250007629 -7.42499780655
      vertex -10.8500061035 -42.5249977112 -7.42499780655
      vertex -9.20000553131 -39.1250038147 -7.42499780655
    endloop
  endfacet
  facet normal 1 -1.27615052747e-07 0
    outer loop
      vertex -9.20000553131 -39.1250038147 -7.42499780655
      vertex -9.20000267029 -40.8249969482 12.0750045776
      vertex -9.20000553131 -40.8250007629 -7.42499780655
    endloop
  endfacet
  facet normal 1 -1.27615052747e-07 0
    outer loop
      vertex -9.20000267029 -39.1249961853 12.0750045776
      vertex -9.20000267029 -40.8249969482 12.0750045776
      vertex -9.20000553131 -39.1250038147 -7.42499780655
    endloop
  endfacet
  facet normal 1.27614873691e-06 2.55229934965e-07 1
    outer loop
      vertex -8.60000228882 -39.1249961853 9.07500362396
      vertex -9.20000267029 -39.1249961853 12.0750045776
      vertex -9.20000553131 -39.1250038147 -7.42499780655
    endloop
  endfacet
  facet normal -0 3.01635594724e-07 1
    outer loop
      vertex -9.20000553131 -39.1250038147 -7.42499780655
      vertex -8.60000514984 -39.1250038147 -7.42499780655
      vertex -8.60000228882 -39.1249961853 9.07500362396
    endloop
  endfacet
  facet normal 1 -1.50817797362e-07 0
    outer loop
      vertex -8.60000514984 -39.1250038147 -7.42499780655
      vertex -8.60000514984 -37.4250030518 -7.42499780655
      vertex -8.60000228882 -39.1249961853 9.07500362396
    endloop
  endfacet
  facet normal 1 -1.50817797362e-07 0
    outer loop
      vertex -8.60000228882 -39.1249961853 9.07500362396
      vertex -8.60000514984 -37.4250030518 -7.42499780655
      vertex -8.60000228882 -37.4250030518 9.07500362396
    endloop
  endfacet
  facet normal 0 -1 0
    outer loop
      vertex -8.60000228882 -39.1249961853 9.07500362396
      vertex -8.60000228882 -37.4250030518 9.07500362396
      vertex 9.39999485016 -39.1250038147 9.07500362396
    endloop
  endfacet
  facet normal -2.76499349638e-07 5.52999175341e-08 1
    outer loop
      vertex 9.39999485016 -39.1250038147 9.07500362396
      vertex 9.9999961853 -39.1250038147 12.0750045776
      vertex -8.60000228882 -39.1249961853 9.07500362396
    endloop
  endfacet
  facet normal -0 0 1
    outer loop
      vertex 9.39999485016 -39.1250038147 9.07500362396
      vertex 9.99999523163 -39.1250038147 -7.42499780655
      vertex 9.9999961853 -39.1250038147 12.0750045776
    endloop
  endfacet
  facet normal -1 3.19037631868e-08 0
    outer loop
      vertex 9.99999523163 -40.8250007629 -7.42499780655
      vertex 9.9999961853 -39.1250038147 12.0750045776
      vertex 9.99999523163 -39.1250038147 -7.42499780655
    endloop
  endfacet
  facet normal 0 -1 0
    outer loop
      vertex 9.99999523163 -39.1250038147 -7.42499780655
      vertex 11.6499938965 -37.4250030518 -7.42499780655
      vertex 9.99999523163 -40.8250007629 -7.42499780655
    endloop
  endfacet
  facet normal 0 -1 0
    outer loop
      vertex 9.99999523163 -40.8250007629 -7.42499780655
      vertex 11.6499938965 -37.4250030518 -7.42499780655
      vertex 11.6499938965 -42.5249977112 -7.42499780655
    endloop
  endfacet
  facet normal 0 -1 -0
    outer loop
      vertex 9.99999523163 -39.1250038147 -7.42499780655
      vertex 9.39999485016 -37.4250030518 -7.42499780655
      vertex 11.6499938965 -37.4250030518 -7.42499780655
    endloop
  endfacet
  facet normal 0 0 -1
    outer loop
      vertex 11.6499938965 -37.4250030518 -7.42499780655
      vertex 9.39999485016 -37.4250030518 -7.42499780655
      vertex 9.39999485016 -37.4250030518 9.07500362396
    endloop
  endfacet
  facet normal 0 0 -1
    outer loop
      vertex 9.39999485016 -37.4250030518 9.07500362396
      vertex 11.6499948502 -37.4250030518 19.5750045776
      vertex 11.6499938965 -37.4250030518 -7.42499780655
    endloop
  endfacet
  facet normal 1 -3.45624115994e-08 -4.06617211013e-08
    outer loop
      vertex 11.6499958038 -42.5249977112 31.5750045776
      vertex 11.6499938965 -37.4250030518 -7.42499780655
      vertex 11.6499948502 -37.4250030518 19.5750045776
    endloop
  endfacet
  facet normal 1 -3.43650270906e-07 6.86604607836e-07
    outer loop
      vertex 11.6499948502 -37.4250030518 19.5750045776
      vertex 11.6499948502 -37.3634414673 20.3571777344
      vertex 11.6499958038 -42.5249977112 31.5750045776
    endloop
  endfacet
  facet normal 1 -9.50758494156e-09 -3.96018897675e-08
    outer loop
      vertex 11.6499958038 -42.5249977112 31.5750045776
      vertex 11.6499948502 -37.3634414673 20.3571777344
      vertex 11.6499948502 -37.1802825928 21.1200847626
    endloop
  endfacet
  facet normal 1 -1.33170106054e-08 -3.21501794076e-08
    outer loop
      vertex 11.6499958038 -42.5249977112 31.5750045776
      vertex 11.6499948502 -37.1802825928 21.1200847626
      vertex 11.6499948502 -36.8800315857 21.844959259
    endloop
  endfacet
  facet normal 1 -1.6421944693e-08 -2.67983057967e-08
    outer loop
      vertex 11.6499948502 -36.8800315857 21.844959259
      vertex 11.6499948502 -36.4700889587 22.5139312744
      vertex 11.6499958038 -42.5249977112 31.5750045776
    endloop
  endfacet
  facet normal 1 -1.92603035742e-08 -2.25507452711e-08
    outer loop
      vertex 11.6499958038 -42.5249977112 31.5750045776
      vertex 11.6499948502 -36.4700889587 22.5139312744
      vertex 11.6499948502 -35.9605331421 23.1105365753
    endloop
  endfacet
  facet normal 1 -3.38559691393e-09 -4.30201936297e-08
    outer loop
      vertex 11.6499958038 -42.5249977112 31.5750045776
      vertex 11.6499948502 -35.9605331421 23.1105365753
      vertex 11.6499958038 -42.4634399414 32.3571777344
    endloop
  endfacet
  facet normal 1 -2.10167421244e-08 -1.79500432296e-08
    outer loop
      vertex 11.6499958038 -42.4634399414 32.3571777344
      vertex 11.6499948502 -35.9605331421 23.1105365753
      vertex 11.6499948502 -35.3639259338 23.6200885773
    endloop
  endfacet
  facet normal 1 -8.11967026948e-09 -3.38219585672e-08
    outer loop
      vertex 11.6499948502 -35.3639259338 23.6200885773
      vertex 11.6499958038 -42.2802886963 33.1200904846
      vertex 11.6499958038 -42.4634399414 32.3571777344
    endloop
  endfacet
  facet normal 9.68182600758e-09 0.233438208699 0.972371637821
    outer loop
      vertex 11.6499958038 -42.2802886963 33.1200904846
      vertex -10.8500041962 -42.4634399414 32.3571777344
      vertex 11.6499958038 -42.4634399414 32.3571777344
    endloop
  endfacet
  facet normal 3.25392623957e-09 0.0784553140402 0.9969176054
    outer loop
      vertex 11.6499958038 -42.4634399414 32.3571777344
      vertex -10.8500041962 -42.4634399414 32.3571777344
      vertex -10.8500041962 -42.5249977112 31.5750045776
    endloop
  endfacet
  facet normal -1 0 -0
    outer loop
      vertex -10.8500041962 -42.5249977112 31.5750045776
      vertex -10.8500041962 -42.4634399414 32.3571777344
      vertex -10.8500041962 -35.3639221191 23.6200885773
    endloop
  endfacet
  facet normal -1 0 0
    outer loop
      vertex -10.8500041962 -35.3639221191 23.6200885773
      vertex -10.8500041962 -35.9605331421 23.1105365753
      vertex -10.8500041962 -42.5249977112 31.5750045776
    endloop
  endfacet
  facet normal -1 0 0
    outer loop
      vertex -10.8500041962 -42.5249977112 31.5750045776
      vertex -10.8500041962 -35.9605331421 23.1105365753
      vertex -10.8500041962 -36.4700889587 22.5139312744
    endloop
  endfacet
  facet normal -1 0 0
    outer loop
      vertex -10.8500041962 -42.5249977112 31.5750045776
      vertex -10.8500041962 -36.4700889587 22.5139312744
      vertex -10.8500041962 -36.8800315857 21.844959259
    endloop
  endfacet
  facet normal -1 0 0
    outer loop
      vertex -10.8500041962 -36.8800315857 21.844959259
      vertex -10.8500041962 -37.1802825928 21.1200847626
      vertex -10.8500041962 -42.5249977112 31.5750045776
    endloop
  endfacet
  facet normal -1 0 0
    outer loop
      vertex -10.8500041962 -37.3634414673 20.3571777344
      vertex -10.8500041962 -42.5249977112 31.5750045776
      vertex -10.8500041962 -37.1802825928 21.1200847626
    endloop
  endfacet
  facet normal -0 -0.233445644379 -0.972369849682
    outer loop
      vertex 11.6499948502 -37.1802825928 21.1200847626
      vertex -10.8500041962 -37.3634414673 20.3571777344
      vertex -10.8500041962 -37.1802825928 21.1200847626
    endloop
  endfacet
  facet normal -1 0 0
    outer loop
      vertex -10.8500041962 -37.4250030518 19.5750045776
      vertex -10.8500041962 -42.5249977112 31.5750045776
      vertex -10.8500041962 -37.3634414673 20.3571777344
    endloop
  endfacet
  facet normal -0 -0.0784616023302 -0.996917128563
    outer loop
      vertex 11.6499948502 -37.3634414673 20.3571777344
      vertex -10.8500041962 -37.4250030518 19.5750045776
      vertex -10.8500041962 -37.3634414673 20.3571777344
    endloop
  endfacet
  facet normal -0 -0.382682710886 -0.923879861832
    outer loop
      vertex 11.6499948502 -36.8800315857 21.844959259
      vertex -10.8500041962 -37.1802825928 21.1200847626
      vertex -10.8500041962 -36.8800315857 21.844959259
    endloop
  endfacet
  facet normal -0 -0.522496759892 -0.852641284466
    outer loop
      vertex 11.6499948502 -36.4700889587 22.5139312744
      vertex -10.8500041962 -36.8800315857 21.844959259
      vertex -10.8500041962 -36.4700889587 22.5139312744
    endloop
  endfacet
  facet normal -0 -0.649450957775 -0.760403513908
    outer loop
      vertex 11.6499948502 -35.9605331421 23.1105365753
      vertex -10.8500041962 -36.4700889587 22.5139312744
      vertex -10.8500041962 -35.9605331421 23.1105365753
    endloop
  endfacet
  facet normal 1.4365710399e-07 -0.760407745838 -0.649445950985
    outer loop
      vertex 11.6499948502 -35.3639259338 23.6200885773
      vertex -10.8500041962 -35.9605331421 23.1105365753
      vertex -10.8500041962 -35.3639221191 23.6200885773
    endloop
  endfacet
  facet normal 1.15576511917e-07 -0.852639853954 -0.522499084473
    outer loop
      vertex 11.6499948502 -35.3639259338 23.6200885773
      vertex -10.8500041962 -35.3639221191 23.6200885773
      vertex 11.6499948502 -34.6949539185 24.0300350189
    endloop
  endfacet
  facet normal 1 -2.17842135442e-08 -1.3349400696e-08
    outer loop
      vertex 11.6499948502 -34.6949539185 24.0300350189
      vertex 11.6499958038 -41.9800376892 33.8449554443
      vertex 11.6499948502 -35.3639259338 23.6200885773
    endloop
  endfacet
  facet normal 1 -2.69032653932e-07 3.19759209333e-07
    outer loop
      vertex 11.6499948502 -34.6949539185 24.0300350189
      vertex 11.6499958038 -41.5700874329 34.5139312744
      vertex 11.6499958038 -41.9800376892 33.8449554443
    endloop
  endfacet
  facet normal 2.16705746681e-08 0.522498548031 0.852640151978
    outer loop
      vertex 11.6499958038 -41.5700874329 34.5139312744
      vertex -10.8500041962 -41.9800376892 33.8449554443
      vertex 11.6499958038 -41.9800376892 33.8449554443
    endloop
  endfacet
  facet normal 1.58719135612e-08 0.382687181234 0.923877954483
    outer loop
      vertex 11.6499958038 -41.9800376892 33.8449554443
      vertex -10.8500041962 -41.9800376892 33.8449554443
      vertex -10.8500041962 -42.2802886963 33.1200904846
    endloop
  endfacet
  facet normal 1.58719135612e-08 0.382687181234 0.923877954483
    outer loop
      vertex 11.6499958038 -41.9800376892 33.8449554443
      vertex -10.8500041962 -42.2802886963 33.1200904846
      vertex 11.6499958038 -42.2802886963 33.1200904846
    endloop
  endfacet
  facet normal -1 0 0
    outer loop
      vertex -10.8500041962 -34.6949501038 24.0300350189
      vertex -10.8500041962 -42.2802886963 33.1200904846
      vertex -10.8500041962 -41.9800376892 33.8449554443
    endloop
  endfacet
  facet normal -1 0 0
    outer loop
      vertex -10.8500041962 -34.6949501038 24.0300350189
      vertex -10.8500041962 -41.9800376892 33.8449554443
      vertex -10.8500041962 -41.5700874329 34.5139312744
    endloop
  endfacet
  facet normal -1 0 -0
    outer loop
      vertex -10.8500041962 -41.5700874329 34.5139312744
      vertex -10.8500041962 -41.0605316162 35.1105384827
      vertex -10.8500041962 -34.6949501038 24.0300350189
    endloop
  endfacet
  facet normal -1 0 0
    outer loop
      vertex -10.8500041962 -34.6949501038 24.0300350189
      vertex -10.8500041962 -41.0605316162 35.1105384827
      vertex -10.8500041962 -40.4639282227 35.6200866699
    endloop
  endfacet
  facet normal -1 0 0
    outer loop
      vertex -10.8500041962 -34.6949501038 24.0300350189
      vertex -10.8500041962 -40.4639282227 35.6200866699
      vertex -10.8500041962 -33.9700889587 24.3302822113
    endloop
  endfacet
  facet normal -0 -0.92388021946 -0.382681787014
    outer loop
      vertex 11.6499948502 -33.9700889587 24.3302822113
      vertex -10.8500041962 -34.6949501038 24.0300350189
      vertex -10.8500041962 -33.9700889587 24.3302822113
    endloop
  endfacet
  facet normal -0 -0.972368955612 -0.233449459076
    outer loop
      vertex 11.6499948502 -33.9700889587 24.3302822113
      vertex -10.8500041962 -33.9700889587 24.3302822113
      vertex 11.6499948502 -33.2071762085 24.5134449005
    endloop
  endfacet
  facet normal 1 -4.74968757658e-08 -1.14032019383e-08
    outer loop
      vertex 11.6499948502 -33.2071762085 24.5134449005
      vertex 11.6499958038 -37.5250015259 36.5750045776
      vertex 11.6499948502 -33.9700889587 24.3302822113
    endloop
  endfacet
  facet normal 1 -4.9672479463e-08 -3.90943455386e-09
    outer loop
      vertex 11.6499958038 -37.5250015259 36.5750045776
      vertex 11.6499958038 -38.3071746826 36.5134468079
      vertex 11.6499948502 -33.9700889587 24.3302822113
    endloop
  endfacet
  facet normal 1 -4.70436063438e-08 -1.12941114239e-08
    outer loop
      vertex 11.6499958038 -38.3071746826 36.5134468079
      vertex 11.6499958038 -39.0700874329 36.3302879333
      vertex 11.6499948502 -33.9700889587 24.3302822113
    endloop
  endfacet
  facet normal 1 -4.40831406934e-08 -1.82599197984e-08
    outer loop
      vertex 11.6499948502 -33.9700889587 24.3302822113
      vertex 11.6499958038 -39.0700874329 36.3302879333
      vertex 11.6499958038 -39.7949562073 36.0300369263
    endloop
  endfacet
  facet normal 1 -4.40832650384e-08 -1.82596693321e-08
    outer loop
      vertex 11.6499948502 -33.9700889587 24.3302822113
      vertex 11.6499958038 -39.7949562073 36.0300369263
      vertex 11.6499948502 -34.6949539185 24.0300350189
    endloop
  endfacet
  facet normal 1 -4.11312974791e-08 -2.52054768168e-08
    outer loop
      vertex 11.6499948502 -34.6949539185 24.0300350189
      vertex 11.6499958038 -39.7949562073 36.0300369263
      vertex 11.6499958038 -40.4639282227 35.6200866699
    endloop
  endfacet
  facet normal 1 -3.76652664613e-08 -3.21688453653e-08
    outer loop
      vertex 11.6499948502 -34.6949539185 24.0300350189
      vertex 11.6499958038 -40.4639282227 35.6200866699
      vertex 11.6499958038 -41.0605392456 35.1105384827
    endloop
  endfacet
  facet normal -1.0949064233e-07 0.760409295559 0.649444162846
    outer loop
      vertex 11.6499958038 -40.4639282227 35.6200866699
      vertex -10.8500041962 -41.0605316162 35.1105384827
      vertex 11.6499958038 -41.0605392456 35.1105384827
    endloop
  endfacet
  facet normal 3.53630937866e-08 0.852638423443 0.522501349449
    outer loop
      vertex 11.6499958038 -39.7949562073 36.0300369263
      vertex -10.8500041962 -40.4639282227 35.6200866699
      vertex 11.6499958038 -40.4639282227 35.6200866699
    endloop
  endfacet
  facet normal 3.53630937866e-08 0.852638423443 0.522501349449
    outer loop
      vertex 11.6499958038 -39.7949562073 36.0300369263
      vertex -10.8500041962 -39.7949562073 36.0300369263
      vertex -10.8500041962 -40.4639282227 35.6200866699
    endloop
  endfacet
  facet normal 3.83177862773e-08 0.923878908157 0.38268494606
    outer loop
      vertex 11.6499958038 -39.0700874329 36.3302879333
      vertex -10.8500041962 -39.7949562073 36.0300369263
      vertex 11.6499958038 -39.7949562073 36.0300369263
    endloop
  endfacet
  facet normal 3.83177862773e-08 0.923878908157 0.38268494606
    outer loop
      vertex 11.6499958038 -39.0700874329 36.3302879333
      vertex -10.8500041962 -39.0700874329 36.3302879333
      vertex -10.8500041962 -39.7949562073 36.0300369263
    endloop
  endfacet
  facet normal -1 0 0
    outer loop
      vertex -10.8500041962 -33.9700889587 24.3302822113
      vertex -10.8500041962 -39.7949562073 36.0300369263
      vertex -10.8500041962 -39.0700874329 36.3302879333
    endloop
  endfacet
  facet normal -1 -0 0
    outer loop
      vertex -10.8500041962 -38.3071746826 36.5134468079
      vertex -10.8500041962 -33.9700889587 24.3302822113
      vertex -10.8500041962 -39.0700874329 36.3302879333
    endloop
  endfacet
  facet normal 4.03289561746e-08 0.97237020731 0.233444213867
    outer loop
      vertex 11.6499958038 -38.3071746826 36.5134468079
      vertex -10.8500041962 -38.3071746826 36.5134468079
      vertex -10.8500041962 -39.0700874329 36.3302879333
    endloop
  endfacet
  facet normal -1 0 0
    outer loop
      vertex -10.8500041962 -38.3071746826 36.5134468079
      vertex -10.8500041962 -33.2071685791 24.5134468079
      vertex -10.8500041962 -33.9700889587 24.3302822113
    endloop
  endfacet
  facet normal -1 -0 0
    outer loop
      vertex -10.8500041962 -37.5250015259 36.5750083923
      vertex -10.8500041962 -33.2071685791 24.5134468079
      vertex -10.8500041962 -38.3071746826 36.5134468079
    endloop
  endfacet
  facet normal 4.13470395699e-08 0.996917128563 0.0784616023302
    outer loop
      vertex 11.6499958038 -37.5250015259 36.5750045776
      vertex -10.8500041962 -37.5250015259 36.5750083923
      vertex -10.8500041962 -38.3071746826 36.5134468079
    endloop
  endfacet
  facet normal 4.14748981825e-08 1 -1.36169305165e-07
    outer loop
      vertex 11.6499958038 -37.5250015259 36.5750045776
      vertex 11.6499977112 -0.975001871586 36.5750007629
      vertex -10.8500041962 -37.5250015259 36.5750083923
    endloop
  endfacet
  facet normal 4.14749052879e-08 1 -1.36169305165e-07
    outer loop
      vertex -10.8500041962 -37.5250015259 36.5750083923
      vertex 11.6499977112 -0.975001871586 36.5750007629
      vertex -10.8499994278 -0.975001871586 36.5750007629
    endloop
  endfacet
  facet normal -1 0 -1.36169305165e-07
    outer loop
      vertex -10.8500041962 -37.5250015259 36.5750083923
      vertex -10.8499994278 -0.975001871586 36.5750007629
      vertex -10.8499994278 -0.975001871586 24.5750007629
    endloop
  endfacet
  facet normal -1 6.72566429216e-08 -1.58250841764e-07
    outer loop
      vertex -10.8499994278 -0.975001871586 24.5750007629
      vertex -10.8500041962 -32.4249954224 24.5750045776
      vertex -10.8500041962 -37.5250015259 36.5750083923
    endloop
  endfacet
  facet normal -5.52998855596e-08 -1 7.91254066712e-08
    outer loop
      vertex -10.8500041962 -32.4249954224 24.5750045776
      vertex -10.8499994278 -0.975001871586 24.5750007629
      vertex 11.6499948502 -32.4249992371 24.5750026703
    endloop
  endfacet
  facet normal -3.77744306945e-08 -0.996917366982 -0.0784584507346
    outer loop
      vertex 11.6499948502 -32.4249992371 24.5750026703
      vertex -10.8500041962 -33.2071685791 24.5134468079
      vertex -10.8500041962 -32.4249954224 24.5750045776
    endloop
  endfacet
  facet normal -3.77744306945e-08 -0.996917366982 -0.0784584507346
    outer loop
      vertex 11.6499948502 -33.2071762085 24.5134449005
      vertex -10.8500041962 -33.2071685791 24.5134468079
      vertex 11.6499948502 -32.4249992371 24.5750026703
    endloop
  endfacet
  facet normal -5.52998749015e-08 -1 7.91253995658e-08
    outer loop
      vertex 11.6499948502 -32.4249992371 24.5750026703
      vertex -10.8499994278 -0.975001871586 24.5750007629
      vertex 11.6499977112 -0.975001871586 24.5750007629
    endloop
  endfacet
  facet normal 1 -5.18436209518e-08 7.91254066712e-08
    outer loop
      vertex 11.6499977112 -0.975001871586 24.5750007629
      vertex 11.6499977112 -0.975001871586 36.5750007629
      vertex 11.6499948502 -32.4249992371 24.5750026703
    endloop
  endfacet
  facet normal -9.47997307321e-07 4.91476129271e-14 1
    outer loop
      vertex 11.6499977112 -0.975001871586 24.5750007629
      vertex 16.8999977112 -0.975006818771 -1.67499661446
      vertex 11.6499977112 -0.975001871586 36.5750007629
    endloop
  endfacet
  facet normal -4.06789922636e-07 7.42834203038e-08 1
    outer loop
      vertex 11.6499977112 -0.975001871586 36.5750007629
      vertex 16.8999977112 -0.975006818771 -1.67499661446
      vertex 16.9000015259 -0.975001871586 65.3249969482
    endloop
  endfacet
  facet normal 1 -4.35254321474e-08 1.01353150319e-14
    outer loop
      vertex 16.8999977112 -0.975006818771 -1.67499661446
      vertex 16.8999977112 9.71166324615 -1.67499911785
      vertex 16.9000015259 -0.975001871586 65.3249969482
    endloop
  endfacet
  facet normal 1 -4.33691873525e-08 -9.79573755444e-10
    outer loop
      vertex 16.9000015259 -0.975001871586 65.3249969482
      vertex 16.8999977112 9.71166324615 -1.67499911785
      vertex 16.8999996185 9.71166324615 50.3250007629
    endloop
  endfacet
  facet normal 1 -4.91496656707e-08 7.13401204777e-09
    outer loop
      vertex 16.9000015259 -0.975001871586 65.3249969482
      vertex 16.8999996185 9.71166324615 50.3250007629
      vertex 16.8999996185 9.83477973938 51.8893470764
    endloop
  endfacet
  facet normal 1 -4.92295804122e-08 7.23334103725e-09
    outer loop
      vertex 16.9000015259 10.2010984421 53.4151725769
      vertex 16.9000015259 -0.975001871586 65.3249969482
      vertex 16.8999996185 9.83477973938 51.8893470764
    endloop
  endfacet
  facet normal 7.09757387085e-07 -0.233445703983 -0.972369849682
    outer loop
      vertex 16.8999996185 9.83477973938 51.8893470764
      vertex 13.9000005722 9.83478164673 51.8893470764
      vertex 16.9000015259 10.2010984421 53.4151725769
    endloop
  endfacet
  facet normal -9.68207416463e-08 -0.233444213867 -0.97237020731
    outer loop
      vertex 16.9000015259 10.2010984421 53.4151725769
      vertex 13.9000005722 9.83478164673 51.8893470764
      vertex 13.9000005722 10.2010984421 53.4151725769
    endloop
  endfacet
  facet normal -1.5871864889e-07 -0.382686078548 -0.92387843132
    outer loop
      vertex 16.9000015259 10.2010984421 53.4151725769
      vertex 13.9000005722 10.2010984421 53.4151725769
      vertex 16.9000015259 10.8016014099 54.8649024963
    endloop
  endfacet
  facet normal -1.5871864889e-07 -0.382686078548 -0.92387843132
    outer loop
      vertex 16.9000015259 10.8016014099 54.8649024963
      vertex 13.9000005722 10.2010984421 53.4151725769
      vertex 13.9000005722 10.8016014099 54.8649024963
    endloop
  endfacet
  facet normal -1.96932049334e-07 -0.474822252989 -0.8800817132
    outer loop
      vertex 16.9000015259 10.8016014099 54.8649024963
      vertex 13.9000005722 10.8016014099 54.8649024963
      vertex 16.9000015259 11.0250015259 55.2789726257
    endloop
  endfacet
  facet normal 1 -4.25750315003e-08 9.51374019564e-08
    outer loop
      vertex 16.9000015259 11.0250015259 55.2789726257
      vertex 16.9000015259 11.0250015259 65.3249969482
      vertex 16.9000015259 10.8016014099 54.8649024963
    endloop
  endfacet
  facet normal 1 -4.46069101656e-08 4.34403336299e-24
    outer loop
      vertex 16.9000015259 10.8016014099 54.8649024963
      vertex 16.9000015259 11.0250015259 65.3249969482
      vertex 16.9000015259 -0.975001871586 65.3249969482
    endloop
  endfacet
  facet normal 0 1 -0
    outer loop
      vertex 16.9000015259 11.0250015259 65.3249969482
      vertex 1.14302003384 12.644329071 65.3249969482
      vertex 16.9000015259 -0.975001871586 65.3249969482
    endloop
  endfacet
  facet normal 0 1 0
    outer loop
      vertex 16.9000015259 -0.975001871586 65.3249969482
      vertex 1.14302003384 12.644329071 65.3249969482
      vertex 1.06080520153 12.4397373199 65.3249969482
    endloop
  endfacet
  facet normal 0 1 0
    outer loop
      vertex 16.9000015259 -0.975001871586 65.3249969482
      vertex 1.06080520153 12.4397373199 65.3249969482
      vertex 0.945199668407 12.2519779205 65.3249969482
    endloop
  endfacet
  facet normal -0 1 0
    outer loop
      vertex 0.799523234367 12.0864553452 65.3249969482
      vertex 16.9000015259 -0.975001871586 65.3249969482
      vertex 0.945199668407 12.2519779205 65.3249969482
    endloop
  endfacet
  facet normal -0.750675439835 -0 -0.660671114922
    outer loop
      vertex 0.945199668407 12.2519779205 65.3249969482
      vertex 0.945199668407 12.2519779205 60.3250045776
      vertex 0.799523234367 12.0864553452 65.3249969482
    endloop
  endfacet
  facet normal -0.750675439835 -0 -0.660671114922
    outer loop
      vertex 0.799523234367 12.0864553452 65.3249969482
      vertex 0.945199668407 12.2519779205 60.3250045776
      vertex 0.799523234367 12.0864553452 60.3250045776
    endloop
  endfacet
  facet normal -0.6282107234 -0 -0.778043210506
    outer loop
      vertex 0.799523234367 12.0864553452 65.3249969482
      vertex 0.799523234367 12.0864553452 60.3250045776
      vertex 0.627968966961 11.9479389191 65.3249969482
    endloop
  endfacet
  facet normal -0.6282107234 -0 -0.778043210506
    outer loop
      vertex 0.627968966961 11.9479389191 65.3249969482
      vertex 0.799523234367 12.0864553452 60.3250045776
      vertex 0.627968966961 11.9479389191 60.3250045776
    endloop
  endfacet
  facet normal -0.487690329552 -0 -0.87301671505
    outer loop
      vertex 0.627968966961 11.9479389191 65.3249969482
      vertex 0.627968966961 11.9479389191 60.3250045776
      vertex 0.435474008322 11.8404054642 65.3249969482
    endloop
  endfacet
  facet normal 0 1 -0
    outer loop
      vertex 0.627968966961 11.9479389191 65.3249969482
      vertex 0.435474008322 11.8404054642 65.3249969482
      vertex 16.9000015259 -0.975001871586 65.3249969482
    endloop
  endfacet
  facet normal 0 1 0
    outer loop
      vertex 16.9000015259 -0.975001871586 65.3249969482
      vertex 0.435474008322 11.8404054642 65.3249969482
      vertex 0.227572768927 11.7669506073 65.3249969482
    endloop
  endfacet
  facet normal 0 1 0
    outer loop
      vertex 16.9000015259 -0.975001871586 65.3249969482
      vertex 0.227572768927 11.7669506073 65.3249969482
      vertex 0.0102501139045 11.7296829224 65.3249969482
    endloop
  endfacet
  facet normal 0 1 0
    outer loop
      vertex 16.9000015259 -0.975001871586 65.3249969482
      vertex 0.0102501139045 11.7296829224 65.3249969482
      vertex -0.210245370865 11.7296829224 65.3249969482
    endloop
  endfacet
  facet normal -0 1 0
    outer loop
      vertex -3.76714920998 10.667804718 65.3249969482
      vertex 16.9000015259 -0.975001871586 65.3249969482
      vertex -0.210245370865 11.7296829224 65.3249969482
    endloop
  endfacet
  facet normal 0 1 0
    outer loop
      vertex -3.76714920998 10.667804718 65.3249969482
      vertex -0.210245370865 11.7296829224 65.3249969482
      vertex -0.427570521832 11.7669506073 65.3249969482
    endloop
  endfacet
  facet normal 0 1 0
    outer loop
      vertex -0.427570521832 11.7669506073 65.3249969482
      vertex -0.635469257832 11.8404054642 65.3249969482
      vertex -3.76714920998 10.667804718 65.3249969482
    endloop
  endfacet
  facet normal 0 1 0
    outer loop
      vertex -3.76714920998 10.667804718 65.3249969482
      vertex -0.635469257832 11.8404054642 65.3249969482
      vertex -0.827964246273 11.9479389191 65.3249969482
    endloop
  endfacet
  facet normal 0 1 0
    outer loop
      vertex -3.76714920998 10.667804718 65.3249969482
      vertex -0.827964246273 11.9479389191 65.3249969482
      vertex -3.38076090813 10.8424654007 65.3249969482
    endloop
  endfacet
  facet normal -0.411903858185 0 -0.911227285862
    outer loop
      vertex -3.38076090813 10.8424654007 60.3250045776
      vertex -3.76714920998 10.667804718 65.3249969482
      vertex -3.38076090813 10.8424654007 65.3249969482
    endloop
  endfacet
  facet normal -0.559972167015 0 -0.828511416912
    outer loop
      vertex -3.38076090813 10.8424654007 60.3250045776
      vertex -3.38076090813 10.8424654007 65.3249969482
      vertex -3.02944779396 11.0799093246 60.3250045776
    endloop
  endfacet
  facet normal 0 -1 0
    outer loop
      vertex -3.02944779396 11.0799093246 60.3250045776
      vertex 13.9000005722 9.52500152588 60.3250045776
      vertex -3.38076090813 10.8424654007 60.3250045776
    endloop
  endfacet
  facet normal 0 -1 0
    outer loop
      vertex -3.38076090813 10.8424654007 60.3250045776
      vertex 13.9000005722 9.52500152588 60.3250045776
      vertex -3.76714920998 10.667804718 60.3250045776
    endloop
  endfacet
  facet normal 0 -1 0
    outer loop
      vertex 13.9000005722 9.52500152588 60.3250045776
      vertex -4.1774969101 10.5609588623 60.3250045776
      vertex -3.76714920998 10.667804718 60.3250045776
    endloop
  endfacet
  facet normal -0.2519775033 0 -0.967733085155
    outer loop
      vertex -4.1774969101 10.5609588623 60.3250045776
      vertex -4.1774969101 10.5609588623 65.3249969482
      vertex -3.76714920998 10.667804718 60.3250045776
    endloop
  endfacet
  facet normal -0.2519775033 0 -0.967733085155
    outer loop
      vertex -3.76714920998 10.667804718 60.3250045776
      vertex -4.1774969101 10.5609588623 65.3249969482
      vertex -3.76714920998 10.667804718 65.3249969482
    endloop
  endfacet
  facet normal -0.0847969800234 0 -0.99639827013
    outer loop
      vertex -4.1774969101 10.5609588623 60.3250045776
      vertex -4.59999704361 10.5250024796 65.3249969482
      vertex -4.1774969101 10.5609588623 65.3249969482
    endloop
  endfacet
  facet normal -0 1 -0
    outer loop
      vertex -4.59999704361 10.5250024796 65.3249969482
      vertex -16.0999965668 -0.975001871586 65.3249969482
      vertex -4.1774969101 10.5609588623 65.3249969482
    endloop
  endfacet
  facet normal 0 1 -0
    outer loop
      vertex -4.1774969101 10.5609588623 65.3249969482
      vertex -16.0999965668 -0.975001871586 65.3249969482
      vertex 16.9000015259 -0.975001871586 65.3249969482
    endloop
  endfacet
  facet normal 0 -0 1
    outer loop
      vertex -10.8499994278 -0.975001871586 36.5750007629
      vertex 16.9000015259 -0.975001871586 65.3249969482
      vertex -16.0999965668 -0.975001871586 65.3249969482
    endloop
  endfacet
  facet normal 0 0 1
    outer loop
      vertex -10.8499994278 -0.975001871586 36.5750007629
      vertex -16.0999965668 -0.975001871586 65.3249969482
      vertex -16.1000003815 -0.975001871586 -1.67499661446
    endloop
  endfacet
  facet normal -1 3.71417030465e-08 1.80726914323e-07
    outer loop
      vertex -16.1000003815 9.71166610718 50.3250007629
      vertex -16.1000003815 -0.975001871586 -1.67499661446
      vertex -16.0999965668 -0.975001871586 65.3249969482
    endloop
  endfacet
  facet normal -1 1.65032503219e-08 2.0969541481e-07
    outer loop
      vertex -16.1000003815 9.71166610718 50.3250007629
      vertex -16.0999965668 -0.975001871586 65.3249969482
      vertex -16.1000003815 9.83478164673 51.8893470764
    endloop
  endfacet
  facet normal -3.25405729029e-08 -0.0784584507346 -0.996917366982
    outer loop
      vertex -13.1000003815 9.83478164673 51.8893470764
      vertex -16.1000003815 9.71166610718 50.3250007629
      vertex -16.1000003815 9.83478164673 51.8893470764
    endloop
  endfacet
  facet normal -9.68214095565e-08 -0.233445703983 -0.972369849682
    outer loop
      vertex -13.1000003815 9.83478164673 51.8893470764
      vertex -16.1000003815 9.83478164673 51.8893470764
      vertex -13.0999984741 10.2011003494 53.4151725769
    endloop
  endfacet
  facet normal 1 -1.42372448408e-06 8.63017362462e-07
    outer loop
      vertex -13.0999984741 9.52500152588 53.8250007629
      vertex -13.1000003815 9.83478164673 51.8893470764
      vertex -13.0999984741 10.2011003494 53.4151725769
    endloop
  endfacet
  facet normal 1 0 0
    outer loop
      vertex -13.0999984741 9.52500152588 53.8250007629
      vertex -13.0999984741 10.2011003494 53.4151725769
      vertex -13.0999984741 9.5250043869 60.3250045776
    endloop
  endfacet
  facet normal 0 -3.82845172453e-07 -1
    outer loop
      vertex -13.0999984741 9.52500152588 53.8250007629
      vertex -13.0999984741 9.5250043869 60.3250045776
      vertex 3.90000247955 9.52500152588 53.8250007629
    endloop
  endfacet
  facet normal 0 -1 0
    outer loop
      vertex -13.0999984741 9.52500152588 53.8250007629
      vertex 3.90000247955 9.52500152588 53.8250007629
      vertex -13.0999984741 9.0250005722 53.8250007629
    endloop
  endfacet
  facet normal 1 -4.97698636082e-07 0
    outer loop
      vertex -13.0999984741 9.0250005722 53.8250007629
      vertex -13.1000003815 9.0250005722 48.8250007629
      vertex -13.0999984741 9.52500152588 53.8250007629
    endloop
  endfacet
  facet normal 1 -4.97698636082e-07 -1.06407092282e-21
    outer loop
      vertex -13.0999984741 9.52500152588 53.8250007629
      vertex -13.1000003815 9.0250005722 48.8250007629
      vertex -13.1000003815 9.52500152588 48.8250007629
    endloop
  endfacet
  facet normal 1 -4.97698636082e-07 -3.99941063733e-06
    outer loop
      vertex -13.1000003815 9.52500152588 48.8250007629
      vertex -13.1000003815 9.71166610718 50.3250007629
      vertex -13.0999984741 9.52500152588 53.8250007629
    endloop
  endfacet
  facet normal 1 0 0
    outer loop
      vertex -13.1000003815 9.52500152588 48.8250007629
      vertex -13.1000003815 9.71166610718 28.5750007629
      vertex -13.1000003815 9.71166610718 50.3250007629
    endloop
  endfacet
  facet normal -0 -0 -1
    outer loop
      vertex -13.1000003815 9.71166610718 50.3250007629
      vertex -13.1000003815 9.71166610718 28.5750007629
      vertex -16.1000003815 9.71166610718 50.3250007629
    endloop
  endfacet
  facet normal 0 0 -1
    outer loop
      vertex -16.1000003815 9.71166610718 50.3250007629
      vertex -13.1000003815 9.71166610718 28.5750007629
      vertex -13.5999984741 9.71166610718 28.5750007629
    endloop
  endfacet
  facet normal -0 0 -1
    outer loop
      vertex -13.5999984741 9.71166610718 28.5750007629
      vertex -15.8500003815 9.71166610718 27.8249988556
      vertex -16.1000003815 9.71166610718 50.3250007629
    endloop
  endfacet
  facet normal 0 0 -1
    outer loop
      vertex -16.1000003815 9.71166610718 50.3250007629
      vertex -15.8500003815 9.71166610718 27.8249988556
      vertex -15.8500003815 9.71166610718 22.7250041962
    endloop
  endfacet
  facet normal 0 0 -1
    outer loop
      vertex -16.1000003815 9.71166610718 50.3250007629
      vertex -15.8500003815 9.71166610718 22.7250041962
      vertex -16.1000003815 9.71166610718 -1.67499661446
    endloop
  endfacet
  facet normal -0 0 -1
    outer loop
      vertex -13.5999984741 9.71166610718 22.7250022888
      vertex -16.1000003815 9.71166610718 -1.67499661446
      vertex -15.8500003815 9.71166610718 22.7250041962
    endloop
  endfacet
  facet normal -5.5299824453e-07 -1 -0
    outer loop
      vertex -13.5999984741 9.71166610718 22.7250022888
      vertex -15.8500003815 9.71166610718 22.7250041962
      vertex -13.5999984741 10.5250005722 22.7250022888
    endloop
  endfacet
  facet normal 1 0 0
    outer loop
      vertex -13.5999984741 10.5250005722 22.7250022888
      vertex -13.5999984741 10.5250005722 24.4250049591
      vertex -13.5999984741 9.71166610718 22.7250022888
    endloop
  endfacet
  facet normal 1 -0 0
    outer loop
      vertex -13.5999984741 9.71166610718 22.7250022888
      vertex -13.5999984741 10.5250005722 24.4250049591
      vertex -13.5999984741 -0.255000948906 24.4250049591
    endloop
  endfacet
  facet normal 1 0 0
    outer loop
      vertex -13.5999984741 9.71166610718 22.7250022888
      vertex -13.5999984741 -0.255000948906 24.4250049591
      vertex -13.5999984741 -0.255000948906 22.7250022888
    endloop
  endfacet
  facet normal 0 1 0
    outer loop
      vertex -13.1000003815 9.52500152588 22.7250022888
      vertex -13.5999984741 9.71166610718 22.7250022888
      vertex -13.5999984741 -0.255000948906 22.7250022888
    endloop
  endfacet
  facet normal 0 1 -0
    outer loop
      vertex -13.1000003815 9.52500152588 22.7250022888
      vertex -13.5999984741 -0.255000948906 22.7250022888
      vertex 4.39999961853 9.52499961853 22.7250022888
    endloop
  endfacet
  facet normal 1.42199652942e-07 -1.88816386526e-07 -1
    outer loop
      vertex 4.39999961853 9.52499961853 22.7250022888
      vertex 0.272981584072 9.52499961853 19.6169013977
      vertex -13.1000003815 9.52500152588 22.7250022888
    endloop
  endfacet
  facet normal 8.95326195405e-08 -4.15422647393e-07 -1
    outer loop
      vertex -13.1000003815 9.52500152588 22.7250022888
      vertex 0.272981584072 9.52499961853 19.6169013977
      vertex 0.107175707817 9.52499961853 19.5811653137
    endloop
  endfacet
  facet normal 1.18325999665e-07 -2.94462410011e-07 -1
    outer loop
      vertex -13.1000003815 9.52500152588 22.7250022888
      vertex 0.107175707817 9.52499961853 19.5811653137
      vertex -0.0502016246319 9.52499961853 19.5179252625
    endloop
  endfacet
  facet normal 1.36290722708e-07 -2.21362782327e-07 -1
    outer loop
      vertex -13.1000003815 9.52500152588 22.7250022888
      vertex -0.0502016246319 9.52499961853 19.5179252625
      vertex -0.194631323218 9.52499961853 19.4290027618
    endloop
  endfacet
  facet normal 1.49456766962e-07 -1.69811599449e-07 -1
    outer loop
      vertex -0.194631323218 9.52499961853 19.4290027618
      vertex -0.321955114603 9.52499961853 19.3169403076
      vertex -13.1000003815 9.52500152588 22.7250022888
    endloop
  endfacet
  facet normal 1.60239096658e-07 -1.29384829961e-07 -1
    outer loop
      vertex -13.1000003815 9.52500152588 22.7250022888
      vertex -0.321955114603 9.52499961853 19.3169403076
      vertex -0.428509950638 9.52499961853 19.1849746704
    endloop
  endfacet
  facet normal 1.69873743516e-07 -9.48977003645e-08 -1
    outer loop
      vertex -13.1000003815 9.52500152588 22.7250022888
      vertex -0.428509950638 9.52499961853 19.1849746704
      vertex -0.511227488518 9.52499961853 19.0369052887
    endloop
  endfacet
  facet normal 1.79132953804e-07 -6.32927523725e-08 -1
    outer loop
      vertex -0.511227488518 9.52499961853 19.0369052887
      vertex -0.567733705044 9.52499961853 18.8769798279
      vertex -13.1000003815 9.52500152588 22.7250022888
    endloop
  endfacet
  facet normal 1.88636306575e-07 -3.23421467385e-08 -1
    outer loop
      vertex -13.1000003815 9.52500152588 22.7250022888
      vertex -0.567733705044 9.52499961853 18.8769798279
      vertex -0.596396207809 9.52499961853 18.7098045349
    endloop
  endfacet
  facet normal 3.06767674374e-07 3.35527204243e-07 -1
    outer loop
      vertex -13.1000003815 9.52500152588 22.7250022888
      vertex -0.596396207809 9.52499961853 18.7098045349
      vertex -6.09999895096 9.52500152588 16.3250007629
    endloop
  endfacet
  facet normal -9.32456671876e-08 -1.01987460255e-07 -1
    outer loop
      vertex -13.1000003815 9.52500152588 22.7250022888
      vertex -6.09999895096 9.52500152588 16.3250007629
      vertex -13.1000003815 9.52499961853 -1.67499661446
    endloop
  endfacet
  facet normal 1 0 0
    outer loop
      vertex -13.1000003815 9.52499961853 -1.67499661446
      vertex -13.1000003815 9.71166324615 -1.67499661446
      vertex -13.1000003815 9.52500152588 22.7250022888
    endloop
  endfacet
  facet normal 1 0 0
    outer loop
      vertex -13.1000003815 9.52500152588 22.7250022888
      vertex -13.1000003815 9.71166324615 -1.67499661446
      vertex -13.1000003815 9.71166610718 22.7250022888
    endloop
  endfacet
  facet normal 0 -1.01987460255e-07 -1
    outer loop
      vertex -13.5999984741 9.71166610718 22.7250022888
      vertex -13.1000003815 9.71166610718 22.7250022888
      vertex -13.1000003815 9.71166324615 -1.67499661446
    endloop
  endfacet
  facet normal 0.996917366982 0.0784584879875 -0
    outer loop
      vertex -13.1000003815 9.71166324615 -1.67499661446
      vertex -13.1000003815 9.52499961853 -1.67499661446
      vertex -12.9337940216 9.71166324615 -3.78686690331
    endloop
  endfacet
  facet normal 8.29498219446e-07 6.52824212466e-08 -1
    outer loop
      vertex -12.9337940216 9.71166324615 -3.78686690331
      vertex -15.896859169 9.71166610718 -4.25616693497
      vertex -13.1000003815 9.71166324615 -1.67499661446
    endloop
  endfacet
  facet normal 8.29498276289e-07 6.52823572977e-08 -1
    outer loop
      vertex -13.1000003815 9.71166324615 -1.67499661446
      vertex -15.896859169 9.71166610718 -4.25616693497
      vertex -16.1000003815 9.71166610718 -1.67499661446
    endloop
  endfacet
  facet normal -0.996917366982 -0.0784584134817 -0
    outer loop
      vertex -16.1000003815 -0.975001871586 -1.67499661446
      vertex -16.1000003815 9.71166610718 -1.67499661446
      vertex -15.896859169 9.71166610718 -4.25616693497
    endloop
  endfacet
  facet normal -0.996917366982 -0.0784584134817 0
    outer loop
      vertex -15.896859169 9.71166610718 -4.25616693497
      vertex -15.896859169 -0.975001871586 -4.25616693497
      vertex -16.1000003815 -0.975001871586 -1.67499661446
    endloop
  endfacet
  facet normal 0 -0 1
    outer loop
      vertex -15.896859169 -0.975001871586 -4.25616693497
      vertex -5.89026403427 -0.975001871586 -1.81286168098
      vertex -16.1000003815 -0.975001871586 -1.67499661446
    endloop
  endfacet
  facet normal -0 0 1
    outer loop
      vertex -16.1000003815 -0.975001871586 -1.67499661446
      vertex -5.89026403427 -0.975001871586 -1.81286168098
      vertex -6.07658481598 -0.975001871586 -0.726235926151
    endloop
  endfacet
  facet normal 0 0 1
    outer loop
      vertex -16.1000003815 -0.975001871586 -1.67499661446
      vertex -6.07658481598 -0.975001871586 -0.726235926151
      vertex -6.07658481598 -0.975001871586 0.376241505146
    endloop
  endfacet
  facet normal 0 -0 1
    outer loop
      vertex -6.07658481598 -0.975001871586 0.376241505146
      vertex -5.89026403427 -0.975001871586 1.46285736561
      vertex -16.1000003815 -0.975001871586 -1.67499661446
    endloop
  endfacet
  facet normal 0 0 1
    outer loop
      vertex -16.1000003815 -0.975001871586 -1.67499661446
      vertex -5.89026403427 -0.975001871586 1.46285736561
      vertex -5.5229845047 -0.975001871586 2.50236344337
    endloop
  endfacet
  facet normal 0 0 1
    outer loop
      vertex -16.1000003815 -0.975001871586 -1.67499661446
      vertex -5.5229845047 -0.975001871586 2.50236344337
      vertex -10.8499994278 -0.975001871586 24.5750007629
    endloop
  endfacet
  facet normal 0 0 1
    outer loop
      vertex -10.8499994278 -0.975001871586 24.5750007629
      vertex -5.5229845047 -0.975001871586 2.50236344337
      vertex -4.98531293869 -0.975001871586 3.46483826637
    endloop
  endfacet
  facet normal 0 0 1
    outer loop
      vertex -10.8499994278 -0.975001871586 24.5750007629
      vertex -4.98531293869 -0.975001871586 3.46483826637
      vertex -4.29271650314 -0.975001871586 4.32260704041
    endloop
  endfacet
  facet normal 0 0 1
    outer loop
      vertex -3.46511816978 -0.975001871586 5.05097913742
      vertex -10.8499994278 -0.975001871586 24.5750007629
      vertex -4.29271650314 -0.975001871586 4.32260704041
    endloop
  endfacet
  facet normal 0.660671651363 -0.750675022602 0
    outer loop
      vertex -4.29271650314 -0.975001871586 4.32260704041
      vertex -4.29271650314 0.525000035763 4.32260704041
      vertex -3.46511816978 -0.975001871586 5.05097913742
    endloop
  endfacet
  facet normal 0.660671651363 -0.750675022602 0
    outer loop
      vertex -3.46511816978 -0.975001871586 5.05097913742
      vertex -4.29271650314 0.525000035763 4.32260704041
      vertex -3.46511816978 0.525000035763 5.05097913742
    endloop
  endfacet
  facet normal 0.524309754372 -0.851527631283 0
    outer loop
      vertex -3.46511816978 -0.975001871586 5.05097913742
      vertex -3.46511816978 0.525000035763 5.05097913742
      vertex -2.52632403374 -0.975001871586 5.62902164459
    endloop
  endfacet
  facet normal 0.524309754372 -0.851527631283 0
    outer loop
      vertex -2.52632403374 -0.975001871586 5.62902164459
      vertex -3.46511816978 0.525000035763 5.05097913742
      vertex -2.52632403374 0.525000035763 5.62902164459
    endloop
  endfacet
  facet normal 0.372851938009 -0.927890837193 0
    outer loop
      vertex -2.52632403374 -0.975001871586 5.62902164459
      vertex -2.52632403374 0.525000035763 5.62902164459
      vertex -1.50334894657 -0.975001871586 6.04008102417
    endloop
  endfacet
  facet normal 0 -0 1
    outer loop
      vertex -2.52632403374 -0.975001871586 5.62902164459
      vertex -1.50334894657 -0.975001871586 6.04008102417
      vertex -10.8499994278 -0.975001871586 24.5750007629
    endloop
  endfacet
  facet normal 0 0 1
    outer loop
      vertex -10.8499994278 -0.975001871586 24.5750007629
      vertex -1.50334894657 -0.975001871586 6.04008102417
      vertex -0.425617069006 -0.975001871586 6.27235460281
    endloop
  endfacet
  facet normal 0.210683211684 -0.977554380894 0
    outer loop
      vertex -1.50334894657 -0.975001871586 6.04008102417
      vertex -1.50334894657 0.525000035763 6.04008102417
      vertex -0.425617069006 -0.975001871586 6.27235460281
    endloop
  endfacet
  facet normal 0.210683211684 -0.977554380894 0
    outer loop
      vertex -0.425617069006 -0.975001871586 6.27235460281
      vertex -1.50334894657 0.525000035763 6.04008102417
      vertex -0.425617069006 0.525000035763 6.27235460281
    endloop
  endfacet
  facet normal 0.0424418970942 -0.999098956585 0
    outer loop
      vertex -0.425617069006 -0.975001871586 6.27235460281
      vertex -0.425617069006 0.525000035763 6.27235460281
      vertex 0.675864994526 -0.975001871586 6.31914567947
    endloop
  endfacet
  facet normal 0 0 1
    outer loop
      vertex 11.6499977112 -0.975001871586 24.5750007629
      vertex -0.425617069006 -0.975001871586 6.27235460281
      vertex 0.675864994526 -0.975001871586 6.31914567947
    endloop
  endfacet
  facet normal 0 0 1
    outer loop
      vertex 11.6499977112 -0.975001871586 24.5750007629
      vertex 0.675864994526 -0.975001871586 6.31914567947
      vertex 1.76941370964 -0.975001871586 6.17911338806
    endloop
  endfacet
  facet normal 0 0 1
    outer loop
      vertex 11.6499977112 -0.975001871586 24.5750007629
      vertex 1.76941370964 -0.975001871586 6.17911338806
      vertex 2.82356476784 -0.975001871586 5.85628080368
    endloop
  endfacet
  facet normal -0 0 1
    outer loop
      vertex 2.82356476784 -0.975001871586 5.85628080368
      vertex 3.80799531937 -0.975001871586 5.35994338989
      vertex 11.6499977112 -0.975001871586 24.5750007629
    endloop
  endfacet
  facet normal 0 0 1
    outer loop
      vertex 11.6499977112 -0.975001871586 24.5750007629
      vertex 3.80799531937 -0.975001871586 5.35994338989
      vertex 4.69438457489 -0.975001871586 4.70437192917
    endloop
  endfacet
  facet normal 0 0 1
    outer loop
      vertex 11.6499977112 -0.975001871586 24.5750007629
      vertex 4.69438457489 -0.975001871586 4.70437192917
      vertex 5.45722961426 -0.975001871586 3.90843224525
    endloop
  endfacet
  facet normal -0 0 1
    outer loop
      vertex 5.45722961426 -0.975001871586 3.90843224525
      vertex 6.07459115982 -0.975001871586 2.99501800537
      vertex 11.6499977112 -0.975001871586 24.5750007629
    endloop
  endfacet
  facet normal -0.828509271145 -0.559975385666 -0
    outer loop
      vertex 5.45722961426 -0.975001871586 3.90843224525
      vertex 5.45722961426 0.525000035763 3.90843224525
      vertex 6.07459115982 -0.975001871586 2.99501800537
    endloop
  endfacet
  facet normal -0.828509271145 -0.559975385666 -0
    outer loop
      vertex 6.07459115982 -0.975001871586 2.99501800537
      vertex 5.45722961426 0.525000035763 3.90843224525
      vertex 6.07459115982 0.524997591972 2.99501800537
    endloop
  endfacet
  facet normal -0.911228179932 -0.411901980639 -0
    outer loop
      vertex 6.07459115982 -0.975001871586 2.99501800537
      vertex 6.07459115982 0.524997591972 2.99501800537
      vertex 6.52870321274 -0.975001871586 1.99041056633
    endloop
  endfacet
  facet normal -5.71120779114e-07 -2.5816342486e-07 1
    outer loop
      vertex 6.07459115982 -0.975001871586 2.99501800537
      vertex 6.52870321274 -0.975001871586 1.99041056633
      vertex 16.8999977112 -0.975006818771 -1.67499661446
    endloop
  endfacet
  facet normal -5.28516693521e-07 -1.37614875939e-07 1
    outer loop
      vertex 6.80650138855 -0.975001871586 0.92351359129
      vertex 16.8999977112 -0.975006818771 -1.67499661446
      vertex 6.52870321274 -0.975001871586 1.99041056633
    endloop
  endfacet
  facet normal -0.967733025551 -0.251977771521 -0
    outer loop
      vertex 6.52870321274 -0.975001871586 1.99041056633
      vertex 6.52870321274 0.524997591972 1.99041056633
      vertex 6.80650138855 -0.975001871586 0.92351359129
    endloop
  endfacet
  facet normal -0.967733025551 -0.251977771521 -0
    outer loop
      vertex 6.80650138855 -0.975001871586 0.92351359129
      vertex 6.52870321274 0.524997591972 1.99041056633
      vertex 6.80650138855 0.524997591972 0.92351359129
    endloop
  endfacet
  facet normal -0.996397435665 -0.0848065018654 -0
    outer loop
      vertex 6.80650138855 -0.975001871586 0.92351359129
      vertex 6.80650138855 0.524997591972 0.92351359129
      vertex 6.89999866486 -0.975001871586 -0.174997225404
    endloop
  endfacet
  facet normal -0.996397435665 -0.0848065018654 -0
    outer loop
      vertex 6.89999866486 -0.975001871586 -0.174997225404
      vertex 6.80650138855 0.524997591972 0.92351359129
      vertex 6.89999866486 0.524997591972 -0.174997225404
    endloop
  endfacet
  facet normal -0.99639737606 0.0848070755601 0
    outer loop
      vertex 6.89999866486 -0.975001871586 -0.174997225404
      vertex 6.89999866486 0.524997591972 -0.174997225404
      vertex 6.80650138855 -0.975001871586 -1.27350056171
    endloop
  endfacet
  facet normal -4.90622937832e-07 4.17587386892e-08 1
    outer loop
      vertex 6.80650138855 -0.975001871586 -1.27350056171
      vertex 16.6968574524 -0.975006818771 -4.25616693497
      vertex 6.89999866486 -0.975001871586 -0.174997225404
    endloop
  endfacet
  facet normal -4.91891967158e-07 3.87124217127e-08 1
    outer loop
      vertex 6.89999866486 -0.975001871586 -0.174997225404
      vertex 16.6968574524 -0.975006818771 -4.25616693497
      vertex 16.8999977112 -0.975006818771 -1.67499661446
    endloop
  endfacet
  facet normal -4.69242365853e-07 1.12655520468e-07 1
    outer loop
      vertex 6.80650138855 -0.975001871586 -1.27350056171
      vertex 16.0924301147 -0.975006818771 -6.77377653122
      vertex 16.6968574524 -0.975006818771 -4.25616693497
    endloop
  endfacet
  facet normal 0.972359240055 -0.233443632722 0.00464160880074
    outer loop
      vertex 16.0924301147 -0.975006818771 -6.77377653122
      vertex 16.3952331543 9.71166324615 -5.72500324249
      vertex 16.6968574524 -0.975006818771 -4.25616693497
    endloop
  endfacet
  facet normal 0.979560017586 -0.201152130961 4.68402063802e-08
    outer loop
      vertex 16.6968574524 -0.975006818771 -4.25616693497
      vertex 16.3952331543 9.71166324615 -5.72500324249
      vertex 16.6968574524 9.71166324615 -4.25616931915
    endloop
  endfacet
  facet normal 0.996917366982 -0.0784584656358 1.82698070006e-08
    outer loop
      vertex 16.6968574524 -0.975006818771 -4.25616693497
      vertex 16.6968574524 9.71166324615 -4.25616931915
      vertex 16.8999977112 9.71166324615 -1.67499911785
    endloop
  endfacet
  facet normal 0 0 -1
    outer loop
      vertex 13.7337913513 9.71166324615 -3.78686952591
      vertex 16.8999977112 9.71166324615 -1.67499911785
      vertex 16.6968574524 9.71166324615 -4.25616931915
    endloop
  endfacet
  facet normal 0 -0 -1
    outer loop
      vertex 13.7337913513 9.71166324615 -3.78686952591
      vertex 16.6968574524 9.71166324615 -4.25616931915
      vertex 13.278178215 9.71166324615 -5.72500324249
    endloop
  endfacet
  facet normal -0.972062706947 0.228510960937 -0.0536357946694
    outer loop
      vertex 13.278178215 9.71166324615 -5.72500324249
      vertex 13.2392625809 9.52499961853 -5.84673023224
      vertex 13.7337913513 9.71166324615 -3.78686952591
    endloop
  endfacet
  facet normal -0.972369968891 0.233445197344 0
    outer loop
      vertex 13.7337913513 9.71166324615 -3.78686952591
      vertex 13.2392625809 9.52499961853 -5.84673023224
      vertex 13.7337913513 9.52499961853 -3.78686952591
    endloop
  endfacet
  facet normal -0.996917366982 0.0784585624933 0
    outer loop
      vertex 13.7337913513 9.71166324615 -3.78686952591
      vertex 13.7337913513 9.52499961853 -3.78686952591
      vertex 13.8999977112 9.71166324615 -1.67499911785
    endloop
  endfacet
  facet normal -0.996917366982 0.0784585624933 0
    outer loop
      vertex 13.8999977112 9.71166324615 -1.67499911785
      vertex 13.7337913513 9.52499961853 -3.78686952591
      vertex 13.8999977112 9.52499961853 -1.67499911785
    endloop
  endfacet
  facet normal -1 4.48646737539e-08 0
    outer loop
      vertex 13.8999977112 9.71166324615 -1.67499911785
      vertex 13.8999977112 9.52499961853 -1.67499911785
      vertex 13.9000005722 9.71166610718 50.3250007629
    endloop
  endfacet
  facet normal 8.29497935229e-07 -4.78556891892e-08 -1
    outer loop
      vertex 13.9000005722 9.71166610718 50.3250007629
      vertex 16.8999996185 9.71166324615 50.3250007629
      vertex 13.8999977112 9.71166324615 -1.67499911785
    endloop
  endfacet
  facet normal -1 4.26455351032e-08 -6.18188153112e-07
    outer loop
      vertex 13.9000005722 9.71166610718 50.3250007629
      vertex 13.8999977112 9.52499961853 -1.67499911785
      vertex 13.9000005722 9.52500152588 60.3250045776
    endloop
  endfacet
  facet normal -1 2.51427660913e-08 3.19471780585e-07
    outer loop
      vertex 13.9000005722 9.71166610718 50.3250007629
      vertex 13.9000005722 9.52500152588 60.3250045776
      vertex 13.9000005722 9.83478164673 51.8893470764
    endloop
  endfacet
  facet normal -1.03209437441e-07 -4.01369923964e-08 -1
    outer loop
      vertex 6.89999961853 9.52499961853 16.3250007629
      vertex 13.9000005722 9.52500152588 60.3250045776
      vertex 13.8999977112 9.52499961853 -1.67499911785
    endloop
  endfacet
  facet normal 0 -0 -1
    outer loop
      vertex 6.89999961853 9.52499961853 16.3250007629
      vertex 13.8999977112 9.52499961853 -1.67499911785
      vertex 6.89999866486 9.52499961853 -6.67499828339
    endloop
  endfacet
  facet normal -1 2.7048846718e-08 -1.95352782839e-08
    outer loop
      vertex 6.89999866486 0.524997591972 -0.174997225404
      vertex 6.89999961853 9.52499961853 16.3250007629
      vertex 6.89999866486 9.52499961853 -6.67499828339
    endloop
  endfacet
  facet normal -1 -0 0
    outer loop
      vertex 6.89999866486 0.524997591972 -0.174997225404
      vertex 6.89999866486 9.52499961853 -6.67499828339
      vertex 6.89999866486 0.524997591972 -6.67499828339
    endloop
  endfacet
  facet normal 0 0 -1
    outer loop
      vertex 6.80650138855 0.524997591972 -1.27350056171
      vertex 6.89999866486 0.524997591972 -0.174997225404
      vertex 6.89999866486 0.524997591972 -6.67499828339
    endloop
  endfacet
  facet normal 0 0 -1
    outer loop
      vertex 6.89999866486 0.524997591972 -6.67499828339
      vertex 6.52870321274 0.524997591972 -2.34040260315
      vertex 6.80650138855 0.524997591972 -1.27350056171
    endloop
  endfacet
  facet normal -0.967733323574 0.251976698637 0
    outer loop
      vertex 6.52870321274 -0.975001871586 -2.34040260315
      vertex 6.80650138855 0.524997591972 -1.27350056171
      vertex 6.52870321274 0.524997591972 -2.34040260315
    endloop
  endfacet
  facet normal -0.911229491234 0.411899060011 0
    outer loop
      vertex 6.52870321274 -0.975001871586 -2.34040260315
      vertex 6.52870321274 0.524997591972 -2.34040260315
      vertex 6.07459020615 -0.975001871586 -3.34502005577
    endloop
  endfacet
  facet normal -4.26909679163e-07 1.92974098923e-07 1
    outer loop
      vertex 6.07459020615 -0.975001871586 -3.34502005577
      vertex 15.1016044617 -0.975006818771 -9.16584396362
      vertex 6.52870321274 -0.975001871586 -2.34040260315
    endloop
  endfacet
  facet normal -4.36574424612e-07 1.80834973662e-07 1
    outer loop
      vertex 6.52870321274 -0.975001871586 -2.34040260315
      vertex 15.1016044617 -0.975006818771 -9.16584396362
      vertex 16.0924301147 -0.975006818771 -6.77377653122
    endloop
  endfacet
  facet normal 0.923878788948 -0.382682949305 0.00133221491706
    outer loop
      vertex 15.1942214966 10.2222251892 -8.98122692108
      vertex 16.0924301147 -0.975006818771 -6.77377653122
      vertex 15.1016044617 -0.975006818771 -9.16584396362
    endloop
  endfacet
  facet normal 0.89382648468 -0.448413014412 -9.59007877555e-08
    outer loop
      vertex 15.1016044617 -0.975006818771 -9.16584396362
      vertex 15.1015911102 10.2326049805 -9.16586875916
      vertex 15.1942214966 10.2222251892 -8.98122692108
    endloop
  endfacet
  facet normal 0.00168712751474 0.0552820153534 -0.998469352722
    outer loop
      vertex 12.4285783768 10.1617126465 -7.80388116837
      vertex 15.1942214966 10.2222251892 -8.98122692108
      vertex 15.1015911102 10.2326049805 -9.16586875916
    endloop
  endfacet
  facet normal -0.00123509543482 0.0495625734329 -0.998770236969
    outer loop
      vertex 12.4285783768 10.1617126465 -7.80388116837
      vertex 15.1015911102 10.2326049805 -9.16586875916
      vertex 12.1656322479 10.1857414246 -8.29465675354
    endloop
  endfacet
  facet normal -0.881456673145 0.4722648561 -7.39532481475e-07
    outer loop
      vertex 12.4285860062 9.52499961853 -7.80386590958
      vertex 12.4285783768 10.1617126465 -7.80388116837
      vertex 12.1656322479 10.1857414246 -8.29465675354
    endloop
  endfacet
  facet normal -0.851629018784 0.521875679493 -0.0487214848399
    outer loop
      vertex 12.4285860062 9.52499961853 -7.80386590958
      vertex 12.1656322479 10.1857414246 -8.29465675354
      vertex 11.3217287064 9.52499961853 -9.61010456085
    endloop
  endfacet
  facet normal 0 0 -1
    outer loop
      vertex 6.89999866486 9.52499961853 -6.67499828339
      vertex 12.4285860062 9.52499961853 -7.80386590958
      vertex 11.3217287064 9.52499961853 -9.61010456085
    endloop
  endfacet
  facet normal 0 0 -1
    outer loop
      vertex 6.89999866486 9.52499961853 -6.67499828339
      vertex 11.3217287064 9.52499961853 -9.61010456085
      vertex 9.9459400177 9.52499961853 -11.2209367752
    endloop
  endfacet
  facet normal 0 0 -1
    outer loop
      vertex 9.9459400177 9.52499961853 -11.2209367752
      vertex 1.3999992609 9.52499961853 -8.9749956131
      vertex 6.89999866486 9.52499961853 -6.67499828339
    endloop
  endfacet
  facet normal 0 0 -1
    outer loop
      vertex 6.89999866486 9.52499961853 -6.67499828339
      vertex 1.3999992609 9.52499961853 -8.9749956131
      vertex 1.38561582565 9.52499961853 -8.80599784851
    endloop
  endfacet
  facet normal 0 0 -1
    outer loop
      vertex 6.89999866486 9.52499961853 -6.67499828339
      vertex 1.38561582565 9.52499961853 -8.80599784851
      vertex 1.34287595749 9.52499961853 -8.64185619354
    endloop
  endfacet
  facet normal 0 0 -1
    outer loop
      vertex 1.34287595749 9.52499961853 -8.64185619354
      vertex 1.27301394939 9.52499961853 -8.48730564117
      vertex 6.89999866486 9.52499961853 -6.67499828339
    endloop
  endfacet
  facet normal 0 0 -1
    outer loop
      vertex 6.89999866486 9.52499961853 -6.67499828339
      vertex 1.27301394939 9.52499961853 -8.48730564117
      vertex 1.17803561687 9.52499961853 -8.34678077698
    endloop
  endfacet
  facet normal 0 0 -1
    outer loop
      vertex 6.89999866486 9.52499961853 -6.67499828339
      vertex 1.17803561687 9.52499961853 -8.34678077698
      vertex 1.06067323685 9.52499961853 -8.22433185577
    endloop
  endfacet
  facet normal 0 0 -1
    outer loop
      vertex 1.06067323685 9.52499961853 -8.22433185577
      vertex 0.92430627346 9.52499961853 -8.12346839905
      vertex 6.89999866486 9.52499961853 -6.67499828339
    endloop
  endfacet
  facet normal 0 0 -1
    outer loop
      vertex 6.89999866486 9.52499961853 -6.67499828339
      vertex 0.92430627346 9.52499961853 -8.12346839905
      vertex 0.772856533527 9.52499961853 -8.04710674286
    endloop
  endfacet
  facet normal 0 0 -1
    outer loop
      vertex 0.772856533527 9.52499961853 -8.04710674286
      vertex 0.610678911209 9.52499961853 -7.99744606018
      vertex 6.89999866486 9.52499961853 -6.67499828339
    endloop
  endfacet
  facet normal 0 0 -1
    outer loop
      vertex 6.89999866486 9.52499961853 -6.67499828339
      vertex 0.610678911209 9.52499961853 -7.99744606018
      vertex 0.442439287901 9.52499961853 -7.97589540482
    endloop
  endfacet
  facet normal -0 0 -1
    outer loop
      vertex 6.89999866486 9.52499961853 -6.67499828339
      vertex 0.442439287901 9.52499961853 -7.97589540482
      vertex -6.10000181198 9.52499961853 -6.67499828339
    endloop
  endfacet
  facet normal 0 1 0
    outer loop
      vertex -6.10000181198 9.52499961853 -6.67499828339
      vertex -6.10000181198 0.525000035763 -6.67499828339
      vertex 6.89999866486 9.52499961853 -6.67499828339
    endloop
  endfacet
  facet normal 0 1 0
    outer loop
      vertex 6.89999866486 9.52499961853 -6.67499828339
      vertex -6.10000181198 0.525000035763 -6.67499828339
      vertex 0.399998039007 0.524997591972 -6.67499828339
    endloop
  endfacet
  facet normal 3.82845229296e-07 6.00329485678e-06 -1
    outer loop
      vertex -0.425617069006 0.524997591972 -6.62234640121
      vertex 0.399998039007 0.524997591972 -6.67499828339
      vertex -6.10000181198 0.525000035763 -6.67499828339
    endloop
  endfacet
  facet normal 5.1575773341e-07 -8.32100340631e-06 -1
    outer loop
      vertex -6.10000181198 0.525000035763 -6.67499828339
      vertex -1.50334894657 0.525000035763 -6.39008522034
      vertex -0.425617069006 0.524997591972 -6.62234640121
    endloop
  endfacet
  facet normal 0.210672423244 0.977556705475 0
    outer loop
      vertex -1.50334894657 -0.975001871586 -6.39008522034
      vertex -0.425617069006 0.524997591972 -6.62234640121
      vertex -1.50334894657 0.525000035763 -6.39008522034
    endloop
  endfacet
  facet normal 0.372861653566 0.927886962891 0
    outer loop
      vertex -1.50334894657 -0.975001871586 -6.39008522034
      vertex -1.50334894657 0.525000035763 -6.39008522034
      vertex -2.52632403374 -0.975001871586 -5.97901344299
    endloop
  endfacet
  facet normal 0 0 1
    outer loop
      vertex -2.52632403374 -0.975001871586 -5.97901344299
      vertex -7.09084272385 -0.975001871586 -16.3766040802
      vertex -1.50334894657 -0.975001871586 -6.39008522034
    endloop
  endfacet
  facet normal 0 0 1
    outer loop
      vertex -1.50334894657 -0.975001871586 -6.39008522034
      vertex -7.09084272385 -0.975001871586 -16.3766040802
      vertex -4.69878292084 -0.975001871586 -17.3674259186
    endloop
  endfacet
  facet normal 0 0 1
    outer loop
      vertex -1.50334894657 -0.975001871586 -6.39008522034
      vertex -4.69878292084 -0.975001871586 -17.3674259186
      vertex -0.425617069006 -0.975001871586 -6.62234640121
    endloop
  endfacet
  facet normal 0 0 1
    outer loop
      vertex -0.425617069006 -0.975001871586 -6.62234640121
      vertex -4.69878292084 -0.975001871586 -17.3674259186
      vertex -2.18116998672 -0.975001871586 -17.9718570709
    endloop
  endfacet
  facet normal 0 0 1
    outer loop
      vertex -0.425617069006 -0.975001871586 -6.62234640121
      vertex -2.18116998672 -0.975001871586 -17.9718570709
      vertex 0.675864994526 -0.975001871586 -6.66913747787
    endloop
  endfacet
  facet normal 0.0424389876425 0.999030470848 -0.0117081617936
    outer loop
      vertex 0.675864994526 -0.975001871586 -6.66913747787
      vertex 0.399998039007 0.524997591972 -6.67499828339
      vertex -0.425617069006 -0.975001871586 -6.62234640121
    endloop
  endfacet
  facet normal -0.0212387926877 0.999774456024 0
    outer loop
      vertex 0.675864994526 -0.975001871586 -6.66913747787
      vertex 0.675864994526 0.524997591972 -6.66913747787
      vertex 0.399998039007 0.524997591972 -6.67499828339
    endloop
  endfacet
  facet normal 0 0 -1
    outer loop
      vertex 0.399998039007 0.524997591972 -6.67499828339
      vertex 0.675864994526 0.524997591972 -6.66913747787
      vertex 6.89999866486 0.524997591972 -6.67499828339
    endloop
  endfacet
  facet normal 0 0 -1
    outer loop
      vertex 6.89999866486 0.524997591972 -6.67499828339
      vertex 0.675864994526 0.524997591972 -6.66913747787
      vertex 1.76941370964 0.524997591972 -6.52910757065
    endloop
  endfacet
  facet normal 0 0 -1
    outer loop
      vertex 6.89999866486 0.524997591972 -6.67499828339
      vertex 1.76941370964 0.524997591972 -6.52910757065
      vertex 2.82356476784 0.524997591972 -6.20627784729
    endloop
  endfacet
  facet normal 0 0 -1
    outer loop
      vertex 2.82356476784 0.524997591972 -6.20627784729
      vertex 3.80799531937 0.524997591972 -5.70993280411
      vertex 6.89999866486 0.524997591972 -6.67499828339
    endloop
  endfacet
  facet normal 0 0 -1
    outer loop
      vertex 6.89999866486 0.524997591972 -6.67499828339
      vertex 3.80799531937 0.524997591972 -5.70993280411
      vertex 4.69438457489 0.524997591972 -5.05436897278
    endloop
  endfacet
  facet normal 0 0 -1
    outer loop
      vertex 6.89999866486 0.524997591972 -6.67499828339
      vertex 4.69438457489 0.524997591972 -5.05436897278
      vertex 5.45722961426 0.524997591972 -4.25842428207
    endloop
  endfacet
  facet normal 0 0 -1
    outer loop
      vertex 5.45722961426 0.524997591972 -4.25842428207
      vertex 6.07459020615 0.524997591972 -3.34502005577
      vertex 6.89999866486 0.524997591972 -6.67499828339
    endloop
  endfacet
  facet normal -0.828506708145 0.559979140759 0
    outer loop
      vertex 5.45722961426 -0.975001871586 -4.25842428207
      vertex 6.07459020615 0.524997591972 -3.34502005577
      vertex 5.45722961426 0.524997591972 -4.25842428207
    endloop
  endfacet
  facet normal -0.721958816051 0.691936075687 0
    outer loop
      vertex 5.45722961426 -0.975001871586 -4.25842428207
      vertex 5.45722961426 0.524997591972 -4.25842428207
      vertex 4.69438457489 -0.975001871586 -5.05436897278
    endloop
  endfacet
  facet normal -3.24951145103e-07 3.11438014933e-07 1
    outer loop
      vertex 4.69438457489 -0.975001871586 -5.05436897278
      vertex 12.0672588348 -0.975006818771 -13.3422584534
      vertex 5.45722961426 -0.975001871586 -4.25842428207
    endloop
  endfacet
  facet normal -3.46384638306e-07 2.95841516618e-07 1
    outer loop
      vertex 5.45722961426 -0.975001871586 -4.25842428207
      vertex 12.0672588348 -0.975006818771 -13.3422584534
      vertex 13.7487764359 -0.975006818771 -11.3734607697
    endloop
  endfacet
  facet normal -3.79907447723e-07 2.56775535945e-07 1
    outer loop
      vertex 5.45722961426 -0.975001871586 -4.25842428207
      vertex 13.7487764359 -0.975006818771 -11.3734607697
      vertex 6.07459020615 -0.975001871586 -3.34502005577
    endloop
  endfacet
  facet normal 0.760400354862 -0.649445712566 0.00340537237935
    outer loop
      vertex 12.0672588348 -0.975006818771 -13.3422584534
      vertex 13.3473997116 10.414516449 -11.9031324387
      vertex 13.7487764359 -0.975006818771 -11.3734607697
    endloop
  endfacet
  facet normal 0.797014474869 -0.603960216045 -2.48521274671e-07
    outer loop
      vertex 13.7487764359 -0.975006818771 -11.3734607697
      vertex 13.3473997116 10.414516449 -11.9031324387
      vertex 13.7487545013 10.375243187 -11.3734865189
    endloop
  endfacet
  facet normal 0.827680647373 -0.561199367046 -4.02783513209e-07
    outer loop
      vertex 13.7487764359 -0.975006818771 -11.3734607697
      vertex 13.7487545013 10.375243187 -11.3734865189
      vertex 14.350315094 10.3138246536 -10.4862785339
    endloop
  endfacet
  facet normal 0.852632403374 -0.522492945194 0.00437109358609
    outer loop
      vertex 13.7487764359 -0.975006818771 -11.3734607697
      vertex 14.350315094 10.3138246536 -10.4862785339
      vertex 15.1016044617 -0.975006818771 -9.16584396362
    endloop
  endfacet
  facet normal 0.00148573168553 0.0680587813258 -0.997680187225
    outer loop
      vertex 13.7487545013 10.375243187 -11.3734865189
      vertex 11.321721077 10.258564949 -9.61010932922
      vertex 14.350315094 10.3138246536 -10.4862785339
    endloop
  endfacet
  facet normal -0.00117140170187 0.0589107759297 -0.998262584209
    outer loop
      vertex 14.350315094 10.3138246536 -10.4862785339
      vertex 11.321721077 10.258564949 -9.61010932922
      vertex 11.6746520996 10.2288818359 -9.10010719299
    endloop
  endfacet
  facet normal 9.28352892515e-05 0.0613421425223 -0.998116791248
    outer loop
      vertex 14.350315094 10.3138246536 -10.4862785339
      vertex 11.6746520996 10.2288818359 -9.10010719299
      vertex 15.1015911102 10.2326049805 -9.16586875916
    endloop
  endfacet
  facet normal -0.822303652763 0.569048941135 4.50776724392e-06
    outer loop
      vertex 11.3217287064 9.52499961853 -9.61010456085
      vertex 11.6746520996 10.2288818359 -9.10010719299
      vertex 11.321721077 10.258564949 -9.61010932922
    endloop
  endfacet
  facet normal -0.802019119263 0.597298383713 4.10966913478e-06
    outer loop
      vertex 11.3217287064 9.52499961853 -9.61010456085
      vertex 11.321721077 10.258564949 -9.61010932922
      vertex 11.1312847137 10.2741355896 -9.86581707001
    endloop
  endfacet
  facet normal -0.00248229294084 0.0626207962632 -0.99803429842
    outer loop
      vertex 13.7487545013 10.375243187 -11.3734865189
      vertex 11.1312847137 10.2741355896 -9.86581707001
      vertex 11.321721077 10.258564949 -9.61010932922
    endloop
  endfacet
  facet normal 0.00283486722037 0.0718103572726 -0.997414290905
    outer loop
      vertex 13.3473997116 10.414516449 -11.9031324387
      vertex 11.1312847137 10.2741355896 -9.86581707001
      vertex 13.7487545013 10.375243187 -11.3734865189
    endloop
  endfacet
  facet normal -0.00239763990976 0.0661457031965 -0.997807085514
    outer loop
      vertex 13.3473997116 10.414516449 -11.9031324387
      vertex 10.5394039154 10.3205909729 -10.5880479813
      vertex 11.1312847137 10.2741355896 -9.86581707001
    endloop
  endfacet
  facet normal -0.769442141056 0.634998142719 -0.0688200891018
    outer loop
      vertex 11.1312847137 10.2741355896 -9.86581707001
      vertex 10.5394039154 10.3205909729 -10.5880479813
      vertex 9.9459400177 9.52499961853 -11.2209367752
    endloop
  endfacet
  facet normal -0.727887868881 0.685691595078 0.00250330660492
    outer loop
      vertex 9.9459400177 9.52499961853 -11.2209367752
      vertex 10.5394039154 10.3205909729 -10.5880479813
      vertex 9.89943027496 10.367600441 -11.2672319412
    endloop
  endfacet
  facet normal -0.649435043335 0.760393917561 -0.00593158090487
    outer loop
      vertex 9.9459400177 9.52499961853 -11.2209367752
      vertex 9.89943027496 10.367600441 -11.2672319412
      vertex 8.33509731293 9.52499961853 -12.5967206955
    endloop
  endfacet
  facet normal -0 0 -1
    outer loop
      vertex 9.9459400177 9.52499961853 -11.2209367752
      vertex 8.33509731293 9.52499961853 -12.5967206955
      vertex 1.34287595749 9.52499961853 -9.30813026428
    endloop
  endfacet
  facet normal 0 0 -1
    outer loop
      vertex 1.34287595749 9.52499961853 -9.30813026428
      vertex 1.38561582565 9.52499961853 -9.14400005341
      vertex 9.9459400177 9.52499961853 -11.2209367752
    endloop
  endfacet
  facet normal -0.967727959156 0.251997202635 0
    outer loop
      vertex 1.34287595749 1.52499890327 -9.30813026428
      vertex 1.38561582565 9.52499961853 -9.14400005341
      vertex 1.34287595749 9.52499961853 -9.30813026428
    endloop
  endfacet
  facet normal -0.911231696606 0.411894112825 0
    outer loop
      vertex 1.34287595749 1.52499890327 -9.30813026428
      vertex 1.34287595749 9.52499961853 -9.30813026428
      vertex 1.27301394939 1.52499890327 -9.4626865387
    endloop
  endfacet
  facet normal 0 0 -1
    outer loop
      vertex 0.399998039007 1.52499890327 -8.9749956131
      vertex 1.34287595749 1.52499890327 -9.30813026428
      vertex 1.27301394939 1.52499890327 -9.4626865387
    endloop
  endfacet
  facet normal 0 0 -1
    outer loop
      vertex 0.399998039007 1.52499890327 -8.9749956131
      vertex 1.27301394939 1.52499890327 -9.4626865387
      vertex 1.17803561687 1.52499890327 -9.60321617126
    endloop
  endfacet
  facet normal -0 0 -1
    outer loop
      vertex 1.17803561687 1.52499890327 -9.60321617126
      vertex 1.06067323685 1.52499890327 -9.72567558289
      vertex 0.399998039007 1.52499890327 -8.9749956131
    endloop
  endfacet
  facet normal 0 0 -1
    outer loop
      vertex 0.399998039007 1.52499890327 -8.9749956131
      vertex 1.06067323685 1.52499890327 -9.72567558289
      vertex 0.92430627346 1.52499890327 -9.82652854919
    endloop
  endfacet
  facet normal 0 0 -1
    outer loop
      vertex 0.399998039007 1.52499890327 -8.9749956131
      vertex 0.92430627346 1.52499890327 -9.82652854919
      vertex 0.772854030132 1.52499890327 -9.90289115906
    endloop
  endfacet
  facet normal -0 0 -1
    outer loop
      vertex 0.772854030132 1.52499890327 -9.90289115906
      vertex 0.610678911209 1.52499890327 -9.95255088806
      vertex 0.399998039007 1.52499890327 -8.9749956131
    endloop
  endfacet
  facet normal 0 0 -1
    outer loop
      vertex 0.399998039007 1.52499890327 -8.9749956131
      vertex 0.610678911209 1.52499890327 -9.95255088806
      vertex 0.442439287901 1.52499890327 -9.97410106659
    endloop
  endfacet
  facet normal 0 -0 -1
    outer loop
      vertex 0.399998039007 1.52499890327 -8.9749956131
      vertex 0.442439287901 1.52499890327 -9.97410106659
      vertex 0.272980332375 1.52499890327 -9.96689987183
    endloop
  endfacet
  facet normal 0 0 -1
    outer loop
      vertex 0.272980332375 1.52499890327 -9.96689987183
      vertex 0.10717446357 1.52499890327 -9.93116950989
      vertex 0.399998039007 1.52499890327 -8.9749956131
    endloop
  endfacet
  facet normal 0 0 -1
    outer loop
      vertex 0.399998039007 1.52499890327 -8.9749956131
      vertex 0.10717446357 1.52499890327 -9.93116950989
      vertex -0.0502053573728 1.52499890327 -9.86793231964
    endloop
  endfacet
  facet normal 0 0 -1
    outer loop
      vertex 0.399998039007 1.52499890327 -8.9749956131
      vertex -0.0502053573728 1.52499890327 -9.86793231964
      vertex -0.19463506341 1.52499890327 -9.77899360657
    endloop
  endfacet
  facet normal 0 0 -1
    outer loop
      vertex -0.19463506341 1.52499890327 -9.77899360657
      vertex -0.321956366301 1.52499890327 -9.66694164276
      vertex 0.399998039007 1.52499890327 -8.9749956131
    endloop
  endfacet
  facet normal 0 0 -1
    outer loop
      vertex 0.399998039007 1.52499890327 -8.9749956131
      vertex -0.321956366301 1.52499890327 -9.66694164276
      vertex -0.428511172533 1.52499890327 -9.53497695923
    endloop
  endfacet
  facet normal 0 0 -1
    outer loop
      vertex 0.399998039007 1.52499890327 -8.9749956131
      vertex -0.428511172533 1.52499890327 -9.53497695923
      vertex -0.511228740215 1.52499890327 -9.38690662384
    endloop
  endfacet
  facet normal 0 0 -1
    outer loop
      vertex -0.511228740215 1.52499890327 -9.38690662384
      vertex -0.567734956741 1.52499890327 -9.22697639465
      vertex 0.399998039007 1.52499890327 -8.9749956131
    endloop
  endfacet
  facet normal 0 0 -1
    outer loop
      vertex 0.399998039007 1.52499890327 -8.9749956131
      vertex -0.567734956741 1.52499890327 -9.22697639465
      vertex -0.596399903297 1.52499890327 -9.05980873108
    endloop
  endfacet
  facet normal -0 0 -1
    outer loop
      vertex 0.399998039007 1.52499890327 -8.9749956131
      vertex -0.596399903297 1.52499890327 -9.05980873108
      vertex -0.596399903297 1.52499890327 -8.89019298553
    endloop
  endfacet
  facet normal 0 0 -1
    outer loop
      vertex -0.596399903297 1.52499890327 -8.89019298553
      vertex -0.567734956741 1.52499890327 -8.72301578522
      vertex 0.399998039007 1.52499890327 -8.9749956131
    endloop
  endfacet
  facet normal 0 0 -1
    outer loop
      vertex 0.399998039007 1.52499890327 -8.9749956131
      vertex -0.567734956741 1.52499890327 -8.72301578522
      vertex -0.511228740215 1.52499890327 -8.56310081482
    endloop
  endfacet
  facet normal 0 0 -1
    outer loop
      vertex 0.399998039007 1.52499890327 -8.9749956131
      vertex -0.511228740215 1.52499890327 -8.56310081482
      vertex -0.428511172533 1.52499890327 -8.41502475739
    endloop
  endfacet
  facet normal 0 0 -1
    outer loop
      vertex -0.428511172533 1.52499890327 -8.41502475739
      vertex -0.321956366301 1.52499890327 -8.28306007385
      vertex 0.399998039007 1.52499890327 -8.9749956131
    endloop
  endfacet
  facet normal 0 0 -1
    outer loop
      vertex 0.399998039007 1.52499890327 -8.9749956131
      vertex -0.321956366301 1.52499890327 -8.28306007385
      vertex -0.19463506341 1.52499890327 -8.17100811005
    endloop
  endfacet
  facet normal 0 0 -1
    outer loop
      vertex 0.399998039007 1.52499890327 -8.9749956131
      vertex -0.19463506341 1.52499890327 -8.17100811005
      vertex -0.0502053573728 1.52499890327 -8.08207511902
    endloop
  endfacet
  facet normal 0 0 -1
    outer loop
      vertex -0.0502053573728 1.52499890327 -8.08207511902
      vertex 0.10717446357 1.52499890327 -8.01883220673
      vertex 0.399998039007 1.52499890327 -8.9749956131
    endloop
  endfacet
  facet normal 0 0 -1
    outer loop
      vertex 0.399998039007 1.52499890327 -8.9749956131
      vertex 0.10717446357 1.52499890327 -8.01883220673
      vertex 0.272980332375 1.52499890327 -7.98310232162
    endloop
  endfacet
  facet normal 0 0 -1
    outer loop
      vertex 0.399998039007 1.52499890327 -8.9749956131
      vertex 0.272980332375 1.52499890327 -7.98310232162
      vertex 0.442439287901 1.52499890327 -7.97589540482
    endloop
  endfacet
  facet normal 0 -0 -1
    outer loop
      vertex 0.442439287901 1.52499890327 -7.97589540482
      vertex 0.610678911209 1.52499890327 -7.99744606018
      vertex 0.399998039007 1.52499890327 -8.9749956131
    endloop
  endfacet
  facet normal 0 0 -1
    outer loop
      vertex 0.399998039007 1.52499890327 -8.9749956131
      vertex 0.610678911209 1.52499890327 -7.99744606018
      vertex 0.772854030132 1.52499890327 -8.04710674286
    endloop
  endfacet
  facet normal 0 0 -1
    outer loop
      vertex 0.399998039007 1.52499890327 -8.9749956131
      vertex 0.772854030132 1.52499890327 -8.04710674286
      vertex 0.92430627346 1.52499890327 -8.12346839905
    endloop
  endfacet
  facet normal 0 -0 -1
    outer loop
      vertex 0.92430627346 1.52499890327 -8.12346839905
      vertex 1.06067323685 1.52499890327 -8.22433185577
      vertex 0.399998039007 1.52499890327 -8.9749956131
    endloop
  endfacet
  facet normal 0 0 -1
    outer loop
      vertex 0.399998039007 1.52499890327 -8.9749956131
      vertex 1.06067323685 1.52499890327 -8.22433185577
      vertex 1.17803561687 1.52499890327 -8.34678077698
    endloop
  endfacet
  facet normal 0 0 -1
    outer loop
      vertex 0.399998039007 1.52499890327 -8.9749956131
      vertex 1.17803561687 1.52499890327 -8.34678077698
      vertex 1.27301394939 1.52499890327 -8.48730564117
    endloop
  endfacet
  facet normal 0 -0 -1
    outer loop
      vertex 1.27301394939 1.52499890327 -8.48730564117
      vertex 1.34287595749 1.52499890327 -8.64185619354
      vertex 0.399998039007 1.52499890327 -8.9749956131
    endloop
  endfacet
  facet normal 0 0 -1
    outer loop
      vertex 0.399998039007 1.52499890327 -8.9749956131
      vertex 1.34287595749 1.52499890327 -8.64185619354
      vertex 1.38561582565 1.52499890327 -8.80599784851
    endloop
  endfacet
  facet normal 0 0 -1
    outer loop
      vertex 0.399998039007 1.52499890327 -8.9749956131
      vertex 1.38561582565 1.52499890327 -8.80599784851
      vertex 1.3999992609 1.52499890327 -8.9749956131
    endloop
  endfacet
  facet normal -0 0 -1
    outer loop
      vertex 1.3999992609 1.52499890327 -8.9749956131
      vertex 1.38561582565 1.52499890327 -9.14400005341
      vertex 0.399998039007 1.52499890327 -8.9749956131
    endloop
  endfacet
  facet normal -0.996397912502 0.0848010703921 0
    outer loop
      vertex 1.3999992609 1.52499890327 -8.9749956131
      vertex 1.3999992609 9.52499961853 -8.9749956131
      vertex 1.38561582565 1.52499890327 -9.14400005341
    endloop
  endfacet
  facet normal -0.996397912502 0.0848010703921 0
    outer loop
      vertex 1.38561582565 1.52499890327 -9.14400005341
      vertex 1.3999992609 9.52499961853 -8.9749956131
      vertex 1.38561582565 9.52499961853 -9.14400005341
    endloop
  endfacet
  facet normal -0.996397674084 -0.0848035514355 -0
    outer loop
      vertex 1.38561582565 1.52499890327 -8.80599784851
      vertex 1.38561582565 9.52499961853 -8.80599784851
      vertex 1.3999992609 1.52499890327 -8.9749956131
    endloop
  endfacet
  facet normal -0.967731714249 -0.25198289752 -0
    outer loop
      vertex 1.34287595749 1.52499890327 -8.64185619354
      vertex 1.34287595749 9.52499961853 -8.64185619354
      vertex 1.38561582565 1.52499890327 -8.80599784851
    endloop
  endfacet
  facet normal -0.91122674942 -0.411905109882 -0
    outer loop
      vertex 1.27301394939 1.52499890327 -8.48730564117
      vertex 1.27301394939 9.52499961853 -8.48730564117
      vertex 1.34287595749 1.52499890327 -8.64185619354
    endloop
  endfacet
  facet normal -0.828510046005 -0.559974193573 -0
    outer loop
      vertex 1.17803561687 1.52499890327 -8.34678077698
      vertex 1.17803561687 9.52499961853 -8.34678077698
      vertex 1.27301394939 1.52499890327 -8.48730564117
    endloop
  endfacet
  facet normal -0.721942424774 -0.69195318222 -0
    outer loop
      vertex 1.06067323685 1.52499890327 -8.22433185577
      vertex 1.06067323685 9.52499961853 -8.22433185577
      vertex 1.17803561687 1.52499890327 -8.34678077698
    endloop
  endfacet
  facet normal -0.594660401344 -0.803977012634 -0
    outer loop
      vertex 0.92430627346 1.52499890327 -8.12346839905
      vertex 0.92430627346 9.52499961853 -8.12346839905
      vertex 1.06067323685 1.52499890327 -8.22433185577
    endloop
  endfacet
  facet normal -0.45020994544 -0.892922759056 -1.40043084684e-07
    outer loop
      vertex 0.772854030132 1.52499890327 -8.04710674286
      vertex 0.772856533527 9.52499961853 -8.04710674286
      vertex 0.92430627346 1.52499890327 -8.12346839905
    endloop
  endfacet
  facet normal -0.292794764042 -0.956175327301 -0
    outer loop
      vertex 0.610678911209 1.52499890327 -7.99744606018
      vertex 0.610678911209 9.52499961853 -7.99744606018
      vertex 0.772854030132 1.52499890327 -8.04710674286
    endloop
  endfacet
  facet normal -0.12705513835 -0.991895675659 -0
    outer loop
      vertex 0.442439287901 1.52499890327 -7.97589540482
      vertex 0.442439287901 9.52499961853 -7.97589540482
      vertex 0.610678911209 1.52499890327 -7.99744606018
    endloop
  endfacet
  facet normal 0.0424891673028 -0.999096930027 0
    outer loop
      vertex 0.442439287901 1.52499890327 -7.97589540482
      vertex 0.272980332375 9.52499961853 -7.98310232162
      vertex 0.442439287901 9.52499961853 -7.97589540482
    endloop
  endfacet
  facet normal 0.0424891673028 -0.999096930027 0
    outer loop
      vertex 0.272980332375 1.52499890327 -7.98310232162
      vertex 0.272980332375 9.52499961853 -7.98310232162
      vertex 0.442439287901 1.52499890327 -7.97589540482
    endloop
  endfacet
  facet normal 0.210656166077 -0.977560222149 0
    outer loop
      vertex 0.272980332375 1.52499890327 -7.98310232162
      vertex 0.10717446357 9.52499961853 -8.01883220673
      vertex 0.272980332375 9.52499961853 -7.98310232162
    endloop
  endfacet
  facet normal 0 0 -1
    outer loop
      vertex -6.10000181198 9.52499961853 -6.67499828339
      vertex 0.272980332375 9.52499961853 -7.98310232162
      vertex 0.10717446357 9.52499961853 -8.01883220673
    endloop
  endfacet
  facet normal -0 0 -1
    outer loop
      vertex 0.10717446357 9.52499961853 -8.01883220673
      vertex -0.0502028688788 9.52499961853 -8.08207511902
      vertex -6.10000181198 9.52499961853 -6.67499828339
    endloop
  endfacet
  facet normal -0 0 -1
    outer loop
      vertex -0.0502028688788 9.52499961853 -8.08207511902
      vertex -0.194632560015 9.52499961853 -8.17100811005
      vertex -6.10000181198 9.52499961853 -6.67499828339
    endloop
  endfacet
  facet normal 0 0 -1
    outer loop
      vertex -6.10000181198 9.52499961853 -6.67499828339
      vertex -0.194632560015 9.52499961853 -8.17100811005
      vertex -0.321956366301 9.52499961853 -8.28306007385
    endloop
  endfacet
  facet normal 0 0 -1
    outer loop
      vertex -6.10000181198 9.52499961853 -6.67499828339
      vertex -0.321956366301 9.52499961853 -8.28306007385
      vertex -0.428511172533 9.52499961853 -8.41502475739
    endloop
  endfacet
  facet normal -0 0 -1
    outer loop
      vertex -0.428511172533 9.52499961853 -8.41502475739
      vertex -0.511228740215 9.52499961853 -8.56310081482
      vertex -6.10000181198 9.52499961853 -6.67499828339
    endloop
  endfacet
  facet normal 0 0 -1
    outer loop
      vertex -6.10000181198 9.52499961853 -6.67499828339
      vertex -0.511228740215 9.52499961853 -8.56310081482
      vertex -0.567734956741 9.52499961853 -8.72301578522
    endloop
  endfacet
  facet normal 0 -0 -1
    outer loop
      vertex -6.10000181198 9.52499961853 -6.67499828339
      vertex -0.567734956741 9.52499961853 -8.72301578522
      vertex -10.5217294693 9.52499961853 -9.61010456085
    endloop
  endfacet
  facet normal 0 0 -1
    outer loop
      vertex -11.6285915375 9.52499961853 -7.80386590958
      vertex -6.10000181198 9.52499961853 -6.67499828339
      vertex -10.5217294693 9.52499961853 -9.61010456085
    endloop
  endfacet
  facet normal 0.851614654064 0.521869063377 -0.049042545259
    outer loop
      vertex -10.8765439987 10.228720665 -9.09723091125
      vertex -11.6285915375 9.52499961853 -7.80386590958
      vertex -10.5217294693 9.52499961853 -9.61010456085
    endloop
  endfacet
  facet normal 0.822380065918 0.568938493729 1.71951296579e-06
    outer loop
      vertex -10.8765439987 10.228720665 -9.09723091125
      vertex -10.5217294693 9.52499961853 -9.61010456085
      vertex -10.5217247009 10.258564949 -9.61010932922
    endloop
  endfacet
  facet normal 0.00385103444569 0.060746524483 -0.99814581871
    outer loop
      vertex -12.9487771988 10.3752450943 -11.3734607697
      vertex -10.8765439987 10.228720665 -9.09723091125
      vertex -10.5217247009 10.258564949 -9.61010932922
    endloop
  endfacet
  facet normal -0.00372830359265 0.0711332336068 -0.997459828854
    outer loop
      vertex -12.9487771988 10.3752450943 -11.3734607697
      vertex -10.5217247009 10.258564949 -9.61010932922
      vertex -12.5474033356 10.4145183563 -11.9031324387
    endloop
  endfacet
  facet normal -0.796475887299 -0.604527592659 0.0131354201585
    outer loop
      vertex -11.2672672272 -0.975001871586 -13.3422584534
      vertex -12.9487771988 10.3752450943 -11.3734607697
      vertex -12.5474033356 10.4145183563 -11.9031324387
    endloop
  endfacet
  facet normal -0.74853605032 -0.663094043732 0.000347001303453
    outer loop
      vertex -11.2672672272 -0.975001871586 -13.3422584534
      vertex -12.5474033356 10.4145183563 -11.9031324387
      vertex -11.3155241013 10.5268468857 -13.2938022614
    endloop
  endfacet
  facet normal -0.669156074524 -0.743121862411 -0.000323191285133
    outer loop
      vertex -9.93093109131 10.6388044357 -14.5405330658
      vertex -11.2672672272 -0.975001871586 -13.3422584534
      vertex -11.3155241013 10.5268468857 -13.2938022614
    endloop
  endfacet
  facet normal -0.00281152478419 0.0863426178694 -0.996261537075
    outer loop
      vertex -9.93093109131 10.6388044357 -14.5405330658
      vertex -11.3155241013 10.5268468857 -13.2938022614
      vertex -8.41108798981 10.4145183563 -11.9031324387
    endloop
  endfacet
  facet normal -0.00561643159017 0.0879460498691 -0.996109426022
    outer loop
      vertex -9.93093109131 10.6388044357 -14.5405330658
      vertex -8.41108798981 10.4145183563 -11.9031324387
      vertex -9.29850482941 10.6850328445 -15.0237483978
    endloop
  endfacet
  facet normal -0.607129752636 -0.794602692127 -4.1852334931e-08
    outer loop
      vertex -9.29850482941 10.6850328445 -15.0237483978
      vertex -9.29846000671 -0.975001871586 -15.0237827301
      vertex -9.93093109131 10.6388044357 -14.5405330658
    endloop
  endfacet
  facet normal -0.561312139034 -0.827604174614 -3.16468771189e-07
    outer loop
      vertex -8.41501045227 10.7445573807 -15.62296772
      vertex -9.29846000671 -0.975001871586 -15.0237827301
      vertex -9.29850482941 10.6850328445 -15.0237483978
    endloop
  endfacet
  facet normal -0.00449813809246 0.0922802239656 -0.9957228899
    outer loop
      vertex -9.29850482941 10.6850328445 -15.0237483978
      vertex -7.47304058075 10.4725055695 -12.6415529251
      vertex -8.41501045227 10.7445573807 -15.62296772
    endloop
  endfacet
  facet normal 0.00426518078893 0.0895344465971 -0.995974600315
    outer loop
      vertex -8.41501045227 10.7445573807 -15.62296772
      vertex -7.47304058075 10.4725055695 -12.6415529251
      vertex -6.46491193771 10.5273122787 -13.2992420197
    endloop
  endfacet
  facet normal -0.00398572534323 0.0963988900185 -0.995334804058
    outer loop
      vertex -8.41501045227 10.7445573807 -15.62296772
      vertex -6.46491193771 10.5273122787 -13.2992420197
      vertex -7.09089231491 10.82284832 -16.3765830994
    endloop
  endfacet
  facet normal -0.494642317295 -0.869096636772 6.2014305513e-07
    outer loop
      vertex -7.09089231491 10.82284832 -16.3765830994
      vertex -7.09084272385 -0.975001871586 -16.3766040802
      vertex -8.41501045227 10.7445573807 -15.62296772
    endloop
  endfacet
  facet normal -0.445128291845 -0.895466804504 3.66767807236e-07
    outer loop
      vertex -7.09089231491 10.82284832 -16.3765830994
      vertex -6.79749393463 10.8384389877 -16.5224285126
      vertex -7.09084272385 -0.975001871586 -16.3766040802
    endloop
  endfacet
  facet normal -0.384654164314 -0.923058927059 0.0018426446477
    outer loop
      vertex -7.09084272385 -0.975001871586 -16.3766040802
      vertex -6.79749393463 10.8384389877 -16.5224285126
      vertex -5.07830572128 10.9170999527 -17.2390003204
    endloop
  endfacet
  facet normal -0.00386202195659 0.0999581590295 -0.994984149933
    outer loop
      vertex -6.79749393463 10.8384389877 -16.5224285126
      vertex -5.40791893005 10.5765399933 -13.8617954254
      vertex -5.07830572128 10.9170999527 -17.2390003204
    endloop
  endfacet
  facet normal 0.00432501733303 0.100748971105 -0.99490249157
    outer loop
      vertex -5.07830572128 10.9170999527 -17.2390003204
      vertex -5.40791893005 10.5765399933 -13.8617954254
      vertex -4.31025314331 10.6188392639 -14.3266267776
    endloop
  endfacet
  facet normal -0.00315216556191 0.102700874209 -0.994707286358
    outer loop
      vertex -5.07830572128 10.9170999527 -17.2390003204
      vertex -4.31025314331 10.6188392639 -14.3266267776
      vertex -4.69883537292 10.9315605164 -17.3674125671
    endloop
  endfacet
  facet normal -0.320540428162 -0.947234809399 2.19021444536e-07
    outer loop
      vertex -4.69878292084 -0.975001871586 -17.3674259186
      vertex -5.07830572128 10.9170999527 -17.2390003204
      vertex -4.69883537292 10.9315605164 -17.3674125671
    endloop
  endfacet
  facet normal -0.266524791718 -0.963828086853 -3.88634013859e-08
    outer loop
      vertex -4.69878292084 -0.975001871586 -17.3674259186
      vertex -4.69883537292 10.9315605164 -17.3674125671
      vertex -3.2877061367 10.9761667252 -17.7576274872
    endloop
  endfacet
  facet normal -0.0027348366566 0.103803873062 -0.994594037533
    outer loop
      vertex -4.69883537292 10.9315605164 -17.3674125671
      vertex -3.77175807953 10.6363306046 -14.514248848
      vertex -3.2877061367 10.9761667252 -17.7576274872
    endloop
  endfacet
  facet normal 0.00320959067903 0.104681253433 -0.994500637054
    outer loop
      vertex -3.2877061367 10.9761667252 -17.7576274872
      vertex -3.77175807953 10.6363306046 -14.514248848
      vertex -3.17195630074 10.6533021927 -14.6938734055
    endloop
  endfacet
  facet normal -0.00208954047412 0.104879565537 -0.994482755661
    outer loop
      vertex -3.2877061367 10.9761667252 -17.7576274872
      vertex -3.17195630074 10.6533021927 -14.6938734055
      vertex -2.18122220039 11.0010843277 -17.9718513489
    endloop
  endfacet
  facet normal -0.190078601241 -0.981768846512 4.21418718588e-07
    outer loop
      vertex -2.18116998672 -0.975001871586 -17.9718570709
      vertex -3.2877061367 10.9761667252 -17.7576274872
      vertex -2.18122220039 11.0010843277 -17.9718513489
    endloop
  endfacet
  facet normal -0.134659186006 -0.990891993046 1.75801417868e-07
    outer loop
      vertex -2.18116998672 -0.975001871586 -17.9718570709
      vertex -2.18122220039 11.0010843277 -17.9718513489
      vertex -1.46161186695 11.0125637054 -18.069644928
    endloop
  endfacet
  facet normal -0.0784580260515 -0.996911525726 0.00342277530581
    outer loop
      vertex -1.46161186695 11.0125637054 -18.069644928
      vertex 0.399998039007 -0.975001871586 -18.1749973297
      vertex -2.18116998672 -0.975001871586 -17.9718570709
    endloop
  endfacet
  facet normal -0.056501865387 -0.998402476311 -1.17170451119e-08
    outer loop
      vertex 0.4000005126 11.0249986649 -18.1749973297
      vertex 0.399998039007 -0.975001871586 -18.1749973297
      vertex -1.46161186695 11.0125637054 -18.069644928
    endloop
  endfacet
  facet normal -0.000565321126487 0.107360340655 -0.994220018387
    outer loop
      vertex -1.46161186695 11.0125637054 -18.069644928
      vertex -0.803980112076 10.6945514679 -15.1212024689
      vertex 0.4000005126 11.0249986649 -18.1749973297
    endloop
  endfacet
  facet normal 0.000456524227047 0.107758559287 -0.994176983833
    outer loop
      vertex 0.4000005126 11.0249986649 -18.1749973297
      vertex -0.803980112076 10.6945514679 -15.1212024689
      vertex 0.4000005126 10.6998291016 -15.1749992371
    endloop
  endfacet
  facet normal 0.000545315444469 0.107758551836 -0.994176924229
    outer loop
      vertex 0.4000005126 11.0249986649 -18.1749973297
      vertex 0.4000005126 10.6998291016 -15.1749992371
      vertex 2.26608228683 11.0125017166 -18.0691413879
    endloop
  endfacet
  facet normal -0.000425781239755 0.107139639556 -0.994243919849
    outer loop
      vertex 2.26608228683 11.0125017166 -18.0691413879
      vertex 0.4000005126 10.6998291016 -15.1749992371
      vertex 1.60256767273 10.6945610046 -15.1213321686
    endloop
  endfacet
  facet normal 0.00124619726557 0.10751157999 -0.994203031063
    outer loop
      vertex 2.26608228683 11.0125017166 -18.0691413879
      vertex 1.60256767273 10.6945610046 -15.1213321686
      vertex 2.98122310638 11.0010843277 -17.9718513489
    endloop
  endfacet
  facet normal 0.134801626205 -0.990872621536 2.04441107599e-07
    outer loop
      vertex 2.98122310638 11.0010843277 -17.9718513489
      vertex 2.98116850853 -0.975006818771 -17.9718570709
      vertex 2.26608228683 11.0125017166 -18.0691413879
    endloop
  endfacet
  facet normal 0.0784579515457 -0.996911585331 0.00341026112437
    outer loop
      vertex 2.26608228683 11.0125017166 -18.0691413879
      vertex 2.98116850853 -0.975006818771 -17.9718570709
      vertex 0.399998039007 -0.975001871586 -18.1749973297
    endloop
  endfacet
  facet normal -1.9462011096e-06 2.28849685868e-07 1
    outer loop
      vertex 0.399998039007 -0.975001871586 -18.1749973297
      vertex 2.98116850853 -0.975006818771 -17.9718570709
      vertex 1.76941370964 -0.975001871586 -6.52910757065
    endloop
  endfacet
  facet normal -0 0 1
    outer loop
      vertex 0.675864994526 -0.975001871586 -6.66913747787
      vertex 0.399998039007 -0.975001871586 -18.1749973297
      vertex 1.76941370964 -0.975001871586 -6.52910757065
    endloop
  endfacet
  facet normal -0.127013936639 0.991900920868 0
    outer loop
      vertex 1.76941370964 -0.975001871586 -6.52910757065
      vertex 1.76941370964 0.524997591972 -6.52910757065
      vertex 0.675864994526 -0.975001871586 -6.66913747787
    endloop
  endfacet
  facet normal -1.01833492749e-07 4.24162976742e-07 1
    outer loop
      vertex 1.76941370964 -0.975001871586 -6.52910757065
      vertex 2.98116850853 -0.975006818771 -17.9718570709
      vertex 5.49877786636 -0.975006818771 -17.3674259186
    endloop
  endfacet
  facet normal -1.27222904212e-07 4.15426711697e-07 1
    outer loop
      vertex 1.76941370964 -0.975001871586 -6.52910757065
      vertex 5.49877786636 -0.975006818771 -17.3674259186
      vertex 2.82356476784 -0.975001871586 -6.20627784729
    endloop
  endfacet
  facet normal -0.292822569609 0.956166803837 0
    outer loop
      vertex 2.82356476784 -0.975001871586 -6.20627784729
      vertex 2.82356476784 0.524997591972 -6.20627784729
      vertex 1.76941370964 -0.975001871586 -6.52910757065
    endloop
  endfacet
  facet normal -1.6802361813e-07 4.05647199386e-07 1
    outer loop
      vertex 2.82356476784 -0.975001871586 -6.20627784729
      vertex 5.49877786636 -0.975006818771 -17.3674259186
      vertex 7.89083957672 -0.975006818771 -16.3766078949
    endloop
  endfacet
  facet normal -1.97196698082e-07 3.91111967701e-07 1
    outer loop
      vertex 2.82356476784 -0.975001871586 -6.20627784729
      vertex 7.89083957672 -0.975006818771 -16.3766078949
      vertex 3.80799531937 -0.975001871586 -5.70993280411
    endloop
  endfacet
  facet normal -0.450207710266 0.89292383194 0
    outer loop
      vertex 3.80799531937 -0.975001871586 -5.70993280411
      vertex 3.80799531937 0.524997591972 -5.70993280411
      vertex 2.82356476784 -0.975001871586 -6.20627784729
    endloop
  endfacet
  facet normal -2.31602854228e-07 3.77942455998e-07 1
    outer loop
      vertex 3.80799531937 -0.975001871586 -5.70993280411
      vertex 7.89083957672 -0.975006818771 -16.3766078949
      vertex 10.0984544754 -0.975006818771 -15.0237827301
    endloop
  endfacet
  facet normal -2.63559542191e-07 3.56359322495e-07 1
    outer loop
      vertex 3.80799531937 -0.975001871586 -5.70993280411
      vertex 10.0984544754 -0.975006818771 -15.0237827301
      vertex 4.69438457489 -0.975001871586 -5.05436897278
    endloop
  endfacet
  facet normal -0.594629585743 0.803999781609 0
    outer loop
      vertex 4.69438457489 -0.975001871586 -5.05436897278
      vertex 4.69438457489 0.524997591972 -5.05436897278
      vertex 3.80799531937 -0.975001871586 -5.70993280411
    endloop
  endfacet
  facet normal 0.522493064404 -0.852633297443 0.00418662698939
    outer loop
      vertex 7.89083957672 -0.975006818771 -16.3766078949
      vertex 9.22818374634 10.7437095642 -15.6146259308
      vertex 10.0984544754 -0.975006818771 -15.0237827301
    endloop
  endfacet
  facet normal 0.561698675156 -0.827341914177 -7.44439319078e-08
    outer loop
      vertex 10.0984544754 -0.975006818771 -15.0237827301
      vertex 9.22818374634 10.7437095642 -15.6146259308
      vertex 10.0985040665 10.6850328445 -15.0237483978
    endloop
  endfacet
  facet normal 0.607436358929 -0.794368326664 2.19304965299e-07
    outer loop
      vertex 10.0984544754 -0.975006818771 -15.0237827301
      vertex 10.0985040665 10.6850328445 -15.0237483978
      vertex 10.7406949997 10.6380624771 -14.5326786041
    endloop
  endfacet
  facet normal 0.649445056915 -0.760399222374 0.00375995109789
    outer loop
      vertex 10.0984544754 -0.975006818771 -15.0237827301
      vertex 10.7406949997 10.6380624771 -14.5326786041
      vertex 12.0672588348 -0.975006818771 -13.3422584534
    endloop
  endfacet
  facet normal 0.6693790555 -0.742920994759 -0.000308758928441
    outer loop
      vertex 12.0672588348 -0.975006818771 -13.3422584534
      vertex 10.7406949997 10.6380624771 -14.5326786041
      vertex 12.1137390137 10.5269966125 -13.2955989838
    endloop
  endfacet
  facet normal 0.00280800298788 0.0863289833069 -0.996262729168
    outer loop
      vertex 10.7406949997 10.6380624771 -14.5326786041
      vertex 9.21108341217 10.414516449 -11.9031324387
      vertex 12.1137390137 10.5269966125 -13.2955989838
    endloop
  endfacet
  facet normal 3.60472076061e-18 0.0805152133107 -0.996753394604
    outer loop
      vertex 12.1137390137 10.5269966125 -13.2955989838
      vertex 9.21108341217 10.414516449 -11.9031324387
      vertex 13.3473997116 10.414516449 -11.9031324387
    endloop
  endfacet
  facet normal 0 0.0735782757401 -0.997289419174
    outer loop
      vertex 13.3473997116 10.414516449 -11.9031324387
      vertex 9.21108341217 10.414516449 -11.9031324387
      vertex 9.89943027496 10.367600441 -11.2672319412
    endloop
  endfacet
  facet normal -0.00347246206366 0.082701601088 -0.996568322182
    outer loop
      vertex 10.7406949997 10.6380624771 -14.5326786041
      vertex 8.2634267807 10.4730653763 -12.6484508514
      vertex 9.21108341217 10.414516449 -11.9031324387
    endloop
  endfacet
  facet normal -0.618339538574 0.785901606083 0.00386233907193
    outer loop
      vertex 8.33509731293 9.52499961853 -12.5967206955
      vertex 9.21108341217 10.414516449 -11.9031324387
      vertex 8.2634267807 10.4730653763 -12.6484508514
    endloop
  endfacet
  facet normal -0.522490441799 0.85261619091 -0.00702382996678
    outer loop
      vertex 8.33509731293 9.52499961853 -12.5967206955
      vertex 8.2634267807 10.4730653763 -12.6484508514
      vertex 6.52886915207 9.52499961853 -13.7035923004
    endloop
  endfacet
  facet normal 0 0 -1
    outer loop
      vertex 6.52886915207 9.52499961853 -13.7035923004
      vertex 1.17803561687 9.52499961853 -9.60321617126
      vertex 8.33509731293 9.52499961853 -12.5967206955
    endloop
  endfacet
  facet normal 0 0 -1
    outer loop
      vertex 8.33509731293 9.52499961853 -12.5967206955
      vertex 1.17803561687 9.52499961853 -9.60321617126
      vertex 1.27301394939 9.52499961853 -9.4626865387
    endloop
  endfacet
  facet normal -0.828519225121 0.559960603714 0
    outer loop
      vertex 1.17803561687 1.52499890327 -9.60321617126
      vertex 1.27301394939 9.52499961853 -9.4626865387
      vertex 1.17803561687 9.52499961853 -9.60321617126
    endloop
  endfacet
  facet normal 0 0 -1
    outer loop
      vertex 6.52886915207 9.52499961853 -13.7035923004
      vertex 1.06067323685 9.52499961853 -9.72567558289
      vertex 1.17803561687 9.52499961853 -9.60321617126
    endloop
  endfacet
  facet normal -0.721970498562 0.691923856735 0
    outer loop
      vertex 1.06067323685 1.52499890327 -9.72567558289
      vertex 1.17803561687 9.52499961853 -9.60321617126
      vertex 1.06067323685 9.52499961853 -9.72567558289
    endloop
  endfacet
  facet normal 0 0 -1
    outer loop
      vertex 4.5717291832 9.52499961853 -14.51425457
      vertex 1.06067323685 9.52499961853 -9.72567558289
      vertex 6.52886915207 9.52499961853 -13.7035923004
    endloop
  endfacet
  facet normal -0.382510960102 0.923477113247 -0.0295860152692
    outer loop
      vertex 6.52886915207 9.52499961853 -13.7035923004
      vertex 5.10139513016 10.6191453934 -14.3299160004
      vertex 4.5717291832 9.52499961853 -14.51425457
    endloop
  endfacet
  facet normal -0.328697770834 0.944435179234 -4.60268256575e-06
    outer loop
      vertex 4.5717291832 9.52499961853 -14.51425457
      vertex 5.10139513016 10.6191453934 -14.3299160004
      vertex 4.57175922394 10.6363306046 -14.514248848
    endloop
  endfacet
  facet normal -0.286215722561 0.958165228367 -3.39968437402e-06
    outer loop
      vertex 4.5717291832 9.52499961853 -14.51425457
      vertex 4.57175922394 10.6363306046 -14.514248848
      vertex 3.95370173454 10.6537752151 -14.6988706589
    endloop
  endfacet
  facet normal -0.233335703611 0.971895515919 -0.0312019214034
    outer loop
      vertex 4.5717291832 9.52499961853 -14.51425457
      vertex 3.95370173454 10.6537752151 -14.6988706589
      vertex 2.51186585426 9.52499961853 -15.0087928772
    endloop
  endfacet
  facet normal -0 0 -1
    outer loop
      vertex 4.5717291832 9.52499961853 -14.51425457
      vertex 2.51186585426 9.52499961853 -15.0087928772
      vertex 0.772856533527 9.52499961853 -9.90289115906
    endloop
  endfacet
  facet normal 0 0 -1
    outer loop
      vertex 0.772856533527 9.52499961853 -9.90289115906
      vertex 0.92430627346 9.52499961853 -9.82652854919
      vertex 4.5717291832 9.52499961853 -14.51425457
    endloop
  endfacet
  facet normal -0.4502158463 0.892919778824 -1.40044917885e-07
    outer loop
      vertex 0.772854030132 1.52499890327 -9.90289115906
      vertex 0.92430627346 9.52499961853 -9.82652854919
      vertex 0.772856533527 9.52499961853 -9.90289115906
    endloop
  endfacet
  facet normal 0 0 -1
    outer loop
      vertex 2.51186585426 9.52499961853 -15.0087928772
      vertex 0.610678911209 9.52499961853 -9.95255088806
      vertex 0.772856533527 9.52499961853 -9.90289115906
    endloop
  endfacet
  facet normal -0.292790651321 0.956176578999 0
    outer loop
      vertex 0.610678911209 1.52499890327 -9.95255088806
      vertex 0.772856533527 9.52499961853 -9.90289115906
      vertex 0.610678911209 9.52499961853 -9.95255088806
    endloop
  endfacet
  facet normal 0 0 -1
    outer loop
      vertex 2.51186585426 9.52499961853 -15.0087928772
      vertex 0.442439287901 9.52499961853 -9.97410106659
      vertex 0.610678911209 9.52499961853 -9.95255088806
    endloop
  endfacet
  facet normal -0.12705513835 0.991895675659 0
    outer loop
      vertex 0.442439287901 1.52499890327 -9.97410106659
      vertex 0.610678911209 9.52499961853 -9.95255088806
      vertex 0.442439287901 9.52499961853 -9.97410106659
    endloop
  endfacet
  facet normal 0 0 -1
    outer loop
      vertex 0.4000005126 9.52499961853 -15.1749992371
      vertex 0.442439287901 9.52499961853 -9.97410106659
      vertex 2.51186585426 9.52499961853 -15.0087928772
    endloop
  endfacet
  facet normal -0.0784108564258 0.996309816837 -0.03490665555
    outer loop
      vertex 1.60256767273 10.6945610046 -15.1213321686
      vertex 0.4000005126 9.52499961853 -15.1749992371
      vertex 2.51186585426 9.52499961853 -15.0087928772
    endloop
  endfacet
  facet normal -0.122826904058 0.992428123951 -1.05527055894e-06
    outer loop
      vertex 1.60256767273 10.6945610046 -15.1213321686
      vertex 2.51186585426 9.52499961853 -15.0087928772
      vertex 2.51187586784 10.6835794449 -15.0087928772
    endloop
  endfacet
  facet normal -0.166642516851 0.986017405987 -1.43171359923e-06
    outer loop
      vertex 2.51186585426 9.52499961853 -15.0087928772
      vertex 2.78707337379 10.6790657043 -14.9622821808
      vertex 2.51187586784 10.6835794449 -15.0087928772
    endloop
  endfacet
  facet normal -0.00165254366584 0.106285385787 -0.994334280491
    outer loop
      vertex 2.98122310638 11.0010843277 -17.9718513489
      vertex 2.51187586784 10.6835794449 -15.0087928772
      vertex 2.78707337379 10.6790657043 -14.9622821808
    endloop
  endfacet
  facet normal 0.00177395821083 0.106503911316 -0.994310677052
    outer loop
      vertex 2.98122310638 11.0010843277 -17.9718513489
      vertex 2.78707337379 10.6790657043 -14.9622821808
      vertex 4.1081700325 10.9756221771 -17.7529087067
    endloop
  endfacet
  facet normal -0.00208083214238 0.104699335992 -0.994501769543
    outer loop
      vertex 4.1081700325 10.9756221771 -17.7529087067
      vertex 2.78707337379 10.6790657043 -14.9622821808
      vertex 3.95370173454 10.6537752151 -14.6988706589
    endloop
  endfacet
  facet normal 0.00242489203811 0.10492464155 -0.994477212429
    outer loop
      vertex 4.1081700325 10.9756221771 -17.7529087067
      vertex 3.95370173454 10.6537752151 -14.6988706589
      vertex 5.49883508682 10.9315576553 -17.3674125671
    endloop
  endfacet
  facet normal 0.267130285501 -0.963660418987 7.56658380396e-08
    outer loop
      vertex 5.49883508682 10.9315576553 -17.3674125671
      vertex 5.49877786636 -0.975006818771 -17.3674259186
      vertex 4.1081700325 10.9756221771 -17.7529087067
    endloop
  endfacet
  facet normal 0.321072489023 -0.947054624557 3.55792138862e-07
    outer loop
      vertex 5.89558792114 10.9164180756 -17.2329044342
      vertex 5.49877786636 -0.975006818771 -17.3674259186
      vertex 5.49883508682 10.9315576553 -17.3674125671
    endloop
  endfacet
  facet normal 0.00275925011374 0.103810854256 -0.994593203068
    outer loop
      vertex 5.49883508682 10.9315576553 -17.3674125671
      vertex 4.57175922394 10.6363306046 -14.514248848
      vertex 5.89558792114 10.9164180756 -17.2329044342
    endloop
  endfacet
  facet normal 0 0 -1
    outer loop
      vertex 0.4000005126 9.52499961853 -15.1749992371
      vertex 0.272980332375 9.52499961853 -9.96689987183
      vertex 0.442439287901 9.52499961853 -9.97410106659
    endloop
  endfacet
  facet normal 0.0424598753452 0.999098181725 0
    outer loop
      vertex 0.272980332375 1.52499890327 -9.96689987183
      vertex 0.442439287901 9.52499961853 -9.97410106659
      vertex 0.272980332375 9.52499961853 -9.96689987183
    endloop
  endfacet
  facet normal 0 0 -1
    outer loop
      vertex 0.10717446357 9.52499961853 -9.93116950989
      vertex 0.272980332375 9.52499961853 -9.96689987183
      vertex 0.4000005126 9.52499961853 -15.1749992371
    endloop
  endfacet
  facet normal 0 0 -1
    outer loop
      vertex 0.4000005126 9.52499961853 -15.1749992371
      vertex -1.71186482906 9.52499961853 -15.0087928772
      vertex 0.10717446357 9.52499961853 -9.93116950989
    endloop
  endfacet
  facet normal 0 0 -1
    outer loop
      vertex -1.71186482906 9.52499961853 -15.0087928772
      vertex -0.0502028688788 9.52499961853 -9.86793231964
      vertex 0.10717446357 9.52499961853 -9.93116950989
    endloop
  endfacet
  facet normal 0.372847318649 0.927892684937 1.15978529891e-07
    outer loop
      vertex -0.0502053573728 1.52499890327 -9.86793231964
      vertex 0.10717446357 9.52499961853 -9.93116950989
      vertex -0.0502028688788 9.52499961853 -9.86793231964
    endloop
  endfacet
  facet normal 0 0 -1
    outer loop
      vertex -1.71186482906 9.52499961853 -15.0087928772
      vertex -0.194632560015 9.52499961853 -9.77899360657
      vertex -0.0502028688788 9.52499961853 -9.86793231964
    endloop
  endfacet
  facet normal 0.52434951067 0.851503133774 1.63105070783e-07
    outer loop
      vertex -0.19463506341 1.52499890327 -9.77899360657
      vertex -0.0502028688788 9.52499961853 -9.86793231964
      vertex -0.194632560015 9.52499961853 -9.77899360657
    endloop
  endfacet
  facet normal 0 0 -1
    outer loop
      vertex -3.77173066139 9.52499961853 -14.51425457
      vertex -0.194632560015 9.52499961853 -9.77899360657
      vertex -1.71186482906 9.52499961853 -15.0087928772
    endloop
  endfacet
  facet normal 0.233415648341 0.972229659557 -0.016929352656
    outer loop
      vertex -1.71186482906 9.52499961853 -15.0087928772
      vertex -1.99589407444 10.6789083481 -14.9606952667
      vertex -3.77173066139 9.52499961853 -14.51425457
    endloop
  endfacet
  facet normal 0.220305576921 0.974688231945 -0.0380565971136
    outer loop
      vertex -3.77173066139 9.52499961853 -14.51425457
      vertex -1.99589407444 10.6789083481 -14.9606952667
      vertex -3.17195630074 10.6533021927 -14.6938734055
    endloop
  endfacet
  facet normal 0.166970416903 0.985961914062 -1.79316350568e-06
    outer loop
      vertex -1.71186482906 9.52499961853 -15.0087928772
      vertex -1.71187722683 10.6835794449 -15.0087928772
      vertex -1.99589407444 10.6789083481 -14.9606952667
    endloop
  endfacet
  facet normal 0.0016466594534 0.106286309659 -0.994334220886
    outer loop
      vertex -2.18122220039 11.0010843277 -17.9718513489
      vertex -1.99589407444 10.6789083481 -14.9606952667
      vertex -1.71187722683 10.6835794449 -15.0087928772
    endloop
  endfacet
  facet normal 0.122875593603 0.992422103882 -1.31961110128e-06
    outer loop
      vertex -1.71186482906 9.52499961853 -15.0087928772
      vertex -0.803980112076 10.6945514679 -15.1212024689
      vertex -1.71187722683 10.6835794449 -15.0087928772
    endloop
  endfacet
  facet normal 0 0 -1
    outer loop
      vertex -3.77173066139 9.52499961853 -14.51425457
      vertex -0.321956366301 9.52499961853 -9.66694164276
      vertex -0.194632560015 9.52499961853 -9.77899360657
    endloop
  endfacet
  facet normal 0.660651028156 0.750693142414 0
    outer loop
      vertex -0.321956366301 1.52499890327 -9.66694164276
      vertex -0.194632560015 9.52499961853 -9.77899360657
      vertex -0.321956366301 9.52499961853 -9.66694164276
    endloop
  endfacet
  facet normal 0 0 -1
    outer loop
      vertex -5.72887277603 9.52499961853 -13.7035923004
      vertex -0.321956366301 9.52499961853 -9.66694164276
      vertex -3.77173066139 9.52499961853 -14.51425457
    endloop
  endfacet
  facet normal 0.382506936789 0.923468232155 -0.0299135111272
    outer loop
      vertex -4.31025314331 10.6188392639 -14.3266267776
      vertex -5.72887277603 9.52499961853 -13.7035923004
      vertex -3.77173066139 9.52499961853 -14.51425457
    endloop
  endfacet
  facet normal 0.329020798206 0.944322705269 -3.87512272937e-06
    outer loop
      vertex -4.31025314331 10.6188392639 -14.3266267776
      vertex -3.77173066139 9.52499961853 -14.51425457
      vertex -3.77175807953 10.6363306046 -14.514248848
    endloop
  endfacet
  facet normal 0 0 -1
    outer loop
      vertex -5.72887277603 9.52499961853 -13.7035923004
      vertex -0.428511172533 9.52499961853 -9.53497695923
      vertex -0.321956366301 9.52499961853 -9.66694164276
    endloop
  endfacet
  facet normal 0.778033852577 0.628222346306 0
    outer loop
      vertex -0.428511172533 1.52499890327 -9.53497695923
      vertex -0.321956366301 9.52499961853 -9.66694164276
      vertex -0.428511172533 9.52499961853 -9.53497695923
    endloop
  endfacet
  facet normal 0 -0 -1
    outer loop
      vertex -0.511228740215 9.52499961853 -9.38690662384
      vertex -0.428511172533 9.52499961853 -9.53497695923
      vertex -5.72887277603 9.52499961853 -13.7035923004
    endloop
  endfacet
  facet normal 0 0 -1
    outer loop
      vertex -7.53510379791 9.52499961853 -12.5967206955
      vertex -0.511228740215 9.52499961853 -9.38690662384
      vertex -5.72887277603 9.52499961853 -13.7035923004
    endloop
  endfacet
  facet normal 0.52209097147 0.851965546608 -0.0396950393915
    outer loop
      vertex -5.72887277603 9.52499961853 -13.7035923004
      vertex -6.46491193771 10.5273122787 -13.2992420197
      vertex -7.53510379791 9.52499961853 -12.5967206955
    endloop
  endfacet
  facet normal 0.481486797333 0.876453340054 1.06462573513e-06
    outer loop
      vertex -5.72887277603 9.52499961853 -13.7035923004
      vertex -5.72889757156 10.5624742508 -13.7035770416
      vertex -6.46491193771 10.5273122787 -13.2992420197
    endloop
  endfacet
  facet normal 0.442130118608 0.896950900555 2.30363070841e-06
    outer loop
      vertex -5.40791893005 10.5765399933 -13.8617954254
      vertex -5.72889757156 10.5624742508 -13.7035770416
      vertex -5.72887277603 9.52499961853 -13.7035923004
    endloop
  endfacet
  facet normal 0 0 -1
    outer loop
      vertex -7.53510379791 9.52499961853 -12.5967206955
      vertex -0.567734956741 9.52499961853 -9.22697639465
      vertex -0.511228740215 9.52499961853 -9.38690662384
    endloop
  endfacet
  facet normal 0.942878961563 0.333135515451 0
    outer loop
      vertex -0.567734956741 1.52499890327 -9.22697639465
      vertex -0.511228740215 9.52499961853 -9.38690662384
      vertex -0.567734956741 9.52499961853 -9.22697639465
    endloop
  endfacet
  facet normal 0 0 -1
    outer loop
      vertex -9.14594078064 9.52499961853 -11.2209367752
      vertex -0.567734956741 9.52499961853 -9.22697639465
      vertex -7.53510379791 9.52499961853 -12.5967206955
    endloop
  endfacet
  facet normal 0.648742198944 0.759580075741 -0.0466011017561
    outer loop
      vertex -7.53510379791 9.52499961853 -12.5967206955
      vertex -8.41108798981 10.4145183563 -11.9031324387
      vertex -9.14594078064 9.52499961853 -11.2209367752
    endloop
  endfacet
  facet normal 0.678308665752 0.734770298004 -0.0031483436469
    outer loop
      vertex -9.14594078064 9.52499961853 -11.2209367752
      vertex -8.41108798981 10.4145183563 -11.9031324387
      vertex -9.09563827515 10.3678722382 -11.2709846497
    endloop
  endfacet
  facet normal 0.727669417858 0.685922682285 0.00269799795933
    outer loop
      vertex -9.14594078064 9.52499961853 -11.2209367752
      vertex -9.09563827515 10.3678722382 -11.2709846497
      vertex -9.7370967865 10.3207674026 -10.5906705856
    endloop
  endfacet
  facet normal 0.759436011314 0.648623526096 -0.0504423454404
    outer loop
      vertex -9.14594078064 9.52499961853 -11.2209367752
      vertex -9.7370967865 10.3207674026 -10.5906705856
      vertex -10.5217294693 9.52499961853 -9.61010456085
    endloop
  endfacet
  facet normal 0 0 -1
    outer loop
      vertex -10.5217294693 9.52499961853 -9.61010456085
      vertex -0.596397399902 9.52499961853 -9.05980873108
      vertex -9.14594078064 9.52499961853 -11.2209367752
    endloop
  endfacet
  facet normal 0 0 -1
    outer loop
      vertex -10.5217294693 9.52499961853 -9.61010456085
      vertex -0.596397399902 9.52499961853 -8.89019298553
      vertex -0.596397399902 9.52499961853 -9.05980873108
    endloop
  endfacet
  facet normal 1 0 3.11061739922e-07
    outer loop
      vertex -0.596399903297 1.52499890327 -8.89019298553
      vertex -0.596397399902 9.52499961853 -9.05980873108
      vertex -0.596397399902 9.52499961853 -8.89019298553
    endloop
  endfacet
  facet normal 0.772691011429 0.634469330311 -0.019931724295
    outer loop
      vertex -10.5217294693 9.52499961853 -9.61010456085
      vertex -9.7370967865 10.3207674026 -10.5906705856
      vertex -10.3341016769 10.2739086151 -9.8621339798
    endloop
  endfacet
  facet normal 0.00239732302725 0.0661419332027 -0.997807323933
    outer loop
      vertex -12.5474033356 10.4145183563 -11.9031324387
      vertex -10.3341016769 10.2739086151 -9.8621339798
      vertex -9.7370967865 10.3207674026 -10.5906705856
    endloop
  endfacet
  facet normal 0.0007090739673 0.0697395801544 -0.997564971447
    outer loop
      vertex -9.09563827515 10.3678722382 -11.2709846497
      vertex -12.5474033356 10.4145183563 -11.9031324387
      vertex -9.7370967865 10.3207674026 -10.5906705856
    endloop
  endfacet
  facet normal 0 0.0735909938812 -0.997288525105
    outer loop
      vertex -8.41108798981 10.4145183563 -11.9031324387
      vertex -12.5474033356 10.4145183563 -11.9031324387
      vertex -9.09563827515 10.3678722382 -11.2709846497
    endloop
  endfacet
  facet normal 0.618662059307 0.785650074482 0.00334902852774
    outer loop
      vertex -7.53510379791 9.52499961853 -12.5967206955
      vertex -7.47304058075 10.4725055695 -12.6415529251
      vertex -8.41108798981 10.4145183563 -11.9031324387
    endloop
  endfacet
  facet normal 0 0 -1
    outer loop
      vertex -9.14594078064 9.52499961853 -11.2209367752
      vertex -0.596397399902 9.52499961853 -9.05980873108
      vertex -0.567734956741 9.52499961853 -9.22697639465
    endloop
  endfacet
  facet normal 0.985617101192 0.16899394989 3.06587764953e-07
    outer loop
      vertex -0.596399903297 1.52499890327 -9.05980873108
      vertex -0.567734956741 9.52499961853 -9.22697639465
      vertex -0.596397399902 9.52499961853 -9.05980873108
    endloop
  endfacet
  facet normal 0.873012959957 0.487697064877 0
    outer loop
      vertex -0.511228740215 1.52499890327 -9.38690662384
      vertex -0.428511172533 9.52499961853 -9.53497695923
      vertex -0.511228740215 9.52499961853 -9.38690662384
    endloop
  endfacet
  facet normal 0.078458674252 0.996917366982 0
    outer loop
      vertex 0.4000005126 9.52499961853 -15.1749992371
      vertex 0.4000005126 10.6998291016 -15.1749992371
      vertex -1.71186482906 9.52499961853 -15.0087928772
    endloop
  endfacet
  facet normal 0.210656166077 0.977560222149 0
    outer loop
      vertex 0.10717446357 1.52499890327 -9.93116950989
      vertex 0.272980332375 9.52499961853 -9.96689987183
      vertex 0.10717446357 9.52499961853 -9.93116950989
    endloop
  endfacet
  facet normal -0.219954743981 0.97542154789 -0.0131416963413
    outer loop
      vertex 2.51186585426 9.52499961853 -15.0087928772
      vertex 3.95370173454 10.6537752151 -14.6988706589
      vertex 2.78707337379 10.6790657043 -14.9622821808
    endloop
  endfacet
  facet normal -0.00243411166593 0.102141350508 -0.994766891003
    outer loop
      vertex 5.49883508682 10.9315576553 -17.3674125671
      vertex 3.95370173454 10.6537752151 -14.6988706589
      vertex 4.57175922394 10.6363306046 -14.514248848
    endloop
  endfacet
  facet normal -0.00289952219464 0.101084247231 -0.994873642921
    outer loop
      vertex 5.89558792114 10.9164180756 -17.2329044342
      vertex 4.57175922394 10.6363306046 -14.514248848
      vertex 5.10139513016 10.6191453934 -14.3299160004
    endloop
  endfacet
  facet normal 0.00274017150514 0.10261117667 -0.994717776775
    outer loop
      vertex 5.89558792114 10.9164180756 -17.2329044342
      vertex 5.10139513016 10.6191453934 -14.3299160004
      vertex 7.60221910477 10.8381900787 -16.5201301575
    endloop
  endfacet
  facet normal 0.385317623615 -0.922782242298 0.00179701054003
    outer loop
      vertex 7.60221910477 10.8381900787 -16.5201301575
      vertex 7.89083957672 -0.975006818771 -16.3766078949
      vertex 5.89558792114 10.9164180756 -17.2329044342
    endloop
  endfacet
  facet normal 0.445258110762 -0.895402252674 -1.04223332187e-07
    outer loop
      vertex 7.60221910477 10.8381900787 -16.5201301575
      vertex 7.8908867836 10.822845459 -16.3765830994
      vertex 7.89083957672 -0.975006818771 -16.3766078949
    endloop
  endfacet
  facet normal 0.00332075916231 0.0996817797422 -0.995013833046
    outer loop
      vertex 7.60221910477 10.8381900787 -16.5201301575
      vertex 6.2069478035 10.5765771866 -13.8622541428
      vertex 7.8908867836 10.822845459 -16.3765830994
    endloop
  endfacet
  facet normal -0.00334615260363 0.0952591225505 -0.99544686079
    outer loop
      vertex 7.8908867836 10.822845459 -16.3765830994
      vertex 6.2069478035 10.5765771866 -13.8622541428
      vertex 6.5288939476 10.5624742508 -13.7035770416
    endloop
  endfacet
  facet normal 0.00283523765393 0.0983793511987 -0.995144963264
    outer loop
      vertex 7.8908867836 10.822845459 -16.3765830994
      vertex 6.5288939476 10.5624742508 -13.7035770416
      vertex 9.22818374634 10.7437095642 -15.6146259308
    endloop
  endfacet
  facet normal -0.00242143287323 0.0910209789872 -0.995846033096
    outer loop
      vertex 9.22818374634 10.7437095642 -15.6146259308
      vertex 6.5288939476 10.5624742508 -13.7035770416
      vertex 7.26086473465 10.5275163651 -13.3016309738
    endloop
  endfacet
  facet normal -0.481332749128 0.876537978649 1.06953848444e-06
    outer loop
      vertex 6.52886915207 9.52499961853 -13.7035923004
      vertex 7.26086473465 10.5275163651 -13.3016309738
      vertex 6.5288939476 10.5624742508 -13.7035770416
    endloop
  endfacet
  facet normal -0.442086905241 0.896972239017 2.30497403209e-06
    outer loop
      vertex 6.5288939476 10.5624742508 -13.7035770416
      vertex 6.2069478035 10.5765771866 -13.8622541428
      vertex 6.52886915207 9.52499961853 -13.7035923004
    endloop
  endfacet
  facet normal -0.0025515735615 0.0966289192438 -0.995317220688
    outer loop
      vertex 7.60221910477 10.8381900787 -16.5201301575
      vertex 5.10139513016 10.6191453934 -14.3299160004
      vertex 6.2069478035 10.5765771866 -13.8622541428
    endloop
  endfacet
  facet normal -0.388861358166 0.921080708504 -0.0199291985482
    outer loop
      vertex 6.52886915207 9.52499961853 -13.7035923004
      vertex 6.2069478035 10.5765771866 -13.8622541428
      vertex 5.10139513016 10.6191453934 -14.3299160004
    endloop
  endfacet
  facet normal 0 0 -1
    outer loop
      vertex 4.5717291832 9.52499961853 -14.51425457
      vertex 0.92430627346 9.52499961853 -9.82652854919
      vertex 1.06067323685 9.52499961853 -9.72567558289
    endloop
  endfacet
  facet normal -0.59462249279 0.804005026817 0
    outer loop
      vertex 0.92430627346 1.52499890327 -9.82652854919
      vertex 1.06067323685 9.52499961853 -9.72567558289
      vertex 0.92430627346 9.52499961853 -9.82652854919
    endloop
  endfacet
  facet normal -0.542587518692 0.837836325169 -0.0602420717478
    outer loop
      vertex 6.52886915207 9.52499961853 -13.7035923004
      vertex 8.2634267807 10.4730653763 -12.6484508514
      vertex 7.26086473465 10.5275163651 -13.3016309738
    endloop
  endfacet
  facet normal -0.00253675342537 0.0869402736425 -0.996210277081
    outer loop
      vertex 10.0985040665 10.6850328445 -15.0237483978
      vertex 7.26086473465 10.5275163651 -13.3016309738
      vertex 8.2634267807 10.4730653763 -12.6484508514
    endloop
  endfacet
  facet normal 0.00306878169067 0.0912365019321 -0.99582451582
    outer loop
      vertex 10.0985040665 10.6850328445 -15.0237483978
      vertex 8.2634267807 10.4730653763 -12.6484508514
      vertex 10.7406949997 10.6380624771 -14.5326786041
    endloop
  endfacet
  facet normal 0.00249975174665 0.0951704084873 -0.995457828045
    outer loop
      vertex 9.22818374634 10.7437095642 -15.6146259308
      vertex 7.26086473465 10.5275163651 -13.3016309738
      vertex 10.0985040665 10.6850328445 -15.0237483978
    endloop
  endfacet
  facet normal 0.495054841042 -0.868861734867 1.5132469855e-07
    outer loop
      vertex 7.89083957672 -0.975006818771 -16.3766078949
      vertex 7.8908867836 10.822845459 -16.3765830994
      vertex 9.22818374634 10.7437095642 -15.6146259308
    endloop
  endfacet
  facet normal 0.382680535316 -0.923877835274 0.00231837201864
    outer loop
      vertex 5.89558792114 10.9164180756 -17.2329044342
      vertex 7.89083957672 -0.975006818771 -16.3766078949
      vertex 5.49877786636 -0.975006818771 -17.3674259186
    endloop
  endfacet
  facet normal 0.23344540596 -0.97236084938 0.00420038355514
    outer loop
      vertex 4.1081700325 10.9756221771 -17.7529087067
      vertex 5.49877786636 -0.975006818771 -17.3674259186
      vertex 2.98116850853 -0.975006818771 -17.9718570709
    endloop
  endfacet
  facet normal 0.190713629127 -0.981645703316 4.63868815359e-07
    outer loop
      vertex 4.1081700325 10.9756221771 -17.7529087067
      vertex 2.98116850853 -0.975006818771 -17.9718570709
      vertex 2.98122310638 11.0010843277 -17.9718513489
    endloop
  endfacet
  facet normal -0.00115545955487 0.10636331141 -0.994326651096
    outer loop
      vertex 1.60256767273 10.6945610046 -15.1213321686
      vertex 2.51187586784 10.6835794449 -15.0087928772
      vertex 2.98122310638 11.0010843277 -17.9718513489
    endloop
  endfacet
  facet normal -0.0445825383067 0.999005675316 0
    outer loop
      vertex 0.4000005126 10.6998291016 -15.1749992371
      vertex 0.4000005126 9.52499961853 -15.1749992371
      vertex 1.60256767273 10.6945610046 -15.1213321686
    endloop
  endfacet
  facet normal 0.0442841686308 0.997126579285 -0.0614614002407
    outer loop
      vertex -1.71186482906 9.52499961853 -15.0087928772
      vertex 0.4000005126 10.6998291016 -15.1749992371
      vertex -0.803980112076 10.6945514679 -15.1212024689
    endloop
  endfacet
  facet normal 0.00122825463768 0.106964834034 -0.994262039661
    outer loop
      vertex -1.46161186695 11.0125637054 -18.069644928
      vertex -1.71187722683 10.6835794449 -15.0087928772
      vertex -0.803980112076 10.6945514679 -15.1212024689
    endloop
  endfacet
  facet normal 0.0566350594163 -0.998394966125 1.17446656844e-08
    outer loop
      vertex 2.26608228683 11.0125017166 -18.0691413879
      vertex 0.399998039007 -0.975001871586 -18.1749973297
      vertex 0.4000005126 11.0249986649 -18.1749973297
    endloop
  endfacet
  facet normal -0.0013532647863 0.106756150723 -0.994284331799
    outer loop
      vertex -2.18122220039 11.0010843277 -17.9718513489
      vertex -1.71187722683 10.6835794449 -15.0087928772
      vertex -1.46161186695 11.0125637054 -18.069644928
    endloop
  endfacet
  facet normal 0.00245284824632 0.106237076223 -0.994337797165
    outer loop
      vertex -3.17195630074 10.6533021927 -14.6938734055
      vertex -1.99589407444 10.6789083481 -14.9606952667
      vertex -2.18122220039 11.0010843277 -17.9718513489
    endloop
  endfacet
  facet normal 0.286884695292 0.957965135574 -2.77616391031e-06
    outer loop
      vertex -3.77173066139 9.52499961853 -14.51425457
      vertex -3.17195630074 10.6533021927 -14.6938734055
      vertex -3.77175807953 10.6363306046 -14.514248848
    endloop
  endfacet
  facet normal 0.00319041707553 0.101898819208 -0.994789659977
    outer loop
      vertex -4.69883537292 10.9315605164 -17.3674125671
      vertex -4.31025314331 10.6188392639 -14.3266267776
      vertex -3.77175807953 10.6363306046 -14.514248848
    endloop
  endfacet
  facet normal 0.38922688365 0.920930087566 -0.0197525843978
    outer loop
      vertex -5.40791893005 10.5765399933 -13.8617954254
      vertex -5.72887277603 9.52499961853 -13.7035923004
      vertex -4.31025314331 10.6188392639 -14.3266267776
    endloop
  endfacet
  facet normal 0.00372203812003 0.0960352942348 -0.995370984077
    outer loop
      vertex -6.79749393463 10.8384389877 -16.5224285126
      vertex -5.72889757156 10.5624742508 -13.7035770416
      vertex -5.40791893005 10.5765399933 -13.8617954254
    endloop
  endfacet
  facet normal -0.00374482036568 0.0988390147686 -0.995096385479
    outer loop
      vertex -7.09089231491 10.82284832 -16.3765830994
      vertex -5.72889757156 10.5624742508 -13.7035770416
      vertex -6.79749393463 10.8384389877 -16.5224285126
    endloop
  endfacet
  facet normal 0.00446297228336 0.0946957916021 -0.995496273041
    outer loop
      vertex -7.09089231491 10.82284832 -16.3765830994
      vertex -6.46491193771 10.5273122787 -13.2992420197
      vertex -5.72889757156 10.5624742508 -13.7035770416
    endloop
  endfacet
  facet normal 0.546241343021 0.837618947029 -0.00385361583903
    outer loop
      vertex -7.53510379791 9.52499961853 -12.5967206955
      vertex -6.46491193771 10.5273122787 -13.2992420197
      vertex -7.47304058075 10.4725055695 -12.6415529251
    endloop
  endfacet
  facet normal -0.522491157055 -0.852634310722 0.00420582201332
    outer loop
      vertex -8.41501045227 10.7445573807 -15.62296772
      vertex -7.09084272385 -0.975001871586 -16.3766040802
      vertex -9.29846000671 -0.975001871586 -15.0237827301
    endloop
  endfacet
  facet normal 0.00522819533944 0.0848853364587 -0.996376991272
    outer loop
      vertex -9.29850482941 10.6850328445 -15.0237483978
      vertex -8.41108798981 10.4145183563 -11.9031324387
      vertex -7.47304058075 10.4725055695 -12.6415529251
    endloop
  endfacet
  facet normal -0.649444699287 -0.760399699211 0.00372755620629
    outer loop
      vertex -9.93093109131 10.6388044357 -14.5405330658
      vertex -9.29846000671 -0.975001871586 -15.0237827301
      vertex -11.2672672272 -0.975001871586 -13.3422584534
    endloop
  endfacet
  facet normal 0 0 1
    outer loop
      vertex -3.46511816978 -0.975001871586 -5.40098142624
      vertex -11.2672672272 -0.975001871586 -13.3422584534
      vertex -9.29846000671 -0.975001871586 -15.0237827301
    endloop
  endfacet
  facet normal 0 0 1
    outer loop
      vertex -3.46511816978 -0.975001871586 -5.40098142624
      vertex -9.29846000671 -0.975001871586 -15.0237827301
      vertex -2.52632403374 -0.975001871586 -5.97901344299
    endloop
  endfacet
  facet normal 0.524303197861 0.851531684399 0
    outer loop
      vertex -2.52632403374 -0.975001871586 -5.97901344299
      vertex -2.52632403374 0.525000035763 -5.97901344299
      vertex -3.46511816978 -0.975001871586 -5.40098142624
    endloop
  endfacet
  facet normal 0.524303197861 0.851531684399 0
    outer loop
      vertex -3.46511816978 -0.975001871586 -5.40098142624
      vertex -2.52632403374 0.525000035763 -5.97901344299
      vertex -3.46511816978 0.525000035763 -5.40098142624
    endloop
  endfacet
  facet normal 0.660675466061 0.750671625137 0
    outer loop
      vertex -3.46511816978 -0.975001871586 -5.40098142624
      vertex -3.46511816978 0.525000035763 -5.40098142624
      vertex -4.29271650314 -0.975001871586 -4.67260169983
    endloop
  endfacet
  facet normal 0.660675466061 0.750671625137 0
    outer loop
      vertex -4.29271650314 -0.975001871586 -4.67260169983
      vertex -3.46511816978 0.525000035763 -5.40098142624
      vertex -4.29271650314 0.525000035763 -4.67260169983
    endloop
  endfacet
  facet normal 0.778035581112 0.628220200539 0
    outer loop
      vertex -4.29271650314 -0.975001871586 -4.67260169983
      vertex -4.29271650314 0.525000035763 -4.67260169983
      vertex -4.98531293869 -0.975001871586 -3.81483769417
    endloop
  endfacet
  facet normal 0 0 1
    outer loop
      vertex -14.301607132 -0.975001871586 -9.16584396362
      vertex -4.29271650314 -0.975001871586 -4.67260169983
      vertex -4.98531293869 -0.975001871586 -3.81483769417
    endloop
  endfacet
  facet normal 0 -0 1
    outer loop
      vertex -14.301607132 -0.975001871586 -9.16584396362
      vertex -4.98531293869 -0.975001871586 -3.81483769417
      vertex -15.2924356461 -0.975001871586 -6.77377653122
    endloop
  endfacet
  facet normal -0.923877060413 -0.382683157921 0.00218796520494
    outer loop
      vertex -15.1776218414 10.1308574677 -7.11445856094
      vertex -14.301607132 -0.975001871586 -9.16584396362
      vertex -15.2924356461 -0.975001871586 -6.77377653122
    endloop
  endfacet
  facet normal -0.947632074356 -0.319364160299 1.40809328641e-08
    outer loop
      vertex -15.1776218414 10.1308574677 -7.11445856094
      vertex -15.2924356461 -0.975001871586 -6.77377653122
      vertex -15.2924213409 10.1168699265 -6.77382135391
    endloop
  endfacet
  facet normal -0.00205198372714 0.0403386130929 -0.999183952808
    outer loop
      vertex -13.1000032425 10.0790300369 -5.72500038147
      vertex -15.1776218414 10.1308574677 -7.11445856094
      vertex -15.2924213409 10.1168699265 -6.77382135391
    endloop
  endfacet
  facet normal 0 0.0360551998019 -0.99934977293
    outer loop
      vertex -13.1000032425 10.0790300369 -5.72500038147
      vertex -15.2924213409 10.1168699265 -6.77382135391
      vertex -15.5952358246 10.0790300369 -5.72500038147
    endloop
  endfacet
  facet normal 0 1 0
    outer loop
      vertex -15.5952358246 10.0790300369 -5.72500038147
      vertex -15.5952358246 9.71166324615 -5.72500038147
      vertex -13.1000032425 10.0790300369 -5.72500038147
    endloop
  endfacet
  facet normal 0 1 -0
    outer loop
      vertex -13.1000032425 10.0790300369 -5.72500038147
      vertex -15.5952358246 9.71166324615 -5.72500038147
      vertex -12.4781827927 9.71166324615 -5.72500038147
    endloop
  endfacet
  facet normal 0 1 0
    outer loop
      vertex -13.1000032425 10.0790300369 -5.72500038147
      vertex -12.4781827927 9.71166324615 -5.72500038147
      vertex -12.4781827927 10.0790300369 -5.72500038147
    endloop
  endfacet
  facet normal 0 0.032710056752 -0.999464869499
    outer loop
      vertex -13.1000032425 10.0790300369 -5.72500038147
      vertex -12.4781827927 10.0790300369 -5.72500038147
      vertex -12.4392633438 10.0830144882 -5.84673500061
    endloop
  endfacet
  facet normal 0.00349024869502 0.0516277700663 -0.998660326004
    outer loop
      vertex -13.1000032425 10.0790300369 -5.72500038147
      vertex -12.4392633438 10.0830144882 -5.84673500061
      vertex -13.1000032425 10.3600978851 -11.1618299484
    endloop
  endfacet
  facet normal -0.0228849034756 0.0516145639122 -0.998404860497
    outer loop
      vertex -13.1000032425 10.3600978851 -11.1618299484
      vertex -13.9391336441 10.2724409103 -9.83828926086
      vertex -13.1000032425 10.0790300369 -5.72500038147
    endloop
  endfacet
  facet normal -0.0164177007973 0.0503043532372 -0.998598992825
    outer loop
      vertex -13.1000032425 10.0790300369 -5.72500038147
      vertex -13.9391336441 10.2724409103 -9.83828926086
      vertex -14.3015823364 10.2326097488 -9.16589355469
    endloop
  endfacet
  facet normal -0.0117012700066 0.0486639402807 -0.998746693134
    outer loop
      vertex -13.1000032425 10.0790300369 -5.72500038147
      vertex -14.3015823364 10.2326097488 -9.16589355469
      vertex -14.6446266174 10.1937398911 -8.45063018799
    endloop
  endfacet
  facet normal -0.901661813259 -0.432441830635 -8.16608789478e-08
    outer loop
      vertex -14.3015823364 10.2326097488 -9.16589355469
      vertex -14.301607132 -0.975001871586 -9.16584396362
      vertex -14.6446266174 10.1937398911 -8.45063018799
    endloop
  endfacet
  facet normal -0.852640986443 -0.522497177124 4.2709385184e-07
    outer loop
      vertex -14.3015823364 10.2326097488 -9.16589355469
      vertex -12.9487819672 -0.975001871586 -11.3734607697
      vertex -14.301607132 -0.975001871586 -9.16584396362
    endloop
  endfacet
  facet normal -0.879874944687 -0.475037306547 0.0126358531415
    outer loop
      vertex -13.9391336441 10.2724409103 -9.83828926086
      vertex -12.9487819672 -0.975001871586 -11.3734607697
      vertex -14.3015823364 10.2326097488 -9.16589355469
    endloop
  endfacet
  facet normal -0.844524204731 -0.535515904427 0.00126841466408
    outer loop
      vertex -13.9391336441 10.2724409103 -9.83828926086
      vertex -13.1000032425 10.3600978851 -11.1618299484
      vertex -12.9487819672 -0.975001871586 -11.3734607697
    endloop
  endfacet
  facet normal -0.813623547554 -0.581391990185 -3.56767088761e-07
    outer loop
      vertex -12.9487819672 -0.975001871586 -11.3734607697
      vertex -13.1000032425 10.3600978851 -11.1618299484
      vertex -12.9487771988 10.3752450943 -11.3734607697
    endloop
  endfacet
  facet normal 0.0334589704871 0.0478830635548 -0.998292386532
    outer loop
      vertex -12.4392633438 10.0830144882 -5.84673500061
      vertex -12.1640701294 10.1105937958 -6.61403226852
      vertex -13.1000032425 10.3600978851 -11.1618299484
    endloop
  endfacet
  facet normal 0.0204231757671 0.050577826798 -0.998511254787
    outer loop
      vertex -13.1000032425 10.3600978851 -11.1618299484
      vertex -12.1640701294 10.1105937958 -6.61403226852
      vertex -11.7914438248 10.146490097 -7.47317028046
    endloop
  endfacet
  facet normal 0.0139934718609 0.0528583563864 -0.998503983021
    outer loop
      vertex -13.1000032425 10.3600978851 -11.1618299484
      vertex -11.7914438248 10.146490097 -7.47317028046
      vertex -11.6285820007 10.1617155075 -7.80388116837
    endloop
  endfacet
  facet normal 0.0103505114093 0.0544522292912 -0.998462736607
    outer loop
      vertex -11.6285820007 10.1617155075 -7.80388116837
      vertex -11.3621587753 10.1860551834 -8.30083274841
      vertex -13.1000032425 10.3600978851 -11.1618299484
    endloop
  endfacet
  facet normal 0.00595483835787 0.0571154095232 -0.998349845409
    outer loop
      vertex -13.1000032425 10.3600978851 -11.1618299484
      vertex -11.3621587753 10.1860551834 -8.30083274841
      vertex -10.8765439987 10.228720665 -9.09723091125
    endloop
  endfacet
  facet normal 0.881333291531 0.472495138645 2.69816132459e-06
    outer loop
      vertex -11.3621587753 10.1860551834 -8.30083274841
      vertex -11.6285820007 10.1617155075 -7.80388116837
      vertex -11.6285915375 9.52499961853 -7.80386590958
    endloop
  endfacet
  facet normal 0.897116482258 0.441794067621 3.66484391634e-06
    outer loop
      vertex -11.6285915375 9.52499961853 -7.80386590958
      vertex -11.6285820007 10.1617155075 -7.80388116837
      vertex -11.7914438248 10.146490097 -7.47317028046
    endloop
  endfacet
  facet normal 0.92319715023 0.38240006566 -0.0384339429438
    outer loop
      vertex -11.6285915375 9.52499961853 -7.80386590958
      vertex -11.7914438248 10.146490097 -7.47317028046
      vertex -12.4392633438 9.52499961853 -5.84672784805
    endloop
  endfacet
  facet normal 0.911832213402 0.399446666241 -0.0948912575841
    outer loop
      vertex -12.4392633438 9.52499961853 -5.84672784805
      vertex -11.7914438248 10.146490097 -7.47317028046
      vertex -12.1640701294 10.1105937958 -6.61403226852
    endloop
  endfacet
  facet normal 0.941291093826 0.337595969439 -4.51657570011e-06
    outer loop
      vertex -12.4392633438 9.52499961853 -5.84672784805
      vertex -12.1640701294 10.1105937958 -6.61403226852
      vertex -12.4392633438 10.0830144882 -5.84673500061
    endloop
  endfacet
  facet normal 0.952503681183 0.304527163506 -4.07415973314e-06
    outer loop
      vertex -12.4781827927 10.0790300369 -5.72500038147
      vertex -12.4392633438 9.52499961853 -5.84672784805
      vertex -12.4392633438 10.0830144882 -5.84673500061
    endloop
  endfacet
  facet normal 0.95249825716 0.304543972015 0
    outer loop
      vertex -12.4781827927 9.71166324615 -5.72500038147
      vertex -12.4392633438 9.52499961853 -5.84672784805
      vertex -12.4781827927 10.0790300369 -5.72500038147
    endloop
  endfacet
  facet normal 0.971131801605 0.233149111271 -0.0504429936409
    outer loop
      vertex -12.4781827927 9.71166324615 -5.72500038147
      vertex -12.9337940216 9.52499961853 -3.78686690331
      vertex -12.4392633438 9.52499961853 -5.84672784805
    endloop
  endfacet
  facet normal 0 0 -1
    outer loop
      vertex -12.9337940216 9.52499961853 -3.78686690331
      vertex -6.10000181198 9.52499961853 -6.67499828339
      vertex -12.4392633438 9.52499961853 -5.84672784805
    endloop
  endfacet
  facet normal 0 0 -1
    outer loop
      vertex -13.1000003815 9.52499961853 -1.67499661446
      vertex -6.10000181198 9.52499961853 -6.67499828339
      vertex -12.9337940216 9.52499961853 -3.78686690331
    endloop
  endfacet
  facet normal 0.973464250565 0.228839173913 -0
    outer loop
      vertex -12.9337940216 9.71166324615 -3.78686690331
      vertex -12.9337940216 9.52499961853 -3.78686690331
      vertex -12.4781827927 9.71166324615 -5.72500038147
    endloop
  endfacet
  facet normal 0 0 -1
    outer loop
      vertex -12.4781827927 9.71166324615 -5.72500038147
      vertex -15.5952358246 9.71166324615 -5.72500038147
      vertex -12.9337940216 9.71166324615 -3.78686690331
    endloop
  endfacet
  facet normal -0.960757553577 -0.277389377356 0
    outer loop
      vertex -15.5952358246 10.0790300369 -5.72500038147
      vertex -15.2924213409 10.1168699265 -6.77382135391
      vertex -15.5952358246 9.71166324615 -5.72500038147
    endloop
  endfacet
  facet normal -0.00514755723998 0.0449595637619 -0.99897557497
    outer loop
      vertex -14.6446266174 10.1937398911 -8.45063018799
      vertex -15.1776218414 10.1308574677 -7.11445856094
      vertex -13.1000032425 10.0790300369 -5.72500038147
    endloop
  endfacet
  facet normal -0.960757613182 -0.277389317751 -1.73096779577e-07
    outer loop
      vertex -15.5952358246 9.71166324615 -5.72500038147
      vertex -15.2924213409 10.1168699265 -6.77382135391
      vertex -15.2924356461 -0.975001871586 -6.77377653122
    endloop
  endfacet
  facet normal -0.979528725147 -0.201144814491 0.00801423285156
    outer loop
      vertex -15.5952358246 9.71166324615 -5.72500038147
      vertex -15.2924356461 -0.975001871586 -6.77377653122
      vertex -15.896859169 9.71166610718 -4.25616693497
    endloop
  endfacet
  facet normal -0.92874121666 -0.37069773674 0.00478550000116
    outer loop
      vertex -14.6446266174 10.1937398911 -8.45063018799
      vertex -14.301607132 -0.975001871586 -9.16584396362
      vertex -15.1776218414 10.1308574677 -7.11445856094
    endloop
  endfacet
  facet normal 0 0 1
    outer loop
      vertex -15.2924356461 -0.975001871586 -6.77377653122
      vertex -4.98531293869 -0.975001871586 -3.81483769417
      vertex -5.5229845047 -0.975001871586 -2.85235786438
    endloop
  endfacet
  facet normal 0 -0 1
    outer loop
      vertex -15.2924356461 -0.975001871586 -6.77377653122
      vertex -5.5229845047 -0.975001871586 -2.85235786438
      vertex -15.896859169 -0.975001871586 -4.25616693497
    endloop
  endfacet
  facet normal 0.873014867306 0.487693578005 0
    outer loop
      vertex -4.98531293869 -0.975001871586 -3.81483769417
      vertex -4.98531293869 0.525000035763 -3.81483769417
      vertex -5.5229845047 -0.975001871586 -2.85235786438
    endloop
  endfacet
  facet normal 0.873014867306 0.487693578005 0
    outer loop
      vertex -5.5229845047 -0.975001871586 -2.85235786438
      vertex -4.98531293869 0.525000035763 -3.81483769417
      vertex -5.5229845047 0.525000035763 -2.85235786438
    endloop
  endfacet
  facet normal 0.942876875401 0.333141356707 0
    outer loop
      vertex -5.5229845047 -0.975001871586 -2.85235786438
      vertex -5.5229845047 0.525000035763 -2.85235786438
      vertex -5.89026403427 -0.975001871586 -1.81286168098
    endloop
  endfacet
  facet normal 0.942876875401 0.333141356707 0
    outer loop
      vertex -5.89026403427 -0.975001871586 -1.81286168098
      vertex -5.5229845047 0.525000035763 -2.85235786438
      vertex -5.89026403427 0.525000035763 -1.81286168098
    endloop
  endfacet
  facet normal 0 0 -1
    outer loop
      vertex -6.10000181198 0.525000035763 -6.67499828339
      vertex -5.89026403427 0.525000035763 -1.81286168098
      vertex -5.5229845047 0.525000035763 -2.85235786438
    endloop
  endfacet
  facet normal 0 0 -1
    outer loop
      vertex -6.10000181198 0.525000035763 -6.67499828339
      vertex -6.07658481598 0.525000035763 -0.726235926151
      vertex -5.89026403427 0.525000035763 -1.81286168098
    endloop
  endfacet
  facet normal 0.985615849495 0.169001087546 0
    outer loop
      vertex -5.89026403427 0.525000035763 -1.81286168098
      vertex -6.07658481598 0.525000035763 -0.726235926151
      vertex -6.07658481598 -0.975001871586 -0.726235926151
    endloop
  endfacet
  facet normal 0.999099135399 0.0424374118447 0
    outer loop
      vertex -6.07658481598 -0.975001871586 -0.726235926151
      vertex -6.07658481598 0.525000035763 -0.726235926151
      vertex -6.09999895096 0.525000035763 -0.174997225404
    endloop
  endfacet
  facet normal 0 -0 -1
    outer loop
      vertex -6.09999895096 0.525000035763 -0.174997225404
      vertex -6.07658481598 0.525000035763 -0.726235926151
      vertex -6.10000181198 0.525000035763 -6.67499828339
    endloop
  endfacet
  facet normal 0 -0 -1
    outer loop
      vertex -5.5229845047 0.525000035763 -2.85235786438
      vertex -4.98531293869 0.525000035763 -3.81483769417
      vertex -6.10000181198 0.525000035763 -6.67499828339
    endloop
  endfacet
  facet normal 0 0 -1
    outer loop
      vertex -6.10000181198 0.525000035763 -6.67499828339
      vertex -4.98531293869 0.525000035763 -3.81483769417
      vertex -4.29271650314 0.525000035763 -4.67260169983
    endloop
  endfacet
  facet normal 0 -0 1
    outer loop
      vertex -12.9487819672 -0.975001871586 -11.3734607697
      vertex -4.29271650314 -0.975001871586 -4.67260169983
      vertex -14.301607132 -0.975001871586 -9.16584396362
    endloop
  endfacet
  facet normal 0 0 1
    outer loop
      vertex -4.29271650314 -0.975001871586 -4.67260169983
      vertex -12.9487819672 -0.975001871586 -11.3734607697
      vertex -11.2672672272 -0.975001871586 -13.3422584534
    endloop
  endfacet
  facet normal 0.778035581112 0.628220200539 0
    outer loop
      vertex -4.98531293869 -0.975001871586 -3.81483769417
      vertex -4.29271650314 0.525000035763 -4.67260169983
      vertex -4.98531293869 0.525000035763 -3.81483769417
    endloop
  endfacet
  facet normal 0 0 -1
    outer loop
      vertex -6.10000181198 0.525000035763 -6.67499828339
      vertex -4.29271650314 0.525000035763 -4.67260169983
      vertex -3.46511816978 0.525000035763 -5.40098142624
    endloop
  endfacet
  facet normal 0 -0 -1
    outer loop
      vertex -3.46511816978 0.525000035763 -5.40098142624
      vertex -2.52632403374 0.525000035763 -5.97901344299
      vertex -6.10000181198 0.525000035763 -6.67499828339
    endloop
  endfacet
  facet normal 0 0 1
    outer loop
      vertex -4.29271650314 -0.975001871586 -4.67260169983
      vertex -11.2672672272 -0.975001871586 -13.3422584534
      vertex -3.46511816978 -0.975001871586 -5.40098142624
    endloop
  endfacet
  facet normal 0 0.0805104672909 -0.996753752232
    outer loop
      vertex -8.41108798981 10.4145183563 -11.9031324387
      vertex -11.3155241013 10.5268468857 -13.2938022614
      vertex -12.5474033356 10.4145183563 -11.9031324387
    endloop
  endfacet
  facet normal -0.760405242443 -0.649448871613 -3.33431302124e-07
    outer loop
      vertex -12.9487819672 -0.975001871586 -11.3734607697
      vertex -12.9487771988 10.3752450943 -11.3734607697
      vertex -11.2672672272 -0.975001871586 -13.3422584534
    endloop
  endfacet
  facet normal 0.00437046540901 0.0640113279223 -0.997939586639
    outer loop
      vertex -12.5474033356 10.4145183563 -11.9031324387
      vertex -10.5217247009 10.258564949 -9.61010932922
      vertex -10.3341016769 10.2739086151 -9.8621339798
    endloop
  endfacet
  facet normal -0.00442232796922 0.0682470649481 -0.997658669949
    outer loop
      vertex -13.1000032425 10.3600978851 -11.1618299484
      vertex -10.8765439987 10.228720665 -9.09723091125
      vertex -12.9487771988 10.3752450943 -11.3734607697
    endloop
  endfacet
  facet normal 0.802127718925 0.597152471542 1.3906857248e-06
    outer loop
      vertex -10.5217294693 9.52499961853 -9.61010456085
      vertex -10.3341016769 10.2739086151 -9.8621339798
      vertex -10.5217247009 10.258564949 -9.61010932922
    endloop
  endfacet
  facet normal 0.85159021616 0.521900951862 -0.0491271987557
    outer loop
      vertex -11.3621587753 10.1860551834 -8.30083274841
      vertex -11.6285915375 9.52499961853 -7.80386590958
      vertex -10.8765439987 10.228720665 -9.09723091125
    endloop
  endfacet
  facet normal 0 0 -1
    outer loop
      vertex -12.4392633438 9.52499961853 -5.84672784805
      vertex -6.10000181198 9.52499961853 -6.67499828339
      vertex -11.6285915375 9.52499961853 -7.80386590958
    endloop
  endfacet
  facet normal 0 0 -1
    outer loop
      vertex -0.567734956741 9.52499961853 -8.72301578522
      vertex -0.596397399902 9.52499961853 -8.89019298553
      vertex -10.5217294693 9.52499961853 -9.61010456085
    endloop
  endfacet
  facet normal 0.985618770123 -0.168984174728 0
    outer loop
      vertex -0.567734956741 1.52499890327 -8.72301578522
      vertex -0.596397399902 9.52499961853 -8.89019298553
      vertex -0.567734956741 9.52499961853 -8.72301578522
    endloop
  endfacet
  facet normal 0.942869186401 -0.333163142204 0
    outer loop
      vertex -0.511228740215 1.52499890327 -8.56310081482
      vertex -0.567734956741 9.52499961853 -8.72301578522
      vertex -0.511228740215 9.52499961853 -8.56310081482
    endloop
  endfacet
  facet normal 0.873019933701 -0.487684547901 0
    outer loop
      vertex -0.428511172533 1.52499890327 -8.41502475739
      vertex -0.511228740215 9.52499961853 -8.56310081482
      vertex -0.428511172533 9.52499961853 -8.41502475739
    endloop
  endfacet
  facet normal 0.778033852577 -0.628222346306 0
    outer loop
      vertex -0.321956366301 1.52499890327 -8.28306007385
      vertex -0.428511172533 9.52499961853 -8.41502475739
      vertex -0.321956366301 9.52499961853 -8.28306007385
    endloop
  endfacet
  facet normal 0.660651028156 -0.750693142414 2.05503255302e-07
    outer loop
      vertex -0.19463506341 1.52499890327 -8.17100811005
      vertex -0.321956366301 9.52499961853 -8.28306007385
      vertex -0.194632560015 9.52499961853 -8.17100811005
    endloop
  endfacet
  facet normal 0.524328231812 -0.851516246796 1.63098448525e-07
    outer loop
      vertex -0.0502053573728 1.52499890327 -8.08207511902
      vertex -0.194632560015 9.52499961853 -8.17100811005
      vertex -0.0502028688788 9.52499961853 -8.08207511902
    endloop
  endfacet
  facet normal 0.372872561216 -0.927882552147 0
    outer loop
      vertex 0.10717446357 1.52499890327 -8.01883220673
      vertex -0.0502028688788 9.52499961853 -8.08207511902
      vertex 0.10717446357 9.52499961853 -8.01883220673
    endloop
  endfacet
  facet normal 0.210656166077 -0.977560222149 0
    outer loop
      vertex 0.10717446357 1.52499890327 -8.01883220673
      vertex 0.10717446357 9.52499961853 -8.01883220673
      vertex 0.272980332375 1.52499890327 -7.98310232162
    endloop
  endfacet
  facet normal 0.372867494822 -0.927884578705 1.15984811089e-07
    outer loop
      vertex -0.0502053573728 1.52499890327 -8.08207511902
      vertex -0.0502028688788 9.52499961853 -8.08207511902
      vertex 0.10717446357 1.52499890327 -8.01883220673
    endloop
  endfacet
  facet normal 0.524328231812 -0.851516246796 1.63098448525e-07
    outer loop
      vertex -0.19463506341 1.52499890327 -8.17100811005
      vertex -0.194632560015 9.52499961853 -8.17100811005
      vertex -0.0502053573728 1.52499890327 -8.08207511902
    endloop
  endfacet
  facet normal 0.660658299923 -0.750686764717 0
    outer loop
      vertex -0.321956366301 1.52499890327 -8.28306007385
      vertex -0.321956366301 9.52499961853 -8.28306007385
      vertex -0.19463506341 1.52499890327 -8.17100811005
    endloop
  endfacet
  facet normal 0.778033852577 -0.628222346306 0
    outer loop
      vertex -0.428511172533 1.52499890327 -8.41502475739
      vertex -0.428511172533 9.52499961853 -8.41502475739
      vertex -0.321956366301 1.52499890327 -8.28306007385
    endloop
  endfacet
  facet normal 0.873019933701 -0.487684547901 0
    outer loop
      vertex -0.511228740215 1.52499890327 -8.56310081482
      vertex -0.511228740215 9.52499961853 -8.56310081482
      vertex -0.428511172533 1.52499890327 -8.41502475739
    endloop
  endfacet
  facet normal 0.942869186401 -0.333163142204 0
    outer loop
      vertex -0.567734956741 1.52499890327 -8.72301578522
      vertex -0.567734956741 9.52499961853 -8.72301578522
      vertex -0.511228740215 1.52499890327 -8.56310081482
    endloop
  endfacet
  facet normal 0.985616326332 -0.16899843514 3.06587509158e-07
    outer loop
      vertex -0.596399903297 1.52499890327 -8.89019298553
      vertex -0.596397399902 9.52499961853 -8.89019298553
      vertex -0.567734956741 1.52499890327 -8.72301578522
    endloop
  endfacet
  facet normal 1 -0 3.11061739922e-07
    outer loop
      vertex -0.596399903297 1.52499890327 -9.05980873108
      vertex -0.596397399902 9.52499961853 -9.05980873108
      vertex -0.596399903297 1.52499890327 -8.89019298553
    endloop
  endfacet
  facet normal 0.985614657402 0.169008210301 0
    outer loop
      vertex -0.567734956741 1.52499890327 -9.22697639465
      vertex -0.567734956741 9.52499961853 -9.22697639465
      vertex -0.596399903297 1.52499890327 -9.05980873108
    endloop
  endfacet
  facet normal 0.942878961563 0.333135515451 0
    outer loop
      vertex -0.511228740215 1.52499890327 -9.38690662384
      vertex -0.511228740215 9.52499961853 -9.38690662384
      vertex -0.567734956741 1.52499890327 -9.22697639465
    endloop
  endfacet
  facet normal 0.873012959957 0.487697064877 0
    outer loop
      vertex -0.428511172533 1.52499890327 -9.53497695923
      vertex -0.428511172533 9.52499961853 -9.53497695923
      vertex -0.511228740215 1.52499890327 -9.38690662384
    endloop
  endfacet
  facet normal 0.778033852577 0.628222346306 0
    outer loop
      vertex -0.321956366301 1.52499890327 -9.66694164276
      vertex -0.321956366301 9.52499961853 -9.66694164276
      vertex -0.428511172533 1.52499890327 -9.53497695923
    endloop
  endfacet
  facet normal 0.660658299923 0.750686764717 2.05505514828e-07
    outer loop
      vertex -0.19463506341 1.52499890327 -9.77899360657
      vertex -0.194632560015 9.52499961853 -9.77899360657
      vertex -0.321956366301 1.52499890327 -9.66694164276
    endloop
  endfacet
  facet normal 0.52434951067 0.851503133774 1.63105070783e-07
    outer loop
      vertex -0.0502053573728 1.52499890327 -9.86793231964
      vertex -0.0502028688788 9.52499961853 -9.86793231964
      vertex -0.19463506341 1.52499890327 -9.77899360657
    endloop
  endfacet
  facet normal 0.372842222452 0.927894771099 0
    outer loop
      vertex 0.10717446357 1.52499890327 -9.93116950989
      vertex 0.10717446357 9.52499961853 -9.93116950989
      vertex -0.0502053573728 1.52499890327 -9.86793231964
    endloop
  endfacet
  facet normal 0.210656166077 0.977560222149 0
    outer loop
      vertex 0.272980332375 1.52499890327 -9.96689987183
      vertex 0.272980332375 9.52499961853 -9.96689987183
      vertex 0.10717446357 1.52499890327 -9.93116950989
    endloop
  endfacet
  facet normal 0.0424598753452 0.999098181725 0
    outer loop
      vertex 0.442439287901 1.52499890327 -9.97410106659
      vertex 0.442439287901 9.52499961853 -9.97410106659
      vertex 0.272980332375 1.52499890327 -9.96689987183
    endloop
  endfacet
  facet normal -0.12705513835 0.991895675659 0
    outer loop
      vertex 0.610678911209 1.52499890327 -9.95255088806
      vertex 0.610678911209 9.52499961853 -9.95255088806
      vertex 0.442439287901 1.52499890327 -9.97410106659
    endloop
  endfacet
  facet normal -0.292794764042 0.956175327301 -9.10772470775e-08
    outer loop
      vertex 0.772854030132 1.52499890327 -9.90289115906
      vertex 0.772856533527 9.52499961853 -9.90289115906
      vertex 0.610678911209 1.52499890327 -9.95255088806
    endloop
  endfacet
  facet normal -0.45020994544 0.892922759056 0
    outer loop
      vertex 0.92430627346 1.52499890327 -9.82652854919
      vertex 0.92430627346 9.52499961853 -9.82652854919
      vertex 0.772854030132 1.52499890327 -9.90289115906
    endloop
  endfacet
  facet normal -0.59462249279 0.804005026817 0
    outer loop
      vertex 1.06067323685 1.52499890327 -9.72567558289
      vertex 1.06067323685 9.52499961853 -9.72567558289
      vertex 0.92430627346 1.52499890327 -9.82652854919
    endloop
  endfacet
  facet normal -0.721970498562 0.691923856735 0
    outer loop
      vertex 1.17803561687 1.52499890327 -9.60321617126
      vertex 1.17803561687 9.52499961853 -9.60321617126
      vertex 1.06067323685 1.52499890327 -9.72567558289
    endloop
  endfacet
  facet normal -0.828519225121 0.559960603714 0
    outer loop
      vertex 1.27301394939 1.52499890327 -9.4626865387
      vertex 1.27301394939 9.52499961853 -9.4626865387
      vertex 1.17803561687 1.52499890327 -9.60321617126
    endloop
  endfacet
  facet normal -0 0 -1
    outer loop
      vertex 1.38561582565 1.52499890327 -9.14400005341
      vertex 1.34287595749 1.52499890327 -9.30813026428
      vertex 0.399998039007 1.52499890327 -8.9749956131
    endloop
  endfacet
  facet normal -0.911231696606 0.411894112825 0
    outer loop
      vertex 1.27301394939 1.52499890327 -9.4626865387
      vertex 1.34287595749 9.52499961853 -9.30813026428
      vertex 1.27301394939 9.52499961853 -9.4626865387
    endloop
  endfacet
  facet normal -0.967727959156 0.251997202635 0
    outer loop
      vertex 1.38561582565 1.52499890327 -9.14400005341
      vertex 1.38561582565 9.52499961853 -9.14400005341
      vertex 1.34287595749 1.52499890327 -9.30813026428
    endloop
  endfacet
  facet normal 0 0 -1
    outer loop
      vertex 8.33509731293 9.52499961853 -12.5967206955
      vertex 1.27301394939 9.52499961853 -9.4626865387
      vertex 1.34287595749 9.52499961853 -9.30813026428
    endloop
  endfacet
  facet normal -0.672547578812 0.734621286392 -0.0895061418414
    outer loop
      vertex 8.33509731293 9.52499961853 -12.5967206955
      vertex 9.89943027496 10.367600441 -11.2672319412
      vertex 9.21108341217 10.414516449 -11.9031324387
    endloop
  endfacet
  facet normal -0.000715159170795 0.0697209686041 -0.997566282749
    outer loop
      vertex 9.89943027496 10.367600441 -11.2672319412
      vertex 10.5394039154 10.3205909729 -10.5880479813
      vertex 13.3473997116 10.414516449 -11.9031324387
    endloop
  endfacet
  facet normal 0.748485803604 -0.663150727749 0.000334512413247
    outer loop
      vertex 12.0672588348 -0.975006818771 -13.3422584534
      vertex 12.1137390137 10.5269966125 -13.2955989838
      vertex 13.3473997116 10.414516449 -11.9031324387
    endloop
  endfacet
  facet normal -2.91448941425e-07 3.41241445767e-07 1
    outer loop
      vertex 4.69438457489 -0.975001871586 -5.05436897278
      vertex 10.0984544754 -0.975006818771 -15.0237827301
      vertex 12.0672588348 -0.975006818771 -13.3422584534
    endloop
  endfacet
  facet normal -0.828506708145 0.559979140759 0
    outer loop
      vertex 6.07459020615 -0.975001871586 -3.34502005577
      vertex 6.07459020615 0.524997591972 -3.34502005577
      vertex 5.45722961426 -0.975001871586 -4.25842428207
    endloop
  endfacet
  facet normal -0.721958816051 0.691936075687 0
    outer loop
      vertex 4.69438457489 -0.975001871586 -5.05436897278
      vertex 5.45722961426 0.524997591972 -4.25842428207
      vertex 4.69438457489 0.524997591972 -5.05436897278
    endloop
  endfacet
  facet normal -0.594629585743 0.803999781609 0
    outer loop
      vertex 3.80799531937 -0.975001871586 -5.70993280411
      vertex 4.69438457489 0.524997591972 -5.05436897278
      vertex 3.80799531937 0.524997591972 -5.70993280411
    endloop
  endfacet
  facet normal -0.450207710266 0.89292383194 0
    outer loop
      vertex 2.82356476784 -0.975001871586 -6.20627784729
      vertex 3.80799531937 0.524997591972 -5.70993280411
      vertex 2.82356476784 0.524997591972 -6.20627784729
    endloop
  endfacet
  facet normal -0.292822569609 0.956166803837 0
    outer loop
      vertex 1.76941370964 -0.975001871586 -6.52910757065
      vertex 2.82356476784 0.524997591972 -6.20627784729
      vertex 1.76941370964 0.524997591972 -6.52910757065
    endloop
  endfacet
  facet normal -0.127013936639 0.991900920868 0
    outer loop
      vertex 0.675864994526 -0.975001871586 -6.66913747787
      vertex 1.76941370964 0.524997591972 -6.52910757065
      vertex 0.675864994526 0.524997591972 -6.66913747787
    endloop
  endfacet
  facet normal 0 0 1
    outer loop
      vertex 0.675864994526 -0.975001871586 -6.66913747787
      vertex -2.18116998672 -0.975001871586 -17.9718570709
      vertex 0.399998039007 -0.975001871586 -18.1749973297
    endloop
  endfacet
  facet normal -0.233445107937 -0.97236096859 0.0041842837818
    outer loop
      vertex -4.69878292084 -0.975001871586 -17.3674259186
      vertex -3.2877061367 10.9761667252 -17.7576274872
      vertex -2.18116998672 -0.975001871586 -17.9718570709
    endloop
  endfacet
  facet normal -0.38268250227 -0.923877239227 0.00223565730266
    outer loop
      vertex -7.09084272385 -0.975001871586 -16.3766040802
      vertex -5.07830572128 10.9170999527 -17.2390003204
      vertex -4.69878292084 -0.975001871586 -17.3674259186
    endloop
  endfacet
  facet normal 0 0 1
    outer loop
      vertex -2.52632403374 -0.975001871586 -5.97901344299
      vertex -9.29846000671 -0.975001871586 -15.0237827301
      vertex -7.09084272385 -0.975001871586 -16.3766040802
    endloop
  endfacet
  facet normal 0.372861653566 0.927886962891 0
    outer loop
      vertex -2.52632403374 -0.975001871586 -5.97901344299
      vertex -1.50334894657 0.525000035763 -6.39008522034
      vertex -2.52632403374 0.525000035763 -5.97901344299
    endloop
  endfacet
  facet normal 0.210672423244 0.977556705475 0
    outer loop
      vertex -0.425617069006 -0.975001871586 -6.62234640121
      vertex -0.425617069006 0.524997591972 -6.62234640121
      vertex -1.50334894657 -0.975001871586 -6.39008522034
    endloop
  endfacet
  facet normal 0 0 -1
    outer loop
      vertex -6.10000181198 0.525000035763 -6.67499828339
      vertex -2.52632403374 0.525000035763 -5.97901344299
      vertex -1.50334894657 0.525000035763 -6.39008522034
    endloop
  endfacet
  facet normal 0.063643231988 0.997972726822 0
    outer loop
      vertex -0.425617069006 -0.975001871586 -6.62234640121
      vertex 0.399998039007 0.524997591972 -6.67499828339
      vertex -0.425617069006 0.524997591972 -6.62234640121
    endloop
  endfacet
  facet normal 1 -3.82845172453e-07 0
    outer loop
      vertex -6.10000181198 9.52499961853 -6.67499828339
      vertex -6.09999895096 0.525000035763 -0.174997225404
      vertex -6.10000181198 0.525000035763 -6.67499828339
    endloop
  endfacet
  facet normal 1 0 -2.76499349638e-07
    outer loop
      vertex -6.10000181198 9.52499961853 -6.67499828339
      vertex -6.09999895096 0.525000035763 16.3250007629
      vertex -6.09999895096 0.525000035763 -0.174997225404
    endloop
  endfacet
  facet normal 0 0 -1
    outer loop
      vertex -6.09999895096 0.525000035763 -0.174997225404
      vertex -6.09999895096 0.525000035763 16.3250007629
      vertex -6.07658481598 0.525000035763 0.376241505146
    endloop
  endfacet
  facet normal 0.999099135399 -0.0424374118447 0
    outer loop
      vertex -6.07658481598 -0.975001871586 0.376241505146
      vertex -6.09999895096 0.525000035763 -0.174997225404
      vertex -6.07658481598 0.525000035763 0.376241505146
    endloop
  endfacet
  facet normal 0 0 -1
    outer loop
      vertex -6.07658481598 0.525000035763 0.376241505146
      vertex -6.09999895096 0.525000035763 16.3250007629
      vertex -5.89026403427 0.525000035763 1.46285736561
    endloop
  endfacet
  facet normal 0.985615611076 -0.169002592564 0
    outer loop
      vertex -5.89026403427 -0.975001871586 1.46285736561
      vertex -6.07658481598 0.525000035763 0.376241505146
      vertex -5.89026403427 0.525000035763 1.46285736561
    endloop
  endfacet
  facet normal 0 0 -1
    outer loop
      vertex -6.09999895096 0.525000035763 16.3250007629
      vertex -5.5229845047 0.525000035763 2.50236344337
      vertex -5.89026403427 0.525000035763 1.46285736561
    endloop
  endfacet
  facet normal 0.94287788868 -0.333138525486 0
    outer loop
      vertex -5.5229845047 -0.975001871586 2.50236344337
      vertex -5.89026403427 0.525000035763 1.46285736561
      vertex -5.5229845047 0.525000035763 2.50236344337
    endloop
  endfacet
  facet normal 0 0 -1
    outer loop
      vertex -6.09999895096 0.525000035763 16.3250007629
      vertex -4.98531293869 0.525000035763 3.46483826637
      vertex -5.5229845047 0.525000035763 2.50236344337
    endloop
  endfacet
  facet normal 0.873013794422 -0.487695485353 0
    outer loop
      vertex -4.98531293869 -0.975001871586 3.46483826637
      vertex -5.5229845047 0.525000035763 2.50236344337
      vertex -4.98531293869 0.525000035763 3.46483826637
    endloop
  endfacet
  facet normal -0 0 -1
    outer loop
      vertex -4.29271650314 0.525000035763 4.32260704041
      vertex -4.98531293869 0.525000035763 3.46483826637
      vertex -6.09999895096 0.525000035763 16.3250007629
    endloop
  endfacet
  facet normal 1 -1.08195386872e-07 0
    outer loop
      vertex -6.09999895096 9.52500152588 16.3250007629
      vertex -6.09999895096 0.525000035763 16.3250007629
      vertex -6.10000181198 9.52499961853 -6.67499828339
    endloop
  endfacet
  facet normal -0 -1 0
    outer loop
      vertex 6.89999961853 9.52499961853 16.3250007629
      vertex -6.09999895096 0.525000035763 16.3250007629
      vertex -6.09999895096 9.52500152588 16.3250007629
    endloop
  endfacet
  facet normal 1.91422628859e-07 9.50204139372e-07 -1
    outer loop
      vertex -6.09999895096 9.52500152588 16.3250007629
      vertex 0.442440539598 9.52499961853 17.6259040833
      vertex 6.89999961853 9.52499961853 16.3250007629
    endloop
  endfacet
  facet normal 0 0 -1
    outer loop
      vertex 6.89999961853 9.52499961853 16.3250007629
      vertex 0.442440539598 9.52499961853 17.6259040833
      vertex 0.610680162907 9.52499961853 17.6474475861
    endloop
  endfacet
  facet normal 0 0 -1
    outer loop
      vertex 6.89999961853 9.52499961853 16.3250007629
      vertex 0.610680162907 9.52499961853 17.6474475861
      vertex 0.772857785225 9.52499961853 17.6971130371
    endloop
  endfacet
  facet normal 0 0 -1
    outer loop
      vertex 0.772857785225 9.52499961853 17.6971130371
      vertex 0.924307525158 9.52499961853 17.7734718323
      vertex 6.89999961853 9.52499961853 16.3250007629
    endloop
  endfacet
  facet normal 0 0 -1
    outer loop
      vertex 6.89999961853 9.52499961853 16.3250007629
      vertex 0.924307525158 9.52499961853 17.7734718323
      vertex 1.06067454815 9.52499961853 17.8743286133
    endloop
  endfacet
  facet normal 0 0 -1
    outer loop
      vertex 6.89999961853 9.52499961853 16.3250007629
      vertex 1.06067454815 9.52499961853 17.8743286133
      vertex 1.17803680897 9.52499961853 17.9967823029
    endloop
  endfacet
  facet normal 0 0 -1
    outer loop
      vertex 1.17803680897 9.52499961853 17.9967823029
      vertex 1.2730152607 9.52499961853 18.1373062134
      vertex 6.89999961853 9.52499961853 16.3250007629
    endloop
  endfacet
  facet normal 0 0 -1
    outer loop
      vertex 6.89999961853 9.52499961853 16.3250007629
      vertex 1.2730152607 9.52499961853 18.1373062134
      vertex 1.34287714958 9.52499961853 18.2918624878
    endloop
  endfacet
  facet normal 0 0 -1
    outer loop
      vertex 6.89999961853 9.52499961853 16.3250007629
      vertex 1.34287714958 9.52499961853 18.2918624878
      vertex 1.38561701775 9.52499961853 18.455997467
    endloop
  endfacet
  facet normal 0 0 -1
    outer loop
      vertex 1.38561701775 9.52499961853 18.455997467
      vertex 1.4000005722 9.52499961853 18.625
      vertex 6.89999961853 9.52499961853 16.3250007629
    endloop
  endfacet
  facet normal 0 0 -1
    outer loop
      vertex 6.89999961853 9.52499961853 16.3250007629
      vertex 1.4000005722 9.52499961853 18.625
      vertex 6.65000104904 9.52499961853 22.7250022888
    endloop
  endfacet
  facet normal 0 0 -1
    outer loop
      vertex 6.65000104904 9.52499961853 22.7250022888
      vertex 1.4000005722 9.52499961853 18.625
      vertex 1.38561701775 9.52499961853 18.794002533
    endloop
  endfacet
  facet normal 0 0 -1
    outer loop
      vertex 6.65000104904 9.52499961853 22.7250022888
      vertex 1.38561701775 9.52499961853 18.794002533
      vertex 1.34287714958 9.52499961853 18.9581413269
    endloop
  endfacet
  facet normal 0 0 -1
    outer loop
      vertex 1.34287714958 9.52499961853 18.9581413269
      vertex 1.2730152607 9.52499961853 19.1126976013
      vertex 6.65000104904 9.52499961853 22.7250022888
    endloop
  endfacet
  facet normal 0 0 -1
    outer loop
      vertex 6.65000104904 9.52499961853 22.7250022888
      vertex 1.2730152607 9.52499961853 19.1126976013
      vertex 1.17803680897 9.52499961853 19.2532253265
    endloop
  endfacet
  facet normal -0 0 -1
    outer loop
      vertex 6.65000104904 9.52499961853 22.7250022888
      vertex 1.17803680897 9.52499961853 19.2532253265
      vertex 4.39999961853 9.52499961853 22.7250022888
    endloop
  endfacet
  facet normal 0 -1 0
    outer loop
      vertex 4.39999961853 9.52499961853 22.7250022888
      vertex 6.65000104904 10.5250005722 22.7250022888
      vertex 6.65000104904 9.52499961853 22.7250022888
    endloop
  endfacet
  facet normal 1 0 0
    outer loop
      vertex 6.65000104904 10.5250005722 22.7250022888
      vertex 6.65000104904 10.5250005722 27.8249988556
      vertex 6.65000104904 9.52499961853 22.7250022888
    endloop
  endfacet
  facet normal 1 -0 0
    outer loop
      vertex 6.65000104904 9.52499961853 22.7250022888
      vertex 6.65000104904 10.5250005722 27.8249988556
      vertex 6.65000104904 9.52499961853 27.8249988556
    endloop
  endfacet
  facet normal -3.43240543543e-07 -0 -1
    outer loop
      vertex 6.65000104904 9.52499961853 27.8249988556
      vertex 13.9000005722 9.52500152588 60.3250045776
      vertex 6.65000104904 9.52499961853 22.7250022888
    endloop
  endfacet
  facet normal 1.18438443053e-07 -1.02989915263e-07 -1
    outer loop
      vertex 6.65000104904 9.52499961853 27.8249988556
      vertex 3.90000247955 9.52500152588 48.8250007629
      vertex 13.9000005722 9.52500152588 60.3250045776
    endloop
  endfacet
  facet normal 0 0 -1
    outer loop
      vertex 3.90000247955 9.52500152588 53.8250007629
      vertex 13.9000005722 9.52500152588 60.3250045776
      vertex 3.90000247955 9.52500152588 48.8250007629
    endloop
  endfacet
  facet normal -1 0 0
    outer loop
      vertex 3.90000247955 9.0250005722 48.8250007629
      vertex 3.90000247955 9.52500152588 53.8250007629
      vertex 3.90000247955 9.52500152588 48.8250007629
    endloop
  endfacet
  facet normal 0 1 0
    outer loop
      vertex 3.90000247955 9.0250005722 48.8250007629
      vertex 3.90000247955 9.52500152588 48.8250007629
      vertex 1.65000092983 9.52500152588 48.8250007629
    endloop
  endfacet
  facet normal 0 1 0
    outer loop
      vertex 1.65000092983 9.52500152588 48.8250007629
      vertex 3.88153529167 8.79034805298 48.8250007629
      vertex 3.90000247955 9.0250005722 48.8250007629
    endloop
  endfacet
  facet normal -0.996917486191 -0 -0.0784572288394
    outer loop
      vertex 3.88153529167 8.79034805298 53.8250007629
      vertex 3.90000247955 9.0250005722 48.8250007629
      vertex 3.88153529167 8.79034805298 48.8250007629
    endloop
  endfacet
  facet normal -0.972369372845 -0 -0.233447730541
    outer loop
      vertex 3.88153529167 8.79034805298 53.8250007629
      vertex 3.88153529167 8.79034805298 48.8250007629
      vertex 3.82658696175 8.56147384644 53.8250007629
    endloop
  endfacet
  facet normal 0 -1 0
    outer loop
      vertex 2.4000005722 7.52500152588 53.8250007629
      vertex 3.88153529167 8.79034805298 53.8250007629
      vertex 3.82658696175 8.56147384644 53.8250007629
    endloop
  endfacet
  facet normal 0 -1 0
    outer loop
      vertex 3.82658696175 8.56147384644 53.8250007629
      vertex 3.73651099205 8.34401226044 53.8250007629
      vertex 2.4000005722 7.52500152588 53.8250007629
    endloop
  endfacet
  facet normal 0 -1 0
    outer loop
      vertex 2.4000005722 7.52500152588 53.8250007629
      vertex 3.73651099205 8.34401226044 53.8250007629
      vertex 3.61352705956 8.14332294464 53.8250007629
    endloop
  endfacet
  facet normal 0 -1 0
    outer loop
      vertex 2.4000005722 7.52500152588 53.8250007629
      vertex 3.61352705956 8.14332294464 53.8250007629
      vertex 2.63465309143 7.54346847534 53.8250007629
    endloop
  endfacet
  facet normal -0.0784572288394 -0 -0.996917486191
    outer loop
      vertex 2.63465309143 7.54346847534 53.8250007629
      vertex 2.63465309143 7.54346847534 48.8250007629
      vertex 2.4000005722 7.52500152588 53.8250007629
    endloop
  endfacet
  facet normal -0.0784572288394 -0 -0.996917486191
    outer loop
      vertex 2.4000005722 7.52500152588 53.8250007629
      vertex 2.63465309143 7.54346847534 48.8250007629
      vertex 2.4000005722 7.52500152588 48.8250007629
    endloop
  endfacet
  facet normal 0 0 -1
    outer loop
      vertex 1.65000092983 7.52500152588 48.8250007629
      vertex 2.4000005722 7.52500152588 53.8250007629
      vertex 2.4000005722 7.52500152588 48.8250007629
    endloop
  endfacet
  facet normal 0 1 0
    outer loop
      vertex 1.65000092983 9.52500152588 48.8250007629
      vertex 1.65000092983 7.52500152588 48.8250007629
      vertex 2.4000005722 7.52500152588 48.8250007629
    endloop
  endfacet
  facet normal -1 6.14442967617e-08 0
    outer loop
      vertex 1.65000092983 9.52500152588 48.8250007629
      vertex 1.64999961853 9.52500152588 28.5750007629
      vertex 1.65000092983 7.52500152588 48.8250007629
    endloop
  endfacet
  facet normal -1 6.14442967617e-08 0
    outer loop
      vertex 1.65000092983 7.52500152588 48.8250007629
      vertex 1.64999961853 9.52500152588 28.5750007629
      vertex 1.64999961853 -0.068334043026 28.5750007629
    endloop
  endfacet
  facet normal -1 6.14442967617e-08 0
    outer loop
      vertex 1.65000092983 7.52500152588 48.8250007629
      vertex 1.64999961853 -0.068334043026 28.5750007629
      vertex 1.65000092983 -0.068334043026 48.8250007629
    endloop
  endfacet
  facet normal 0 -1 -0
    outer loop
      vertex 1.65000092983 -0.068334043026 48.8250007629
      vertex -10.8499994278 7.52500152588 48.8250007629
      vertex 1.65000092983 7.52500152588 48.8250007629
    endloop
  endfacet
  facet normal 0 -1 0
    outer loop
      vertex -10.8499994278 -0.068334043026 48.8250007629
      vertex -10.8499994278 7.52500152588 48.8250007629
      vertex 1.65000092983 -0.068334043026 48.8250007629
    endloop
  endfacet
  facet normal 0 0 -1
    outer loop
      vertex -10.8499994278 -0.068334043026 48.8250007629
      vertex 1.65000092983 -0.068334043026 48.8250007629
      vertex -10.8499994278 -0.068334043026 28.5750007629
    endloop
  endfacet
  facet normal 1 0 0
    outer loop
      vertex -10.8499994278 -0.068334043026 48.8250007629
      vertex -10.8499994278 -0.068334043026 28.5750007629
      vertex -10.8499994278 7.52500152588 48.8250007629
    endloop
  endfacet
  facet normal 1 0 0
    outer loop
      vertex -10.8499994278 7.52500152588 48.8250007629
      vertex -10.8499994278 -0.068334043026 28.5750007629
      vertex -10.8499994278 9.52500152588 28.5750007629
    endloop
  endfacet
  facet normal 1 0 0
    outer loop
      vertex -10.8499994278 7.52500152588 48.8250007629
      vertex -10.8499994278 9.52500152588 28.5750007629
      vertex -10.8499994278 9.52500152588 48.8250007629
    endloop
  endfacet
  facet normal -0 1 0
    outer loop
      vertex -11.6000013351 7.52500152588 48.8250007629
      vertex -10.8499994278 7.52500152588 48.8250007629
      vertex -10.8499994278 9.52500152588 48.8250007629
    endloop
  endfacet
  facet normal 0 1 0
    outer loop
      vertex -10.8499994278 9.52500152588 48.8250007629
      vertex -11.8346509933 7.54346847534 48.8250007629
      vertex -11.6000013351 7.52500152588 48.8250007629
    endloop
  endfacet
  facet normal 0.0784580558538 -3.90484693469e-08 -0.996917426586
    outer loop
      vertex -11.8346509933 7.54346847534 48.8250007629
      vertex -11.834649086 7.54346847534 53.8250007629
      vertex -11.6000013351 7.52500152588 48.8250007629
    endloop
  endfacet
  facet normal 0.0784580558538 -3.90484693469e-08 -0.996917426586
    outer loop
      vertex -11.6000013351 7.52500152588 48.8250007629
      vertex -11.834649086 7.54346847534 53.8250007629
      vertex -11.5999984741 7.52500152588 53.8250007629
    endloop
  endfacet
  facet normal 0 -1 -0
    outer loop
      vertex -11.834649086 7.54346847534 53.8250007629
      vertex -13.0265827179 8.56147384644 53.8250007629
      vertex -11.5999984741 7.52500152588 53.8250007629
    endloop
  endfacet
  facet normal 0 -1 0
    outer loop
      vertex -11.5999984741 7.52500152588 53.8250007629
      vertex -13.0265827179 8.56147384644 53.8250007629
      vertex -13.0815286636 8.79034805298 53.8250007629
    endloop
  endfacet
  facet normal 0 -1 0
    outer loop
      vertex -11.5999984741 7.52500152588 53.8250007629
      vertex -13.0815286636 8.79034805298 53.8250007629
      vertex -13.0999984741 9.0250005722 53.8250007629
    endloop
  endfacet
  facet normal 0 -1 0
    outer loop
      vertex -13.0999984741 9.0250005722 53.8250007629
      vertex 2.4000005722 7.52500152588 53.8250007629
      vertex -11.5999984741 7.52500152588 53.8250007629
    endloop
  endfacet
  facet normal 0 0 -1
    outer loop
      vertex -10.8499994278 7.52500152588 48.8250007629
      vertex -11.5999984741 7.52500152588 53.8250007629
      vertex 2.4000005722 7.52500152588 53.8250007629
    endloop
  endfacet
  facet normal 0.996916651726 -4.96164091146e-07 -0.0784677416086
    outer loop
      vertex -13.081530571 8.79034805298 48.8250007629
      vertex -13.0999984741 9.0250005722 53.8250007629
      vertex -13.0815286636 8.79034805298 53.8250007629
    endloop
  endfacet
  facet normal 0.97237175703 -4.83948099372e-07 -0.233437731862
    outer loop
      vertex -13.081530571 8.79034805298 48.8250007629
      vertex -13.0815286636 8.79034805298 53.8250007629
      vertex -13.0265846252 8.56147384644 48.8250007629
    endloop
  endfacet
  facet normal 0 1 0
    outer loop
      vertex -10.8499994278 9.52500152588 48.8250007629
      vertex -13.081530571 8.79034805298 48.8250007629
      vertex -13.0265846252 8.56147384644 48.8250007629
    endloop
  endfacet
  facet normal -0 1 0
    outer loop
      vertex -13.0265846252 8.56147384644 48.8250007629
      vertex -12.9365062714 8.34401512146 48.8250007629
      vertex -10.8499994278 9.52500152588 48.8250007629
    endloop
  endfacet
  facet normal 0 1 0
    outer loop
      vertex -10.8499994278 9.52500152588 48.8250007629
      vertex -12.9365062714 8.34401512146 48.8250007629
      vertex -12.8135251999 8.14332294464 48.8250007629
    endloop
  endfacet
  facet normal 0 1 0
    outer loop
      vertex -10.8499994278 9.52500152588 48.8250007629
      vertex -12.8135251999 8.14332294464 48.8250007629
      vertex -12.660656929 7.96434020996 48.8250007629
    endloop
  endfacet
  facet normal 0 1 0
    outer loop
      vertex -12.4816741943 7.81147432327 48.8250007629
      vertex -10.8499994278 9.52500152588 48.8250007629
      vertex -12.660656929 7.96434020996 48.8250007629
    endloop
  endfacet
  facet normal 0.649448692799 -3.23229727428e-07 -0.760405421257
    outer loop
      vertex -12.660656929 7.96434020996 48.8250007629
      vertex -12.660654068 7.96434020996 53.8250007629
      vertex -12.4816741943 7.81147432327 48.8250007629
    endloop
  endfacet
  facet normal 0.649448692799 -3.23229727428e-07 -0.760405421257
    outer loop
      vertex -12.4816741943 7.81147432327 48.8250007629
      vertex -12.660654068 7.96434020996 53.8250007629
      vertex -12.481672287 7.81147432327 53.8250007629
    endloop
  endfacet
  facet normal 0.522499084473 -2.60047073652e-07 -0.852639853954
    outer loop
      vertex -12.4816741943 7.81147432327 48.8250007629
      vertex -12.481672287 7.81147432327 53.8250007629
      vertex -12.2809877396 7.6884932518 48.8250007629
    endloop
  endfacet
  facet normal 0.522499084473 -2.60047073652e-07 -0.852639853954
    outer loop
      vertex -12.2809877396 7.6884932518 48.8250007629
      vertex -12.481672287 7.81147432327 53.8250007629
      vertex -12.2809848785 7.6884932518 53.8250007629
    endloop
  endfacet
  facet normal 0.382680773735 -1.90459701344e-07 -0.923880636692
    outer loop
      vertex -12.2809877396 7.6884932518 48.8250007629
      vertex -12.2809848785 7.6884932518 53.8250007629
      vertex -12.0635232925 7.5984172821 48.8250007629
    endloop
  endfacet
  facet normal -0 1 0
    outer loop
      vertex -12.2809877396 7.6884932518 48.8250007629
      vertex -12.0635232925 7.5984172821 48.8250007629
      vertex -10.8499994278 9.52500152588 48.8250007629
    endloop
  endfacet
  facet normal 0.382680773735 -1.90459701344e-07 -0.923880636692
    outer loop
      vertex -12.0635232925 7.5984172821 48.8250007629
      vertex -12.2809848785 7.6884932518 53.8250007629
      vertex -12.0635204315 7.5984172821 53.8250007629
    endloop
  endfacet
  facet normal 0.233450129628 -1.16187813148e-07 -0.972368776798
    outer loop
      vertex -12.0635232925 7.5984172821 48.8250007629
      vertex -12.0635204315 7.5984172821 53.8250007629
      vertex -11.8346509933 7.54346847534 48.8250007629
    endloop
  endfacet
  facet normal 0 -1 0
    outer loop
      vertex -13.0265827179 8.56147384644 53.8250007629
      vertex -12.0635204315 7.5984172821 53.8250007629
      vertex -12.2809848785 7.6884932518 53.8250007629
    endloop
  endfacet
  facet normal 0 -1 0
    outer loop
      vertex -13.0265827179 8.56147384644 53.8250007629
      vertex -12.2809848785 7.6884932518 53.8250007629
      vertex -12.481672287 7.81147432327 53.8250007629
    endloop
  endfacet
  facet normal 0 -1 0
    outer loop
      vertex -12.481672287 7.81147432327 53.8250007629
      vertex -12.660654068 7.96434020996 53.8250007629
      vertex -13.0265827179 8.56147384644 53.8250007629
    endloop
  endfacet
  facet normal 0 -1 0
    outer loop
      vertex -13.0265827179 8.56147384644 53.8250007629
      vertex -12.660654068 7.96434020996 53.8250007629
      vertex -12.8135223389 8.14332294464 53.8250007629
    endloop
  endfacet
  facet normal 0 -1 0
    outer loop
      vertex -13.0265827179 8.56147384644 53.8250007629
      vertex -12.8135223389 8.14332294464 53.8250007629
      vertex -12.936504364 8.34401512146 53.8250007629
    endloop
  endfacet
  facet normal 0.923873782158 -4.59810735265e-07 -0.382697284222
    outer loop
      vertex -12.9365062714 8.34401512146 48.8250007629
      vertex -13.0265827179 8.56147384644 53.8250007629
      vertex -12.936504364 8.34401512146 53.8250007629
    endloop
  endfacet
  facet normal 0.852645635605 -4.24360564466e-07 -0.522489666939
    outer loop
      vertex -12.8135251999 8.14332294464 48.8250007629
      vertex -12.936504364 8.34401512146 53.8250007629
      vertex -12.8135223389 8.14332294464 53.8250007629
    endloop
  endfacet
  facet normal 0.760400235653 -3.78450152994e-07 -0.649454772472
    outer loop
      vertex -12.660656929 7.96434020996 48.8250007629
      vertex -12.8135223389 8.14332294464 53.8250007629
      vertex -12.660654068 7.96434020996 53.8250007629
    endloop
  endfacet
  facet normal 0 1 0
    outer loop
      vertex -12.2809877396 7.6884932518 48.8250007629
      vertex -10.8499994278 9.52500152588 48.8250007629
      vertex -12.4816741943 7.81147432327 48.8250007629
    endloop
  endfacet
  facet normal 0.760400235653 -3.78450152994e-07 -0.649454772472
    outer loop
      vertex -12.8135251999 8.14332294464 48.8250007629
      vertex -12.8135223389 8.14332294464 53.8250007629
      vertex -12.660656929 7.96434020996 48.8250007629
    endloop
  endfacet
  facet normal 0.852645635605 -4.24360564466e-07 -0.522489666939
    outer loop
      vertex -12.9365062714 8.34401512146 48.8250007629
      vertex -12.936504364 8.34401512146 53.8250007629
      vertex -12.8135251999 8.14332294464 48.8250007629
    endloop
  endfacet
  facet normal 0.923873782158 -4.59810735265e-07 -0.382697284222
    outer loop
      vertex -13.0265846252 8.56147384644 48.8250007629
      vertex -13.0265827179 8.56147384644 53.8250007629
      vertex -12.9365062714 8.34401512146 48.8250007629
    endloop
  endfacet
  facet normal 0 1 0
    outer loop
      vertex -10.8499994278 9.52500152588 48.8250007629
      vertex -13.1000003815 9.0250005722 48.8250007629
      vertex -13.081530571 8.79034805298 48.8250007629
    endloop
  endfacet
  facet normal 0.97237175703 -4.83948099372e-07 -0.233437731862
    outer loop
      vertex -13.0265846252 8.56147384644 48.8250007629
      vertex -13.0815286636 8.79034805298 53.8250007629
      vertex -13.0265827179 8.56147384644 53.8250007629
    endloop
  endfacet
  facet normal 0 -1 0
    outer loop
      vertex -11.834649086 7.54346847534 53.8250007629
      vertex -12.0635204315 7.5984172821 53.8250007629
      vertex -13.0265827179 8.56147384644 53.8250007629
    endloop
  endfacet
  facet normal 0.233450129628 -1.16187813148e-07 -0.972368776798
    outer loop
      vertex -11.8346509933 7.54346847534 48.8250007629
      vertex -12.0635204315 7.5984172821 53.8250007629
      vertex -11.834649086 7.54346847534 53.8250007629
    endloop
  endfacet
  facet normal 0 1 0
    outer loop
      vertex -10.8499994278 9.52500152588 48.8250007629
      vertex -12.0635232925 7.5984172821 48.8250007629
      vertex -11.8346509933 7.54346847534 48.8250007629
    endloop
  endfacet
  facet normal 0 0 -1
    outer loop
      vertex -11.6000013351 7.52500152588 48.8250007629
      vertex -11.5999984741 7.52500152588 53.8250007629
      vertex -10.8499994278 7.52500152588 48.8250007629
    endloop
  endfacet
  facet normal 0 0 -1
    outer loop
      vertex -10.8499994278 9.52500152588 28.5750007629
      vertex -13.1000003815 9.52500152588 48.8250007629
      vertex -10.8499994278 9.52500152588 48.8250007629
    endloop
  endfacet
  facet normal 0 0 -1
    outer loop
      vertex -13.1000003815 9.52500152588 28.5750007629
      vertex -13.1000003815 9.52500152588 48.8250007629
      vertex -10.8499994278 9.52500152588 28.5750007629
    endloop
  endfacet
  facet normal 0 -1 0
    outer loop
      vertex -10.8499994278 9.52500152588 28.5750007629
      vertex -13.5999984741 -0.255000948906 28.5750007629
      vertex -13.1000003815 9.52500152588 28.5750007629
    endloop
  endfacet
  facet normal 0 -1 0
    outer loop
      vertex -13.5999984741 -0.255000948906 28.5750007629
      vertex -13.5999984741 9.71166610718 28.5750007629
      vertex -13.1000003815 9.52500152588 28.5750007629
    endloop
  endfacet
  facet normal 1 0 -0
    outer loop
      vertex -13.5999984741 9.71166610718 28.5750007629
      vertex -13.5999984741 -0.255000948906 28.5750007629
      vertex -13.5999984741 9.71166610718 27.8249988556
    endloop
  endfacet
  facet normal 1 0 -0
    outer loop
      vertex -13.5999984741 9.71166610718 27.8249988556
      vertex -13.5999984741 -0.255000948906 28.5750007629
      vertex -13.5999984741 -0.255000948906 26.125
    endloop
  endfacet
  facet normal 1 0 0
    outer loop
      vertex -13.5999984741 9.71166610718 27.8249988556
      vertex -13.5999984741 -0.255000948906 26.125
      vertex -13.5999984741 10.5250005722 26.125
    endloop
  endfacet
  facet normal 1 0 0
    outer loop
      vertex -13.5999984741 10.5250005722 26.125
      vertex -13.5999984741 10.5250005722 27.8249988556
      vertex -13.5999984741 9.71166610718 27.8249988556
    endloop
  endfacet
  facet normal 0 1 -0
    outer loop
      vertex -13.5999984741 10.5250005722 27.8249988556
      vertex -15.8500003815 10.5250024796 27.8249988556
      vertex -13.5999984741 9.71166610718 27.8249988556
    endloop
  endfacet
  facet normal 0 1 0
    outer loop
      vertex -13.5999984741 9.71166610718 27.8249988556
      vertex -15.8500003815 10.5250024796 27.8249988556
      vertex -15.8500003815 9.71166610718 27.8249988556
    endloop
  endfacet
  facet normal 1.10599648906e-06 0 -1
    outer loop
      vertex -13.5999984741 10.5250005722 26.125
      vertex -15.8500003815 10.5250024796 27.8249988556
      vertex -13.5999984741 10.5250005722 27.8249988556
    endloop
  endfacet
  facet normal 0 -1.46382024013e-06 -1
    outer loop
      vertex -14.1999998093 10.5250005722 26.125
      vertex -15.8500003815 10.5250024796 27.8249988556
      vertex -13.5999984741 10.5250005722 26.125
    endloop
  endfacet
  facet normal 0 -1 0
    outer loop
      vertex -13.5999984741 10.5250005722 26.125
      vertex -14.1999998093 -0.255000948906 26.125
      vertex -14.1999998093 10.5250005722 26.125
    endloop
  endfacet
  facet normal 1 0 0
    outer loop
      vertex -14.1999998093 -0.255000948906 26.125
      vertex -14.1999998093 -0.255000948906 24.4250049591
      vertex -14.1999998093 10.5250005722 26.125
    endloop
  endfacet
  facet normal 1 0 0
    outer loop
      vertex -14.1999998093 10.5250005722 26.125
      vertex -14.1999998093 -0.255000948906 24.4250049591
      vertex -14.1999998093 10.5250005722 24.4250049591
    endloop
  endfacet
  facet normal -0 0 -1
    outer loop
      vertex -14.1999998093 10.5250005722 24.4250049591
      vertex -15.8500003815 10.5250005722 22.7250041962
      vertex -14.1999998093 10.5250005722 26.125
    endloop
  endfacet
  facet normal 0 -0 -1
    outer loop
      vertex -14.1999998093 10.5250005722 24.4250049591
      vertex -13.5999984741 10.5250005722 22.7250022888
      vertex -15.8500003815 10.5250005722 22.7250041962
    endloop
  endfacet
  facet normal 0 1 0
    outer loop
      vertex -13.5999984741 -0.255000948906 24.4250049591
      vertex -14.1999998093 10.5250005722 24.4250049591
      vertex -14.1999998093 -0.255000948906 24.4250049591
    endloop
  endfacet
  facet normal 0 0 -1
    outer loop
      vertex -13.5999984741 -0.255000948906 24.4250049591
      vertex -14.1999998093 -0.255000948906 24.4250049591
      vertex -14.1999998093 -0.255000948906 26.125
    endloop
  endfacet
  facet normal -0 -0 -1
    outer loop
      vertex -13.5999984741 -0.255000948906 26.125
      vertex -13.5999984741 -0.255000948906 24.4250049591
      vertex -14.1999998093 -0.255000948906 26.125
    endloop
  endfacet
  facet normal 0 0 -1
    outer loop
      vertex 4.39999961853 -0.255000948906 28.5750007629
      vertex -13.5999984741 -0.255000948906 24.4250049591
      vertex -13.5999984741 -0.255000948906 26.125
    endloop
  endfacet
  facet normal 1.00545128134e-06 -4.87940383209e-07 -1
    outer loop
      vertex -14.1999998093 10.5250005722 26.125
      vertex -15.8500003815 10.5250005722 22.7250041962
      vertex -15.8500003815 10.5250024796 27.8249988556
    endloop
  endfacet
  facet normal -1 0 0
    outer loop
      vertex -15.8500003815 9.71166610718 22.7250041962
      vertex -15.8500003815 10.5250024796 27.8249988556
      vertex -15.8500003815 10.5250005722 22.7250041962
    endloop
  endfacet
  facet normal -0 -1 -0
    outer loop
      vertex -13.5999984741 -0.255000948906 26.125
      vertex -14.1999998093 -0.255000948906 26.125
      vertex -13.5999984741 10.5250005722 26.125
    endloop
  endfacet
  facet normal 0 0 -1
    outer loop
      vertex -13.5999984741 -0.255000948906 26.125
      vertex -13.5999984741 -0.255000948906 28.5750007629
      vertex 4.39999961853 -0.255000948906 28.5750007629
    endloop
  endfacet
  facet normal -3.45624187048e-08 -1 -5.0917782346e-07
    outer loop
      vertex -10.8499994278 -0.068334043026 28.5750007629
      vertex 4.39999961853 -0.255000948906 28.5750007629
      vertex -13.5999984741 -0.255000948906 28.5750007629
    endloop
  endfacet
  facet normal -4.97698842139e-08 -1 7.33216040771e-07
    outer loop
      vertex 1.64999961853 -0.068334043026 28.5750007629
      vertex 4.39999961853 -0.255000948906 28.5750007629
      vertex -10.8499994278 -0.068334043026 28.5750007629
    endloop
  endfacet
  facet normal 0 -1 0
    outer loop
      vertex 1.64999961853 -0.068334043026 28.5750007629
      vertex 4.39999961853 9.52499961853 28.5750007629
      vertex 4.39999961853 -0.255000948906 28.5750007629
    endloop
  endfacet
  facet normal -1 0 0
    outer loop
      vertex 4.39999961853 9.52499961853 28.5750007629
      vertex 4.39999961853 -0.255000948906 26.125
      vertex 4.39999961853 -0.255000948906 28.5750007629
    endloop
  endfacet
  facet normal -0 0 -1
    outer loop
      vertex 4.39999961853 -0.255000948906 26.125
      vertex -13.5999984741 -0.255000948906 22.7250022888
      vertex 4.39999961853 -0.255000948906 28.5750007629
    endloop
  endfacet
  facet normal 0 -0 -1
    outer loop
      vertex 4.39999961853 -0.255000948906 26.125
      vertex 4.39999961853 -0.255000948906 24.4250049591
      vertex -13.5999984741 -0.255000948906 22.7250022888
    endloop
  endfacet
  facet normal 0 -0 -1
    outer loop
      vertex 4.39999961853 -0.255000948906 24.4250049591
      vertex 4.39999961853 -0.255000948906 22.7250022888
      vertex -13.5999984741 -0.255000948906 22.7250022888
    endloop
  endfacet
  facet normal -1 0 0
    outer loop
      vertex 4.39999961853 -0.255000948906 22.7250022888
      vertex 4.39999961853 -0.255000948906 24.4250049591
      vertex 4.39999961853 9.52499961853 22.7250022888
    endloop
  endfacet
  facet normal -1 0 0
    outer loop
      vertex 4.39999961853 9.52499961853 22.7250022888
      vertex 4.39999961853 -0.255000948906 24.4250049591
      vertex 4.39999961853 10.5250005722 24.4250049591
    endloop
  endfacet
  facet normal -1 0 0
    outer loop
      vertex 4.39999961853 9.52499961853 22.7250022888
      vertex 4.39999961853 10.5250005722 24.4250049591
      vertex 4.39999961853 10.5250005722 22.7250022888
    endloop
  endfacet
  facet normal 0 0 -1
    outer loop
      vertex 4.39999961853 10.5250005722 24.4250049591
      vertex 6.65000104904 10.5250005722 22.7250022888
      vertex 4.39999961853 10.5250005722 22.7250022888
    endloop
  endfacet
  facet normal -0 -0 -1
    outer loop
      vertex 5 10.5250005722 24.4250049591
      vertex 6.65000104904 10.5250005722 22.7250022888
      vertex 4.39999961853 10.5250005722 24.4250049591
    endloop
  endfacet
  facet normal 0 1 0
    outer loop
      vertex 4.39999961853 10.5250005722 24.4250049591
      vertex 5 -0.255000948906 24.4250049591
      vertex 5 10.5250005722 24.4250049591
    endloop
  endfacet
  facet normal -1 0 0
    outer loop
      vertex 5 -0.255000948906 24.4250049591
      vertex 5 -0.255000948906 26.125
      vertex 5 10.5250005722 24.4250049591
    endloop
  endfacet
  facet normal -1 0 0
    outer loop
      vertex 5 10.5250005722 24.4250049591
      vertex 5 -0.255000948906 26.125
      vertex 5 10.5250005722 26.125
    endloop
  endfacet
  facet normal 0 0 -1
    outer loop
      vertex 5 10.5250005722 26.125
      vertex 6.65000104904 10.5250005722 27.8249988556
      vertex 5 10.5250005722 24.4250049591
    endloop
  endfacet
  facet normal 0 0 -1
    outer loop
      vertex 5 10.5250005722 26.125
      vertex 4.39999961853 10.5250005722 27.8249988556
      vertex 6.65000104904 10.5250005722 27.8249988556
    endloop
  endfacet
  facet normal 0 0 -1
    outer loop
      vertex 4.39999961853 10.5250005722 26.125
      vertex 4.39999961853 10.5250005722 27.8249988556
      vertex 5 10.5250005722 26.125
    endloop
  endfacet
  facet normal 0 -1 0
    outer loop
      vertex 4.39999961853 10.5250005722 26.125
      vertex 5 10.5250005722 26.125
      vertex 4.39999961853 -0.255000948906 26.125
    endloop
  endfacet
  facet normal -1 -0 0
    outer loop
      vertex 4.39999961853 9.52499961853 27.8249988556
      vertex 4.39999961853 10.5250005722 26.125
      vertex 4.39999961853 -0.255000948906 26.125
    endloop
  endfacet
  facet normal -1 0 0
    outer loop
      vertex 4.39999961853 10.5250005722 27.8249988556
      vertex 4.39999961853 10.5250005722 26.125
      vertex 4.39999961853 9.52499961853 27.8249988556
    endloop
  endfacet
  facet normal -0 1 0
    outer loop
      vertex 4.39999961853 9.52499961853 27.8249988556
      vertex 6.65000104904 9.52499961853 27.8249988556
      vertex 4.39999961853 10.5250005722 27.8249988556
    endloop
  endfacet
  facet normal 0 0 -1
    outer loop
      vertex 6.65000104904 9.52499961853 27.8249988556
      vertex 4.39999961853 9.52499961853 27.8249988556
      vertex 4.39999961853 9.52499961853 28.5750007629
    endloop
  endfacet
  facet normal 0 -1 0
    outer loop
      vertex 4.39999961853 -0.255000948906 26.125
      vertex 5 10.5250005722 26.125
      vertex 5 -0.255000948906 26.125
    endloop
  endfacet
  facet normal 0 0 -1
    outer loop
      vertex 4.39999961853 -0.255000948906 26.125
      vertex 5 -0.255000948906 26.125
      vertex 5 -0.255000948906 24.4250049591
    endloop
  endfacet
  facet normal -0 1 0
    outer loop
      vertex 4.39999961853 -0.255000948906 24.4250049591
      vertex 5 -0.255000948906 24.4250049591
      vertex 4.39999961853 10.5250005722 24.4250049591
    endloop
  endfacet
  facet normal 0 0 -1
    outer loop
      vertex 5 -0.255000948906 24.4250049591
      vertex 4.39999961853 -0.255000948906 24.4250049591
      vertex 4.39999961853 -0.255000948906 26.125
    endloop
  endfacet
  facet normal -1 0 0
    outer loop
      vertex 4.39999961853 9.52499961853 27.8249988556
      vertex 4.39999961853 -0.255000948906 26.125
      vertex 4.39999961853 9.52499961853 28.5750007629
    endloop
  endfacet
  facet normal -0 -1 -0
    outer loop
      vertex -10.8499994278 -0.068334043026 28.5750007629
      vertex -13.5999984741 -0.255000948906 28.5750007629
      vertex -10.8499994278 9.52500152588 28.5750007629
    endloop
  endfacet
  facet normal 0 0 -1
    outer loop
      vertex -10.8499994278 -0.068334043026 28.5750007629
      vertex 1.65000092983 -0.068334043026 48.8250007629
      vertex 1.64999961853 -0.068334043026 28.5750007629
    endloop
  endfacet
  facet normal 0 -1 0
    outer loop
      vertex 1.64999961853 9.52500152588 28.5750007629
      vertex 4.39999961853 9.52499961853 28.5750007629
      vertex 1.64999961853 -0.068334043026 28.5750007629
    endloop
  endfacet
  facet normal 9.0490692628e-07 -5.56013704045e-14 -1
    outer loop
      vertex 1.64999961853 9.52500152588 28.5750007629
      vertex 1.65000092983 9.52500152588 48.8250007629
      vertex 4.39999961853 9.52499961853 28.5750007629
    endloop
  endfacet
  facet normal 0 0 -1
    outer loop
      vertex -10.8499994278 7.52500152588 48.8250007629
      vertex 2.4000005722 7.52500152588 53.8250007629
      vertex 1.65000092983 7.52500152588 48.8250007629
    endloop
  endfacet
  facet normal 0 1 0
    outer loop
      vertex 2.4000005722 7.52500152588 48.8250007629
      vertex 2.63465309143 7.54346847534 48.8250007629
      vertex 1.65000092983 9.52500152588 48.8250007629
    endloop
  endfacet
  facet normal 0 1 0
    outer loop
      vertex 1.65000092983 9.52500152588 48.8250007629
      vertex 2.63465309143 7.54346847534 48.8250007629
      vertex 2.86352729797 7.59841442108 48.8250007629
    endloop
  endfacet
  facet normal 0 1 0
    outer loop
      vertex 1.65000092983 9.52500152588 48.8250007629
      vertex 2.86352729797 7.59841442108 48.8250007629
      vertex 3.08098697662 7.68849086761 48.8250007629
    endloop
  endfacet
  facet normal 0 1 0
    outer loop
      vertex 1.65000092983 9.52500152588 48.8250007629
      vertex 3.08098697662 7.68849086761 48.8250007629
      vertex 3.28167891502 7.81147432327 48.8250007629
    endloop
  endfacet
  facet normal 0 1 0
    outer loop
      vertex 3.28167891502 7.81147432327 48.8250007629
      vertex 3.46066141129 7.96434020996 48.8250007629
      vertex 1.65000092983 9.52500152588 48.8250007629
    endloop
  endfacet
  facet normal 0 1 0
    outer loop
      vertex 1.65000092983 9.52500152588 48.8250007629
      vertex 3.46066141129 7.96434020996 48.8250007629
      vertex 3.61352705956 8.14332294464 48.8250007629
    endloop
  endfacet
  facet normal 0 1 0
    outer loop
      vertex 1.65000092983 9.52500152588 48.8250007629
      vertex 3.61352705956 8.14332294464 48.8250007629
      vertex 3.73651099205 8.34401226044 48.8250007629
    endloop
  endfacet
  facet normal 0 1 0
    outer loop
      vertex 3.73651099205 8.34401226044 48.8250007629
      vertex 3.82658696175 8.56147384644 48.8250007629
      vertex 1.65000092983 9.52500152588 48.8250007629
    endloop
  endfacet
  facet normal -0.923879086971 -0 -0.382684499025
    outer loop
      vertex 3.73651099205 8.34401226044 53.8250007629
      vertex 3.82658696175 8.56147384644 48.8250007629
      vertex 3.73651099205 8.34401226044 48.8250007629
    endloop
  endfacet
  facet normal -0.85263800621 -0 -0.522502064705
    outer loop
      vertex 3.61352705956 8.14332294464 53.8250007629
      vertex 3.73651099205 8.34401226044 48.8250007629
      vertex 3.61352705956 8.14332294464 48.8250007629
    endloop
  endfacet
  facet normal -0.760405421257 -0 -0.649448692799
    outer loop
      vertex 3.61352705956 8.14332294464 53.8250007629
      vertex 3.61352705956 8.14332294464 48.8250007629
      vertex 3.46066141129 7.96434020996 53.8250007629
    endloop
  endfacet
  facet normal -0 -1 -0
    outer loop
      vertex 3.46066141129 7.96434020996 53.8250007629
      vertex 3.28167891502 7.81147432327 53.8250007629
      vertex 3.61352705956 8.14332294464 53.8250007629
    endloop
  endfacet
  facet normal 0 -1 0
    outer loop
      vertex 3.61352705956 8.14332294464 53.8250007629
      vertex 3.28167891502 7.81147432327 53.8250007629
      vertex 3.08098697662 7.68849086761 53.8250007629
    endloop
  endfacet
  facet normal 0 -1 0
    outer loop
      vertex 3.61352705956 8.14332294464 53.8250007629
      vertex 3.08098697662 7.68849086761 53.8250007629
      vertex 2.86352729797 7.59841442108 53.8250007629
    endloop
  endfacet
  facet normal -0.382688254118 -0 -0.923877537251
    outer loop
      vertex 3.08098697662 7.68849086761 53.8250007629
      vertex 3.08098697662 7.68849086761 48.8250007629
      vertex 2.86352729797 7.59841442108 53.8250007629
    endloop
  endfacet
  facet normal -0.522497355938 -0 -0.852640926838
    outer loop
      vertex 3.28167891502 7.81147432327 53.8250007629
      vertex 3.28167891502 7.81147432327 48.8250007629
      vertex 3.08098697662 7.68849086761 53.8250007629
    endloop
  endfacet
  facet normal -0.649448692799 -0 -0.760405421257
    outer loop
      vertex 3.46066141129 7.96434020996 53.8250007629
      vertex 3.46066141129 7.96434020996 48.8250007629
      vertex 3.28167891502 7.81147432327 53.8250007629
    endloop
  endfacet
  facet normal -0.760405421257 -0 -0.649448692799
    outer loop
      vertex 3.46066141129 7.96434020996 53.8250007629
      vertex 3.61352705956 8.14332294464 48.8250007629
      vertex 3.46066141129 7.96434020996 48.8250007629
    endloop
  endfacet
  facet normal -0.649448692799 -0 -0.760405421257
    outer loop
      vertex 3.28167891502 7.81147432327 53.8250007629
      vertex 3.46066141129 7.96434020996 48.8250007629
      vertex 3.28167891502 7.81147432327 48.8250007629
    endloop
  endfacet
  facet normal -0.522497355938 -0 -0.852640926838
    outer loop
      vertex 3.08098697662 7.68849086761 53.8250007629
      vertex 3.28167891502 7.81147432327 48.8250007629
      vertex 3.08098697662 7.68849086761 48.8250007629
    endloop
  endfacet
  facet normal -0.382688254118 -0 -0.923877537251
    outer loop
      vertex 2.86352729797 7.59841442108 53.8250007629
      vertex 3.08098697662 7.68849086761 48.8250007629
      vertex 2.86352729797 7.59841442108 48.8250007629
    endloop
  endfacet
  facet normal -0.233437731862 -0 -0.97237175703
    outer loop
      vertex 2.86352729797 7.59841442108 53.8250007629
      vertex 2.86352729797 7.59841442108 48.8250007629
      vertex 2.63465309143 7.54346847534 53.8250007629
    endloop
  endfacet
  facet normal -0.233437731862 -0 -0.97237175703
    outer loop
      vertex 2.63465309143 7.54346847534 53.8250007629
      vertex 2.86352729797 7.59841442108 48.8250007629
      vertex 2.63465309143 7.54346847534 48.8250007629
    endloop
  endfacet
  facet normal 0 -1 0
    outer loop
      vertex 2.63465309143 7.54346847534 53.8250007629
      vertex 3.61352705956 8.14332294464 53.8250007629
      vertex 2.86352729797 7.59841442108 53.8250007629
    endloop
  endfacet
  facet normal -0.85263800621 -0 -0.522502064705
    outer loop
      vertex 3.73651099205 8.34401226044 53.8250007629
      vertex 3.73651099205 8.34401226044 48.8250007629
      vertex 3.61352705956 8.14332294464 53.8250007629
    endloop
  endfacet
  facet normal -0.923879086971 -0 -0.382684499025
    outer loop
      vertex 3.82658696175 8.56147384644 53.8250007629
      vertex 3.82658696175 8.56147384644 48.8250007629
      vertex 3.73651099205 8.34401226044 53.8250007629
    endloop
  endfacet
  facet normal 0 -1 0
    outer loop
      vertex 2.4000005722 7.52500152588 53.8250007629
      vertex 3.90000247955 9.0250005722 53.8250007629
      vertex 3.88153529167 8.79034805298 53.8250007629
    endloop
  endfacet
  facet normal 0 -1 0
    outer loop
      vertex 3.90000247955 9.52500152588 53.8250007629
      vertex 3.90000247955 9.0250005722 53.8250007629
      vertex 2.4000005722 7.52500152588 53.8250007629
    endloop
  endfacet
  facet normal -0.972369372845 -0 -0.233447730541
    outer loop
      vertex 3.82658696175 8.56147384644 53.8250007629
      vertex 3.88153529167 8.79034805298 48.8250007629
      vertex 3.82658696175 8.56147384644 48.8250007629
    endloop
  endfacet
  facet normal -0.996917486191 -0 -0.0784572288394
    outer loop
      vertex 3.90000247955 9.0250005722 53.8250007629
      vertex 3.90000247955 9.0250005722 48.8250007629
      vertex 3.88153529167 8.79034805298 53.8250007629
    endloop
  endfacet
  facet normal 0 1 0
    outer loop
      vertex 1.65000092983 9.52500152588 48.8250007629
      vertex 3.82658696175 8.56147384644 48.8250007629
      vertex 3.88153529167 8.79034805298 48.8250007629
    endloop
  endfacet
  facet normal 0 -1.22888593523e-07 -1
    outer loop
      vertex 4.39999961853 9.52499961853 28.5750007629
      vertex 1.65000092983 9.52500152588 48.8250007629
      vertex 3.90000247955 9.52500152588 48.8250007629
    endloop
  endfacet
  facet normal -1 -0 -0
    outer loop
      vertex 3.90000247955 9.0250005722 53.8250007629
      vertex 3.90000247955 9.52500152588 53.8250007629
      vertex 3.90000247955 9.0250005722 48.8250007629
    endloop
  endfacet
  facet normal -4.13028935498e-08 -1.2390840709e-07 -1
    outer loop
      vertex 4.39999961853 9.52499961853 28.5750007629
      vertex 3.90000247955 9.52500152588 48.8250007629
      vertex 6.65000104904 9.52499961853 27.8249988556
    endloop
  endfacet
  facet normal 0 1 0
    outer loop
      vertex 4.39999961853 10.5250005722 27.8249988556
      vertex 6.65000104904 9.52499961853 27.8249988556
      vertex 6.65000104904 10.5250005722 27.8249988556
    endloop
  endfacet
  facet normal 0 0 -1
    outer loop
      vertex 5 10.5250005722 24.4250049591
      vertex 6.65000104904 10.5250005722 27.8249988556
      vertex 6.65000104904 10.5250005722 22.7250022888
    endloop
  endfacet
  facet normal 0 -1 0
    outer loop
      vertex 4.39999961853 10.5250005722 22.7250022888
      vertex 6.65000104904 10.5250005722 22.7250022888
      vertex 4.39999961853 9.52499961853 22.7250022888
    endloop
  endfacet
  facet normal 0 0 -1
    outer loop
      vertex 4.39999961853 9.52499961853 22.7250022888
      vertex 1.17803680897 9.52499961853 19.2532253265
      vertex 1.06067454815 9.52499961853 19.3756713867
    endloop
  endfacet
  facet normal 0 0 -1
    outer loop
      vertex 4.39999961853 9.52499961853 22.7250022888
      vertex 1.06067454815 9.52499961853 19.3756713867
      vertex 0.924307525158 9.52499961853 19.4765319824
    endloop
  endfacet
  facet normal 0 0 -1
    outer loop
      vertex 0.924307525158 9.52499961853 19.4765319824
      vertex 0.772857785225 9.52499961853 19.5528907776
      vertex 4.39999961853 9.52499961853 22.7250022888
    endloop
  endfacet
  facet normal 0 0 -1
    outer loop
      vertex 4.39999961853 9.52499961853 22.7250022888
      vertex 0.772857785225 9.52499961853 19.5528907776
      vertex 0.610680162907 9.52499961853 19.6025600433
    endloop
  endfacet
  facet normal 0 0 -1
    outer loop
      vertex 0.610680162907 9.52499961853 19.6025600433
      vertex 0.442440539598 9.52499961853 19.6240997314
      vertex 4.39999961853 9.52499961853 22.7250022888
    endloop
  endfacet
  facet normal -0.12699739635 -0.991903066635 -0
    outer loop
      vertex 0.610680162907 1.52499890327 19.6025600433
      vertex 0.442440539598 9.52499961853 19.6240997314
      vertex 0.610680162907 9.52499961853 19.6025600433
    endloop
  endfacet
  facet normal -0.292834997177 -0.95616298914 -0
    outer loop
      vertex 0.610680162907 1.52499890327 19.6025600433
      vertex 0.610680162907 9.52499961853 19.6025600433
      vertex 0.77285528183 1.52499890327 19.5528907776
    endloop
  endfacet
  facet normal 0 0 -1
    outer loop
      vertex 0.399999260902 1.52499890327 18.6250019073
      vertex 0.610680162907 1.52499890327 19.6025600433
      vertex 0.77285528183 1.52499890327 19.5528907776
    endloop
  endfacet
  facet normal 0 0 -1
    outer loop
      vertex 0.399999260902 1.52499890327 18.6250019073
      vertex 0.77285528183 1.52499890327 19.5528907776
      vertex 0.924307525158 1.52499890327 19.4765319824
    endloop
  endfacet
  facet normal 0 -0 -1
    outer loop
      vertex 0.924307525158 1.52499890327 19.4765319824
      vertex 1.06067454815 1.52499890327 19.3756713867
      vertex 0.399999260902 1.52499890327 18.6250019073
    endloop
  endfacet
  facet normal 0 0 -1
    outer loop
      vertex 0.399999260902 1.52499890327 18.6250019073
      vertex 1.06067454815 1.52499890327 19.3756713867
      vertex 1.17803680897 1.52499890327 19.2532253265
    endloop
  endfacet
  facet normal 0 0 -1
    outer loop
      vertex 0.399999260902 1.52499890327 18.6250019073
      vertex 1.17803680897 1.52499890327 19.2532253265
      vertex 1.2730152607 1.52499890327 19.1126995087
    endloop
  endfacet
  facet normal 0 -0 -1
    outer loop
      vertex 1.2730152607 1.52499890327 19.1126995087
      vertex 1.34287714958 1.52499890327 18.9581413269
      vertex 0.399999260902 1.52499890327 18.6250019073
    endloop
  endfacet
  facet normal 0 0 -1
    outer loop
      vertex 0.399999260902 1.52499890327 18.6250019073
      vertex 1.34287714958 1.52499890327 18.9581413269
      vertex 1.38561701775 1.52499890327 18.794002533
    endloop
  endfacet
  facet normal 0 0 -1
    outer loop
      vertex 0.399999260902 1.52499890327 18.6250019073
      vertex 1.38561701775 1.52499890327 18.794002533
      vertex 1.4000005722 1.52499890327 18.6250019073
    endloop
  endfacet
  facet normal -0 0 -1
    outer loop
      vertex 1.4000005722 1.52499890327 18.6250019073
      vertex 1.38561701775 1.52499890327 18.455997467
      vertex 0.399999260902 1.52499890327 18.6250019073
    endloop
  endfacet
  facet normal -0 0 -1
    outer loop
      vertex 1.38561701775 1.52499890327 18.455997467
      vertex 1.34287714958 1.52499890327 18.2918624878
      vertex 0.399999260902 1.52499890327 18.6250019073
    endloop
  endfacet
  facet normal 0 0 -1
    outer loop
      vertex 0.399999260902 1.52499890327 18.6250019073
      vertex 1.34287714958 1.52499890327 18.2918624878
      vertex 1.2730152607 1.52499890327 18.1373062134
    endloop
  endfacet
  facet normal 0 0 -1
    outer loop
      vertex 0.399999260902 1.52499890327 18.6250019073
      vertex 1.2730152607 1.52499890327 18.1373062134
      vertex 1.17803680897 1.52499890327 17.9967823029
    endloop
  endfacet
  facet normal -0 0 -1
    outer loop
      vertex 1.17803680897 1.52499890327 17.9967823029
      vertex 1.06067454815 1.52499890327 17.8743305206
      vertex 0.399999260902 1.52499890327 18.6250019073
    endloop
  endfacet
  facet normal 0 0 -1
    outer loop
      vertex 0.399999260902 1.52499890327 18.6250019073
      vertex 1.06067454815 1.52499890327 17.8743305206
      vertex 0.924307525158 1.52499890327 17.7734718323
    endloop
  endfacet
  facet normal 0 0 -1
    outer loop
      vertex 0.399999260902 1.52499890327 18.6250019073
      vertex 0.924307525158 1.52499890327 17.7734718323
      vertex 0.77285528183 1.52499890327 17.6971149445
    endloop
  endfacet
  facet normal -0 0 -1
    outer loop
      vertex 0.77285528183 1.52499890327 17.6971149445
      vertex 0.610680162907 1.52499890327 17.6474475861
      vertex 0.399999260902 1.52499890327 18.6250019073
    endloop
  endfacet
  facet normal 0 0 -1
    outer loop
      vertex 0.399999260902 1.52499890327 18.6250019073
      vertex 0.610680162907 1.52499890327 17.6474475861
      vertex 0.442440539598 1.52499890327 17.6259040833
    endloop
  endfacet
  facet normal 0 -0 -1
    outer loop
      vertex 0.399999260902 1.52499890327 18.6250019073
      vertex 0.442440539598 1.52499890327 17.6259040833
      vertex 0.272981584072 1.52499890327 17.6331005096
    endloop
  endfacet
  facet normal 0 0 -1
    outer loop
      vertex 0.272981584072 1.52499890327 17.6331005096
      vertex 0.107175707817 1.52499890327 17.6688346863
      vertex 0.399999260902 1.52499890327 18.6250019073
    endloop
  endfacet
  facet normal 0 0 -1
    outer loop
      vertex 0.399999260902 1.52499890327 18.6250019073
      vertex 0.107175707817 1.52499890327 17.6688346863
      vertex -0.0502041131258 1.52499890327 17.7320747375
    endloop
  endfacet
  facet normal 0 0 -1
    outer loop
      vertex 0.399999260902 1.52499890327 18.6250019073
      vertex -0.0502041131258 1.52499890327 17.7320747375
      vertex -0.194633811712 1.52499890327 17.8210048676
    endloop
  endfacet
  facet normal 0 0 -1
    outer loop
      vertex -0.194633811712 1.52499890327 17.8210048676
      vertex -0.321955114603 1.52499890327 17.9330615997
      vertex 0.399999260902 1.52499890327 18.6250019073
    endloop
  endfacet
  facet normal 0 0 -1
    outer loop
      vertex 0.399999260902 1.52499890327 18.6250019073
      vertex -0.321955114603 1.52499890327 17.9330615997
      vertex -0.428509950638 1.52499890327 18.0650253296
    endloop
  endfacet
  facet normal 0 0 -1
    outer loop
      vertex 0.399999260902 1.52499890327 18.6250019073
      vertex -0.428509950638 1.52499890327 18.0650253296
      vertex -0.511227488518 1.52499890327 18.2130966187
    endloop
  endfacet
  facet normal 0 0 -1
    outer loop
      vertex -0.511227488518 1.52499890327 18.2130966187
      vertex -0.567733705044 1.52499890327 18.3730220795
      vertex 0.399999260902 1.52499890327 18.6250019073
    endloop
  endfacet
  facet normal 0 0 -1
    outer loop
      vertex 0.399999260902 1.52499890327 18.6250019073
      vertex -0.567733705044 1.52499890327 18.3730220795
      vertex -0.5963986516 1.52499890327 18.5401973724
    endloop
  endfacet
  facet normal -0 0 -1
    outer loop
      vertex 0.399999260902 1.52499890327 18.6250019073
      vertex -0.5963986516 1.52499890327 18.5401973724
      vertex -0.5963986516 1.52499890327 18.7098045349
    endloop
  endfacet
  facet normal 0 0 -1
    outer loop
      vertex -0.5963986516 1.52499890327 18.7098045349
      vertex -0.567733705044 1.52499890327 18.8769817352
      vertex 0.399999260902 1.52499890327 18.6250019073
    endloop
  endfacet
  facet normal 0 0 -1
    outer loop
      vertex 0.399999260902 1.52499890327 18.6250019073
      vertex -0.567733705044 1.52499890327 18.8769817352
      vertex -0.511227488518 1.52499890327 19.0369052887
    endloop
  endfacet
  facet normal 0 0 -1
    outer loop
      vertex 0.399999260902 1.52499890327 18.6250019073
      vertex -0.511227488518 1.52499890327 19.0369052887
      vertex -0.428509950638 1.52499890327 19.1849746704
    endloop
  endfacet
  facet normal 0 0 -1
    outer loop
      vertex -0.428509950638 1.52499890327 19.1849746704
      vertex -0.321955114603 1.52499890327 19.3169403076
      vertex 0.399999260902 1.52499890327 18.6250019073
    endloop
  endfacet
  facet normal 0 0 -1
    outer loop
      vertex 0.399999260902 1.52499890327 18.6250019073
      vertex -0.321955114603 1.52499890327 19.3169403076
      vertex -0.194633811712 1.52499890327 19.4290027618
    endloop
  endfacet
  facet normal 0 0 -1
    outer loop
      vertex 0.399999260902 1.52499890327 18.6250019073
      vertex -0.194633811712 1.52499890327 19.4290027618
      vertex -0.0502041131258 1.52499890327 19.5179252625
    endloop
  endfacet
  facet normal 0 0 -1
    outer loop
      vertex -0.0502041131258 1.52499890327 19.5179252625
      vertex 0.107175707817 1.52499890327 19.5811653137
      vertex 0.399999260902 1.52499890327 18.6250019073
    endloop
  endfacet
  facet normal 0 0 -1
    outer loop
      vertex 0.399999260902 1.52499890327 18.6250019073
      vertex 0.107175707817 1.52499890327 19.5811653137
      vertex 0.272981584072 1.52499890327 19.6169033051
    endloop
  endfacet
  facet normal 0 0 -1
    outer loop
      vertex 0.399999260902 1.52499890327 18.6250019073
      vertex 0.272981584072 1.52499890327 19.6169033051
      vertex 0.442440539598 1.52499890327 19.6240997314
    endloop
  endfacet
  facet normal 0.0424305833876 -0.999099433422 3.10781587132e-07
    outer loop
      vertex 0.272981584072 1.52499890327 19.6169033051
      vertex 0.272981584072 9.52499961853 19.6169013977
      vertex 0.442440539598 1.52499890327 19.6240997314
    endloop
  endfacet
  facet normal 0.0424452312291 -0.999098777771 0
    outer loop
      vertex 0.442440539598 1.52499890327 19.6240997314
      vertex 0.272981584072 9.52499961853 19.6169013977
      vertex 0.442440539598 9.52499961853 19.6240997314
    endloop
  endfacet
  facet normal 0.210698232055 -0.977551162243 0
    outer loop
      vertex 0.107175707817 1.52499890327 19.5811653137
      vertex 0.107175707817 9.52499961853 19.5811653137
      vertex 0.272981584072 1.52499890327 19.6169033051
    endloop
  endfacet
  facet normal 0.372854858637 -0.9278896451 1.15980881787e-07
    outer loop
      vertex -0.0502041131258 1.52499890327 19.5179252625
      vertex -0.0502016246319 9.52499961853 19.5179252625
      vertex 0.107175707817 1.52499890327 19.5811653137
    endloop
  endfacet
  facet normal 0.524285674095 -0.851542413235 1.63085218219e-07
    outer loop
      vertex -0.194633811712 1.52499890327 19.4290027618
      vertex -0.194631323218 9.52499961853 19.4290027618
      vertex -0.0502041131258 1.52499890327 19.5179252625
    endloop
  endfacet
  facet normal 0.660691380501 -0.750657618046 0
    outer loop
      vertex -0.321955114603 1.52499890327 19.3169403076
      vertex -0.321955114603 9.52499961853 19.3169403076
      vertex -0.194633811712 1.52499890327 19.4290027618
    endloop
  endfacet
  facet normal 0.778033852577 -0.628222346306 0
    outer loop
      vertex -0.428509950638 1.52499890327 19.1849746704
      vertex -0.428509950638 9.52499961853 19.1849746704
      vertex -0.321955114603 1.52499890327 19.3169403076
    endloop
  endfacet
  facet normal 0.873012959957 -0.487697064877 0
    outer loop
      vertex -0.511227488518 1.52499890327 19.0369052887
      vertex -0.511227488518 9.52499961853 19.0369052887
      vertex -0.428509950638 1.52499890327 19.1849746704
    endloop
  endfacet
  facet normal 0.942874073982 -0.333149343729 1.03630007686e-07
    outer loop
      vertex -0.567733705044 1.52499890327 18.8769817352
      vertex -0.567733705044 9.52499961853 18.8769798279
      vertex -0.511227488518 1.52499890327 19.0369052887
    endloop
  endfacet
  facet normal 0.985616326332 -0.16899843514 3.06587509158e-07
    outer loop
      vertex -0.5963986516 1.52499890327 18.7098045349
      vertex -0.596396207809 9.52499961853 18.7098045349
      vertex -0.567733705044 1.52499890327 18.8769817352
    endloop
  endfacet
  facet normal 1 0 3.11061739922e-07
    outer loop
      vertex -0.5963986516 1.52499890327 18.7098045349
      vertex -0.596396207809 9.52499961853 18.5401973724
      vertex -0.596396207809 9.52499961853 18.7098045349
    endloop
  endfacet
  facet normal 1 -0 3.11061739922e-07
    outer loop
      vertex -0.5963986516 1.52499890327 18.5401973724
      vertex -0.596396207809 9.52499961853 18.5401973724
      vertex -0.5963986516 1.52499890327 18.7098045349
    endloop
  endfacet
  facet normal 0.985618770123 0.168984174728 3.06588276544e-07
    outer loop
      vertex -0.5963986516 1.52499890327 18.5401973724
      vertex -0.567733705044 9.52499961853 18.3730201721
      vertex -0.596396207809 9.52499961853 18.5401973724
    endloop
  endfacet
  facet normal 4.2296883862e-07 7.25179347683e-08 -1
    outer loop
      vertex -6.09999895096 9.52500152588 16.3250007629
      vertex -0.596396207809 9.52499961853 18.5401973724
      vertex -0.567733705044 9.52499961853 18.3730201721
    endloop
  endfacet
  facet normal 3.97783537665e-07 1.40550397987e-07 -1
    outer loop
      vertex -0.567733705044 9.52499961853 18.3730201721
      vertex -0.511227488518 9.52499961853 18.2130966187
      vertex -6.09999895096 9.52500152588 16.3250007629
    endloop
  endfacet
  facet normal 3.74574000261e-07 2.09250785588e-07 -1
    outer loop
      vertex -6.09999895096 9.52500152588 16.3250007629
      vertex -0.511227488518 9.52499961853 18.2130966187
      vertex -0.428509950638 9.52499961853 18.0650253296
    endloop
  endfacet
  facet normal 3.51657547526e-07 2.83945382762e-07 -1
    outer loop
      vertex -6.09999895096 9.52500152588 16.3250007629
      vertex -0.428509950638 9.52499961853 18.0650253296
      vertex -0.321955114603 9.52499961853 17.9330615997
    endloop
  endfacet
  facet normal 3.2720996046e-07 3.71789866449e-07 -1
    outer loop
      vertex -0.321955114603 9.52499961853 17.9330615997
      vertex -0.194631323218 9.52499961853 17.8210048676
      vertex -6.09999895096 9.52500152588 16.3250007629
    endloop
  endfacet
  facet normal 2.98558376244e-07 4.84889994823e-07 -1
    outer loop
      vertex -6.09999895096 9.52500152588 16.3250007629
      vertex -0.194631323218 9.52499961853 17.8210048676
      vertex -0.0502016246319 9.52499961853 17.7320747375
    endloop
  endfacet
  facet normal 2.60537120766e-07 6.48364618883e-07 -1
    outer loop
      vertex -6.09999895096 9.52500152588 16.3250007629
      vertex -0.0502016246319 9.52499961853 17.7320747375
      vertex 0.107175707817 9.52499961853 17.6688346863
    endloop
  endfacet
  facet normal 2.00007562512e-07 9.27950964069e-07 -1
    outer loop
      vertex 0.107175707817 9.52499961853 17.6688346863
      vertex 0.272981584072 9.52499961853 17.6330986023
      vertex -6.09999895096 9.52500152588 16.3250007629
    endloop
  endfacet
  facet normal 0.210698232055 0.977551162243 0
    outer loop
      vertex 0.107175707817 1.52499890327 17.6688346863
      vertex 0.272981584072 9.52499961853 17.6330986023
      vertex 0.107175707817 9.52499961853 17.6688346863
    endloop
  endfacet
  facet normal 0.372859954834 0.927887618542 1.15982459192e-07
    outer loop
      vertex -0.0502041131258 1.52499890327 17.7320747375
      vertex 0.107175707817 9.52499961853 17.6688346863
      vertex -0.0502016246319 9.52499961853 17.7320747375
    endloop
  endfacet
  facet normal 0.524306952953 0.851529359818 1.63091826266e-07
    outer loop
      vertex -0.194633811712 1.52499890327 17.8210048676
      vertex -0.0502016246319 9.52499961853 17.7320747375
      vertex -0.194631323218 9.52499961853 17.8210048676
    endloop
  endfacet
  facet normal 0.660667598248 0.750678598881 0
    outer loop
      vertex -0.321955114603 1.52499890327 17.9330615997
      vertex -0.194631323218 9.52499961853 17.8210048676
      vertex -0.321955114603 9.52499961853 17.9330615997
    endloop
  endfacet
  facet normal 0.778033852577 0.628222346306 0
    outer loop
      vertex -0.428509950638 1.52499890327 18.0650253296
      vertex -0.321955114603 9.52499961853 17.9330615997
      vertex -0.428509950638 9.52499961853 18.0650253296
    endloop
  endfacet
  facet normal 0.873012959957 0.487697064877 0
    outer loop
      vertex -0.511227488518 1.52499890327 18.2130966187
      vertex -0.428509950638 9.52499961853 18.0650253296
      vertex -0.511227488518 9.52499961853 18.2130966187
    endloop
  endfacet
  facet normal 0.942874073982 0.333149343729 -1.03630007686e-07
    outer loop
      vertex -0.567733705044 1.52499890327 18.3730220795
      vertex -0.511227488518 9.52499961853 18.2130966187
      vertex -0.567733705044 9.52499961853 18.3730201721
    endloop
  endfacet
  facet normal 0.9856159091 0.16900087893 -5.25697032572e-08
    outer loop
      vertex -0.567733705044 1.52499890327 18.3730220795
      vertex -0.567733705044 9.52499961853 18.3730201721
      vertex -0.5963986516 1.52499890327 18.5401973724
    endloop
  endfacet
  facet normal 0.942875683308 0.333144724369 0
    outer loop
      vertex -0.511227488518 1.52499890327 18.2130966187
      vertex -0.511227488518 9.52499961853 18.2130966187
      vertex -0.567733705044 1.52499890327 18.3730220795
    endloop
  endfacet
  facet normal 0.873012959957 0.487697064877 0
    outer loop
      vertex -0.428509950638 1.52499890327 18.0650253296
      vertex -0.428509950638 9.52499961853 18.0650253296
      vertex -0.511227488518 1.52499890327 18.2130966187
    endloop
  endfacet
  facet normal 0.778033852577 0.628222346306 0
    outer loop
      vertex -0.321955114603 1.52499890327 17.9330615997
      vertex -0.321955114603 9.52499961853 17.9330615997
      vertex -0.428509950638 1.52499890327 18.0650253296
    endloop
  endfacet
  facet normal 0.660674870014 0.750672161579 2.05510659157e-07
    outer loop
      vertex -0.194633811712 1.52499890327 17.8210048676
      vertex -0.194631323218 9.52499961853 17.8210048676
      vertex -0.321955114603 1.52499890327 17.9330615997
    endloop
  endfacet
  facet normal 0.524306952953 0.851529359818 1.63091826266e-07
    outer loop
      vertex -0.0502041131258 1.52499890327 17.7320747375
      vertex -0.0502016246319 9.52499961853 17.7320747375
      vertex -0.194633811712 1.52499890327 17.8210048676
    endloop
  endfacet
  facet normal 0.372854858637 0.9278896451 0
    outer loop
      vertex 0.107175707817 1.52499890327 17.6688346863
      vertex 0.107175707817 9.52499961853 17.6688346863
      vertex -0.0502041131258 1.52499890327 17.7320747375
    endloop
  endfacet
  facet normal 0.210684210062 0.97755420208 -3.04079691205e-07
    outer loop
      vertex 0.272981584072 1.52499890327 17.6331005096
      vertex 0.272981584072 9.52499961853 17.6330986023
      vertex 0.107175707817 1.52499890327 17.6688346863
    endloop
  endfacet
  facet normal 0.0424159392715 0.999100029469 -3.10781786084e-07
    outer loop
      vertex 0.272981584072 1.52499890327 17.6331005096
      vertex 0.442440539598 9.52499961853 17.6259040833
      vertex 0.272981584072 9.52499961853 17.6330986023
    endloop
  endfacet
  facet normal 0.0424305833876 0.999099433422 0
    outer loop
      vertex 0.442440539598 1.52499890327 17.6259040833
      vertex 0.442440539598 9.52499961853 17.6259040833
      vertex 0.272981584072 1.52499890327 17.6331005096
    endloop
  endfacet
  facet normal -0.127011835575 0.991901218891 0
    outer loop
      vertex 0.610680162907 1.52499890327 17.6474475861
      vertex 0.610680162907 9.52499961853 17.6474475861
      vertex 0.442440539598 1.52499890327 17.6259040833
    endloop
  endfacet
  facet normal -0.292834997177 0.95616298914 -3.88515474015e-07
    outer loop
      vertex 0.77285528183 1.52499890327 17.6971149445
      vertex 0.772857785225 9.52499961853 17.6971130371
      vertex 0.610680162907 1.52499890327 17.6474475861
    endloop
  endfacet
  facet normal -0.450186550617 0.892934560776 0
    outer loop
      vertex 0.924307525158 1.52499890327 17.7734718323
      vertex 0.924307525158 9.52499961853 17.7734718323
      vertex 0.77285528183 1.52499890327 17.6971149445
    endloop
  endfacet
  facet normal -0.594641447067 0.803991019726 -2.50090835152e-07
    outer loop
      vertex 1.06067454815 1.52499890327 17.8743305206
      vertex 1.06067454815 9.52499961853 17.8743286133
      vertex 0.924307525158 1.52499890327 17.7734718323
    endloop
  endfacet
  facet normal -0.721949398518 0.691945850849 0
    outer loop
      vertex 1.17803680897 1.52499890327 17.9967823029
      vertex 1.17803680897 9.52499961853 17.9967823029
      vertex 1.06067454815 1.52499890327 17.8743305206
    endloop
  endfacet
  facet normal -0.828510046005 0.559974193573 0
    outer loop
      vertex 1.2730152607 1.52499890327 18.1373062134
      vertex 1.2730152607 9.52499961853 18.1373062134
      vertex 1.17803680897 1.52499890327 17.9967823029
    endloop
  endfacet
  facet normal -0.911231696606 0.411894112825 0
    outer loop
      vertex 1.34287714958 1.52499890327 18.2918624878
      vertex 1.34287714958 9.52499961853 18.2918624878
      vertex 1.2730152607 1.52499890327 18.1373062134
    endloop
  endfacet
  facet normal -0.9677298069 0.251990050077 0
    outer loop
      vertex 1.38561701775 1.52499890327 18.455997467
      vertex 1.38561701775 9.52499961853 18.455997467
      vertex 1.34287714958 1.52499890327 18.2918624878
    endloop
  endfacet
  facet normal -0.996397912502 0.0848010703921 -2.63783679344e-08
    outer loop
      vertex 1.4000005722 1.52499890327 18.6250019073
      vertex 1.4000005722 9.52499961853 18.625
      vertex 1.38561701775 1.52499890327 18.455997467
    endloop
  endfacet
  facet normal -0.996397793293 -0.0848023071885 -0
    outer loop
      vertex 1.38561701775 1.52499890327 18.794002533
      vertex 1.38561701775 9.52499961853 18.794002533
      vertex 1.4000005722 1.52499890327 18.6250019073
    endloop
  endfacet
  facet normal -0.967730760574 -0.251986473799 -0
    outer loop
      vertex 1.34287714958 1.52499890327 18.9581413269
      vertex 1.34287714958 9.52499961853 18.9581413269
      vertex 1.38561701775 1.52499890327 18.794002533
    endloop
  endfacet
  facet normal -0.911234200001 -0.411888599396 1.28122778165e-07
    outer loop
      vertex 1.2730152607 1.52499890327 19.1126995087
      vertex 1.2730152607 9.52499961853 19.1126976013
      vertex 1.34287714958 1.52499890327 18.9581413269
    endloop
  endfacet
  facet normal -0.828510046005 -0.559974193573 -0
    outer loop
      vertex 1.17803680897 1.52499890327 19.2532253265
      vertex 1.17803680897 9.52499961853 19.2532253265
      vertex 1.2730152607 1.52499890327 19.1126995087
    endloop
  endfacet
  facet normal -0.721935391426 -0.691960513592 -0
    outer loop
      vertex 1.06067454815 1.52499890327 19.3756713867
      vertex 1.06067454815 9.52499961853 19.3756713867
      vertex 1.17803680897 1.52499890327 19.2532253265
    endloop
  endfacet
  facet normal -0.594650924206 -0.803983986378 -0
    outer loop
      vertex 0.924307525158 1.52499890327 19.4765319824
      vertex 0.924307525158 9.52499961853 19.4765319824
      vertex 1.06067454815 1.52499890327 19.3756713867
    endloop
  endfacet
  facet normal -0.450198233128 -0.892928659916 -1.40039446705e-07
    outer loop
      vertex 0.77285528183 1.52499890327 19.5528907776
      vertex 0.772857785225 9.52499961853 19.5528907776
      vertex 0.924307525158 1.52499890327 19.4765319824
    endloop
  endfacet
  facet normal 0 -0 -1
    outer loop
      vertex 0.442440539598 1.52499890327 19.6240997314
      vertex 0.610680162907 1.52499890327 19.6025600433
      vertex 0.399999260902 1.52499890327 18.6250019073
    endloop
  endfacet
  facet normal -0.12699739635 -0.991903066635 -0
    outer loop
      vertex 0.442440539598 1.52499890327 19.6240997314
      vertex 0.442440539598 9.52499961853 19.6240997314
      vertex 0.610680162907 1.52499890327 19.6025600433
    endloop
  endfacet
  facet normal -0.292830884457 -0.956164240837 -9.10884807581e-08
    outer loop
      vertex 0.77285528183 1.52499890327 19.5528907776
      vertex 0.610680162907 9.52499961853 19.6025600433
      vertex 0.772857785225 9.52499961853 19.5528907776
    endloop
  endfacet
  facet normal -0.450204133987 -0.892925679684 -0
    outer loop
      vertex 0.924307525158 1.52499890327 19.4765319824
      vertex 0.772857785225 9.52499961853 19.5528907776
      vertex 0.924307525158 9.52499961853 19.4765319824
    endloop
  endfacet
  facet normal -0.594650924206 -0.803983986378 -0
    outer loop
      vertex 1.06067454815 1.52499890327 19.3756713867
      vertex 0.924307525158 9.52499961853 19.4765319824
      vertex 1.06067454815 9.52499961853 19.3756713867
    endloop
  endfacet
  facet normal -0.721935391426 -0.691960513592 -0
    outer loop
      vertex 1.17803680897 1.52499890327 19.2532253265
      vertex 1.06067454815 9.52499961853 19.3756713867
      vertex 1.17803680897 9.52499961853 19.2532253265
    endloop
  endfacet
  facet normal -0.828514635563 -0.559967398643 1.74184421553e-07
    outer loop
      vertex 1.2730152607 1.52499890327 19.1126995087
      vertex 1.17803680897 9.52499961853 19.2532253265
      vertex 1.2730152607 9.52499961853 19.1126976013
    endloop
  endfacet
  facet normal -0.911231696606 -0.411894112825 -0
    outer loop
      vertex 1.34287714958 1.52499890327 18.9581413269
      vertex 1.2730152607 9.52499961853 19.1126976013
      vertex 1.34287714958 9.52499961853 18.9581413269
    endloop
  endfacet
  facet normal -0.967730760574 -0.251986473799 -0
    outer loop
      vertex 1.38561701775 1.52499890327 18.794002533
      vertex 1.34287714958 9.52499961853 18.9581413269
      vertex 1.38561701775 9.52499961853 18.794002533
    endloop
  endfacet
  facet normal -0.996397912502 -0.0848010703921 2.63783679344e-08
    outer loop
      vertex 1.4000005722 1.52499890327 18.6250019073
      vertex 1.38561701775 9.52499961853 18.794002533
      vertex 1.4000005722 9.52499961853 18.625
    endloop
  endfacet
  facet normal -0.996397793293 0.0848023071885 0
    outer loop
      vertex 1.38561701775 1.52499890327 18.455997467
      vertex 1.4000005722 9.52499961853 18.625
      vertex 1.38561701775 9.52499961853 18.455997467
    endloop
  endfacet
  facet normal -0.9677298069 0.251990050077 0
    outer loop
      vertex 1.34287714958 1.52499890327 18.2918624878
      vertex 1.38561701775 9.52499961853 18.455997467
      vertex 1.34287714958 9.52499961853 18.2918624878
    endloop
  endfacet
  facet normal -0.911231696606 0.411894112825 0
    outer loop
      vertex 1.2730152607 1.52499890327 18.1373062134
      vertex 1.34287714958 9.52499961853 18.2918624878
      vertex 1.2730152607 9.52499961853 18.1373062134
    endloop
  endfacet
  facet normal -0.828510046005 0.559974193573 0
    outer loop
      vertex 1.17803680897 1.52499890327 17.9967823029
      vertex 1.2730152607 9.52499961853 18.1373062134
      vertex 1.17803680897 9.52499961853 17.9967823029
    endloop
  endfacet
  facet normal -0.721956431866 0.691938519478 -2.15235587575e-07
    outer loop
      vertex 1.06067454815 1.52499890327 17.8743305206
      vertex 1.17803680897 9.52499961853 17.9967823029
      vertex 1.06067454815 9.52499961853 17.8743286133
    endloop
  endfacet
  facet normal -0.594631969929 0.803998053074 0
    outer loop
      vertex 0.924307525158 1.52499890327 17.7734718323
      vertex 1.06067454815 9.52499961853 17.8743286133
      vertex 0.924307525158 9.52499961853 17.7734718323
    endloop
  endfacet
  facet normal -0.450204133987 0.892925679684 -4.17796286456e-07
    outer loop
      vertex 0.77285528183 1.52499890327 17.6971149445
      vertex 0.924307525158 9.52499961853 17.7734718323
      vertex 0.772857785225 9.52499961853 17.6971130371
    endloop
  endfacet
  facet normal -0.292817473412 0.956168353558 0
    outer loop
      vertex 0.610680162907 1.52499890327 17.6474475861
      vertex 0.772857785225 9.52499961853 17.6971130371
      vertex 0.610680162907 9.52499961853 17.6474475861
    endloop
  endfacet
  facet normal -0.127011835575 0.991901218891 0
    outer loop
      vertex 0.442440539598 1.52499890327 17.6259040833
      vertex 0.610680162907 9.52499961853 17.6474475861
      vertex 0.442440539598 9.52499961853 17.6259040833
    endloop
  endfacet
  facet normal 6.69220341365e-08 1.57633689923e-06 -1
    outer loop
      vertex -6.09999895096 9.52500152588 16.3250007629
      vertex 0.272981584072 9.52499961853 17.6330986023
      vertex 0.442440539598 9.52499961853 17.6259040833
    endloop
  endfacet
  facet normal -0 -1 -0
    outer loop
      vertex 6.89999961853 0.525000035763 16.3250007629
      vertex -6.09999895096 0.525000035763 16.3250007629
      vertex 6.89999961853 9.52499961853 16.3250007629
    endloop
  endfacet
  facet normal -0 0 -1
    outer loop
      vertex 6.89999961853 0.525000035763 16.3250007629
      vertex 0.675864994526 0.525000035763 6.31914567947
      vertex -6.09999895096 0.525000035763 16.3250007629
    endloop
  endfacet
  facet normal 0 0 -1
    outer loop
      vertex -6.09999895096 0.525000035763 16.3250007629
      vertex 0.675864994526 0.525000035763 6.31914567947
      vertex -0.425617069006 0.525000035763 6.27235460281
    endloop
  endfacet
  facet normal 0 0 -1
    outer loop
      vertex 6.89999961853 0.525000035763 16.3250007629
      vertex 1.76941370964 0.525000035763 6.17911338806
      vertex 0.675864994526 0.525000035763 6.31914567947
    endloop
  endfacet
  facet normal -0.127016156912 -0.991900622845 -0
    outer loop
      vertex 1.76941370964 -0.975001871586 6.17911338806
      vertex 0.675864994526 0.525000035763 6.31914567947
      vertex 1.76941370964 0.525000035763 6.17911338806
    endloop
  endfacet
  facet normal 0 0 -1
    outer loop
      vertex 2.82356476784 0.525000035763 5.85628080368
      vertex 1.76941370964 0.525000035763 6.17911338806
      vertex 6.89999961853 0.525000035763 16.3250007629
    endloop
  endfacet
  facet normal 0 0 -1
    outer loop
      vertex 6.89999961853 0.525000035763 16.3250007629
      vertex 3.80799531937 0.525000035763 5.35994338989
      vertex 2.82356476784 0.525000035763 5.85628080368
    endloop
  endfacet
  facet normal -0.450202316046 -0.892926573753 -0
    outer loop
      vertex 3.80799531937 -0.975001871586 5.35994338989
      vertex 2.82356476784 0.525000035763 5.85628080368
      vertex 3.80799531937 0.525000035763 5.35994338989
    endloop
  endfacet
  facet normal 0 0 -1
    outer loop
      vertex 4.69438457489 0.525000035763 4.70437192917
      vertex 3.80799531937 0.525000035763 5.35994338989
      vertex 6.89999961853 0.525000035763 16.3250007629
    endloop
  endfacet
  facet normal 0 0 -1
    outer loop
      vertex 6.89999961853 0.525000035763 16.3250007629
      vertex 5.45722961426 0.525000035763 3.90843224525
      vertex 4.69438457489 0.525000035763 4.70437192917
    endloop
  endfacet
  facet normal -0.594633996487 -0.803996562958 -0
    outer loop
      vertex 4.69438457489 -0.975001871586 4.70437192917
      vertex 3.80799531937 0.525000035763 5.35994338989
      vertex 4.69438457489 0.525000035763 4.70437192917
    endloop
  endfacet
  facet normal -0.292824625969 -0.956166148186 -0
    outer loop
      vertex 2.82356476784 -0.975001871586 5.85628080368
      vertex 1.76941370964 0.525000035763 6.17911338806
      vertex 2.82356476784 0.525000035763 5.85628080368
    endloop
  endfacet
  facet normal 0 0 -1
    outer loop
      vertex -6.10000181198 9.52499961853 -6.67499828339
      vertex 0.442439287901 9.52499961853 -7.97589540482
      vertex 0.272980332375 9.52499961853 -7.98310232162
    endloop
  endfacet
  facet normal -0.12705513835 -0.991895675659 -0
    outer loop
      vertex 0.610678911209 1.52499890327 -7.99744606018
      vertex 0.442439287901 9.52499961853 -7.97589540482
      vertex 0.610678911209 9.52499961853 -7.99744606018
    endloop
  endfacet
  facet normal -0.292790651321 -0.956176578999 -9.10759681005e-08
    outer loop
      vertex 0.772854030132 1.52499890327 -8.04710674286
      vertex 0.610678911209 9.52499961853 -7.99744606018
      vertex 0.772856533527 9.52499961853 -8.04710674286
    endloop
  endfacet
  facet normal -0.4502158463 -0.892919778824 -0
    outer loop
      vertex 0.92430627346 1.52499890327 -8.12346839905
      vertex 0.772856533527 9.52499961853 -8.04710674286
      vertex 0.92430627346 9.52499961853 -8.12346839905
    endloop
  endfacet
  facet normal -0.594660401344 -0.803977012634 -0
    outer loop
      vertex 1.06067323685 1.52499890327 -8.22433185577
      vertex 0.92430627346 9.52499961853 -8.12346839905
      vertex 1.06067323685 9.52499961853 -8.22433185577
    endloop
  endfacet
  facet normal -0.721942424774 -0.69195318222 -0
    outer loop
      vertex 1.17803561687 1.52499890327 -8.34678077698
      vertex 1.06067323685 9.52499961853 -8.22433185577
      vertex 1.17803561687 9.52499961853 -8.34678077698
    endloop
  endfacet
  facet normal -0.828510046005 -0.559974193573 -0
    outer loop
      vertex 1.27301394939 1.52499890327 -8.48730564117
      vertex 1.17803561687 9.52499961853 -8.34678077698
      vertex 1.27301394939 9.52499961853 -8.48730564117
    endloop
  endfacet
  facet normal -0.91122674942 -0.411905109882 -0
    outer loop
      vertex 1.34287595749 1.52499890327 -8.64185619354
      vertex 1.27301394939 9.52499961853 -8.48730564117
      vertex 1.34287595749 9.52499961853 -8.64185619354
    endloop
  endfacet
  facet normal -0.967731714249 -0.25198289752 -0
    outer loop
      vertex 1.38561582565 1.52499890327 -8.80599784851
      vertex 1.34287595749 9.52499961853 -8.64185619354
      vertex 1.38561582565 9.52499961853 -8.80599784851
    endloop
  endfacet
  facet normal -0.996397674084 -0.0848035514355 -0
    outer loop
      vertex 1.3999992609 1.52499890327 -8.9749956131
      vertex 1.38561582565 9.52499961853 -8.80599784851
      vertex 1.3999992609 9.52499961853 -8.9749956131
    endloop
  endfacet
  facet normal 0 0 -1
    outer loop
      vertex 9.9459400177 9.52499961853 -11.2209367752
      vertex 1.38561582565 9.52499961853 -9.14400005341
      vertex 1.3999992609 9.52499961853 -8.9749956131
    endloop
  endfacet
  facet normal -0.760098159313 0.649188876152 -0.0283654555678
    outer loop
      vertex 11.3217287064 9.52499961853 -9.61010456085
      vertex 11.1312847137 10.2741355896 -9.86581707001
      vertex 9.9459400177 9.52499961853 -11.2209367752
    endloop
  endfacet
  facet normal 0 0 -1
    outer loop
      vertex 13.2392625809 9.52499961853 -5.84673023224
      vertex 12.4285860062 9.52499961853 -7.80386590958
      vertex 6.89999866486 9.52499961853 -6.67499828339
    endloop
  endfacet
  facet normal -0.9218095541 0.381828129292 -0.0668908804655
    outer loop
      vertex 13.2392625809 9.52499961853 -5.84673023224
      vertex 12.9670543671 10.1102952957 -6.6064324379
      vertex 12.4285860062 9.52499961853 -7.80386590958
    endloop
  endfacet
  facet normal -0.916879713535 0.398104757071 -0.0290557667613
    outer loop
      vertex 12.4285860062 9.52499961853 -7.80386590958
      vertex 12.9670543671 10.1102952957 -6.6064324379
      vertex 12.5962657928 10.146030426 -7.46300697327
    endloop
  endfacet
  facet normal 6.34422613075e-05 0.041654560715 -0.999132096767
    outer loop
      vertex 12.9670543671 10.1102952957 -6.6064324379
      vertex 15.879404068 10.1426935196 -7.38796424866
      vertex 12.5962657928 10.146030426 -7.46300697327
    endloop
  endfacet
  facet normal -0.00012562990014 0.0499096624553 -0.998753726482
    outer loop
      vertex 12.5962657928 10.146030426 -7.46300697327
      vertex 15.879404068 10.1426935196 -7.38796424866
      vertex 15.1942214966 10.2222251892 -8.98122692108
    endloop
  endfacet
  facet normal 0.000147053884575 0.0419656001031 -0.99911904335
    outer loop
      vertex 12.9670543671 10.1102952957 -6.6064324379
      vertex 16.0924072266 10.1168670654 -6.773853302
      vertex 15.879404068 10.1426935196 -7.38796424866
    endloop
  endfacet
  facet normal 0.944783329964 -0.327695697546 2.65437563485e-07
    outer loop
      vertex 15.879404068 10.1426935196 -7.38796424866
      vertex 16.0924072266 10.1168670654 -6.773853302
      vertex 16.0924301147 -0.975006818771 -6.77377653122
    endloop
  endfacet
  facet normal -0.000175478999154 0.0359538719058 -0.999353408813
    outer loop
      vertex 13.2392578125 10.0830116272 -5.84673786163
      vertex 16.0924072266 10.1168670654 -6.773853302
      vertex 12.9670543671 10.1102952957 -6.6064324379
    endloop
  endfacet
  facet normal -0.000131295630126 0.0360896661878 -0.999348521233
    outer loop
      vertex 13.2392578125 10.0830116272 -5.84673786163
      vertex 16.3952331543 10.0790300369 -5.72500324249
      vertex 16.0924072266 10.1168670654 -6.773853302
    endloop
  endfacet
  facet normal 0.960756957531 -0.277391582727 0
    outer loop
      vertex 16.0924072266 10.1168670654 -6.773853302
      vertex 16.3952331543 10.0790300369 -5.72500324249
      vertex 16.3952331543 9.71166324615 -5.72500324249
    endloop
  endfacet
  facet normal 0 1 -0
    outer loop
      vertex 16.3952331543 10.0790300369 -5.72500324249
      vertex 13.278178215 10.0790300369 -5.72500324249
      vertex 16.3952331543 9.71166324615 -5.72500324249
    endloop
  endfacet
  facet normal 0 1 0
    outer loop
      vertex 16.3952331543 9.71166324615 -5.72500324249
      vertex 13.278178215 10.0790300369 -5.72500324249
      vertex 13.278178215 9.71166324615 -5.72500324249
    endloop
  endfacet
  facet normal -0.952503681183 0.304527044296 0
    outer loop
      vertex 13.278178215 10.0790300369 -5.72500324249
      vertex 13.2392578125 10.0830116272 -5.84673786163
      vertex 13.278178215 9.71166324615 -5.72500324249
    endloop
  endfacet
  facet normal 0 0.0326896496117 -0.99946552515
    outer loop
      vertex 13.278178215 10.0790300369 -5.72500324249
      vertex 16.3952331543 10.0790300369 -5.72500324249
      vertex 13.2392578125 10.0830116272 -5.84673786163
    endloop
  endfacet
  facet normal -0.941394388676 0.337307929993 3.88368061977e-06
    outer loop
      vertex 13.2392625809 9.52499961853 -5.84673023224
      vertex 13.2392578125 10.0830116272 -5.84673786163
      vertex 12.9670543671 10.1102952957 -6.6064324379
    endloop
  endfacet
  facet normal -0.851673781872 0.521779298782 -0.0489706397057
    outer loop
      vertex 11.3217287064 9.52499961853 -9.61010456085
      vertex 12.1656322479 10.1857414246 -8.29465675354
      vertex 11.6746520996 10.2288818359 -9.10010719299
    endloop
  endfacet
  facet normal -0.897303819656 0.441413462162 1.69741824152e-07
    outer loop
      vertex 12.4285860062 9.52499961853 -7.80386590958
      vertex 12.5962657928 10.146030426 -7.46300697327
      vertex 12.4285783768 10.1617126465 -7.80388116837
    endloop
  endfacet
  facet normal -5.77716564294e-05 0.0535191781819 -0.998566806316
    outer loop
      vertex 12.1656322479 10.1857414246 -8.29465675354
      vertex 15.1015911102 10.2326049805 -9.16586875916
      vertex 11.6746520996 10.2288818359 -9.10010719299
    endloop
  endfacet
  facet normal -0.00189543282613 0.0468884594738 -0.998898327351
    outer loop
      vertex 12.5962657928 10.146030426 -7.46300697327
      vertex 15.1942214966 10.2222251892 -8.98122692108
      vertex 12.4285783768 10.1617126465 -7.80388116837
    endloop
  endfacet
  facet normal 0.86916166544 -0.494528025389 3.66117269834e-08
    outer loop
      vertex 15.1016044617 -0.975006818771 -9.16584396362
      vertex 14.350315094 10.3138246536 -10.4862785339
      vertex 15.1015911102 10.2326049805 -9.16586875916
    endloop
  endfacet
  facet normal 0.918567478657 -0.395241498947 0.00423409650102
    outer loop
      vertex 15.879404068 10.1426935196 -7.38796424866
      vertex 16.0924301147 -0.975006818771 -6.77377653122
      vertex 15.1942214966 10.2222251892 -8.98122692108
    endloop
  endfacet
  facet normal -3.95186788182e-07 2.42170386855e-07 1
    outer loop
      vertex 6.07459020615 -0.975001871586 -3.34502005577
      vertex 13.7487764359 -0.975006818771 -11.3734607697
      vertex 15.1016044617 -0.975006818771 -9.16584396362
    endloop
  endfacet
  facet normal -0.911229491234 0.411899060011 0
    outer loop
      vertex 6.07459020615 -0.975001871586 -3.34502005577
      vertex 6.52870321274 0.524997591972 -2.34040260315
      vertex 6.07459020615 0.524997591972 -3.34502005577
    endloop
  endfacet
  facet normal -0.967733323574 0.251976698637 0
    outer loop
      vertex 6.80650138855 -0.975001871586 -1.27350056171
      vertex 6.80650138855 0.524997591972 -1.27350056171
      vertex 6.52870321274 -0.975001871586 -2.34040260315
    endloop
  endfacet
  facet normal 0 0 -1
    outer loop
      vertex 6.89999866486 0.524997591972 -6.67499828339
      vertex 6.07459020615 0.524997591972 -3.34502005577
      vertex 6.52870321274 0.524997591972 -2.34040260315
    endloop
  endfacet
  facet normal 0 1 -0
    outer loop
      vertex 6.89999866486 9.52499961853 -6.67499828339
      vertex 0.399998039007 0.524997591972 -6.67499828339
      vertex 6.89999866486 0.524997591972 -6.67499828339
    endloop
  endfacet
  facet normal -1 3.77044564459e-08 0
    outer loop
      vertex 6.89999961853 0.525000035763 16.3250007629
      vertex 6.89999961853 9.52499961853 16.3250007629
      vertex 6.89999866486 0.524997591972 -0.174997225404
    endloop
  endfacet
  facet normal -2.85418963131e-07 -1.11491083032e-08 -1
    outer loop
      vertex 6.65000104904 9.52499961853 22.7250022888
      vertex 13.9000005722 9.52500152588 60.3250045776
      vertex 6.89999961853 9.52499961853 16.3250007629
    endloop
  endfacet
  facet normal 0 0 -1
    outer loop
      vertex 6.89999866486 9.52499961853 -6.67499828339
      vertex 13.8999977112 9.52499961853 -1.67499911785
      vertex 13.7337913513 9.52499961853 -3.78686952591
    endloop
  endfacet
  facet normal 0 0 -1
    outer loop
      vertex 6.89999866486 9.52499961853 -6.67499828339
      vertex 13.7337913513 9.52499961853 -3.78686952591
      vertex 13.2392625809 9.52499961853 -5.84673023224
    endloop
  endfacet
  facet normal -0.952507615089 0.304514795542 4.42153077529e-06
    outer loop
      vertex 13.278178215 9.71166324615 -5.72500324249
      vertex 13.2392578125 10.0830116272 -5.84673786163
      vertex 13.2392625809 9.52499961853 -5.84673023224
    endloop
  endfacet
  facet normal 0 -0 -1
    outer loop
      vertex 13.8999977112 9.71166324615 -1.67499911785
      vertex 16.8999977112 9.71166324615 -1.67499911785
      vertex 13.7337913513 9.71166324615 -3.78686952591
    endloop
  endfacet
  facet normal 0 0 -1
    outer loop
      vertex 13.278178215 9.71166324615 -5.72500324249
      vertex 16.6968574524 9.71166324615 -4.25616931915
      vertex 16.3952331543 9.71166324615 -5.72500324249
    endloop
  endfacet
  facet normal 0.960756957531 -0.277391552925 -1.1847022563e-07
    outer loop
      vertex 16.0924301147 -0.975006818771 -6.77377653122
      vertex 16.0924072266 10.1168670654 -6.773853302
      vertex 16.3952331543 9.71166324615 -5.72500324249
    endloop
  endfacet
  facet normal -4.64354343421e-07 1.20907770906e-07 1
    outer loop
      vertex 6.52870321274 -0.975001871586 -2.34040260315
      vertex 16.0924301147 -0.975006818771 -6.77377653122
      vertex 6.80650138855 -0.975001871586 -1.27350056171
    endloop
  endfacet
  facet normal -0.99639737606 0.0848070755601 0
    outer loop
      vertex 6.80650138855 -0.975001871586 -1.27350056171
      vertex 6.89999866486 0.524997591972 -0.174997225404
      vertex 6.80650138855 0.524997591972 -1.27350056171
    endloop
  endfacet
  facet normal -1.7719681864e-06 -1.50817754729e-07 -1
    outer loop
      vertex 6.89999866486 0.524997591972 -0.174997225404
      vertex 6.80650138855 0.524997591972 0.92351359129
      vertex 6.89999961853 0.525000035763 16.3250007629
    endloop
  endfacet
  facet normal -6.06398202763e-07 -1.57893623509e-07 -1
    outer loop
      vertex 6.89999961853 0.525000035763 16.3250007629
      vertex 6.80650138855 0.524997591972 0.92351359129
      vertex 6.52870321274 0.524997591972 1.99041056633
    endloop
  endfacet
  facet normal -3.63233198186e-07 -1.64192115903e-07 -1
    outer loop
      vertex 6.52870321274 0.524997591972 1.99041056633
      vertex 6.07459115982 0.524997591972 2.99501800537
      vertex 6.89999961853 0.525000035763 16.3250007629
    endloop
  endfacet
  facet normal -5.04135073243e-07 -4.29085176279e-08 1
    outer loop
      vertex 6.89999866486 -0.975001871586 -0.174997225404
      vertex 16.8999977112 -0.975006818771 -1.67499661446
      vertex 6.80650138855 -0.975001871586 0.92351359129
    endloop
  endfacet
  facet normal -0.911228179932 -0.411901980639 -0
    outer loop
      vertex 6.52870321274 -0.975001871586 1.99041056633
      vertex 6.07459115982 0.524997591972 2.99501800537
      vertex 6.52870321274 0.524997591972 1.99041056633
    endloop
  endfacet
  facet normal 3.43953479387e-06 -3.99664060069e-07 -1
    outer loop
      vertex 6.89999961853 0.525000035763 16.3250007629
      vertex 6.07459115982 0.524997591972 2.99501800537
      vertex 5.45722961426 0.525000035763 3.90843224525
    endloop
  endfacet
  facet normal -0.72195661068 -0.691938281059 -0
    outer loop
      vertex 5.45722961426 -0.975001871586 3.90843224525
      vertex 4.69438457489 0.525000035763 4.70437192917
      vertex 5.45722961426 0.525000035763 3.90843224525
    endloop
  endfacet
  facet normal -0.72195661068 -0.691938281059 -0
    outer loop
      vertex 4.69438457489 -0.975001871586 4.70437192917
      vertex 4.69438457489 0.525000035763 4.70437192917
      vertex 5.45722961426 -0.975001871586 3.90843224525
    endloop
  endfacet
  facet normal -0.594633996487 -0.803996562958 -0
    outer loop
      vertex 3.80799531937 -0.975001871586 5.35994338989
      vertex 3.80799531937 0.525000035763 5.35994338989
      vertex 4.69438457489 -0.975001871586 4.70437192917
    endloop
  endfacet
  facet normal -0.450202316046 -0.892926573753 -0
    outer loop
      vertex 2.82356476784 -0.975001871586 5.85628080368
      vertex 2.82356476784 0.525000035763 5.85628080368
      vertex 3.80799531937 -0.975001871586 5.35994338989
    endloop
  endfacet
  facet normal -0.292824625969 -0.956166148186 -0
    outer loop
      vertex 1.76941370964 -0.975001871586 6.17911338806
      vertex 1.76941370964 0.525000035763 6.17911338806
      vertex 2.82356476784 -0.975001871586 5.85628080368
    endloop
  endfacet
  facet normal -0.127016156912 -0.991900622845 -0
    outer loop
      vertex 0.675864994526 -0.975001871586 6.31914567947
      vertex 0.675864994526 0.525000035763 6.31914567947
      vertex 1.76941370964 -0.975001871586 6.17911338806
    endloop
  endfacet
  facet normal 0.0424418970942 -0.999098956585 0
    outer loop
      vertex 0.675864994526 -0.975001871586 6.31914567947
      vertex -0.425617069006 0.525000035763 6.27235460281
      vertex 0.675864994526 0.525000035763 6.31914567947
    endloop
  endfacet
  facet normal 0 0 -1
    outer loop
      vertex -6.09999895096 0.525000035763 16.3250007629
      vertex -0.425617069006 0.525000035763 6.27235460281
      vertex -1.50334894657 0.525000035763 6.04008102417
    endloop
  endfacet
  facet normal -0 0 -1
    outer loop
      vertex -1.50334894657 0.525000035763 6.04008102417
      vertex -2.52632403374 0.525000035763 5.62902164459
      vertex -6.09999895096 0.525000035763 16.3250007629
    endloop
  endfacet
  facet normal 0.372851938009 -0.927890837193 0
    outer loop
      vertex -1.50334894657 -0.975001871586 6.04008102417
      vertex -2.52632403374 0.525000035763 5.62902164459
      vertex -1.50334894657 0.525000035763 6.04008102417
    endloop
  endfacet
  facet normal 0 0 -1
    outer loop
      vertex -6.09999895096 0.525000035763 16.3250007629
      vertex -2.52632403374 0.525000035763 5.62902164459
      vertex -3.46511816978 0.525000035763 5.05097913742
    endloop
  endfacet
  facet normal 0 0 -1
    outer loop
      vertex -6.09999895096 0.525000035763 16.3250007629
      vertex -3.46511816978 0.525000035763 5.05097913742
      vertex -4.29271650314 0.525000035763 4.32260704041
    endloop
  endfacet
  facet normal 0.778037369251 -0.628217995167 0
    outer loop
      vertex -4.29271650314 -0.975001871586 4.32260704041
      vertex -4.98531293869 0.525000035763 3.46483826637
      vertex -4.29271650314 0.525000035763 4.32260704041
    endloop
  endfacet
  facet normal 0 0 1
    outer loop
      vertex -2.52632403374 -0.975001871586 5.62902164459
      vertex -10.8499994278 -0.975001871586 24.5750007629
      vertex -3.46511816978 -0.975001871586 5.05097913742
    endloop
  endfacet
  facet normal 0.778037369251 -0.628217995167 0
    outer loop
      vertex -4.98531293869 -0.975001871586 3.46483826637
      vertex -4.98531293869 0.525000035763 3.46483826637
      vertex -4.29271650314 -0.975001871586 4.32260704041
    endloop
  endfacet
  facet normal 0.873013794422 -0.487695485353 0
    outer loop
      vertex -5.5229845047 -0.975001871586 2.50236344337
      vertex -5.5229845047 0.525000035763 2.50236344337
      vertex -4.98531293869 -0.975001871586 3.46483826637
    endloop
  endfacet
  facet normal 0.94287788868 -0.333138525486 0
    outer loop
      vertex -5.89026403427 -0.975001871586 1.46285736561
      vertex -5.89026403427 0.525000035763 1.46285736561
      vertex -5.5229845047 -0.975001871586 2.50236344337
    endloop
  endfacet
  facet normal 0.985615611076 -0.169002592564 0
    outer loop
      vertex -6.07658481598 -0.975001871586 0.376241505146
      vertex -6.07658481598 0.525000035763 0.376241505146
      vertex -5.89026403427 -0.975001871586 1.46285736561
    endloop
  endfacet
  facet normal 0.999878168106 0 -0.0156075712293
    outer loop
      vertex -6.07658481598 -0.975001871586 -0.726235926151
      vertex -6.09999895096 0.525000035763 -0.174997225404
      vertex -6.07658481598 -0.975001871586 0.376241505146
    endloop
  endfacet
  facet normal 0.985615849495 0.169001087546 0
    outer loop
      vertex -5.89026403427 -0.975001871586 -1.81286168098
      vertex -5.89026403427 0.525000035763 -1.81286168098
      vertex -6.07658481598 -0.975001871586 -0.726235926151
    endloop
  endfacet
  facet normal 0 0 1
    outer loop
      vertex -15.896859169 -0.975001871586 -4.25616693497
      vertex -5.5229845047 -0.975001871586 -2.85235786438
      vertex -5.89026403427 -0.975001871586 -1.81286168098
    endloop
  endfacet
  facet normal -0.9723700881 -0.233444750309 0
    outer loop
      vertex -15.896859169 9.71166610718 -4.25616693497
      vertex -15.2924356461 -0.975001871586 -6.77377653122
      vertex -15.896859169 -0.975001871586 -4.25616693497
    endloop
  endfacet
  facet normal 1.07326388843e-06 -1.47380410453e-06 -1
    outer loop
      vertex -12.9337940216 9.71166324615 -3.78686690331
      vertex -15.5952358246 9.71166324615 -5.72500038147
      vertex -15.896859169 9.71166610718 -4.25616693497
    endloop
  endfacet
  facet normal 0.996917366982 0.0784584879875 -0
    outer loop
      vertex -12.9337940216 9.71166324615 -3.78686690331
      vertex -13.1000003815 9.52499961853 -1.67499661446
      vertex -12.9337940216 9.52499961853 -3.78686690331
    endloop
  endfacet
  facet normal -7.72824506612e-08 -1.08195379767e-07 -1
    outer loop
      vertex -13.1000003815 9.52499961853 -1.67499661446
      vertex -6.09999895096 9.52500152588 16.3250007629
      vertex -6.10000181198 9.52499961853 -6.67499828339
    endloop
  endfacet
  facet normal 4.52157252084e-07 0 -1
    outer loop
      vertex -6.09999895096 9.52500152588 16.3250007629
      vertex -0.596396207809 9.52499961853 18.7098045349
      vertex -0.596396207809 9.52499961853 18.5401973724
    endloop
  endfacet
  facet normal 0.98561835289 -0.168986618519 5.25652694705e-08
    outer loop
      vertex -0.567733705044 1.52499890327 18.8769817352
      vertex -0.596396207809 9.52499961853 18.7098045349
      vertex -0.567733705044 9.52499961853 18.8769798279
    endloop
  endfacet
  facet normal 0.942875683308 -0.333144724369 0
    outer loop
      vertex -0.511227488518 1.52499890327 19.0369052887
      vertex -0.567733705044 9.52499961853 18.8769798279
      vertex -0.511227488518 9.52499961853 19.0369052887
    endloop
  endfacet
  facet normal 0.873012959957 -0.487697064877 0
    outer loop
      vertex -0.428509950638 1.52499890327 19.1849746704
      vertex -0.511227488518 9.52499961853 19.0369052887
      vertex -0.428509950638 9.52499961853 19.1849746704
    endloop
  endfacet
  facet normal 0.778033852577 -0.628222346306 0
    outer loop
      vertex -0.321955114603 1.52499890327 19.3169403076
      vertex -0.428509950638 9.52499961853 19.1849746704
      vertex -0.321955114603 9.52499961853 19.3169403076
    endloop
  endfacet
  facet normal 0.660684108734 -0.750664055347 2.0551354396e-07
    outer loop
      vertex -0.194633811712 1.52499890327 19.4290027618
      vertex -0.321955114603 9.52499961853 19.3169403076
      vertex -0.194631323218 9.52499961853 19.4290027618
    endloop
  endfacet
  facet normal 0.524285674095 -0.851542413235 1.63085218219e-07
    outer loop
      vertex -0.0502041131258 1.52499890327 19.5179252625
      vertex -0.194631323218 9.52499961853 19.4290027618
      vertex -0.0502016246319 9.52499961853 19.5179252625
    endloop
  endfacet
  facet normal 0.372859954834 -0.927887618542 0
    outer loop
      vertex 0.107175707817 1.52499890327 19.5811653137
      vertex -0.0502016246319 9.52499961853 19.5179252625
      vertex 0.107175707817 9.52499961853 19.5811653137
    endloop
  endfacet
  facet normal 0.210684210062 -0.97755420208 3.04079691205e-07
    outer loop
      vertex 0.272981584072 1.52499890327 19.6169033051
      vertex 0.107175707817 9.52499961853 19.5811653137
      vertex 0.272981584072 9.52499961853 19.6169013977
    endloop
  endfacet
  facet normal 0 0 -1
    outer loop
      vertex 4.39999961853 9.52499961853 22.7250022888
      vertex 0.442440539598 9.52499961853 19.6240997314
      vertex 0.272981584072 9.52499961853 19.6169013977
    endloop
  endfacet
  facet normal 0 1 -0
    outer loop
      vertex 4.39999961853 9.52499961853 22.7250022888
      vertex -13.5999984741 -0.255000948906 22.7250022888
      vertex 4.39999961853 -0.255000948906 22.7250022888
    endloop
  endfacet
  facet normal 0 1 -0
    outer loop
      vertex -13.1000003815 9.71166610718 22.7250022888
      vertex -13.5999984741 9.71166610718 22.7250022888
      vertex -13.1000003815 9.52500152588 22.7250022888
    endloop
  endfacet
  facet normal 0 0 -1
    outer loop
      vertex 4.39999961853 -0.255000948906 28.5750007629
      vertex -13.5999984741 -0.255000948906 22.7250022888
      vertex -13.5999984741 -0.255000948906 24.4250049591
    endloop
  endfacet
  facet normal 0 1 -0
    outer loop
      vertex -13.5999984741 10.5250005722 24.4250049591
      vertex -14.1999998093 10.5250005722 24.4250049591
      vertex -13.5999984741 -0.255000948906 24.4250049591
    endloop
  endfacet
  facet normal -0 -0 -1
    outer loop
      vertex -13.5999984741 10.5250005722 24.4250049591
      vertex -13.5999984741 10.5250005722 22.7250022888
      vertex -14.1999998093 10.5250005722 24.4250049591
    endloop
  endfacet
  facet normal -5.5299824453e-07 -1 0
    outer loop
      vertex -13.5999984741 10.5250005722 22.7250022888
      vertex -15.8500003815 9.71166610718 22.7250041962
      vertex -15.8500003815 10.5250005722 22.7250041962
    endloop
  endfacet
  facet normal 8.29498276289e-07 -8.498960824e-08 -1
    outer loop
      vertex -13.1000003815 9.71166324615 -1.67499661446
      vertex -16.1000003815 9.71166610718 -1.67499661446
      vertex -13.5999984741 9.71166610718 22.7250022888
    endloop
  endfacet
  facet normal -1 -0 -0
    outer loop
      vertex -15.8500003815 9.71166610718 27.8249988556
      vertex -15.8500003815 10.5250024796 27.8249988556
      vertex -15.8500003815 9.71166610718 22.7250041962
    endloop
  endfacet
  facet normal 0 -0 -1
    outer loop
      vertex -13.5999984741 9.71166610718 28.5750007629
      vertex -13.5999984741 9.71166610718 27.8249988556
      vertex -15.8500003815 9.71166610718 27.8249988556
    endloop
  endfacet
  facet normal 0 -1 -0
    outer loop
      vertex -13.1000003815 9.52500152588 28.5750007629
      vertex -13.5999984741 9.71166610718 28.5750007629
      vertex -13.1000003815 9.71166610718 28.5750007629
    endloop
  endfacet
  facet normal 1 -0 0
    outer loop
      vertex -13.1000003815 9.52500152588 28.5750007629
      vertex -13.1000003815 9.71166610718 28.5750007629
      vertex -13.1000003815 9.52500152588 48.8250007629
    endloop
  endfacet
  facet normal 0 1 0
    outer loop
      vertex -13.1000003815 9.52500152588 48.8250007629
      vertex -13.1000003815 9.0250005722 48.8250007629
      vertex -10.8499994278 9.52500152588 48.8250007629
    endloop
  endfacet
  facet normal 0.996916651726 -4.96164091146e-07 -0.0784677416086
    outer loop
      vertex -13.1000003815 9.0250005722 48.8250007629
      vertex -13.0999984741 9.0250005722 53.8250007629
      vertex -13.081530571 8.79034805298 48.8250007629
    endloop
  endfacet
  facet normal 0 -1 0
    outer loop
      vertex -13.0999984741 9.0250005722 53.8250007629
      vertex 3.90000247955 9.52500152588 53.8250007629
      vertex 2.4000005722 7.52500152588 53.8250007629
    endloop
  endfacet
  facet normal 9.21664451425e-08 -1.41794487263e-07 -1
    outer loop
      vertex 3.90000247955 9.52500152588 53.8250007629
      vertex -13.0999984741 9.5250043869 60.3250045776
      vertex 13.9000005722 9.52500152588 60.3250045776
    endloop
  endfacet
  facet normal 0 -1 0
    outer loop
      vertex -13.0999984741 9.5250043869 60.3250045776
      vertex -4.59999704361 10.5250024796 60.3250045776
      vertex 13.9000005722 9.52500152588 60.3250045776
    endloop
  endfacet
  facet normal 0 -1 0
    outer loop
      vertex -13.0999984741 9.5250043869 60.3250045776
      vertex -5.02249860764 10.5609588623 60.3250045776
      vertex -4.59999704361 10.5250024796 60.3250045776
    endloop
  endfacet
  facet normal 0.0847967341542 0 -0.99639827013
    outer loop
      vertex -5.02249860764 10.5609588623 60.3250045776
      vertex -5.02249860764 10.5609588623 65.3249969482
      vertex -4.59999704361 10.5250024796 60.3250045776
    endloop
  endfacet
  facet normal 0.0847967341542 0 -0.99639827013
    outer loop
      vertex -4.59999704361 10.5250024796 60.3250045776
      vertex -5.02249860764 10.5609588623 65.3249969482
      vertex -4.59999704361 10.5250024796 65.3249969482
    endloop
  endfacet
  facet normal 0.2519775033 0 -0.967733085155
    outer loop
      vertex -5.02249860764 10.5609588623 60.3250045776
      vertex -5.43284654617 10.667804718 65.3249969482
      vertex -5.02249860764 10.5609588623 65.3249969482
    endloop
  endfacet
  facet normal 0 1 0
    outer loop
      vertex -16.0999965668 -0.975001871586 65.3249969482
      vertex -5.02249860764 10.5609588623 65.3249969482
      vertex -5.43284654617 10.667804718 65.3249969482
    endloop
  endfacet
  facet normal 0 1 0
    outer loop
      vertex -5.43284654617 10.667804718 65.3249969482
      vertex -5.81923484802 10.8424654007 65.3249969482
      vertex -16.0999965668 -0.975001871586 65.3249969482
    endloop
  endfacet
  facet normal 0 1 0
    outer loop
      vertex -16.0999965668 -0.975001871586 65.3249969482
      vertex -5.81923484802 10.8424654007 65.3249969482
      vertex -6.17054796219 11.0799093246 65.3249969482
    endloop
  endfacet
  facet normal 0 1 0
    outer loop
      vertex -16.0999965668 -0.975001871586 65.3249969482
      vertex -6.17054796219 11.0799093246 65.3249969482
      vertex -6.47667741776 11.3733158112 65.3249969482
    endloop
  endfacet
  facet normal 0 1 0
    outer loop
      vertex -6.47667741776 11.3733158112 65.3249969482
      vertex -8.5645236969 11.8404054642 65.3249969482
      vertex -16.0999965668 -0.975001871586 65.3249969482
    endloop
  endfacet
  facet normal 0 1 0
    outer loop
      vertex -16.0999965668 -0.975001871586 65.3249969482
      vertex -8.5645236969 11.8404054642 65.3249969482
      vertex -8.77242279053 11.7669506073 65.3249969482
    endloop
  endfacet
  facet normal 0 1 0
    outer loop
      vertex -16.0999965668 -0.975001871586 65.3249969482
      vertex -8.77242279053 11.7669506073 65.3249969482
      vertex -8.9897480011 11.7296848297 65.3249969482
    endloop
  endfacet
  facet normal 0 1 0
    outer loop
      vertex -8.9897480011 11.7296848297 65.3249969482
      vertex -9.2102432251 11.7296848297 65.3249969482
      vertex -16.0999965668 -0.975001871586 65.3249969482
    endloop
  endfacet
  facet normal 0 1 0
    outer loop
      vertex -16.0999965668 -0.975001871586 65.3249969482
      vertex -9.2102432251 11.7296848297 65.3249969482
      vertex -9.42756843567 11.7669506073 65.3249969482
    endloop
  endfacet
  facet normal 0 1 0
    outer loop
      vertex -16.0999965668 -0.975001871586 65.3249969482
      vertex -9.42756843567 11.7669506073 65.3249969482
      vertex -9.6354675293 11.8404054642 65.3249969482
    endloop
  endfacet
  facet normal 0 1 0
    outer loop
      vertex -9.6354675293 11.8404054642 65.3249969482
      vertex -9.82796192169 11.9479389191 65.3249969482
      vertex -16.0999965668 -0.975001871586 65.3249969482
    endloop
  endfacet
  facet normal 0 1 0
    outer loop
      vertex -16.0999965668 -0.975001871586 65.3249969482
      vertex -9.82796192169 11.9479389191 65.3249969482
      vertex -9.99951839447 12.0864582062 65.3249969482
    endloop
  endfacet
  facet normal 0 1 0
    outer loop
      vertex -16.0999965668 -0.975001871586 65.3249969482
      vertex -9.99951839447 12.0864582062 65.3249969482
      vertex -16.0999965668 11.0250034332 65.3249969482
    endloop
  endfacet
  facet normal -1 0 0
    outer loop
      vertex -16.0999965668 11.0250034332 65.3249969482
      vertex -16.0999965668 11.0250034332 55.2789764404
      vertex -16.0999965668 -0.975001871586 65.3249969482
    endloop
  endfacet
  facet normal -1 0 0
    outer loop
      vertex -16.0999965668 -0.975001871586 65.3249969482
      vertex -16.0999965668 11.0250034332 55.2789764404
      vertex -16.0999965668 10.8016042709 54.864906311
    endloop
  endfacet
  facet normal -1 0 0
    outer loop
      vertex -16.0999965668 -0.975001871586 65.3249969482
      vertex -16.0999965668 10.8016042709 54.864906311
      vertex -16.0999965668 10.2011003494 53.4151725769
    endloop
  endfacet
  facet normal 6.07636877703e-07 -0.382686078548 -0.92387843132
    outer loop
      vertex -13.0999984741 10.8016014099 54.8649024963
      vertex -16.0999965668 10.2011003494 53.4151725769
      vertex -16.0999965668 10.8016042709 54.864906311
    endloop
  endfacet
  facet normal -1.58718151511e-07 -0.382684707642 -0.923879027367
    outer loop
      vertex -13.0999984741 10.2011003494 53.4151725769
      vertex -16.0999965668 10.2011003494 53.4151725769
      vertex -13.0999984741 10.8016014099 54.8649024963
    endloop
  endfacet
  facet normal 5.33094123512e-07 -0.474822252989 -0.8800817132
    outer loop
      vertex -13.0999984741 10.8016014099 54.8649024963
      vertex -16.0999965668 10.8016042709 54.864906311
      vertex -16.0999965668 11.0250034332 55.2789764404
    endloop
  endfacet
  facet normal -0.00862294994295 -0.522478222847 -0.852609038353
    outer loop
      vertex -13.0999984741 10.8016014099 54.8649024963
      vertex -16.0999965668 11.0250034332 55.2789764404
      vertex -13.0999984741 11.6214952469 56.2028541565
    endloop
  endfacet
  facet normal 1 0 0
    outer loop
      vertex -13.0999984741 9.5250043869 60.3250045776
      vertex -13.0999984741 10.8016014099 54.8649024963
      vertex -13.0999984741 11.6214952469 56.2028541565
    endloop
  endfacet
  facet normal 1 -0 0
    outer loop
      vertex -13.0999984741 11.6214952469 56.2028541565
      vertex -13.0999984741 12.6406011581 57.3960723877
      vertex -13.0999984741 9.5250043869 60.3250045776
    endloop
  endfacet
  facet normal 1 0 0
    outer loop
      vertex -13.0999984741 9.5250043869 60.3250045776
      vertex -13.0999984741 12.6406011581 57.3960723877
      vertex -13.0999984741 13.8338117599 58.4151687622
    endloop
  endfacet
  facet normal 1 -3.52245638169e-06 1.56129249262e-06
    outer loop
      vertex -13.0999984741 9.5250043869 60.3250045776
      vertex -13.0999984741 13.8338117599 58.4151687622
      vertex -13.0999927521 15.1717605591 59.2350692749
    endloop
  endfacet
  facet normal 1 1.45148328556e-06 6.01223916874e-07
    outer loop
      vertex -13.0999927521 15.1717605591 59.2350692749
      vertex -13.0999927521 16.6214923859 59.8355674744
      vertex -13.0999984741 9.5250043869 60.3250045776
    endloop
  endfacet
  facet normal 1 2.26934207603e-06 5.44817112313e-07
    outer loop
      vertex -13.0999984741 9.5250043869 60.3250045776
      vertex -13.0999927521 16.6214923859 59.8355674744
      vertex -13.0999927521 18.1473197937 60.2018814087
    endloop
  endfacet
  facet normal 1 6.20777518634e-06 4.88578962177e-07
    outer loop
      vertex -13.0999984741 9.5250043869 60.3250045776
      vertex -13.0999927521 18.1473197937 60.2018814087
      vertex -13.0999927521 19.7116641998 60.3250045776
    endloop
  endfacet
  facet normal 0 -1 0
    outer loop
      vertex -13.0999927521 19.7116641998 60.3250045776
      vertex -10.3708171844 13.2988796234 60.3250045776
      vertex -13.0999984741 9.5250043869 60.3250045776
    endloop
  endfacet
  facet normal 0 -1 0
    outer loop
      vertex -13.0999984741 9.5250043869 60.3250045776
      vertex -10.3708171844 13.2988796234 60.3250045776
      vertex -10.3988227844 13.0801734924 60.3250045776
    endloop
  endfacet
  facet normal 0 -1 0
    outer loop
      vertex -10.3988227844 13.0801734924 60.3250045776
      vertex -10.3894662857 12.8598794937 60.3250045776
      vertex -13.0999984741 9.5250043869 60.3250045776
    endloop
  endfacet
  facet normal 0 -1 0
    outer loop
      vertex -13.0999984741 9.5250043869 60.3250045776
      vertex -10.3894662857 12.8598794937 60.3250045776
      vertex -10.3430109024 12.644329071 60.3250045776
    endloop
  endfacet
  facet normal 0 -1 0
    outer loop
      vertex -13.0999984741 9.5250043869 60.3250045776
      vertex -10.3430109024 12.644329071 60.3250045776
      vertex -10.2608003616 12.4397373199 60.3250045776
    endloop
  endfacet
  facet normal 0 -1 0
    outer loop
      vertex -10.2608003616 12.4397373199 60.3250045776
      vertex -10.145190239 12.2519779205 60.3250045776
      vertex -13.0999984741 9.5250043869 60.3250045776
    endloop
  endfacet
  facet normal 0 -1 0
    outer loop
      vertex -13.0999984741 9.5250043869 60.3250045776
      vertex -10.145190239 12.2519779205 60.3250045776
      vertex -9.99951839447 12.0864553452 60.3250045776
    endloop
  endfacet
  facet normal 0 -1 0
    outer loop
      vertex -13.0999984741 9.5250043869 60.3250045776
      vertex -9.99951839447 12.0864553452 60.3250045776
      vertex -9.82796192169 11.9479389191 60.3250045776
    endloop
  endfacet
  facet normal 0 -1 0
    outer loop
      vertex -9.82796192169 11.9479389191 60.3250045776
      vertex -9.6354675293 11.8404054642 60.3250045776
      vertex -13.0999984741 9.5250043869 60.3250045776
    endloop
  endfacet
  facet normal 0 -1 0
    outer loop
      vertex -13.0999984741 9.5250043869 60.3250045776
      vertex -9.6354675293 11.8404054642 60.3250045776
      vertex -9.42756843567 11.7669506073 60.3250045776
    endloop
  endfacet
  facet normal 0 -1 0
    outer loop
      vertex -13.0999984741 9.5250043869 60.3250045776
      vertex -9.42756843567 11.7669506073 60.3250045776
      vertex -9.2102432251 11.7296829224 60.3250045776
    endloop
  endfacet
  facet normal 0 -1 0
    outer loop
      vertex -9.2102432251 11.7296829224 60.3250045776
      vertex -8.9897480011 11.7296829224 60.3250045776
      vertex -13.0999984741 9.5250043869 60.3250045776
    endloop
  endfacet
  facet normal 0 -1 0
    outer loop
      vertex -13.0999984741 9.5250043869 60.3250045776
      vertex -8.9897480011 11.7296829224 60.3250045776
      vertex -8.77242279053 11.7669506073 60.3250045776
    endloop
  endfacet
  facet normal 0 -1 0
    outer loop
      vertex -13.0999984741 9.5250043869 60.3250045776
      vertex -8.77242279053 11.7669506073 60.3250045776
      vertex -6.91971874237 12.0928583145 60.3250045776
    endloop
  endfacet
  facet normal 0 -1 0
    outer loop
      vertex -6.91971874237 12.0928583145 60.3250045776
      vertex -6.72881650925 11.7142343521 60.3250045776
      vertex -13.0999984741 9.5250043869 60.3250045776
    endloop
  endfacet
  facet normal 0 -1 0
    outer loop
      vertex -13.0999984741 9.5250043869 60.3250045776
      vertex -6.72881650925 11.7142343521 60.3250045776
      vertex -6.47667741776 11.3733158112 60.3250045776
    endloop
  endfacet
  facet normal 0 -1 0
    outer loop
      vertex -13.0999984741 9.5250043869 60.3250045776
      vertex -6.47667741776 11.3733158112 60.3250045776
      vertex -6.17054796219 11.0799093246 60.3250045776
    endloop
  endfacet
  facet normal 0 -1 0
    outer loop
      vertex -6.17054796219 11.0799093246 60.3250045776
      vertex -5.81923484802 10.8424654007 60.3250045776
      vertex -13.0999984741 9.5250043869 60.3250045776
    endloop
  endfacet
  facet normal 0 -1 0
    outer loop
      vertex -13.0999984741 9.5250043869 60.3250045776
      vertex -5.81923484802 10.8424654007 60.3250045776
      vertex -5.43284654617 10.667804718 60.3250045776
    endloop
  endfacet
  facet normal 0.411903858185 0 -0.911227285862
    outer loop
      vertex -5.81923484802 10.8424654007 60.3250045776
      vertex -5.81923484802 10.8424654007 65.3249969482
      vertex -5.43284654617 10.667804718 60.3250045776
    endloop
  endfacet
  facet normal 0.559972167015 0 -0.828511416912
    outer loop
      vertex -6.17054796219 11.0799093246 60.3250045776
      vertex -6.17054796219 11.0799093246 65.3249969482
      vertex -5.81923484802 10.8424654007 60.3250045776
    endloop
  endfacet
  facet normal 0.691944360733 0 -0.721950829029
    outer loop
      vertex -6.47667741776 11.3733158112 60.3250045776
      vertex -6.47667741776 11.3733158112 65.3249969482
      vertex -6.17054796219 11.0799093246 60.3250045776
    endloop
  endfacet
  facet normal 0.804000496864 0 -0.594628632069
    outer loop
      vertex -6.47667741776 11.3733158112 60.3250045776
      vertex -6.72881650925 11.7142343521 65.3249969482
      vertex -6.47667741776 11.3733158112 65.3249969482
    endloop
  endfacet
  facet normal 0 1 -0
    outer loop
      vertex -6.72881650925 11.7142343521 65.3249969482
      vertex -7.93919038773 12.4397373199 65.3249969482
      vertex -6.47667741776 11.3733158112 65.3249969482
    endloop
  endfacet
  facet normal 0 1 0
    outer loop
      vertex -6.47667741776 11.3733158112 65.3249969482
      vertex -7.93919038773 12.4397373199 65.3249969482
      vertex -8.05480098724 12.2519779205 65.3249969482
    endloop
  endfacet
  facet normal 0 1 0
    outer loop
      vertex -6.47667741776 11.3733158112 65.3249969482
      vertex -8.05480098724 12.2519779205 65.3249969482
      vertex -8.20047664642 12.0864553452 65.3249969482
    endloop
  endfacet
  facet normal 0 1 -0
    outer loop
      vertex -8.20047664642 12.0864553452 65.3249969482
      vertex -8.3720293045 11.9479389191 65.3249969482
      vertex -6.47667741776 11.3733158112 65.3249969482
    endloop
  endfacet
  facet normal -0.628216266632 -0 -0.778038799763
    outer loop
      vertex -8.20047664642 12.0864553452 65.3249969482
      vertex -8.20047664642 12.0864553452 60.3250045776
      vertex -8.3720293045 11.9479389191 65.3249969482
    endloop
  endfacet
  facet normal -0.628216266632 -0 -0.778038799763
    outer loop
      vertex -8.3720293045 11.9479389191 65.3249969482
      vertex -8.20047664642 12.0864553452 60.3250045776
      vertex -8.3720293045 11.9479389191 60.3250045776
    endloop
  endfacet
  facet normal -0.487690329552 -0 -0.87301671505
    outer loop
      vertex -8.3720293045 11.9479389191 65.3249969482
      vertex -8.3720293045 11.9479389191 60.3250045776
      vertex -8.5645236969 11.8404054642 65.3249969482
    endloop
  endfacet
  facet normal -0.487690329552 -0 -0.87301671505
    outer loop
      vertex -8.5645236969 11.8404054642 65.3249969482
      vertex -8.3720293045 11.9479389191 60.3250045776
      vertex -8.5645236969 11.8404054642 60.3250045776
    endloop
  endfacet
  facet normal 0 -1 0
    outer loop
      vertex -7.04388475418 12.4983043671 60.3250045776
      vertex -8.5645236969 11.8404054642 60.3250045776
      vertex -8.3720293045 11.9479389191 60.3250045776
    endloop
  endfacet
  facet normal -0 -1 0
    outer loop
      vertex -6.91971874237 12.0928583145 60.3250045776
      vertex -8.5645236969 11.8404054642 60.3250045776
      vertex -7.04388475418 12.4983043671 60.3250045776
    endloop
  endfacet
  facet normal 0.956166982651 0 -0.292822033167
    outer loop
      vertex -7.04388475418 12.4983043671 60.3250045776
      vertex -7.04388475418 12.4983043671 65.3249969482
      vertex -6.91971874237 12.0928583145 60.3250045776
    endloop
  endfacet
  facet normal 0.956166982651 0 -0.292822033167
    outer loop
      vertex -6.91971874237 12.0928583145 60.3250045776
      vertex -7.04388475418 12.4983043671 65.3249969482
      vertex -6.91971874237 12.0928583145 65.3249969482
    endloop
  endfacet
  facet normal -0 1 0
    outer loop
      vertex -7.93919038773 12.4397373199 65.3249969482
      vertex -6.91971874237 12.0928583145 65.3249969482
      vertex -7.04388475418 12.4983043671 65.3249969482
    endloop
  endfacet
  facet normal 0 1 0
    outer loop
      vertex -7.04388475418 12.4983043671 65.3249969482
      vertex -7.85698032379 12.644329071 65.3249969482
      vertex -7.93919038773 12.4397373199 65.3249969482
    endloop
  endfacet
  facet normal -0.927891790867 -0 -0.37284964323
    outer loop
      vertex -7.85698032379 12.644329071 65.3249969482
      vertex -7.85698032379 12.644329071 60.3250045776
      vertex -7.93919038773 12.4397373199 65.3249969482
    endloop
  endfacet
  facet normal -0.927891790867 -0 -0.37284964323
    outer loop
      vertex -7.93919038773 12.4397373199 65.3249969482
      vertex -7.85698032379 12.644329071 60.3250045776
      vertex -7.93919038773 12.4397373199 60.3250045776
    endloop
  endfacet
  facet normal 0 -1 0
    outer loop
      vertex -7.93919038773 12.4397373199 60.3250045776
      vertex -7.85698032379 12.644329071 60.3250045776
      vertex -6.60999107361 14.5115804672 60.3250045776
    endloop
  endfacet
  facet normal 0 -1 0
    outer loop
      vertex -7.93919038773 12.4397373199 60.3250045776
      vertex -6.60999107361 14.5115804672 60.3250045776
      vertex -8.05480098724 12.2519779205 60.3250045776
    endloop
  endfacet
  facet normal -0.851524233818 -0 -0.524315297604
    outer loop
      vertex -8.05480098724 12.2519779205 65.3249969482
      vertex -7.93919038773 12.4397373199 60.3250045776
      vertex -8.05480098724 12.2519779205 60.3250045776
    endloop
  endfacet
  facet normal 0 -1 0
    outer loop
      vertex -8.05480098724 12.2519779205 60.3250045776
      vertex -6.60999107361 14.5115804672 60.3250045776
      vertex -6.83230829239 14.1505069733 60.3250045776
    endloop
  endfacet
  facet normal 0 -1 0
    outer loop
      vertex -6.83230829239 14.1505069733 60.3250045776
      vertex -6.99041223526 13.7570562363 60.3250045776
      vertex -8.05480098724 12.2519779205 60.3250045776
    endloop
  endfacet
  facet normal 0 -1 0
    outer loop
      vertex -8.05480098724 12.2519779205 60.3250045776
      vertex -6.99041223526 13.7570562363 60.3250045776
      vertex -7.07974910736 13.3425426483 60.3250045776
    endloop
  endfacet
  facet normal 0 -1 0
    outer loop
      vertex -8.05480098724 12.2519779205 60.3250045776
      vertex -7.07974910736 13.3425426483 60.3250045776
      vertex -8.20047664642 12.0864553452 60.3250045776
    endloop
  endfacet
  facet normal 0 -1 0
    outer loop
      vertex -8.20047664642 12.0864553452 60.3250045776
      vertex -7.07974910736 13.3425426483 60.3250045776
      vertex -7.09774589539 12.9188966751 60.3250045776
    endloop
  endfacet
  facet normal 0 -1 0
    outer loop
      vertex -8.20047664642 12.0864553452 60.3250045776
      vertex -7.09774589539 12.9188966751 60.3250045776
      vertex -7.04388475418 12.4983043671 60.3250045776
    endloop
  endfacet
  facet normal 0.991899847984 0 -0.127022340894
    outer loop
      vertex -7.09774589539 12.9188966751 60.3250045776
      vertex -7.09774589539 12.9188966751 65.3249969482
      vertex -7.04388475418 12.4983043671 60.3250045776
    endloop
  endfacet
  facet normal 0.99909889698 -0 0.0424424260855
    outer loop
      vertex -7.09774589539 12.9188966751 60.3250045776
      vertex -7.07974910736 13.3425426483 65.3249969482
      vertex -7.09774589539 12.9188966751 65.3249969482
    endloop
  endfacet
  facet normal 0 1 0
    outer loop
      vertex -7.09774589539 12.9188966751 65.3249969482
      vertex -7.07974910736 13.3425426483 65.3249969482
      vertex -7.82917404175 13.2988796234 65.3249969482
    endloop
  endfacet
  facet normal 0 1 0
    outer loop
      vertex -7.82917404175 13.2988796234 65.3249969482
      vertex -7.80116844177 13.0801734924 65.3249969482
      vertex -7.09774589539 12.9188966751 65.3249969482
    endloop
  endfacet
  facet normal 0 1 0
    outer loop
      vertex -7.09774589539 12.9188966751 65.3249969482
      vertex -7.80116844177 13.0801734924 65.3249969482
      vertex -7.81052494049 12.8598794937 65.3249969482
    endloop
  endfacet
  facet normal 0 1 -0
    outer loop
      vertex -7.09774589539 12.9188966751 65.3249969482
      vertex -7.81052494049 12.8598794937 65.3249969482
      vertex -7.04388475418 12.4983043671 65.3249969482
    endloop
  endfacet
  facet normal -0.999099195004 -0 -0.0424356162548
    outer loop
      vertex -7.80116844177 13.0801734924 65.3249969482
      vertex -7.80116844177 13.0801734924 60.3250045776
      vertex -7.81052494049 12.8598794937 65.3249969482
    endloop
  endfacet
  facet normal -0.999099195004 -0 -0.0424356162548
    outer loop
      vertex -7.81052494049 12.8598794937 65.3249969482
      vertex -7.80116844177 13.0801734924 60.3250045776
      vertex -7.81052494049 12.8598794937 60.3250045776
    endloop
  endfacet
  facet normal -0.977554798126 -0 -0.210681185126
    outer loop
      vertex -7.81052494049 12.8598794937 65.3249969482
      vertex -7.81052494049 12.8598794937 60.3250045776
      vertex -7.85698032379 12.644329071 65.3249969482
    endloop
  endfacet
  facet normal 0 -1 0
    outer loop
      vertex -5.04426813126 26.2419052124 60.3250045776
      vertex -7.81052494049 12.8598794937 60.3250045776
      vertex -7.80116844177 13.0801734924 60.3250045776
    endloop
  endfacet
  facet normal 0 -1 0
    outer loop
      vertex -5.04426813126 26.2419052124 60.3250045776
      vertex -7.80116844177 13.0801734924 60.3250045776
      vertex -7.82917404175 13.2988796234 60.3250045776
    endloop
  endfacet
  facet normal 0 -1 0
    outer loop
      vertex -5.04426813126 26.2419052124 60.3250045776
      vertex -7.82917404175 13.2988796234 60.3250045776
      vertex -7.89374017715 13.5097103119 60.3250045776
    endloop
  endfacet
  facet normal 0 -1 -0
    outer loop
      vertex -7.89374017715 13.5097103119 60.3250045776
      vertex -7.9930062294 13.7065992355 60.3250045776
      vertex -5.04426813126 26.2419052124 60.3250045776
    endloop
  endfacet
  facet normal 0 -1 0
    outer loop
      vertex -5.04426813126 26.2419052124 60.3250045776
      vertex -7.9930062294 13.7065992355 60.3250045776
      vertex -8.12411975861 13.8838748932 60.3250045776
    endloop
  endfacet
  facet normal 0 -1 0
    outer loop
      vertex -5.04426813126 26.2419052124 60.3250045776
      vertex -8.12411975861 13.8838748932 60.3250045776
      vertex -8.28330898285 14.036444664 60.3250045776
    endloop
  endfacet
  facet normal 0 -1 0
    outer loop
      vertex -8.4659948349 14.1599187851 60.3250045776
      vertex -5.04426813126 26.2419052124 60.3250045776
      vertex -8.28330898285 14.036444664 60.3250045776
    endloop
  endfacet
  facet normal -0.559975922108 0 0.828508853912
    outer loop
      vertex -8.28330898285 14.036444664 65.3249969482
      vertex -8.4659948349 14.1599187851 60.3250045776
      vertex -8.28330898285 14.036444664 60.3250045776
    endloop
  endfacet
  facet normal -0.691937208176 0 0.721957683563
    outer loop
      vertex -8.28330898285 14.036444664 65.3249969482
      vertex -8.28330898285 14.036444664 60.3250045776
      vertex -8.12411975861 13.8838748932 65.3249969482
    endloop
  endfacet
  facet normal 0 1 0
    outer loop
      vertex 3.40295314789 26.8280086517 65.3249969482
      vertex -8.28330898285 14.036444664 65.3249969482
      vertex -8.12411975861 13.8838748932 65.3249969482
    endloop
  endfacet
  facet normal 0 1 0
    outer loop
      vertex 3.40295314789 26.8280086517 65.3249969482
      vertex -8.12411975861 13.8838748932 65.3249969482
      vertex -7.9930062294 13.7065992355 65.3249969482
    endloop
  endfacet
  facet normal 0 1 0
    outer loop
      vertex -7.89374017715 13.5097103119 65.3249969482
      vertex 3.40295314789 26.8280086517 65.3249969482
      vertex -7.9930062294 13.7065992355 65.3249969482
    endloop
  endfacet
  facet normal -0.892932474613 0 0.450190573931
    outer loop
      vertex -7.9930062294 13.7065992355 65.3249969482
      vertex -7.9930062294 13.7065992355 60.3250045776
      vertex -7.89374017715 13.5097103119 65.3249969482
    endloop
  endfacet
  facet normal 0 1 0
    outer loop
      vertex -7.89374017715 13.5097103119 65.3249969482
      vertex -6.32984161377 14.8298912048 65.3249969482
      vertex 3.40295314789 26.8280086517 65.3249969482
    endloop
  endfacet
  facet normal 0 1 0
    outer loop
      vertex -6.32984161377 14.8298912048 65.3249969482
      vertex -5.99993181229 15.0962743759 65.3249969482
      vertex 3.40295314789 26.8280086517 65.3249969482
    endloop
  endfacet
  facet normal 0 1 0
    outer loop
      vertex 3.40295314789 26.8280086517 65.3249969482
      vertex -5.99993181229 15.0962743759 65.3249969482
      vertex -5.62974834442 15.303068161 65.3249969482
    endloop
  endfacet
  facet normal 0 1 0
    outer loop
      vertex 3.40295314789 26.8280086517 65.3249969482
      vertex -5.62974834442 15.303068161 65.3249969482
      vertex -5.22994184494 15.4443302155 65.3249969482
    endloop
  endfacet
  facet normal 0 1 0
    outer loop
      vertex -5.22994184494 15.4443302155 65.3249969482
      vertex -4.81201171875 15.5159931183 65.3249969482
      vertex 3.40295314789 26.8280086517 65.3249969482
    endloop
  endfacet
  facet normal 0 1 0
    outer loop
      vertex 3.40295314789 26.8280086517 65.3249969482
      vertex -4.81201171875 15.5159931183 65.3249969482
      vertex -4.38797998428 15.5159931183 65.3249969482
    endloop
  endfacet
  facet normal 0 1 0
    outer loop
      vertex 3.40295314789 26.8280086517 65.3249969482
      vertex -4.38797998428 15.5159931183 65.3249969482
      vertex -3.97005367279 15.4443302155 65.3249969482
    endloop
  endfacet
  facet normal -0 1 0
    outer loop
      vertex -3.97005367279 15.4443302155 65.3249969482
      vertex -3.57024478912 15.303068161 65.3249969482
      vertex 3.40295314789 26.8280086517 65.3249969482
    endloop
  endfacet
  facet normal 0 1 0
    outer loop
      vertex 3.40295314789 26.8280086517 65.3249969482
      vertex -3.57024478912 15.303068161 65.3249969482
      vertex -3.20006132126 15.0962743759 65.3249969482
    endloop
  endfacet
  facet normal 0 1 -0
    outer loop
      vertex 3.40295314789 26.8280086517 65.3249969482
      vertex -3.20006132126 15.0962743759 65.3249969482
      vertex 5.84427261353 26.2419033051 65.3249969482
    endloop
  endfacet
  facet normal 0.23344387114 0 -0.972370266914
    outer loop
      vertex 3.40295314789 26.8280086517 60.3250045776
      vertex 3.40295314789 26.8280086517 65.3249969482
      vertex 5.84427261353 26.2419033051 65.3249969482
    endloop
  endfacet
  facet normal 0.23344387114 0 -0.972370266914
    outer loop
      vertex 3.40295314789 26.8280086517 60.3250045776
      vertex 5.84427261353 26.2419033051 65.3249969482
      vertex 5.84427261353 26.2419033051 60.3250045776
    endloop
  endfacet
  facet normal -0 -1 0
    outer loop
      vertex 5.84427261353 26.2419033051 60.3250045776
      vertex 0.333084911108 14.2507390976 60.3250045776
      vertex 3.40295314789 26.8280086517 60.3250045776
    endloop
  endfacet
  facet normal 0 -1 0
    outer loop
      vertex 3.40295314789 26.8280086517 60.3250045776
      vertex 0.333084911108 14.2507390976 60.3250045776
      vertex 0.119704030454 14.3062992096 60.3250045776
    endloop
  endfacet
  facet normal -0 -1 0
    outer loop
      vertex 3.40295314789 26.8280086517 60.3250045776
      vertex 0.119704030454 14.3062992096 60.3250045776
      vertex 0.900003671646 27.0249977112 60.3250045776
    endloop
  endfacet
  facet normal 0 -1 0
    outer loop
      vertex 0.900003671646 27.0249977112 60.3250045776
      vertex 0.119704030454 14.3062992096 60.3250045776
      vertex -0.0999976322055 14.3250007629 60.3250045776
    endloop
  endfacet
  facet normal 0 -1 0
    outer loop
      vertex 0.900003671646 27.0249977112 60.3250045776
      vertex -0.0999976322055 14.3250007629 60.3250045776
      vertex -0.0999976322055 27.0249977112 60.3250045776
    endloop
  endfacet
  facet normal 0 0 -1
    outer loop
      vertex -0.0999976322055 27.0249977112 60.3250045776
      vertex 0.900003671646 27.0249977112 65.3249969482
      vertex 0.900003671646 27.0249977112 60.3250045776
    endloop
  endfacet
  facet normal 0.0784601941705 0 -0.996917247772
    outer loop
      vertex 0.900003671646 27.0249977112 60.3250045776
      vertex 0.900003671646 27.0249977112 65.3249969482
      vertex 3.40295314789 26.8280086517 65.3249969482
    endloop
  endfacet
  facet normal 0 0 -1
    outer loop
      vertex -0.0999976322055 27.0249977112 65.3249969482
      vertex 0.900003671646 27.0249977112 65.3249969482
      vertex -0.0999976322055 27.0249977112 60.3250045776
    endloop
  endfacet
  facet normal -0.0784601196647 0 -0.996917247772
    outer loop
      vertex -2.60294961929 26.8280086517 60.3250045776
      vertex -0.0999976322055 27.0249977112 65.3249969482
      vertex -0.0999976322055 27.0249977112 60.3250045776
    endloop
  endfacet
  facet normal 0 -1 0
    outer loop
      vertex -0.0999976322055 27.0249977112 60.3250045776
      vertex -3.97005367279 15.4443302155 60.3250045776
      vertex -2.60294961929 26.8280086517 60.3250045776
    endloop
  endfacet
  facet normal 0 -1 0
    outer loop
      vertex -2.60294961929 26.8280086517 60.3250045776
      vertex -3.97005367279 15.4443302155 60.3250045776
      vertex -4.38797998428 15.5159931183 60.3250045776
    endloop
  endfacet
  facet normal 0 -1 0
    outer loop
      vertex -2.60294961929 26.8280086517 60.3250045776
      vertex -4.38797998428 15.5159931183 60.3250045776
      vertex -5.04426813126 26.2419052124 60.3250045776
    endloop
  endfacet
  facet normal -0.233443528414 -2.41973935999e-07 -0.972370386124
    outer loop
      vertex -5.04426813126 26.2419052124 60.3250045776
      vertex -2.60294961929 26.8280105591 65.3249969482
      vertex -2.60294961929 26.8280086517 60.3250045776
    endloop
  endfacet
  facet normal -0.23344399035 0 -0.972370266914
    outer loop
      vertex -5.04426813126 26.2419052124 60.3250045776
      vertex -5.04426813126 26.2419052124 65.3249969482
      vertex -2.60294961929 26.8280105591 65.3249969482
    endloop
  endfacet
  facet normal -0 1 -0
    outer loop
      vertex -5.04426813126 26.2419052124 65.3249969482
      vertex -8.66691589355 14.2507390976 65.3249969482
      vertex -2.60294961929 26.8280105591 65.3249969482
    endloop
  endfacet
  facet normal 0 1 0
    outer loop
      vertex -2.60294961929 26.8280105591 65.3249969482
      vertex -8.66691589355 14.2507390976 65.3249969482
      vertex -8.4659948349 14.1599187851 65.3249969482
    endloop
  endfacet
  facet normal -0 1 -0
    outer loop
      vertex -2.60294961929 26.8280105591 65.3249969482
      vertex -8.4659948349 14.1599187851 65.3249969482
      vertex -0.0999976322055 27.0249977112 65.3249969482
    endloop
  endfacet
  facet normal -0.411893934011 0 0.911231815815
    outer loop
      vertex -8.66691589355 14.2507390976 65.3249969482
      vertex -8.66691589355 14.2507390976 60.3250045776
      vertex -8.4659948349 14.1599187851 65.3249969482
    endloop
  endfacet
  facet normal -0.411893934011 0 0.911231815815
    outer loop
      vertex -8.4659948349 14.1599187851 65.3249969482
      vertex -8.66691589355 14.2507390976 60.3250045776
      vertex -8.4659948349 14.1599187851 60.3250045776
    endloop
  endfacet
  facet normal -0.251983106136 0 0.967731654644
    outer loop
      vertex -8.66691589355 14.2507390976 65.3249969482
      vertex -8.88029384613 14.3062992096 60.3250045776
      vertex -8.66691589355 14.2507390976 60.3250045776
    endloop
  endfacet
  facet normal 0 -1 0
    outer loop
      vertex -8.88029384613 14.3062992096 60.3250045776
      vertex -7.36384534836 25.2811050415 60.3250045776
      vertex -8.66691589355 14.2507390976 60.3250045776
    endloop
  endfacet
  facet normal 0 -1 0
    outer loop
      vertex -8.66691589355 14.2507390976 60.3250045776
      vertex -7.36384534836 25.2811050415 60.3250045776
      vertex -5.04426813126 26.2419052124 60.3250045776
    endloop
  endfacet
  facet normal 0 -1 -0
    outer loop
      vertex -8.88029384613 14.3062992096 60.3250045776
      vertex -9.50455760956 23.9692687988 60.3250045776
      vertex -7.36384534836 25.2811050415 60.3250045776
    endloop
  endfacet
  facet normal -0.522500574589 0 -0.85263890028
    outer loop
      vertex -9.50455760956 23.9692687988 60.3250045776
      vertex -7.36384534836 25.2811050415 65.3249969482
      vertex -7.36384534836 25.2811050415 60.3250045776
    endloop
  endfacet
  facet normal -0.382683306932 0 -0.923879563808
    outer loop
      vertex -7.36384534836 25.2811050415 60.3250045776
      vertex -7.36384534836 25.2811050415 65.3249969482
      vertex -5.04426813126 26.2419052124 65.3249969482
    endloop
  endfacet
  facet normal -0 1 -0
    outer loop
      vertex -7.36384534836 25.2811050415 65.3249969482
      vertex -8.88029384613 14.3062992096 65.3249969482
      vertex -5.04426813126 26.2419052124 65.3249969482
    endloop
  endfacet
  facet normal 0 1 0
    outer loop
      vertex -7.36384534836 25.2811050415 65.3249969482
      vertex -9.09999752045 14.3250007629 65.3249969482
      vertex -8.88029384613 14.3062992096 65.3249969482
    endloop
  endfacet
  facet normal -0.0848124623299 0 0.996396958828
    outer loop
      vertex -9.09999752045 14.3250007629 65.3249969482
      vertex -9.09999752045 14.3250007629 60.3250045776
      vertex -8.88029384613 14.3062992096 65.3249969482
    endloop
  endfacet
  facet normal -0.0848124623299 0 0.996396958828
    outer loop
      vertex -8.88029384613 14.3062992096 65.3249969482
      vertex -9.09999752045 14.3250007629 60.3250045776
      vertex -8.88029384613 14.3062992096 60.3250045776
    endloop
  endfacet
  facet normal 0.0848143696785 0 0.996396780014
    outer loop
      vertex -9.09999752045 14.3250007629 65.3249969482
      vertex -9.31969738007 14.3062992096 60.3250045776
      vertex -9.09999752045 14.3250007629 60.3250045776
    endloop
  endfacet
  facet normal 0 -1 -0
    outer loop
      vertex -9.31969738007 14.3062992096 60.3250045776
      vertex -13.0999927521 19.7116641998 60.3250045776
      vertex -9.09999752045 14.3250007629 60.3250045776
    endloop
  endfacet
  facet normal 0 -1 0
    outer loop
      vertex -13.0999927521 19.7116641998 60.3250045776
      vertex -11.4137048721 22.3387050629 60.3250045776
      vertex -9.09999752045 14.3250007629 60.3250045776
    endloop
  endfacet
  facet normal 0 -1 0
    outer loop
      vertex -9.09999752045 14.3250007629 60.3250045776
      vertex -11.4137048721 22.3387050629 60.3250045776
      vertex -9.50455760956 23.9692687988 60.3250045776
    endloop
  endfacet
  facet normal -0.649447083473 -3.10582728823e-17 -0.760406792164
    outer loop
      vertex -11.4137048721 22.3387050629 60.3250045776
      vertex -9.50455760956 23.9692687988 65.3249969482
      vertex -9.50455760956 23.9692687988 60.3250045776
    endloop
  endfacet
  facet normal -0.649447083473 0 -0.760406792164
    outer loop
      vertex -11.4137048721 22.3387050629 60.3250045776
      vertex -11.4137048721 22.3387050629 65.3249969482
      vertex -9.50455760956 23.9692687988 65.3249969482
    endloop
  endfacet
  facet normal -0 1 0
    outer loop
      vertex -11.4137048721 22.3387050629 65.3249969482
      vertex -9.31969738007 14.3062992096 65.3249969482
      vertex -9.50455760956 23.9692687988 65.3249969482
    endloop
  endfacet
  facet normal 0 1 0
    outer loop
      vertex -9.50455760956 23.9692687988 65.3249969482
      vertex -9.31969738007 14.3062992096 65.3249969482
      vertex -9.09999752045 14.3250007629 65.3249969482
    endloop
  endfacet
  facet normal 0 1 0
    outer loop
      vertex -11.4137048721 22.3387050629 65.3249969482
      vertex -9.53307533264 14.2507390976 65.3249969482
      vertex -9.31969738007 14.3062992096 65.3249969482
    endloop
  endfacet
  facet normal 0.251983106136 0 0.967731654644
    outer loop
      vertex -9.53307533264 14.2507390976 65.3249969482
      vertex -9.53307533264 14.2507390976 60.3250045776
      vertex -9.31969738007 14.3062992096 65.3249969482
    endloop
  endfacet
  facet normal 0.251983106136 0 0.967731654644
    outer loop
      vertex -9.31969738007 14.3062992096 65.3249969482
      vertex -9.53307533264 14.2507390976 60.3250045776
      vertex -9.31969738007 14.3062992096 60.3250045776
    endloop
  endfacet
  facet normal 0.411885470152 0 0.911235630512
    outer loop
      vertex -9.53307533264 14.2507390976 65.3249969482
      vertex -9.73400115967 14.1599187851 60.3250045776
      vertex -9.53307533264 14.2507390976 60.3250045776
    endloop
  endfacet
  facet normal -0 -1 0
    outer loop
      vertex -9.53307533264 14.2507390976 60.3250045776
      vertex -9.73400115967 14.1599187851 60.3250045776
      vertex -13.0999927521 19.7116641998 60.3250045776
    endloop
  endfacet
  facet normal 0 -1 0
    outer loop
      vertex -13.0999927521 19.7116641998 60.3250045776
      vertex -9.73400115967 14.1599187851 60.3250045776
      vertex -9.91668224335 14.036444664 60.3250045776
    endloop
  endfacet
  facet normal 0 -1 0
    outer loop
      vertex -13.0999927521 19.7116641998 60.3250045776
      vertex -9.91668224335 14.036444664 60.3250045776
      vertex -10.0758705139 13.8838748932 60.3250045776
    endloop
  endfacet
  facet normal -0 -1 0
    outer loop
      vertex -10.0758705139 13.8838748932 60.3250045776
      vertex -10.20698452 13.7065992355 60.3250045776
      vertex -13.0999927521 19.7116641998 60.3250045776
    endloop
  endfacet
  facet normal 0 -1 0
    outer loop
      vertex -13.0999927521 19.7116641998 60.3250045776
      vertex -10.20698452 13.7065992355 60.3250045776
      vertex -10.3062505722 13.5097103119 60.3250045776
    endloop
  endfacet
  facet normal 0.892932474613 0 0.450190573931
    outer loop
      vertex -10.20698452 13.7065992355 65.3249969482
      vertex -10.3062505722 13.5097103119 60.3250045776
      vertex -10.20698452 13.7065992355 60.3250045776
    endloop
  endfacet
  facet normal 0.80399364233 0 0.594637930393
    outer loop
      vertex -10.20698452 13.7065992355 65.3249969482
      vertex -10.20698452 13.7065992355 60.3250045776
      vertex -10.0758705139 13.8838748932 65.3249969482
    endloop
  endfacet
  facet normal 0 1 0
    outer loop
      vertex -10.20698452 13.7065992355 65.3249969482
      vertex -10.0758705139 13.8838748932 65.3249969482
      vertex -14.3561000824 18.2888469696 65.3249969482
    endloop
  endfacet
  facet normal -0 1 0
    outer loop
      vertex -15.3168973923 15.9692697525 65.3249969482
      vertex -10.20698452 13.7065992355 65.3249969482
      vertex -14.3561000824 18.2888469696 65.3249969482
    endloop
  endfacet
  facet normal -0.923879921436 0 -0.382682442665
    outer loop
      vertex -14.3561000824 18.2888469696 60.2232627869
      vertex -15.3168973923 15.9692697525 65.3249969482
      vertex -14.3561000824 18.2888469696 65.3249969482
    endloop
  endfacet
  facet normal -0.87908488512 0 -0.476665318012
    outer loop
      vertex -14.3561000824 18.2888469696 60.2232627869
      vertex -14.3561000824 18.2888469696 65.3249969482
      vertex -13.9653816223 19.0094261169 60.3003120422
    endloop
  endfacet
  facet normal -0.00465986831114 -0.99405092001 -0.108816877007
    outer loop
      vertex -13.0999927521 18.1473197937 60.2018814087
      vertex -14.3561000824 18.2888469696 60.2232627869
      vertex -13.9653816223 19.0094261169 60.3003120422
    endloop
  endfacet
  facet normal 0.00420643435791 -0.982583165169 -0.185775667429
    outer loop
      vertex -13.0999927521 18.1473197937 60.2018814087
      vertex -14.7817525864 17.3847103119 60.0504989624
      vertex -14.3561000824 18.2888469696 60.2232627869
    endloop
  endfacet
  facet normal -0.853570640087 0.00832907762378 -0.52091050148
    outer loop
      vertex -13.9653816223 19.0094261169 60.3003120422
      vertex -14.3561000824 18.2888469696 65.3249969482
      vertex -13.5365848541 19.7116641998 60.3250045776
    endloop
  endfacet
  facet normal 0 -0.999382436275 -0.0351384952664
    outer loop
      vertex -13.5365848541 19.7116641998 60.3250045776
      vertex -13.0999927521 19.7116641998 60.3250045776
      vertex -13.9653816223 19.0094261169 60.3003120422
    endloop
  endfacet
  facet normal 0 -1 0
    outer loop
      vertex -13.5365848541 19.7116641998 60.3250045776
      vertex -13.0442657471 20.4295654297 60.3250045776
      vertex -13.0999927521 19.7116641998 60.3250045776
    endloop
  endfacet
  facet normal -0.824705302715 0 -0.565562665462
    outer loop
      vertex -13.5365848541 19.7116641998 60.3250045776
      vertex -13.0442657471 20.4295654297 65.3249969482
      vertex -13.0442657471 20.4295654297 60.3250045776
    endloop
  endfacet
  facet normal -0.760405957699 0 -0.649448037148
    outer loop
      vertex -13.0442657471 20.4295654297 60.3250045776
      vertex -13.0442657471 20.4295654297 65.3249969482
      vertex -11.4137048721 22.3387050629 65.3249969482
    endloop
  endfacet
  facet normal -0 1 0
    outer loop
      vertex -13.0442657471 20.4295654297 65.3249969482
      vertex -9.73400115967 14.1599187851 65.3249969482
      vertex -11.4137048721 22.3387050629 65.3249969482
    endloop
  endfacet
  facet normal 0 1 0
    outer loop
      vertex -13.0442657471 20.4295654297 65.3249969482
      vertex -9.91668224335 14.036444664 65.3249969482
      vertex -9.73400115967 14.1599187851 65.3249969482
    endloop
  endfacet
  facet normal 0.559986412525 0 0.828501820564
    outer loop
      vertex -9.91668224335 14.036444664 65.3249969482
      vertex -9.91668224335 14.036444664 60.3250045776
      vertex -9.73400115967 14.1599187851 65.3249969482
    endloop
  endfacet
  facet normal -0 1 0
    outer loop
      vertex -14.3561000824 18.2888469696 65.3249969482
      vertex -9.91668224335 14.036444664 65.3249969482
      vertex -13.0442657471 20.4295654297 65.3249969482
    endloop
  endfacet
  facet normal -0.852605879307 0.00893328804523 -0.522478103638
    outer loop
      vertex -13.5365848541 19.7116641998 60.3250045776
      vertex -14.3561000824 18.2888469696 65.3249969482
      vertex -13.0442657471 20.4295654297 65.3249969482
    endloop
  endfacet
  facet normal -0.906115710735 0.0214427765459 -0.422486066818
    outer loop
      vertex -14.7817525864 17.3847103119 60.0504989624
      vertex -15.3168973923 15.9692697525 65.3249969482
      vertex -14.3561000824 18.2888469696 60.2232627869
    endloop
  endfacet
  facet normal -0.928072452545 0.00576216354966 -0.372355103493
    outer loop
      vertex -14.7817525864 17.3847103119 60.0504989624
      vertex -15.0893001556 16.6214923859 59.8355674744
      vertex -15.3168973923 15.9692697525 65.3249969482
    endloop
  endfacet
  facet normal -0.944164872169 -0 -0.329473346472
    outer loop
      vertex -15.3168973923 15.9692697525 65.3249969482
      vertex -15.0893001556 16.6214923859 59.8355674744
      vertex -15.3168973923 15.9692697525 59.598323822
    endloop
  endfacet
  facet normal -0.972369909286 -0 -0.233445525169
    outer loop
      vertex -15.3168973923 15.9692697525 65.3249969482
      vertex -15.3168973923 15.9692697525 59.598323822
      vertex -15.9030075073 13.5279483795 65.3249969482
    endloop
  endfacet
  facet normal -0 1 0
    outer loop
      vertex -15.9030075073 13.5279483795 65.3249969482
      vertex -10.3708171844 13.2988796234 65.3249969482
      vertex -15.3168973923 15.9692697525 65.3249969482
    endloop
  endfacet
  facet normal 0 1 0
    outer loop
      vertex -10.3708171844 13.2988796234 65.3249969482
      vertex -10.3062505722 13.5097103119 65.3249969482
      vertex -15.3168973923 15.9692697525 65.3249969482
    endloop
  endfacet
  facet normal 0.956166148186 0 0.292824625969
    outer loop
      vertex -10.3708171844 13.2988796234 65.3249969482
      vertex -10.3708171844 13.2988796234 60.3250045776
      vertex -10.3062505722 13.5097103119 65.3249969482
    endloop
  endfacet
  facet normal 0.956166148186 0 0.292824625969
    outer loop
      vertex -10.3062505722 13.5097103119 65.3249969482
      vertex -10.3708171844 13.2988796234 60.3250045776
      vertex -10.3062505722 13.5097103119 60.3250045776
    endloop
  endfacet
  facet normal 0 1 0
    outer loop
      vertex -15.9030075073 13.5279483795 65.3249969482
      vertex -10.3988227844 13.0801763535 65.3249969482
      vertex -10.3708171844 13.2988796234 65.3249969482
    endloop
  endfacet
  facet normal 0.991900801659 6.32153174251e-08 0.127015128732
    outer loop
      vertex -10.3988227844 13.0801763535 65.3249969482
      vertex -10.3988227844 13.0801734924 60.3250045776
      vertex -10.3708171844 13.2988796234 65.3249969482
    endloop
  endfacet
  facet normal 0 1 0
    outer loop
      vertex -10.3894662857 12.8598794937 65.3249969482
      vertex -10.3988227844 13.0801763535 65.3249969482
      vertex -15.9030075073 13.5279483795 65.3249969482
    endloop
  endfacet
  facet normal 0 1 0
    outer loop
      vertex -16.0999965668 11.0250034332 65.3249969482
      vertex -10.3894662857 12.8598794937 65.3249969482
      vertex -15.9030075073 13.5279483795 65.3249969482
    endloop
  endfacet
  facet normal -0.996917247772 -0 -0.0784603506327
    outer loop
      vertex -15.9030075073 13.5279483795 65.3249969482
      vertex -15.9030075073 13.5279483795 58.1838645935
      vertex -16.0999965668 11.0250034332 65.3249969482
    endloop
  endfacet
  facet normal -0.993052601814 0.0135744838044 -0.116885475814
    outer loop
      vertex -16.0999965668 11.0250034332 65.3249969482
      vertex -15.9030075073 13.5279483795 58.1838645935
      vertex -16.0182209015 12.6406011581 57.3960723877
    endloop
  endfacet
  facet normal -0.996918737888 0.00565949361771 -0.0782364681363
    outer loop
      vertex -16.0999965668 11.0250034332 65.3249969482
      vertex -16.0182209015 12.6406011581 57.3960723877
      vertex -16.0633506775 12.1072597504 56.8190727234
    endloop
  endfacet
  facet normal -0.998753070831 0.0020438504871 -0.049881644547
    outer loop
      vertex -16.0888729095 11.6214952469 56.2028541565
      vertex -16.0999965668 11.0250034332 65.3249969482
      vertex -16.0633506775 12.1072597504 56.8190727234
    endloop
  endfacet
  facet normal -0 -0.619074046612 -0.785332620144
    outer loop
      vertex -13.0999984741 11.6214952469 56.2028541565
      vertex -16.0888729095 11.6214952469 56.2028541565
      vertex -16.0633506775 12.1072597504 56.8190727234
    endloop
  endfacet
  facet normal -0 -0.678780734539 -0.734341025352
    outer loop
      vertex -13.0999984741 12.6406011581 57.3960723877
      vertex -16.0633506775 12.1072597504 56.8190727234
      vertex -16.0182209015 12.6406011581 57.3960723877
    endloop
  endfacet
  facet normal -0 -0.74781113863 -0.663911521435
    outer loop
      vertex -13.0999984741 12.6406011581 57.3960723877
      vertex -16.0182209015 12.6406011581 57.3960723877
      vertex -15.9030075073 13.5279483795 58.1838645935
    endloop
  endfacet
  facet normal -0.986126124859 -0 -0.165997758508
    outer loop
      vertex -15.9030075073 13.5279483795 65.3249969482
      vertex -15.8515205383 13.8338117599 58.4151687622
      vertex -15.9030075073 13.5279483795 58.1838645935
    endloop
  endfacet
  facet normal -0 -0.797605335712 -0.603179693222
    outer loop
      vertex -13.0999984741 13.8338117599 58.4151687622
      vertex -15.9030075073 13.5279483795 58.1838645935
      vertex -15.8515205383 13.8338117599 58.4151687622
    endloop
  endfacet
  facet normal -0 -0.831533670425 -0.555474340916
    outer loop
      vertex -13.0999984741 13.8338117599 58.4151687622
      vertex -15.8515205383 13.8338117599 58.4151687622
      vertex -15.7205915451 14.4886760712 58.8526268005
    endloop
  endfacet
  facet normal -0.980763018131 0.00133249314968 -0.19519764185
    outer loop
      vertex -15.7205915451 14.4886760712 58.8526268005
      vertex -15.8515205383 13.8338117599 58.4151687622
      vertex -15.9030075073 13.5279483795 65.3249969482
    endloop
  endfacet
  facet normal -0.972207188606 0.00733435619622 -0.23400734365
    outer loop
      vertex -15.9030075073 13.5279483795 65.3249969482
      vertex -15.5532894135 15.1717605591 59.2350692749
      vertex -15.7205915451 14.4886760712 58.8526268005
    endloop
  endfacet
  facet normal -0 -0.872552514076 -0.48852032423
    outer loop
      vertex -13.0999927521 15.1717605591 59.2350692749
      vertex -15.7205915451 14.4886760712 58.8526268005
      vertex -15.5532894135 15.1717605591 59.2350692749
    endloop
  endfacet
  facet normal -0 -0.910043418407 -0.414512902498
    outer loop
      vertex -13.0999927521 15.1717605591 59.2350692749
      vertex -15.5532894135 15.1717605591 59.2350692749
      vertex -15.3168973923 15.9692697525 59.598323822
    endloop
  endfacet
  facet normal 0 1 0
    outer loop
      vertex -16.0999965668 11.0250034332 65.3249969482
      vertex -10.3430109024 12.6443309784 65.3249969482
      vertex -10.3894662857 12.8598794937 65.3249969482
    endloop
  endfacet
  facet normal 0.977554321289 -1.04857001304e-07 -0.210683509707
    outer loop
      vertex -10.3430109024 12.6443309784 65.3249969482
      vertex -10.3430109024 12.644329071 60.3250045776
      vertex -10.3894662857 12.8598794937 65.3249969482
    endloop
  endfacet
  facet normal 0 1 0
    outer loop
      vertex -10.2608003616 12.4397373199 65.3249969482
      vertex -10.3430109024 12.6443309784 65.3249969482
      vertex -16.0999965668 11.0250034332 65.3249969482
    endloop
  endfacet
  facet normal 0 1 0
    outer loop
      vertex -16.0999965668 11.0250034332 65.3249969482
      vertex -10.145190239 12.2519779205 65.3249969482
      vertex -10.2608003616 12.4397373199 65.3249969482
    endloop
  endfacet
  facet normal 0.851524233818 0 -0.524315297604
    outer loop
      vertex -10.145190239 12.2519779205 65.3249969482
      vertex -10.145190239 12.2519779205 60.3250045776
      vertex -10.2608003616 12.4397373199 65.3249969482
    endloop
  endfacet
  facet normal 0.927893340588 0 -0.372845739126
    outer loop
      vertex -10.2608003616 12.4397373199 65.3249969482
      vertex -10.2608003616 12.4397373199 60.3250045776
      vertex -10.3430109024 12.6443309784 65.3249969482
    endloop
  endfacet
  facet normal 0.999099195004 0 -0.0424351394176
    outer loop
      vertex -10.3894662857 12.8598794937 65.3249969482
      vertex -10.3894662857 12.8598794937 60.3250045776
      vertex -10.3988227844 13.0801763535 65.3249969482
    endloop
  endfacet
  facet normal -0.960952937603 0.0193251743913 -0.276036143303
    outer loop
      vertex -15.9030075073 13.5279483795 65.3249969482
      vertex -15.3168973923 15.9692697525 59.598323822
      vertex -15.5532894135 15.1717605591 59.2350692749
    endloop
  endfacet
  facet normal -0 -0.939760327339 -0.341834038496
    outer loop
      vertex -13.0999927521 16.6214923859 59.8355674744
      vertex -15.3168973923 15.9692697525 59.598323822
      vertex -15.0893001556 16.6214923859 59.8355674744
    endloop
  endfacet
  facet normal -0 -0.962560176849 -0.271068125963
    outer loop
      vertex -13.0999927521 16.6214923859 59.8355674744
      vertex -15.0893001556 16.6214923859 59.8355674744
      vertex -14.7817525864 17.3847103119 60.0504989624
    endloop
  endfacet
  facet normal 0 1 0
    outer loop
      vertex -15.3168973923 15.9692697525 65.3249969482
      vertex -10.3062505722 13.5097103119 65.3249969482
      vertex -10.20698452 13.7065992355 65.3249969482
    endloop
  endfacet
  facet normal 0 1 0
    outer loop
      vertex -14.3561000824 18.2888469696 65.3249969482
      vertex -10.0758705139 13.8838748932 65.3249969482
      vertex -9.91668224335 14.036444664 65.3249969482
    endloop
  endfacet
  facet normal 0.691937208176 0 0.721957683563
    outer loop
      vertex -10.0758705139 13.8838748932 65.3249969482
      vertex -10.0758705139 13.8838748932 60.3250045776
      vertex -9.91668224335 14.036444664 65.3249969482
    endloop
  endfacet
  facet normal 0.892932474613 0 0.450190573931
    outer loop
      vertex -10.3062505722 13.5097103119 65.3249969482
      vertex -10.3062505722 13.5097103119 60.3250045776
      vertex -10.20698452 13.7065992355 65.3249969482
    endloop
  endfacet
  facet normal 0.80399364233 0 0.594637930393
    outer loop
      vertex -10.0758705139 13.8838748932 65.3249969482
      vertex -10.20698452 13.7065992355 60.3250045776
      vertex -10.0758705139 13.8838748932 60.3250045776
    endloop
  endfacet
  facet normal 0.691937208176 0 0.721957683563
    outer loop
      vertex -9.91668224335 14.036444664 65.3249969482
      vertex -10.0758705139 13.8838748932 60.3250045776
      vertex -9.91668224335 14.036444664 60.3250045776
    endloop
  endfacet
  facet normal 0.559986412525 0 0.828501820564
    outer loop
      vertex -9.73400115967 14.1599187851 65.3249969482
      vertex -9.91668224335 14.036444664 60.3250045776
      vertex -9.73400115967 14.1599187851 60.3250045776
    endloop
  endfacet
  facet normal 0.411885470152 0 0.911235630512
    outer loop
      vertex -9.73400115967 14.1599187851 65.3249969482
      vertex -9.73400115967 14.1599187851 60.3250045776
      vertex -9.53307533264 14.2507390976 65.3249969482
    endloop
  endfacet
  facet normal 0 1 0
    outer loop
      vertex -9.73400115967 14.1599187851 65.3249969482
      vertex -9.53307533264 14.2507390976 65.3249969482
      vertex -11.4137048721 22.3387050629 65.3249969482
    endloop
  endfacet
  facet normal -0.760405957699 -3.10582563386e-17 -0.649448037148
    outer loop
      vertex -13.0442657471 20.4295654297 60.3250045776
      vertex -11.4137048721 22.3387050629 65.3249969482
      vertex -11.4137048721 22.3387050629 60.3250045776
    endloop
  endfacet
  facet normal 0 -1 0
    outer loop
      vertex -13.0999927521 19.7116641998 60.3250045776
      vertex -13.0442657471 20.4295654297 60.3250045776
      vertex -11.4137048721 22.3387050629 60.3250045776
    endloop
  endfacet
  facet normal 0 -1 -0
    outer loop
      vertex -9.53307533264 14.2507390976 60.3250045776
      vertex -13.0999927521 19.7116641998 60.3250045776
      vertex -9.31969738007 14.3062992096 60.3250045776
    endloop
  endfacet
  facet normal 0.0848143696785 0 0.996396780014
    outer loop
      vertex -9.31969738007 14.3062992096 65.3249969482
      vertex -9.31969738007 14.3062992096 60.3250045776
      vertex -9.09999752045 14.3250007629 65.3249969482
    endloop
  endfacet
  facet normal -0 1 0
    outer loop
      vertex -9.50455760956 23.9692687988 65.3249969482
      vertex -9.09999752045 14.3250007629 65.3249969482
      vertex -7.36384534836 25.2811050415 65.3249969482
    endloop
  endfacet
  facet normal -0.522500574589 0 -0.85263890028
    outer loop
      vertex -9.50455760956 23.9692687988 60.3250045776
      vertex -9.50455760956 23.9692687988 65.3249969482
      vertex -7.36384534836 25.2811050415 65.3249969482
    endloop
  endfacet
  facet normal 0 -1 -0
    outer loop
      vertex -9.09999752045 14.3250007629 60.3250045776
      vertex -9.50455760956 23.9692687988 60.3250045776
      vertex -8.88029384613 14.3062992096 60.3250045776
    endloop
  endfacet
  facet normal -0.251983106136 0 0.967731654644
    outer loop
      vertex -8.88029384613 14.3062992096 65.3249969482
      vertex -8.88029384613 14.3062992096 60.3250045776
      vertex -8.66691589355 14.2507390976 65.3249969482
    endloop
  endfacet
  facet normal 0 1 0
    outer loop
      vertex -5.04426813126 26.2419052124 65.3249969482
      vertex -8.88029384613 14.3062992096 65.3249969482
      vertex -8.66691589355 14.2507390976 65.3249969482
    endloop
  endfacet
  facet normal -0.382683306932 3.10582695735e-17 -0.923879563808
    outer loop
      vertex -7.36384534836 25.2811050415 60.3250045776
      vertex -5.04426813126 26.2419052124 65.3249969482
      vertex -5.04426813126 26.2419052124 60.3250045776
    endloop
  endfacet
  facet normal 0 -1 0
    outer loop
      vertex -5.04426813126 26.2419052124 60.3250045776
      vertex -4.38797998428 15.5159931183 60.3250045776
      vertex -4.81201171875 15.5159931183 60.3250045776
    endloop
  endfacet
  facet normal 0 -1 0
    outer loop
      vertex -5.04426813126 26.2419052124 60.3250045776
      vertex -4.81201171875 15.5159931183 60.3250045776
      vertex -5.22994184494 15.4443302155 60.3250045776
    endloop
  endfacet
  facet normal -0 -1 -0
    outer loop
      vertex -5.22994184494 15.4443302155 60.3250045776
      vertex -5.62974834442 15.303068161 60.3250045776
      vertex -5.04426813126 26.2419052124 60.3250045776
    endloop
  endfacet
  facet normal -0 -1 -0
    outer loop
      vertex -5.62974834442 15.303068161 60.3250045776
      vertex -5.99993181229 15.0962743759 60.3250045776
      vertex -5.04426813126 26.2419052124 60.3250045776
    endloop
  endfacet
  facet normal 0 -1 0
    outer loop
      vertex -5.04426813126 26.2419052124 60.3250045776
      vertex -5.99993181229 15.0962743759 60.3250045776
      vertex -6.32984161377 14.8298912048 60.3250045776
    endloop
  endfacet
  facet normal 0 -1 0
    outer loop
      vertex -5.04426813126 26.2419052124 60.3250045776
      vertex -6.32984161377 14.8298912048 60.3250045776
      vertex -6.60999107361 14.5115804672 60.3250045776
    endloop
  endfacet
  facet normal 0.7506711483 -0 0.660676062107
    outer loop
      vertex -6.32984161377 14.8298912048 60.3250045776
      vertex -6.32984161377 14.8298912048 65.3249969482
      vertex -6.60999107361 14.5115804672 60.3250045776
    endloop
  endfacet
  facet normal 0.7506711483 -0 0.660676062107
    outer loop
      vertex -6.60999107361 14.5115804672 60.3250045776
      vertex -6.32984161377 14.8298912048 65.3249969482
      vertex -6.60999107361 14.5115804672 65.3249969482
    endloop
  endfacet
  facet normal 0.628219902515 -0 0.77803581953
    outer loop
      vertex -5.99993181229 15.0962743759 60.3250045776
      vertex -5.99993181229 15.0962743759 65.3249969482
      vertex -6.32984161377 14.8298912048 60.3250045776
    endloop
  endfacet
  facet normal 0.487689554691 -0 0.873017132282
    outer loop
      vertex -5.62974834442 15.303068161 60.3250045776
      vertex -5.62974834442 15.303068161 65.3249969482
      vertex -5.99993181229 15.0962743759 60.3250045776
    endloop
  endfacet
  facet normal 0.33314242959 -0 0.942876517773
    outer loop
      vertex -5.22994184494 15.4443302155 60.3250045776
      vertex -5.22994184494 15.4443302155 65.3249969482
      vertex -5.62974834442 15.303068161 60.3250045776
    endloop
  endfacet
  facet normal 0.169006168842 -0 0.98561501503
    outer loop
      vertex -4.81201171875 15.5159931183 60.3250045776
      vertex -4.81201171875 15.5159931183 65.3249969482
      vertex -5.22994184494 15.4443302155 60.3250045776
    endloop
  endfacet
  facet normal 0 -0 1
    outer loop
      vertex -4.38797998428 15.5159931183 60.3250045776
      vertex -4.38797998428 15.5159931183 65.3249969482
      vertex -4.81201171875 15.5159931183 60.3250045776
    endloop
  endfacet
  facet normal -0.169007629156 0 0.985614717007
    outer loop
      vertex -3.97005367279 15.4443302155 60.3250045776
      vertex -3.97005367279 15.4443302155 65.3249969482
      vertex -4.38797998428 15.5159931183 60.3250045776
    endloop
  endfacet
  facet normal 0 -1 0
    outer loop
      vertex -0.0999976322055 27.0249977112 60.3250045776
      vertex -3.57024478912 15.303068161 60.3250045776
      vertex -3.97005367279 15.4443302155 60.3250045776
    endloop
  endfacet
  facet normal -0.333140581846 0 0.942877173424
    outer loop
      vertex -3.57024478912 15.303068161 60.3250045776
      vertex -3.57024478912 15.303068161 65.3249969482
      vertex -3.97005367279 15.4443302155 60.3250045776
    endloop
  endfacet
  facet normal 0 -1 -0
    outer loop
      vertex -3.20006132126 15.0962743759 60.3250045776
      vertex -3.57024478912 15.303068161 60.3250045776
      vertex -0.0999976322055 27.0249977112 60.3250045776
    endloop
  endfacet
  facet normal 0 -1 0
    outer loop
      vertex -0.0999976322055 27.0249977112 60.3250045776
      vertex -0.734001159668 14.1599187851 60.3250045776
      vertex -3.20006132126 15.0962743759 60.3250045776
    endloop
  endfacet
  facet normal 0 -1 0
    outer loop
      vertex -3.20006132126 15.0962743759 60.3250045776
      vertex -0.734001159668 14.1599187851 60.3250045776
      vertex -0.916684031487 14.036444664 60.3250045776
    endloop
  endfacet
  facet normal 0 -1 0
    outer loop
      vertex -3.20006132126 15.0962743759 60.3250045776
      vertex -0.916684031487 14.036444664 60.3250045776
      vertex -2.87015175819 14.8298912048 60.3250045776
    endloop
  endfacet
  facet normal -0.628219902515 0 0.77803581953
    outer loop
      vertex -2.87015175819 14.8298912048 60.3250045776
      vertex -2.87015175819 14.8298912048 65.3249969482
      vertex -3.20006132126 15.0962743759 60.3250045776
    endloop
  endfacet
  facet normal -0.628219902515 0 0.77803581953
    outer loop
      vertex -3.20006132126 15.0962743759 60.3250045776
      vertex -2.87015175819 14.8298912048 65.3249969482
      vertex -3.20006132126 15.0962743759 65.3249969482
    endloop
  endfacet
  facet normal -0.750674068928 0 0.660672724247
    outer loop
      vertex -2.87015175819 14.8298912048 60.3250045776
      vertex -2.59000444412 14.5115804672 65.3249969482
      vertex -2.87015175819 14.8298912048 65.3249969482
    endloop
  endfacet
  facet normal 0 1 0
    outer loop
      vertex -2.59000444412 14.5115804672 65.3249969482
      vertex 10.304567337 23.9692668915 65.3249969482
      vertex -2.87015175819 14.8298912048 65.3249969482
    endloop
  endfacet
  facet normal 0 1 0
    outer loop
      vertex -2.87015175819 14.8298912048 65.3249969482
      vertex 10.304567337 23.9692668915 65.3249969482
      vertex 8.1638507843 25.2811031342 65.3249969482
    endloop
  endfacet
  facet normal 0 1 0
    outer loop
      vertex -2.87015175819 14.8298912048 65.3249969482
      vertex 8.1638507843 25.2811031342 65.3249969482
      vertex 5.84427261353 26.2419033051 65.3249969482
    endloop
  endfacet
  facet normal 0.522499680519 0 -0.852639496326
    outer loop
      vertex 8.1638507843 25.2811031342 60.3250045776
      vertex 8.1638507843 25.2811031342 65.3249969482
      vertex 10.304567337 23.9692668915 65.3249969482
    endloop
  endfacet
  facet normal 0.522499680519 0 -0.852639496326
    outer loop
      vertex 8.1638507843 25.2811031342 60.3250045776
      vertex 10.304567337 23.9692668915 65.3249969482
      vertex 10.304567337 23.9692668915 60.3250045776
    endloop
  endfacet
  facet normal -0 -1 0
    outer loop
      vertex 10.304567337 23.9692668915 60.3250045776
      vertex 13.9000034332 19.7116641998 60.3250045776
      vertex 8.1638507843 25.2811031342 60.3250045776
    endloop
  endfacet
  facet normal 0 -1 0
    outer loop
      vertex 8.1638507843 25.2811031342 60.3250045776
      vertex 13.9000034332 19.7116641998 60.3250045776
      vertex 1.00698900223 13.7065992355 60.3250045776
    endloop
  endfacet
  facet normal 0 -1 0
    outer loop
      vertex 8.1638507843 25.2811031342 60.3250045776
      vertex 1.00698900223 13.7065992355 60.3250045776
      vertex 0.875875234604 13.8838748932 60.3250045776
    endloop
  endfacet
  facet normal 0 -1 -0
    outer loop
      vertex 0.875875234604 13.8838748932 60.3250045776
      vertex 0.716688752174 14.036444664 60.3250045776
      vertex 8.1638507843 25.2811031342 60.3250045776
    endloop
  endfacet
  facet normal 0 -1 0
    outer loop
      vertex 8.1638507843 25.2811031342 60.3250045776
      vertex 0.716688752174 14.036444664 60.3250045776
      vertex 0.53400593996 14.1599187851 60.3250045776
    endloop
  endfacet
  facet normal -0 -1 0
    outer loop
      vertex 8.1638507843 25.2811031342 60.3250045776
      vertex 0.53400593996 14.1599187851 60.3250045776
      vertex 5.84427261353 26.2419033051 60.3250045776
    endloop
  endfacet
  facet normal -0.559981167316 0 0.828505337238
    outer loop
      vertex 0.716688752174 14.036444664 65.3249969482
      vertex 0.53400593996 14.1599187851 60.3250045776
      vertex 0.716688752174 14.036444664 60.3250045776
    endloop
  endfacet
  facet normal -0.691942870617 0 0.721952259541
    outer loop
      vertex 0.716688752174 14.036444664 65.3249969482
      vertex 0.716688752174 14.036444664 60.3250045776
      vertex 0.875875234604 13.8838748932 65.3249969482
    endloop
  endfacet
  facet normal 0 1 0
    outer loop
      vertex 12.2137126923 22.3387050629 65.3249969482
      vertex 0.716688752174 14.036444664 65.3249969482
      vertex 0.875875234604 13.8838748932 65.3249969482
    endloop
  endfacet
  facet normal 0 1 -0
    outer loop
      vertex 12.2137126923 22.3387050629 65.3249969482
      vertex 0.875875234604 13.8838748932 65.3249969482
      vertex 13.8442735672 20.4295654297 65.3249969482
    endloop
  endfacet
  facet normal 0.760405778885 -4.73066634754e-08 -0.649448275566
    outer loop
      vertex 12.2137126923 22.3387050629 60.3250045776
      vertex 12.2137126923 22.3387050629 65.3249969482
      vertex 13.8442735672 20.4295654297 65.3249969482
    endloop
  endfacet
  facet normal 0.760405778885 -4.73066634754e-08 -0.649448275566
    outer loop
      vertex 12.2137126923 22.3387050629 60.3250045776
      vertex 13.8442735672 20.4295654297 65.3249969482
      vertex 13.8442735672 20.4295654297 60.3250045776
    endloop
  endfacet
  facet normal 0 -1 0
    outer loop
      vertex 13.9000034332 19.7116641998 60.3250045776
      vertex 12.2137126923 22.3387050629 60.3250045776
      vertex 13.8442735672 20.4295654297 60.3250045776
    endloop
  endfacet
  facet normal 0 -1 -0
    outer loop
      vertex 13.9000034332 19.7116641998 60.3250045776
      vertex 13.8442735672 20.4295654297 60.3250045776
      vertex 14.3365869522 19.7116641998 60.3250045776
    endloop
  endfacet
  facet normal 0 -0.996917128563 -0.0784616023302
    outer loop
      vertex 13.9000034332 19.7116641998 60.3250045776
      vertex 14.3365869522 19.7116641998 60.3250045776
      vertex 13.9000005722 18.1473178864 60.2018814087
    endloop
  endfacet
  facet normal -1 1.71079282154e-05 -2.44289424245e-07
    outer loop
      vertex 13.9000034332 19.7116641998 60.3250045776
      vertex 13.9000005722 18.1473178864 60.2018814087
      vertex 13.9000005722 9.52500152588 60.3250045776
    endloop
  endfacet
  facet normal 0 -1 -0
    outer loop
      vertex 13.9000005722 9.52500152588 60.3250045776
      vertex 1.19882941246 13.0801734924 60.3250045776
      vertex 13.9000034332 19.7116641998 60.3250045776
    endloop
  endfacet
  facet normal 0 -1 0
    outer loop
      vertex 13.9000034332 19.7116641998 60.3250045776
      vertex 1.19882941246 13.0801734924 60.3250045776
      vertex 1.17082393169 13.2988796234 60.3250045776
    endloop
  endfacet
  facet normal 0 -1 0
    outer loop
      vertex 13.9000034332 19.7116641998 60.3250045776
      vertex 1.17082393169 13.2988796234 60.3250045776
      vertex 1.10625743866 13.5097103119 60.3250045776
    endloop
  endfacet
  facet normal -0.956166148186 0 0.292824625969
    outer loop
      vertex 1.17082393169 13.2988796234 65.3249969482
      vertex 1.10625743866 13.5097103119 60.3250045776
      vertex 1.17082393169 13.2988796234 60.3250045776
    endloop
  endfacet
  facet normal -0.991900980473 0 0.12701369822
    outer loop
      vertex 1.17082393169 13.2988796234 65.3249969482
      vertex 1.17082393169 13.2988796234 60.3250045776
      vertex 1.19882941246 13.0801734924 65.3249969482
    endloop
  endfacet
  facet normal 0 1 0
    outer loop
      vertex 16.7030162811 13.5279455185 65.3249969482
      vertex 1.17082393169 13.2988796234 65.3249969482
      vertex 1.19882941246 13.0801734924 65.3249969482
    endloop
  endfacet
  facet normal 0 1 -0
    outer loop
      vertex 16.7030162811 13.5279455185 65.3249969482
      vertex 1.19882941246 13.0801734924 65.3249969482
      vertex 16.9000015259 11.0250015259 65.3249969482
    endloop
  endfacet
  facet normal 0.996901154518 0.00570484483615 -0.0784575939178
    outer loop
      vertex 16.9000015259 11.0250015259 65.3249969482
      vertex 16.8182258606 12.6405982971 57.3960723877
      vertex 16.7030162811 13.5279455185 65.3249969482
    endloop
  endfacet
  facet normal 0.991676390171 -4.31965681003e-08 -0.128755509853
    outer loop
      vertex 16.7030162811 13.5279455185 65.3249969482
      vertex 16.8182258606 12.6405982971 57.3960723877
      vertex 16.7030162811 13.5279455185 58.1838645935
    endloop
  endfacet
  facet normal 0.986119806767 -4.29545288227e-08 -0.166035190225
    outer loop
      vertex 16.7030162811 13.5279455185 65.3249969482
      vertex 16.7030162811 13.5279455185 58.1838645935
      vertex 16.6513442993 13.8348312378 58.4159164429
    endloop
  endfacet
  facet normal 0.980734527111 0.00134192290716 -0.195340827107
    outer loop
      vertex 16.6513442993 13.8348312378 58.4159164429
      vertex 16.5197792053 14.492351532 58.8548812866
      vertex 16.7030162811 13.5279455185 65.3249969482
    endloop
  endfacet
  facet normal 0.972183704376 0.00736193684861 -0.234103962779
    outer loop
      vertex 16.7030162811 13.5279455185 65.3249969482
      vertex 16.5197792053 14.492351532 58.8548812866
      vertex 16.3532981873 15.1717576981 59.2350692749
    endloop
  endfacet
  facet normal 0.972344875336 0.00717333517969 -0.233439520001
    outer loop
      vertex 16.7030162811 13.5279455185 65.3249969482
      vertex 16.3532981873 15.1717576981 59.2350692749
      vertex 16.1169052124 15.9692678452 65.3249969482
    endloop
  endfacet
  facet normal 0.958767354488 -4.55685515988e-08 -0.284192204475
    outer loop
      vertex 16.1169052124 15.9692678452 65.3249969482
      vertex 16.3532981873 15.1717576981 59.2350692749
      vertex 16.1169052124 15.9692678452 59.598323822
    endloop
  endfacet
  facet normal 0.944163739681 -4.48744685855e-08 -0.32947653532
    outer loop
      vertex 16.1169052124 15.9692678452 65.3249969482
      vertex 16.1169052124 15.9692678452 59.598323822
      vertex 15.8893051147 16.6214885712 59.8355674744
    endloop
  endfacet
  facet normal 0.928015053272 0.00578103912994 -0.372497826815
    outer loop
      vertex 15.8893051147 16.6214885712 59.8355674744
      vertex 15.5796957016 17.3894767761 60.0516357422
      vertex 16.1169052124 15.9692678452 65.3249969482
    endloop
  endfacet
  facet normal 0.923842608929 0.00894509349018 -0.382667958736
    outer loop
      vertex 16.1169052124 15.9692678452 65.3249969482
      vertex 15.5796957016 17.3894767761 60.0516357422
      vertex 15.1561059952 18.2888450623 65.3249969482
    endloop
  endfacet
  facet normal 0 1 -0
    outer loop
      vertex 15.1561059952 18.2888450623 65.3249969482
      vertex 1.10625743866 13.5097103119 65.3249969482
      vertex 16.1169052124 15.9692678452 65.3249969482
    endloop
  endfacet
  facet normal 0 1 0
    outer loop
      vertex 16.1169052124 15.9692678452 65.3249969482
      vertex 1.10625743866 13.5097103119 65.3249969482
      vertex 1.17082393169 13.2988796234 65.3249969482
    endloop
  endfacet
  facet normal 0 1 0
    outer loop
      vertex 15.1561059952 18.2888450623 65.3249969482
      vertex 1.00698900223 13.7065992355 65.3249969482
      vertex 1.10625743866 13.5097103119 65.3249969482
    endloop
  endfacet
  facet normal -0.89292794466 0 0.450199574232
    outer loop
      vertex 1.00698900223 13.7065992355 65.3249969482
      vertex 1.00698900223 13.7065992355 60.3250045776
      vertex 1.10625743866 13.5097103119 65.3249969482
    endloop
  endfacet
  facet normal -0.89292794466 0 0.450199574232
    outer loop
      vertex 1.10625743866 13.5097103119 65.3249969482
      vertex 1.00698900223 13.7065992355 60.3250045776
      vertex 1.10625743866 13.5097103119 60.3250045776
    endloop
  endfacet
  facet normal 0 1 -0
    outer loop
      vertex 13.8442735672 20.4295654297 65.3249969482
      vertex 1.00698900223 13.7065992355 65.3249969482
      vertex 15.1561059952 18.2888450623 65.3249969482
    endloop
  endfacet
  facet normal 0.852608978748 0.00861376337707 -0.522478401661
    outer loop
      vertex 15.1561059952 18.2888450623 65.3249969482
      vertex 14.7667417526 19.0070724487 60.3001480103
      vertex 13.8442735672 20.4295654297 65.3249969482
    endloop
  endfacet
  facet normal 0.853621840477 0.00927183590829 -0.5208106637
    outer loop
      vertex 13.8442735672 20.4295654297 65.3249969482
      vertex 14.7667417526 19.0070724487 60.3001480103
      vertex 14.3365869522 19.7116641998 60.3250045776
    endloop
  endfacet
  facet normal 0.879132866859 -2.46568492912e-06 -0.476576715708
    outer loop
      vertex 15.1561059952 18.2888450623 65.3249969482
      vertex 15.1563520432 18.2883644104 60.2231941223
      vertex 14.7667417526 19.0070724487 60.3001480103
    endloop
  endfacet
  facet normal 0.00463081290945 -0.994036972523 -0.108944989741
    outer loop
      vertex 13.9000005722 18.1473178864 60.2018814087
      vertex 14.7667417526 19.0070724487 60.3001480103
      vertex 15.1563520432 18.2883644104 60.2231941223
    endloop
  endfacet
  facet normal 1.84580039056e-18 -0.98877710104 -0.14939814806
    outer loop
      vertex 15.1563520432 18.2883644104 60.2231941223
      vertex 15.2273368835 18.1473178864 60.2018814087
      vertex 13.9000005722 18.1473178864 60.2018814087
    endloop
  endfacet
  facet normal 0 -0.980908572674 -0.194469451904
    outer loop
      vertex 13.9000005722 18.1473178864 60.2018814087
      vertex 15.2273368835 18.1473178864 60.2018814087
      vertex 15.5796957016 17.3894767761 60.0516357422
    endloop
  endfacet
  facet normal 0.018345028162 -0.972206652164 -0.233404561877
    outer loop
      vertex 13.9000005722 18.1473178864 60.2018814087
      vertex 15.5796957016 17.3894767761 60.0516357422
      vertex 13.9000005722 16.6214885712 59.8355674744
    endloop
  endfacet
  facet normal 0.893254637718 7.59545969231e-07 -0.449551105499
    outer loop
      vertex 15.1561059952 18.2888450623 65.3249969482
      vertex 15.2273368835 18.1473178864 60.2018814087
      vertex 15.1563520432 18.2883644104 60.2231941223
    endloop
  endfacet
  facet normal 0.90685147047 0.000966135005001 -0.42144921422
    outer loop
      vertex 15.1561059952 18.2888450623 65.3249969482
      vertex 15.5796957016 17.3894767761 60.0516357422
      vertex 15.2273368835 18.1473178864 60.2018814087
    endloop
  endfacet
  facet normal 0 -0.962626516819 -0.270832389593
    outer loop
      vertex 13.9000005722 16.6214885712 59.8355674744
      vertex 15.5796957016 17.3894767761 60.0516357422
      vertex 15.8893051147 16.6214885712 59.8355674744
    endloop
  endfacet
  facet normal 0 -0.939760327339 -0.341834038496
    outer loop
      vertex 13.9000005722 16.6214885712 59.8355674744
      vertex 15.8893051147 16.6214885712 59.8355674744
      vertex 16.1169052124 15.9692678452 59.598323822
    endloop
  endfacet
  facet normal 0.0137162255123 -0.923792660236 -0.382647365332
    outer loop
      vertex 13.9000005722 16.6214885712 59.8355674744
      vertex 16.1169052124 15.9692678452 59.598323822
      vertex 13.9000005722 15.1717576981 59.2350692749
    endloop
  endfacet
  facet normal -1 0 0
    outer loop
      vertex 13.9000005722 9.52500152588 60.3250045776
      vertex 13.9000005722 16.6214885712 59.8355674744
      vertex 13.9000005722 15.1717576981 59.2350692749
    endloop
  endfacet
  facet normal -1 0 0
    outer loop
      vertex 13.9000005722 15.1717576981 59.2350692749
      vertex 13.9000005722 13.8338088989 58.4151687622
      vertex 13.9000005722 9.52500152588 60.3250045776
    endloop
  endfacet
  facet normal -1 0 0
    outer loop
      vertex 13.9000005722 9.52500152588 60.3250045776
      vertex 13.9000005722 13.8338088989 58.4151687622
      vertex 13.9000005722 12.6405982971 57.3960723877
    endloop
  endfacet
  facet normal -1 7.22973751976e-08 -6.79658285208e-08
    outer loop
      vertex 13.9000005722 9.52500152588 60.3250045776
      vertex 13.9000005722 12.6405982971 57.3960723877
      vertex 13.9000005722 11.6214933395 56.2028541565
    endloop
  endfacet
  facet normal -1 2.06183248253e-08 3.36462306905e-08
    outer loop
      vertex 13.9000005722 10.8016014099 54.8649024963
      vertex 13.9000005722 9.52500152588 60.3250045776
      vertex 13.9000005722 11.6214933395 56.2028541565
    endloop
  endfacet
  facet normal 0.01040221937 -0.64941328764 -0.760364472866
    outer loop
      vertex 16.8632049561 12.1094894409 56.821685791
      vertex 13.9000005722 11.6214933395 56.2028541565
      vertex 13.9000005722 12.6405982971 57.3960723877
    endloop
  endfacet
  facet normal 0 -0.678906857967 -0.734224379063
    outer loop
      vertex 13.9000005722 12.6405982971 57.3960723877
      vertex 16.8182258606 12.6405982971 57.3960723877
      vertex 16.8632049561 12.1094894409 56.821685791
    endloop
  endfacet
  facet normal -0 -0.619208991528 -0.785226225853
    outer loop
      vertex 16.8888778687 11.6214933395 56.2028541565
      vertex 13.9000005722 11.6214933395 56.2028541565
      vertex 16.8632049561 12.1094894409 56.821685791
    endloop
  endfacet
  facet normal 0.99874985218 0.00204797228798 -0.04994526878
    outer loop
      vertex 16.8888778687 11.6214933395 56.2028541565
      vertex 16.8632049561 12.1094894409 56.821685791
      vertex 16.9000015259 11.0250015259 65.3249969482
    endloop
  endfacet
  facet normal 2.96731490204e-17 -0.542409777641 -0.840114057064
    outer loop
      vertex 16.9000015259 11.0250015259 55.2789726257
      vertex 13.9000005722 11.6214933395 56.2028541565
      vertex 16.8888778687 11.6214933395 56.2028541565
    endloop
  endfacet
  facet normal 0.00811821222305 -0.760380923748 -0.64942663908
    outer loop
      vertex 13.9000005722 13.8338088989 58.4151687622
      vertex 16.7030162811 13.5279455185 58.1838645935
      vertex 13.9000005722 12.6405982971 57.3960723877
    endloop
  endfacet
  facet normal 0.011766275391 -0.852580308914 -0.522463798523
    outer loop
      vertex 13.9000005722 15.1717576981 59.2350692749
      vertex 16.5197792053 14.492351532 58.8548812866
      vertex 13.9000005722 13.8338088989 58.4151687622
    endloop
  endfacet
  facet normal 0 -0.910043418407 -0.414512902498
    outer loop
      vertex 13.9000005722 15.1717576981 59.2350692749
      vertex 16.1169052124 15.9692678452 59.598323822
      vertex 16.3532981873 15.1717576981 59.2350692749
    endloop
  endfacet
  facet normal 0 -0.872659444809 -0.488329261541
    outer loop
      vertex 13.9000005722 15.1717576981 59.2350692749
      vertex 16.3532981873 15.1717576981 59.2350692749
      vertex 16.5197792053 14.492351532 58.8548812866
    endloop
  endfacet
  facet normal 1.92656316358e-05 -0.831687092781 -0.555244624615
    outer loop
      vertex 13.9000005722 13.8338088989 58.4151687622
      vertex 16.5197792053 14.492351532 58.8548812866
      vertex 16.6513442993 13.8348312378 58.4159164429
    endloop
  endfacet
  facet normal -7.77507739258e-06 -0.797639608383 -0.603134334087
    outer loop
      vertex 13.9000005722 13.8338088989 58.4151687622
      vertex 16.6513442993 13.8348312378 58.4159164429
      vertex 16.7030162811 13.5279455185 58.1838645935
    endloop
  endfacet
  facet normal 0 -0.74781113863 -0.663911521435
    outer loop
      vertex 13.9000005722 12.6405982971 57.3960723877
      vertex 16.7030162811 13.5279455185 58.1838645935
      vertex 16.8182258606 12.6405982971 57.3960723877
    endloop
  endfacet
  facet normal 0.996914148331 0.00567152351141 -0.0782947167754
    outer loop
      vertex 16.9000015259 11.0250015259 65.3249969482
      vertex 16.8632049561 12.1094894409 56.821685791
      vertex 16.8182258606 12.6405982971 57.3960723877
    endloop
  endfacet
  facet normal 0 1 0
    outer loop
      vertex 16.9000015259 11.0250015259 65.3249969482
      vertex 1.19882941246 13.0801734924 65.3249969482
      vertex 1.18947267532 12.8598794937 65.3249969482
    endloop
  endfacet
  facet normal -0.999099195004 -0 -0.0424356162548
    outer loop
      vertex 1.19882941246 13.0801734924 65.3249969482
      vertex 1.19882941246 13.0801734924 60.3250045776
      vertex 1.18947267532 12.8598794937 65.3249969482
    endloop
  endfacet
  facet normal -0.999099195004 -0 -0.0424356162548
    outer loop
      vertex 1.18947267532 12.8598794937 65.3249969482
      vertex 1.19882941246 13.0801734924 60.3250045776
      vertex 1.18947267532 12.8598794937 60.3250045776
    endloop
  endfacet
  facet normal -0.977557122707 -0 -0.210670396686
    outer loop
      vertex 1.18947267532 12.8598794937 65.3249969482
      vertex 1.18947267532 12.8598794937 60.3250045776
      vertex 1.14302003384 12.644329071 65.3249969482
    endloop
  endfacet
  facet normal -0.977557122707 -0 -0.210670396686
    outer loop
      vertex 1.14302003384 12.644329071 65.3249969482
      vertex 1.18947267532 12.8598794937 60.3250045776
      vertex 1.14302003384 12.644329071 60.3250045776
    endloop
  endfacet
  facet normal 0 -1 0
    outer loop
      vertex 1.14302003384 12.644329071 60.3250045776
      vertex 1.18947267532 12.8598794937 60.3250045776
      vertex 13.9000005722 9.52500152588 60.3250045776
    endloop
  endfacet
  facet normal 0 -1 0
    outer loop
      vertex 13.9000005722 9.52500152588 60.3250045776
      vertex 1.06080520153 12.4397373199 60.3250045776
      vertex 1.14302003384 12.644329071 60.3250045776
    endloop
  endfacet
  facet normal -0.927883982658 -0 -0.372869074345
    outer loop
      vertex 1.06080520153 12.4397373199 65.3249969482
      vertex 1.14302003384 12.644329071 60.3250045776
      vertex 1.06080520153 12.4397373199 60.3250045776
    endloop
  endfacet
  facet normal 0 -1 0
    outer loop
      vertex 13.9000005722 9.52500152588 60.3250045776
      vertex 0.945199668407 12.2519779205 60.3250045776
      vertex 1.06080520153 12.4397373199 60.3250045776
    endloop
  endfacet
  facet normal 0 1 -0
    outer loop
      vertex 16.1169052124 15.9692678452 65.3249969482
      vertex 1.17082393169 13.2988796234 65.3249969482
      vertex 16.7030162811 13.5279455185 65.3249969482
    endloop
  endfacet
  facet normal -0.956166148186 0 0.292824625969
    outer loop
      vertex 1.10625743866 13.5097103119 65.3249969482
      vertex 1.10625743866 13.5097103119 60.3250045776
      vertex 1.17082393169 13.2988796234 65.3249969482
    endloop
  endfacet
  facet normal -0.991900980473 0 0.12701369822
    outer loop
      vertex 1.19882941246 13.0801734924 65.3249969482
      vertex 1.17082393169 13.2988796234 60.3250045776
      vertex 1.19882941246 13.0801734924 60.3250045776
    endloop
  endfacet
  facet normal 0 -1 0
    outer loop
      vertex 13.9000005722 9.52500152588 60.3250045776
      vertex 1.18947267532 12.8598794937 60.3250045776
      vertex 1.19882941246 13.0801734924 60.3250045776
    endloop
  endfacet
  facet normal -1 0 0
    outer loop
      vertex 13.9000005722 9.52500152588 60.3250045776
      vertex 13.9000005722 18.1473178864 60.2018814087
      vertex 13.9000005722 16.6214885712 59.8355674744
    endloop
  endfacet
  facet normal 0.0486578345299 -0.99670702219 -0.064865373075
    outer loop
      vertex 13.9000005722 18.1473178864 60.2018814087
      vertex 14.3365869522 19.7116641998 60.3250045776
      vertex 14.7667417526 19.0070724487 60.3001480103
    endloop
  endfacet
  facet normal 0.824707984924 -5.13070546049e-08 -0.565558791161
    outer loop
      vertex 13.8442735672 20.4295654297 65.3249969482
      vertex 14.3365869522 19.7116641998 60.3250045776
      vertex 13.8442735672 20.4295654297 60.3250045776
    endloop
  endfacet
  facet normal 0.649447619915 -4.04036910595e-08 -0.760406315327
    outer loop
      vertex 10.304567337 23.9692668915 60.3250045776
      vertex 12.2137126923 22.3387050629 65.3249969482
      vertex 12.2137126923 22.3387050629 60.3250045776
    endloop
  endfacet
  facet normal 0 1 0
    outer loop
      vertex 13.8442735672 20.4295654297 65.3249969482
      vertex 0.875875234604 13.8838748932 65.3249969482
      vertex 1.00698900223 13.7065992355 65.3249969482
    endloop
  endfacet
  facet normal -0.80399364233 0 0.594637930393
    outer loop
      vertex 0.875875234604 13.8838748932 65.3249969482
      vertex 0.875875234604 13.8838748932 60.3250045776
      vertex 1.00698900223 13.7065992355 65.3249969482
    endloop
  endfacet
  facet normal -0 1 0
    outer loop
      vertex 0.53400593996 14.1599187851 65.3249969482
      vertex 0.716688752174 14.036444664 65.3249969482
      vertex 12.2137126923 22.3387050629 65.3249969482
    endloop
  endfacet
  facet normal 0 1 0
    outer loop
      vertex 12.2137126923 22.3387050629 65.3249969482
      vertex 0.333084911108 14.2507390976 65.3249969482
      vertex 0.53400593996 14.1599187851 65.3249969482
    endloop
  endfacet
  facet normal -0.411893934011 0 0.911231815815
    outer loop
      vertex 0.333084911108 14.2507390976 65.3249969482
      vertex 0.333084911108 14.2507390976 60.3250045776
      vertex 0.53400593996 14.1599187851 65.3249969482
    endloop
  endfacet
  facet normal -0.411893934011 0 0.911231815815
    outer loop
      vertex 0.53400593996 14.1599187851 65.3249969482
      vertex 0.333084911108 14.2507390976 60.3250045776
      vertex 0.53400593996 14.1599187851 60.3250045776
    endloop
  endfacet
  facet normal -0 1 0
    outer loop
      vertex 0.119704030454 14.3062992096 65.3249969482
      vertex 0.333084911108 14.2507390976 65.3249969482
      vertex 12.2137126923 22.3387050629 65.3249969482
    endloop
  endfacet
  facet normal 0 1 0
    outer loop
      vertex 12.2137126923 22.3387050629 65.3249969482
      vertex -0.0999976322055 14.3250007629 65.3249969482
      vertex 0.119704030454 14.3062992096 65.3249969482
    endloop
  endfacet
  facet normal -0.0848134160042 0 0.996396839619
    outer loop
      vertex -0.0999976322055 14.3250007629 65.3249969482
      vertex -0.0999976322055 14.3250007629 60.3250045776
      vertex 0.119704030454 14.3062992096 65.3249969482
    endloop
  endfacet
  facet normal 0.0848134160042 0 0.996396839619
    outer loop
      vertex -0.0999976322055 14.3250007629 65.3249969482
      vertex -0.319699287415 14.3062992096 60.3250045776
      vertex -0.0999976322055 14.3250007629 60.3250045776
    endloop
  endfacet
  facet normal 0.0848134160042 0 0.996396839619
    outer loop
      vertex -0.319699287415 14.3062992096 65.3249969482
      vertex -0.319699287415 14.3062992096 60.3250045776
      vertex -0.0999976322055 14.3250007629 65.3249969482
    endloop
  endfacet
  facet normal 0.251980364323 0 0.9677323699
    outer loop
      vertex -0.319699287415 14.3062992096 65.3249969482
      vertex -0.533080160618 14.2507390976 60.3250045776
      vertex -0.319699287415 14.3062992096 60.3250045776
    endloop
  endfacet
  facet normal -0 -1 -0
    outer loop
      vertex -0.319699287415 14.3062992096 60.3250045776
      vertex -0.533080160618 14.2507390976 60.3250045776
      vertex -0.0999976322055 27.0249977112 60.3250045776
    endloop
  endfacet
  facet normal 0.251980364323 0 0.9677323699
    outer loop
      vertex -0.533080160618 14.2507390976 65.3249969482
      vertex -0.533080160618 14.2507390976 60.3250045776
      vertex -0.319699287415 14.3062992096 65.3249969482
    endloop
  endfacet
  facet normal 0 1 0
    outer loop
      vertex -0.533080160618 14.2507390976 65.3249969482
      vertex -0.319699287415 14.3062992096 65.3249969482
      vertex 12.2137126923 22.3387050629 65.3249969482
    endloop
  endfacet
  facet normal 0 1 0
    outer loop
      vertex -2.36768245697 14.1505069733 65.3249969482
      vertex -0.533080160618 14.2507390976 65.3249969482
      vertex 12.2137126923 22.3387050629 65.3249969482
    endloop
  endfacet
  facet normal 0 1 0
    outer loop
      vertex -2.36768245697 14.1505069733 65.3249969482
      vertex 12.2137126923 22.3387050629 65.3249969482
      vertex -2.59000444412 14.5115804672 65.3249969482
    endloop
  endfacet
  facet normal -0.851528525352 0 0.524308264256
    outer loop
      vertex -2.59000444412 14.5115804672 60.3250045776
      vertex -2.36768245697 14.1505069733 65.3249969482
      vertex -2.59000444412 14.5115804672 65.3249969482
    endloop
  endfacet
  facet normal -0.851528525352 0 0.524308264256
    outer loop
      vertex -2.36768245697 14.1505069733 60.3250045776
      vertex -2.36768245697 14.1505069733 65.3249969482
      vertex -2.59000444412 14.5115804672 60.3250045776
    endloop
  endfacet
  facet normal 0 -1 0
    outer loop
      vertex -0.916684031487 14.036444664 60.3250045776
      vertex -2.36768245697 14.1505069733 60.3250045776
      vertex -2.59000444412 14.5115804672 60.3250045776
    endloop
  endfacet
  facet normal -0 -1 0
    outer loop
      vertex -0.916684031487 14.036444664 60.3250045776
      vertex -1.07587051392 13.8838748932 60.3250045776
      vertex -2.36768245697 14.1505069733 60.3250045776
    endloop
  endfacet
  facet normal 0 -1 0
    outer loop
      vertex -2.36768245697 14.1505069733 60.3250045776
      vertex -1.07587051392 13.8838748932 60.3250045776
      vertex -1.20698678493 13.7065992355 60.3250045776
    endloop
  endfacet
  facet normal 0 -1 0
    outer loop
      vertex -2.36768245697 14.1505069733 60.3250045776
      vertex -1.20698678493 13.7065992355 60.3250045776
      vertex -2.2095811367 13.7570562363 60.3250045776
    endloop
  endfacet
  facet normal -0.927889049053 0 0.372856378555
    outer loop
      vertex -2.2095811367 13.7570562363 60.3250045776
      vertex -2.2095811367 13.7570562363 65.3249969482
      vertex -2.36768245697 14.1505069733 60.3250045776
    endloop
  endfacet
  facet normal -0.977555274963 0 0.210679203272
    outer loop
      vertex -2.2095811367 13.7570562363 60.3250045776
      vertex -2.12024664879 13.3425426483 65.3249969482
      vertex -2.2095811367 13.7570562363 65.3249969482
    endloop
  endfacet
  facet normal -0 1 0
    outer loop
      vertex -2.12024664879 13.3425426483 65.3249969482
      vertex -1.37081921101 13.2988796234 65.3249969482
      vertex -2.2095811367 13.7570562363 65.3249969482
    endloop
  endfacet
  facet normal 0 1 0
    outer loop
      vertex -2.2095811367 13.7570562363 65.3249969482
      vertex -1.37081921101 13.2988796234 65.3249969482
      vertex -1.30625271797 13.5097103119 65.3249969482
    endloop
  endfacet
  facet normal -0 1 0
    outer loop
      vertex -2.2095811367 13.7570562363 65.3249969482
      vertex -1.30625271797 13.5097103119 65.3249969482
      vertex -2.36768245697 14.1505069733 65.3249969482
    endloop
  endfacet
  facet normal 0 1 0
    outer loop
      vertex -2.36768245697 14.1505069733 65.3249969482
      vertex -1.30625271797 13.5097103119 65.3249969482
      vertex -1.20698678493 13.7065992355 65.3249969482
    endloop
  endfacet
  facet normal 0 1 0
    outer loop
      vertex -2.36768245697 14.1505069733 65.3249969482
      vertex -1.20698678493 13.7065992355 65.3249969482
      vertex -1.07587051392 13.8838748932 65.3249969482
    endloop
  endfacet
  facet normal 0 1 0
    outer loop
      vertex -1.07587051392 13.8838748932 65.3249969482
      vertex -0.916684031487 14.036444664 65.3249969482
      vertex -2.36768245697 14.1505069733 65.3249969482
    endloop
  endfacet
  facet normal -0 1 0
    outer loop
      vertex -2.36768245697 14.1505069733 65.3249969482
      vertex -0.916684031487 14.036444664 65.3249969482
      vertex -0.734001159668 14.1599187851 65.3249969482
    endloop
  endfacet
  facet normal 0.559981167316 0 0.828505337238
    outer loop
      vertex -0.916684031487 14.036444664 65.3249969482
      vertex -0.916684031487 14.036444664 60.3250045776
      vertex -0.734001159668 14.1599187851 65.3249969482
    endloop
  endfacet
  facet normal 0.691942870617 0 0.721952259541
    outer loop
      vertex -1.07587051392 13.8838748932 65.3249969482
      vertex -1.07587051392 13.8838748932 60.3250045776
      vertex -0.916684031487 14.036444664 65.3249969482
    endloop
  endfacet
  facet normal 0.803988218307 0 0.59464520216
    outer loop
      vertex -1.20698678493 13.7065992355 65.3249969482
      vertex -1.20698678493 13.7065992355 60.3250045776
      vertex -1.07587051392 13.8838748932 65.3249969482
    endloop
  endfacet
  facet normal 0.892932474613 0 0.450190573931
    outer loop
      vertex -1.20698678493 13.7065992355 65.3249969482
      vertex -1.30625271797 13.5097103119 60.3250045776
      vertex -1.20698678493 13.7065992355 60.3250045776
    endloop
  endfacet
  facet normal 0.892932474613 0 0.450190573931
    outer loop
      vertex -1.30625271797 13.5097103119 65.3249969482
      vertex -1.30625271797 13.5097103119 60.3250045776
      vertex -1.20698678493 13.7065992355 65.3249969482
    endloop
  endfacet
  facet normal 0.956166148186 0 0.292824625969
    outer loop
      vertex -1.30625271797 13.5097103119 65.3249969482
      vertex -1.37081921101 13.2988796234 60.3250045776
      vertex -1.30625271797 13.5097103119 60.3250045776
    endloop
  endfacet
  facet normal 0 -1 0
    outer loop
      vertex -2.12024664879 13.3425426483 60.3250045776
      vertex -1.30625271797 13.5097103119 60.3250045776
      vertex -1.37081921101 13.2988796234 60.3250045776
    endloop
  endfacet
  facet normal 0 -1 0
    outer loop
      vertex -2.12024664879 13.3425426483 60.3250045776
      vertex -1.37081921101 13.2988796234 60.3250045776
      vertex -2.10224986076 12.9188966751 60.3250045776
    endloop
  endfacet
  facet normal -0.99909889698 0 0.0424424260855
    outer loop
      vertex -2.10224986076 12.9188966751 60.3250045776
      vertex -2.10224986076 12.9188966751 65.3249969482
      vertex -2.12024664879 13.3425426483 60.3250045776
    endloop
  endfacet
  facet normal -0.99909889698 0 0.0424424260855
    outer loop
      vertex -2.12024664879 13.3425426483 60.3250045776
      vertex -2.10224986076 12.9188966751 65.3249969482
      vertex -2.12024664879 13.3425426483 65.3249969482
    endloop
  endfacet
  facet normal 0 1 0
    outer loop
      vertex -2.10224986076 12.9188966751 65.3249969482
      vertex -1.39882719517 13.0801734924 65.3249969482
      vertex -2.12024664879 13.3425426483 65.3249969482
    endloop
  endfacet
  facet normal -0 1 0
    outer loop
      vertex -2.10224986076 12.9188966751 65.3249969482
      vertex -1.38946795464 12.8598794937 65.3249969482
      vertex -1.39882719517 13.0801734924 65.3249969482
    endloop
  endfacet
  facet normal 0.999098718166 0 -0.0424468815327
    outer loop
      vertex -1.38946795464 12.8598794937 65.3249969482
      vertex -1.38946795464 12.8598794937 60.3250045776
      vertex -1.39882719517 13.0801734924 65.3249969482
    endloop
  endfacet
  facet normal 0.999098718166 0 -0.0424468815327
    outer loop
      vertex -1.39882719517 13.0801734924 65.3249969482
      vertex -1.38946795464 12.8598794937 60.3250045776
      vertex -1.39882719517 13.0801734924 60.3250045776
    endloop
  endfacet
  facet normal 0.991899549961 0 0.127024814487
    outer loop
      vertex -1.39882719517 13.0801734924 65.3249969482
      vertex -1.39882719517 13.0801734924 60.3250045776
      vertex -1.37081921101 13.2988796234 65.3249969482
    endloop
  endfacet
  facet normal 0.991899549961 0 0.127024814487
    outer loop
      vertex -1.37081921101 13.2988796234 65.3249969482
      vertex -1.39882719517 13.0801734924 60.3250045776
      vertex -1.37081921101 13.2988796234 60.3250045776
    endloop
  endfacet
  facet normal 0 -1 0
    outer loop
      vertex -2.10224986076 12.9188966751 60.3250045776
      vertex -1.39882719517 13.0801734924 60.3250045776
      vertex -1.38946795464 12.8598794937 60.3250045776
    endloop
  endfacet
  facet normal -0 -1 0
    outer loop
      vertex -1.38946795464 12.8598794937 60.3250045776
      vertex -2.15611076355 12.4983043671 60.3250045776
      vertex -2.10224986076 12.9188966751 60.3250045776
    endloop
  endfacet
  facet normal -0.991899847984 0 -0.127022340894
    outer loop
      vertex -2.15611076355 12.4983043671 60.3250045776
      vertex -2.15611076355 12.4983043671 65.3249969482
      vertex -2.10224986076 12.9188966751 60.3250045776
    endloop
  endfacet
  facet normal -0.956166982651 0 -0.292822033167
    outer loop
      vertex -2.15611076355 12.4983043671 60.3250045776
      vertex -2.28027653694 12.0928583145 65.3249969482
      vertex -2.15611076355 12.4983043671 65.3249969482
    endloop
  endfacet
  facet normal 0 1 0
    outer loop
      vertex -2.28027653694 12.0928583145 65.3249969482
      vertex -1.26080036163 12.4397373199 65.3249969482
      vertex -2.15611076355 12.4983043671 65.3249969482
    endloop
  endfacet
  facet normal -0 1 0
    outer loop
      vertex -2.15611076355 12.4983043671 65.3249969482
      vertex -1.26080036163 12.4397373199 65.3249969482
      vertex -1.34301531315 12.644329071 65.3249969482
    endloop
  endfacet
  facet normal 0 1 0
    outer loop
      vertex -2.15611076355 12.4983043671 65.3249969482
      vertex -1.34301531315 12.644329071 65.3249969482
      vertex -2.10224986076 12.9188966751 65.3249969482
    endloop
  endfacet
  facet normal 0.927883982658 0 -0.372869074345
    outer loop
      vertex -1.26080036163 12.4397373199 65.3249969482
      vertex -1.26080036163 12.4397373199 60.3250045776
      vertex -1.34301531315 12.644329071 65.3249969482
    endloop
  endfacet
  facet normal 0.927883982658 0 -0.372869074345
    outer loop
      vertex -1.34301531315 12.644329071 65.3249969482
      vertex -1.26080036163 12.4397373199 60.3250045776
      vertex -1.34301531315 12.644329071 60.3250045776
    endloop
  endfacet
  facet normal 0.977557122707 0 -0.210670396686
    outer loop
      vertex -1.34301531315 12.644329071 65.3249969482
      vertex -1.34301531315 12.644329071 60.3250045776
      vertex -1.38946795464 12.8598794937 65.3249969482
    endloop
  endfacet
  facet normal 0 -1 0
    outer loop
      vertex -1.34301531315 12.644329071 60.3250045776
      vertex -1.26080036163 12.4397373199 60.3250045776
      vertex -2.72331809998 11.3733158112 60.3250045776
    endloop
  endfacet
  facet normal -0 -1 0
    outer loop
      vertex -1.34301531315 12.644329071 60.3250045776
      vertex -2.72331809998 11.3733158112 60.3250045776
      vertex -1.38946795464 12.8598794937 60.3250045776
    endloop
  endfacet
  facet normal 0 -1 0
    outer loop
      vertex -1.38946795464 12.8598794937 60.3250045776
      vertex -2.72331809998 11.3733158112 60.3250045776
      vertex -2.47117638588 11.7142343521 60.3250045776
    endloop
  endfacet
  facet normal 0 -1 0
    outer loop
      vertex -1.38946795464 12.8598794937 60.3250045776
      vertex -2.47117638588 11.7142343521 60.3250045776
      vertex -2.28027653694 12.0928583145 60.3250045776
    endloop
  endfacet
  facet normal -0.892924487591 0 -0.450206488371
    outer loop
      vertex -2.47117638588 11.7142343521 60.3250045776
      vertex -2.47117638588 11.7142343521 65.3249969482
      vertex -2.28027653694 12.0928583145 60.3250045776
    endloop
  endfacet
  facet normal -0.892924487591 0 -0.450206488371
    outer loop
      vertex -2.28027653694 12.0928583145 60.3250045776
      vertex -2.47117638588 11.7142343521 65.3249969482
      vertex -2.28027653694 12.0928583145 65.3249969482
    endloop
  endfacet
  facet normal -0.803997695446 0 -0.594632446766
    outer loop
      vertex -2.47117638588 11.7142343521 60.3250045776
      vertex -2.72331809998 11.3733158112 65.3249969482
      vertex -2.47117638588 11.7142343521 65.3249969482
    endloop
  endfacet
  facet normal 0 1 0
    outer loop
      vertex -1.14519488811 12.2519779205 65.3249969482
      vertex -2.47117638588 11.7142343521 65.3249969482
      vertex -2.72331809998 11.3733158112 65.3249969482
    endloop
  endfacet
  facet normal 0 1 -0
    outer loop
      vertex -1.14519488811 12.2519779205 65.3249969482
      vertex -2.72331809998 11.3733158112 65.3249969482
      vertex -0.99951851368 12.0864553452 65.3249969482
    endloop
  endfacet
  facet normal 0.750675439835 0 -0.660671114922
    outer loop
      vertex -0.99951851368 12.0864553452 65.3249969482
      vertex -0.99951851368 12.0864553452 60.3250045776
      vertex -1.14519488811 12.2519779205 65.3249969482
    endloop
  endfacet
  facet normal 0.750675439835 0 -0.660671114922
    outer loop
      vertex -1.14519488811 12.2519779205 65.3249969482
      vertex -0.99951851368 12.0864553452 60.3250045776
      vertex -1.14519488811 12.2519779205 60.3250045776
    endloop
  endfacet
  facet normal 0.851534307003 0 -0.524298906326
    outer loop
      vertex -1.14519488811 12.2519779205 65.3249969482
      vertex -1.14519488811 12.2519779205 60.3250045776
      vertex -1.26080036163 12.4397373199 65.3249969482
    endloop
  endfacet
  facet normal 0 -1 0
    outer loop
      vertex -3.02944779396 11.0799093246 60.3250045776
      vertex -1.14519488811 12.2519779205 60.3250045776
      vertex -0.99951851368 12.0864553452 60.3250045776
    endloop
  endfacet
  facet normal 0 -1 0
    outer loop
      vertex -3.02944779396 11.0799093246 60.3250045776
      vertex -0.99951851368 12.0864553452 60.3250045776
      vertex -0.827964246273 11.9479389191 60.3250045776
    endloop
  endfacet
  facet normal 0 -1 0
    outer loop
      vertex -0.827964246273 11.9479389191 60.3250045776
      vertex -0.635469257832 11.8404054642 60.3250045776
      vertex -3.02944779396 11.0799093246 60.3250045776
    endloop
  endfacet
  facet normal 0 -1 0
    outer loop
      vertex -3.02944779396 11.0799093246 60.3250045776
      vertex -0.635469257832 11.8404054642 60.3250045776
      vertex -0.427570521832 11.7669506073 60.3250045776
    endloop
  endfacet
  facet normal 0 -1 0
    outer loop
      vertex -3.02944779396 11.0799093246 60.3250045776
      vertex -0.427570521832 11.7669506073 60.3250045776
      vertex -0.210245370865 11.7296829224 60.3250045776
    endloop
  endfacet
  facet normal 0 -1 0
    outer loop
      vertex -0.210245370865 11.7296829224 60.3250045776
      vertex 0.0102501139045 11.7296829224 60.3250045776
      vertex -3.02944779396 11.0799093246 60.3250045776
    endloop
  endfacet
  facet normal 0 0 -1
    outer loop
      vertex -0.210245370865 11.7296829224 65.3249969482
      vertex 0.0102501139045 11.7296829224 60.3250045776
      vertex -0.210245370865 11.7296829224 60.3250045776
    endloop
  endfacet
  facet normal 0.169016435742 0 -0.985613226891
    outer loop
      vertex -0.427570521832 11.7669506073 65.3249969482
      vertex -0.210245370865 11.7296829224 60.3250045776
      vertex -0.427570521832 11.7669506073 60.3250045776
    endloop
  endfacet
  facet normal 0.333140075207 0 -0.942877352238
    outer loop
      vertex -0.635469257832 11.8404054642 65.3249969482
      vertex -0.427570521832 11.7669506073 60.3250045776
      vertex -0.635469257832 11.8404054642 60.3250045776
    endloop
  endfacet
  facet normal 0.487690329552 0 -0.87301671505
    outer loop
      vertex -0.827964246273 11.9479389191 65.3249969482
      vertex -0.635469257832 11.8404054642 60.3250045776
      vertex -0.827964246273 11.9479389191 60.3250045776
    endloop
  endfacet
  facet normal 0.6282107234 0 -0.778043210506
    outer loop
      vertex -0.827964246273 11.9479389191 65.3249969482
      vertex -0.827964246273 11.9479389191 60.3250045776
      vertex -0.99951851368 12.0864553452 65.3249969482
    endloop
  endfacet
  facet normal 0 -1 0
    outer loop
      vertex -2.72331809998 11.3733158112 60.3250045776
      vertex -1.14519488811 12.2519779205 60.3250045776
      vertex -3.02944779396 11.0799093246 60.3250045776
    endloop
  endfacet
  facet normal -0.691944360733 0 -0.721950829029
    outer loop
      vertex -3.02944779396 11.0799093246 60.3250045776
      vertex -3.02944779396 11.0799093246 65.3249969482
      vertex -2.72331809998 11.3733158112 60.3250045776
    endloop
  endfacet
  facet normal -0.691944360733 0 -0.721950829029
    outer loop
      vertex -2.72331809998 11.3733158112 60.3250045776
      vertex -3.02944779396 11.0799093246 65.3249969482
      vertex -2.72331809998 11.3733158112 65.3249969482
    endloop
  endfacet
  facet normal 0.6282107234 0 -0.778043210506
    outer loop
      vertex -0.99951851368 12.0864553452 65.3249969482
      vertex -0.827964246273 11.9479389191 60.3250045776
      vertex -0.99951851368 12.0864553452 60.3250045776
    endloop
  endfacet
  facet normal 0 1 0
    outer loop
      vertex -0.99951851368 12.0864553452 65.3249969482
      vertex -2.72331809998 11.3733158112 65.3249969482
      vertex -3.02944779396 11.0799093246 65.3249969482
    endloop
  endfacet
  facet normal 0 1 0
    outer loop
      vertex -0.99951851368 12.0864553452 65.3249969482
      vertex -3.02944779396 11.0799093246 65.3249969482
      vertex -3.38076090813 10.8424654007 65.3249969482
    endloop
  endfacet
  facet normal 0 1 -0
    outer loop
      vertex -1.26080036163 12.4397373199 65.3249969482
      vertex -2.47117638588 11.7142343521 65.3249969482
      vertex -1.14519488811 12.2519779205 65.3249969482
    endloop
  endfacet
  facet normal -0.803997695446 0 -0.594632446766
    outer loop
      vertex -2.72331809998 11.3733158112 60.3250045776
      vertex -2.72331809998 11.3733158112 65.3249969482
      vertex -2.47117638588 11.7142343521 60.3250045776
    endloop
  endfacet
  facet normal 0 -1 0
    outer loop
      vertex -2.72331809998 11.3733158112 60.3250045776
      vertex -1.26080036163 12.4397373199 60.3250045776
      vertex -1.14519488811 12.2519779205 60.3250045776
    endloop
  endfacet
  facet normal 0.851534307003 0 -0.524298906326
    outer loop
      vertex -1.26080036163 12.4397373199 65.3249969482
      vertex -1.14519488811 12.2519779205 60.3250045776
      vertex -1.26080036163 12.4397373199 60.3250045776
    endloop
  endfacet
  facet normal -0 1 -0
    outer loop
      vertex -2.28027653694 12.0928583145 65.3249969482
      vertex -2.47117638588 11.7142343521 65.3249969482
      vertex -1.26080036163 12.4397373199 65.3249969482
    endloop
  endfacet
  facet normal -0.956166982651 0 -0.292822033167
    outer loop
      vertex -2.28027653694 12.0928583145 60.3250045776
      vertex -2.28027653694 12.0928583145 65.3249969482
      vertex -2.15611076355 12.4983043671 60.3250045776
    endloop
  endfacet
  facet normal 0 -1 0
    outer loop
      vertex -2.28027653694 12.0928583145 60.3250045776
      vertex -2.15611076355 12.4983043671 60.3250045776
      vertex -1.38946795464 12.8598794937 60.3250045776
    endloop
  endfacet
  facet normal 0.977557122707 0 -0.210670396686
    outer loop
      vertex -1.38946795464 12.8598794937 65.3249969482
      vertex -1.34301531315 12.644329071 60.3250045776
      vertex -1.38946795464 12.8598794937 60.3250045776
    endloop
  endfacet
  facet normal 0 1 0
    outer loop
      vertex -1.34301531315 12.644329071 65.3249969482
      vertex -1.38946795464 12.8598794937 65.3249969482
      vertex -2.10224986076 12.9188966751 65.3249969482
    endloop
  endfacet
  facet normal -0.991899847984 0 -0.127022340894
    outer loop
      vertex -2.10224986076 12.9188966751 60.3250045776
      vertex -2.15611076355 12.4983043671 65.3249969482
      vertex -2.10224986076 12.9188966751 65.3249969482
    endloop
  endfacet
  facet normal 0 -1 0
    outer loop
      vertex -2.10224986076 12.9188966751 60.3250045776
      vertex -1.37081921101 13.2988796234 60.3250045776
      vertex -1.39882719517 13.0801734924 60.3250045776
    endloop
  endfacet
  facet normal 0 -1 0
    outer loop
      vertex -2.2095811367 13.7570562363 60.3250045776
      vertex -1.30625271797 13.5097103119 60.3250045776
      vertex -2.12024664879 13.3425426483 60.3250045776
    endloop
  endfacet
  facet normal 0.956166148186 0 0.292824625969
    outer loop
      vertex -1.37081921101 13.2988796234 65.3249969482
      vertex -1.37081921101 13.2988796234 60.3250045776
      vertex -1.30625271797 13.5097103119 65.3249969482
    endloop
  endfacet
  facet normal 0 1 0
    outer loop
      vertex -2.12024664879 13.3425426483 65.3249969482
      vertex -1.39882719517 13.0801734924 65.3249969482
      vertex -1.37081921101 13.2988796234 65.3249969482
    endloop
  endfacet
  facet normal -0.977555274963 0 0.210679203272
    outer loop
      vertex -2.12024664879 13.3425426483 60.3250045776
      vertex -2.12024664879 13.3425426483 65.3249969482
      vertex -2.2095811367 13.7570562363 60.3250045776
    endloop
  endfacet
  facet normal 0 -1 0
    outer loop
      vertex -2.2095811367 13.7570562363 60.3250045776
      vertex -1.20698678493 13.7065992355 60.3250045776
      vertex -1.30625271797 13.5097103119 60.3250045776
    endloop
  endfacet
  facet normal 0.803988218307 0 0.59464520216
    outer loop
      vertex -1.07587051392 13.8838748932 65.3249969482
      vertex -1.20698678493 13.7065992355 60.3250045776
      vertex -1.07587051392 13.8838748932 60.3250045776
    endloop
  endfacet
  facet normal 0.691942870617 0 0.721952259541
    outer loop
      vertex -0.916684031487 14.036444664 65.3249969482
      vertex -1.07587051392 13.8838748932 60.3250045776
      vertex -0.916684031487 14.036444664 60.3250045776
    endloop
  endfacet
  facet normal -0.927889049053 0 0.372856378555
    outer loop
      vertex -2.36768245697 14.1505069733 60.3250045776
      vertex -2.2095811367 13.7570562363 65.3249969482
      vertex -2.36768245697 14.1505069733 65.3249969482
    endloop
  endfacet
  facet normal 0 1 0
    outer loop
      vertex -0.734001159668 14.1599187851 65.3249969482
      vertex -0.533080160618 14.2507390976 65.3249969482
      vertex -2.36768245697 14.1505069733 65.3249969482
    endloop
  endfacet
  facet normal 0.411893934011 0 0.911231815815
    outer loop
      vertex -0.734001159668 14.1599187851 65.3249969482
      vertex -0.734001159668 14.1599187851 60.3250045776
      vertex -0.533080160618 14.2507390976 65.3249969482
    endloop
  endfacet
  facet normal 0.411893934011 0 0.911231815815
    outer loop
      vertex -0.533080160618 14.2507390976 65.3249969482
      vertex -0.734001159668 14.1599187851 60.3250045776
      vertex -0.533080160618 14.2507390976 60.3250045776
    endloop
  endfacet
  facet normal 0 1 0
    outer loop
      vertex 12.2137126923 22.3387050629 65.3249969482
      vertex -0.319699287415 14.3062992096 65.3249969482
      vertex -0.0999976322055 14.3250007629 65.3249969482
    endloop
  endfacet
  facet normal -0.251980364323 0 0.9677323699
    outer loop
      vertex 0.119704030454 14.3062992096 65.3249969482
      vertex 0.119704030454 14.3062992096 60.3250045776
      vertex 0.333084911108 14.2507390976 65.3249969482
    endloop
  endfacet
  facet normal -0.559981167316 0 0.828505337238
    outer loop
      vertex 0.53400593996 14.1599187851 65.3249969482
      vertex 0.53400593996 14.1599187851 60.3250045776
      vertex 0.716688752174 14.036444664 65.3249969482
    endloop
  endfacet
  facet normal -0.691942870617 0 0.721952259541
    outer loop
      vertex 0.875875234604 13.8838748932 65.3249969482
      vertex 0.716688752174 14.036444664 60.3250045776
      vertex 0.875875234604 13.8838748932 60.3250045776
    endloop
  endfacet
  facet normal -0.80399364233 0 0.594637930393
    outer loop
      vertex 1.00698900223 13.7065992355 65.3249969482
      vertex 0.875875234604 13.8838748932 60.3250045776
      vertex 1.00698900223 13.7065992355 60.3250045776
    endloop
  endfacet
  facet normal 0 -1 -0
    outer loop
      vertex 1.10625743866 13.5097103119 60.3250045776
      vertex 1.00698900223 13.7065992355 60.3250045776
      vertex 13.9000034332 19.7116641998 60.3250045776
    endloop
  endfacet
  facet normal 0 -1 0
    outer loop
      vertex 10.304567337 23.9692668915 60.3250045776
      vertex 12.2137126923 22.3387050629 60.3250045776
      vertex 13.9000034332 19.7116641998 60.3250045776
    endloop
  endfacet
  facet normal 0.64944756031 0 -0.760406374931
    outer loop
      vertex 10.304567337 23.9692668915 60.3250045776
      vertex 10.304567337 23.9692668915 65.3249969482
      vertex 12.2137126923 22.3387050629 65.3249969482
    endloop
  endfacet
  facet normal 0.382683217525 0 -0.923879623413
    outer loop
      vertex 5.84427261353 26.2419033051 60.3250045776
      vertex 8.1638507843 25.2811031342 65.3249969482
      vertex 8.1638507843 25.2811031342 60.3250045776
    endloop
  endfacet
  facet normal 0 1 0
    outer loop
      vertex -2.59000444412 14.5115804672 65.3249969482
      vertex 12.2137126923 22.3387050629 65.3249969482
      vertex 10.304567337 23.9692668915 65.3249969482
    endloop
  endfacet
  facet normal -0.750674068928 0 0.660672724247
    outer loop
      vertex -2.59000444412 14.5115804672 60.3250045776
      vertex -2.59000444412 14.5115804672 65.3249969482
      vertex -2.87015175819 14.8298912048 60.3250045776
    endloop
  endfacet
  facet normal 0 -1 0
    outer loop
      vertex -2.87015175819 14.8298912048 60.3250045776
      vertex -0.916684031487 14.036444664 60.3250045776
      vertex -2.59000444412 14.5115804672 60.3250045776
    endloop
  endfacet
  facet normal 0.559981167316 0 0.828505337238
    outer loop
      vertex -0.734001159668 14.1599187851 65.3249969482
      vertex -0.916684031487 14.036444664 60.3250045776
      vertex -0.734001159668 14.1599187851 60.3250045776
    endloop
  endfacet
  facet normal 0 -1 0
    outer loop
      vertex -0.0999976322055 27.0249977112 60.3250045776
      vertex -0.533080160618 14.2507390976 60.3250045776
      vertex -0.734001159668 14.1599187851 60.3250045776
    endloop
  endfacet
  facet normal -0.487689554691 0 0.873017132282
    outer loop
      vertex -3.20006132126 15.0962743759 60.3250045776
      vertex -3.20006132126 15.0962743759 65.3249969482
      vertex -3.57024478912 15.303068161 60.3250045776
    endloop
  endfacet
  facet normal -0.0784596204758 -2.48082443477e-07 -0.996917307377
    outer loop
      vertex -2.60294961929 26.8280086517 60.3250045776
      vertex -2.60294961929 26.8280105591 65.3249969482
      vertex -0.0999976322055 27.0249977112 65.3249969482
    endloop
  endfacet
  facet normal 0 1 -0
    outer loop
      vertex -0.0999976322055 27.0249977112 65.3249969482
      vertex -8.4659948349 14.1599187851 65.3249969482
      vertex 0.900003671646 27.0249977112 65.3249969482
    endloop
  endfacet
  facet normal 0 1 0
    outer loop
      vertex 0.900003671646 27.0249977112 65.3249969482
      vertex -8.4659948349 14.1599187851 65.3249969482
      vertex -8.28330898285 14.036444664 65.3249969482
    endloop
  endfacet
  facet normal 0 -1 0
    outer loop
      vertex -0.0999976322055 27.0249977112 60.3250045776
      vertex -0.0999976322055 14.3250007629 60.3250045776
      vertex -0.319699287415 14.3062992096 60.3250045776
    endloop
  endfacet
  facet normal -0.0848134160042 0 0.996396839619
    outer loop
      vertex 0.119704030454 14.3062992096 65.3249969482
      vertex -0.0999976322055 14.3250007629 60.3250045776
      vertex 0.119704030454 14.3062992096 60.3250045776
    endloop
  endfacet
  facet normal -0.251980364323 0 0.9677323699
    outer loop
      vertex 0.333084911108 14.2507390976 65.3249969482
      vertex 0.119704030454 14.3062992096 60.3250045776
      vertex 0.333084911108 14.2507390976 60.3250045776
    endloop
  endfacet
  facet normal 0 -1 0
    outer loop
      vertex 5.84427261353 26.2419033051 60.3250045776
      vertex 0.53400593996 14.1599187851 60.3250045776
      vertex 0.333084911108 14.2507390976 60.3250045776
    endloop
  endfacet
  facet normal 0.382683217525 0 -0.923879623413
    outer loop
      vertex 5.84427261353 26.2419033051 60.3250045776
      vertex 5.84427261353 26.2419033051 65.3249969482
      vertex 8.1638507843 25.2811031342 65.3249969482
    endloop
  endfacet
  facet normal 0.0784601941705 0 -0.996917247772
    outer loop
      vertex 0.900003671646 27.0249977112 60.3250045776
      vertex 3.40295314789 26.8280086517 65.3249969482
      vertex 3.40295314789 26.8280086517 60.3250045776
    endloop
  endfacet
  facet normal 0 1 0
    outer loop
      vertex 5.84427261353 26.2419033051 65.3249969482
      vertex -3.20006132126 15.0962743759 65.3249969482
      vertex -2.87015175819 14.8298912048 65.3249969482
    endloop
  endfacet
  facet normal -0.487689554691 0 0.873017132282
    outer loop
      vertex -3.57024478912 15.303068161 60.3250045776
      vertex -3.20006132126 15.0962743759 65.3249969482
      vertex -3.57024478912 15.303068161 65.3249969482
    endloop
  endfacet
  facet normal -0.333140581846 0 0.942877173424
    outer loop
      vertex -3.97005367279 15.4443302155 60.3250045776
      vertex -3.57024478912 15.303068161 65.3249969482
      vertex -3.97005367279 15.4443302155 65.3249969482
    endloop
  endfacet
  facet normal -0.169007629156 0 0.985614717007
    outer loop
      vertex -4.38797998428 15.5159931183 60.3250045776
      vertex -3.97005367279 15.4443302155 65.3249969482
      vertex -4.38797998428 15.5159931183 65.3249969482
    endloop
  endfacet
  facet normal 0 0 1
    outer loop
      vertex -4.81201171875 15.5159931183 60.3250045776
      vertex -4.38797998428 15.5159931183 65.3249969482
      vertex -4.81201171875 15.5159931183 65.3249969482
    endloop
  endfacet
  facet normal 0.169006168842 -0 0.98561501503
    outer loop
      vertex -5.22994184494 15.4443302155 60.3250045776
      vertex -4.81201171875 15.5159931183 65.3249969482
      vertex -5.22994184494 15.4443302155 65.3249969482
    endloop
  endfacet
  facet normal 0.33314242959 -0 0.942876517773
    outer loop
      vertex -5.62974834442 15.303068161 60.3250045776
      vertex -5.22994184494 15.4443302155 65.3249969482
      vertex -5.62974834442 15.303068161 65.3249969482
    endloop
  endfacet
  facet normal 0.487689554691 -0 0.873017132282
    outer loop
      vertex -5.99993181229 15.0962743759 60.3250045776
      vertex -5.62974834442 15.303068161 65.3249969482
      vertex -5.99993181229 15.0962743759 65.3249969482
    endloop
  endfacet
  facet normal 0.628219902515 -0 0.77803581953
    outer loop
      vertex -6.32984161377 14.8298912048 60.3250045776
      vertex -5.99993181229 15.0962743759 65.3249969482
      vertex -6.32984161377 14.8298912048 65.3249969482
    endloop
  endfacet
  facet normal 0 1 0
    outer loop
      vertex -6.60999107361 14.5115804672 65.3249969482
      vertex -6.32984161377 14.8298912048 65.3249969482
      vertex -7.89374017715 13.5097103119 65.3249969482
    endloop
  endfacet
  facet normal 0 1 0
    outer loop
      vertex -7.89374017715 13.5097103119 65.3249969482
      vertex -6.83230829239 14.1505069733 65.3249969482
      vertex -6.60999107361 14.5115804672 65.3249969482
    endloop
  endfacet
  facet normal 0.851533770561 -0 0.524299740791
    outer loop
      vertex -6.83230829239 14.1505069733 60.3250045776
      vertex -6.60999107361 14.5115804672 65.3249969482
      vertex -6.83230829239 14.1505069733 65.3249969482
    endloop
  endfacet
  facet normal 0 1 0
    outer loop
      vertex -7.89374017715 13.5097103119 65.3249969482
      vertex -6.99041223526 13.7570562363 65.3249969482
      vertex -6.83230829239 14.1505069733 65.3249969482
    endloop
  endfacet
  facet normal 0.927887022495 -0 0.37286144495
    outer loop
      vertex -6.99041223526 13.7570562363 60.3250045776
      vertex -6.83230829239 14.1505069733 65.3249969482
      vertex -6.99041223526 13.7570562363 65.3249969482
    endloop
  endfacet
  facet normal 0 1 0
    outer loop
      vertex -7.82917404175 13.2988796234 65.3249969482
      vertex -6.99041223526 13.7570562363 65.3249969482
      vertex -7.89374017715 13.5097103119 65.3249969482
    endloop
  endfacet
  facet normal -0.956166148186 0 0.292824625969
    outer loop
      vertex -7.89374017715 13.5097103119 65.3249969482
      vertex -7.89374017715 13.5097103119 60.3250045776
      vertex -7.82917404175 13.2988796234 65.3249969482
    endloop
  endfacet
  facet normal -0.80399364233 0 0.594637930393
    outer loop
      vertex -8.12411975861 13.8838748932 65.3249969482
      vertex -8.12411975861 13.8838748932 60.3250045776
      vertex -7.9930062294 13.7065992355 65.3249969482
    endloop
  endfacet
  facet normal 0 1 -0
    outer loop
      vertex 0.900003671646 27.0249977112 65.3249969482
      vertex -8.28330898285 14.036444664 65.3249969482
      vertex 3.40295314789 26.8280086517 65.3249969482
    endloop
  endfacet
  facet normal -0.559975922108 0 0.828508853912
    outer loop
      vertex -8.4659948349 14.1599187851 65.3249969482
      vertex -8.4659948349 14.1599187851 60.3250045776
      vertex -8.28330898285 14.036444664 65.3249969482
    endloop
  endfacet
  facet normal 0 -1 0
    outer loop
      vertex -8.66691589355 14.2507390976 60.3250045776
      vertex -5.04426813126 26.2419052124 60.3250045776
      vertex -8.4659948349 14.1599187851 60.3250045776
    endloop
  endfacet
  facet normal -0.691937208176 0 0.721957683563
    outer loop
      vertex -8.12411975861 13.8838748932 65.3249969482
      vertex -8.28330898285 14.036444664 60.3250045776
      vertex -8.12411975861 13.8838748932 60.3250045776
    endloop
  endfacet
  facet normal -0.80399364233 0 0.594637930393
    outer loop
      vertex -7.9930062294 13.7065992355 65.3249969482
      vertex -8.12411975861 13.8838748932 60.3250045776
      vertex -7.9930062294 13.7065992355 60.3250045776
    endloop
  endfacet
  facet normal -0.892932474613 0 0.450190573931
    outer loop
      vertex -7.89374017715 13.5097103119 65.3249969482
      vertex -7.9930062294 13.7065992355 60.3250045776
      vertex -7.89374017715 13.5097103119 60.3250045776
    endloop
  endfacet
  facet normal -0.956166148186 0 0.292824625969
    outer loop
      vertex -7.82917404175 13.2988796234 65.3249969482
      vertex -7.89374017715 13.5097103119 60.3250045776
      vertex -7.82917404175 13.2988796234 60.3250045776
    endloop
  endfacet
  facet normal -0 -1 -0
    outer loop
      vertex -6.60999107361 14.5115804672 60.3250045776
      vertex -7.81052494049 12.8598794937 60.3250045776
      vertex -5.04426813126 26.2419052124 60.3250045776
    endloop
  endfacet
  facet normal -0.991900980473 0 0.12701369822
    outer loop
      vertex -7.80116844177 13.0801734924 65.3249969482
      vertex -7.82917404175 13.2988796234 60.3250045776
      vertex -7.80116844177 13.0801734924 60.3250045776
    endloop
  endfacet
  facet normal -0.991900980473 0 0.12701369822
    outer loop
      vertex -7.82917404175 13.2988796234 65.3249969482
      vertex -7.82917404175 13.2988796234 60.3250045776
      vertex -7.80116844177 13.0801734924 65.3249969482
    endloop
  endfacet
  facet normal 0 1 0
    outer loop
      vertex -7.82917404175 13.2988796234 65.3249969482
      vertex -7.07974910736 13.3425426483 65.3249969482
      vertex -6.99041223526 13.7570562363 65.3249969482
    endloop
  endfacet
  facet normal 0.977554023266 -0 0.210684806108
    outer loop
      vertex -7.07974910736 13.3425426483 60.3250045776
      vertex -6.99041223526 13.7570562363 65.3249969482
      vertex -7.07974910736 13.3425426483 65.3249969482
    endloop
  endfacet
  facet normal 0.99909889698 -0 0.0424424260855
    outer loop
      vertex -7.07974910736 13.3425426483 60.3250045776
      vertex -7.07974910736 13.3425426483 65.3249969482
      vertex -7.09774589539 12.9188966751 60.3250045776
    endloop
  endfacet
  facet normal 0.977554023266 -0 0.210684806108
    outer loop
      vertex -6.99041223526 13.7570562363 60.3250045776
      vertex -6.99041223526 13.7570562363 65.3249969482
      vertex -7.07974910736 13.3425426483 60.3250045776
    endloop
  endfacet
  facet normal 0.927887022495 -0 0.37286144495
    outer loop
      vertex -6.83230829239 14.1505069733 60.3250045776
      vertex -6.83230829239 14.1505069733 65.3249969482
      vertex -6.99041223526 13.7570562363 60.3250045776
    endloop
  endfacet
  facet normal 0.851533770561 -0 0.524299740791
    outer loop
      vertex -6.60999107361 14.5115804672 60.3250045776
      vertex -6.60999107361 14.5115804672 65.3249969482
      vertex -6.83230829239 14.1505069733 60.3250045776
    endloop
  endfacet
  facet normal 0 -1 0
    outer loop
      vertex -6.60999107361 14.5115804672 60.3250045776
      vertex -7.85698032379 12.644329071 60.3250045776
      vertex -7.81052494049 12.8598794937 60.3250045776
    endloop
  endfacet
  facet normal -0.977554798126 -0 -0.210681185126
    outer loop
      vertex -7.85698032379 12.644329071 65.3249969482
      vertex -7.81052494049 12.8598794937 60.3250045776
      vertex -7.85698032379 12.644329071 60.3250045776
    endloop
  endfacet
  facet normal 0 1 0
    outer loop
      vertex -7.04388475418 12.4983043671 65.3249969482
      vertex -7.81052494049 12.8598794937 65.3249969482
      vertex -7.85698032379 12.644329071 65.3249969482
    endloop
  endfacet
  facet normal 0.991899847984 0 -0.127022340894
    outer loop
      vertex -7.04388475418 12.4983043671 60.3250045776
      vertex -7.09774589539 12.9188966751 65.3249969482
      vertex -7.04388475418 12.4983043671 65.3249969482
    endloop
  endfacet
  facet normal 0 -1 0
    outer loop
      vertex -7.04388475418 12.4983043671 60.3250045776
      vertex -8.3720293045 11.9479389191 60.3250045776
      vertex -8.20047664642 12.0864553452 60.3250045776
    endloop
  endfacet
  facet normal -0.750675439835 -0 -0.660671114922
    outer loop
      vertex -8.20047664642 12.0864553452 65.3249969482
      vertex -8.05480098724 12.2519779205 60.3250045776
      vertex -8.20047664642 12.0864553452 60.3250045776
    endloop
  endfacet
  facet normal -0.750675439835 -0 -0.660671114922
    outer loop
      vertex -8.05480098724 12.2519779205 65.3249969482
      vertex -8.05480098724 12.2519779205 60.3250045776
      vertex -8.20047664642 12.0864553452 65.3249969482
    endloop
  endfacet
  facet normal -0.851524233818 -0 -0.524315297604
    outer loop
      vertex -7.93919038773 12.4397373199 65.3249969482
      vertex -7.93919038773 12.4397373199 60.3250045776
      vertex -8.05480098724 12.2519779205 65.3249969482
    endloop
  endfacet
  facet normal 0 1 0
    outer loop
      vertex -6.72881650925 11.7142343521 65.3249969482
      vertex -6.91971874237 12.0928583145 65.3249969482
      vertex -7.93919038773 12.4397373199 65.3249969482
    endloop
  endfacet
  facet normal 0.892922103405 0 -0.450211167336
    outer loop
      vertex -6.72881650925 11.7142343521 60.3250045776
      vertex -6.91971874237 12.0928583145 65.3249969482
      vertex -6.72881650925 11.7142343521 65.3249969482
    endloop
  endfacet
  facet normal 0.804000496864 0 -0.594628632069
    outer loop
      vertex -6.72881650925 11.7142343521 60.3250045776
      vertex -6.72881650925 11.7142343521 65.3249969482
      vertex -6.47667741776 11.3733158112 60.3250045776
    endloop
  endfacet
  facet normal 0.892922103405 0 -0.450211167336
    outer loop
      vertex -6.91971874237 12.0928583145 60.3250045776
      vertex -6.91971874237 12.0928583145 65.3249969482
      vertex -6.72881650925 11.7142343521 60.3250045776
    endloop
  endfacet
  facet normal 0 -1 0
    outer loop
      vertex -6.91971874237 12.0928583145 60.3250045776
      vertex -8.77242279053 11.7669506073 60.3250045776
      vertex -8.5645236969 11.8404054642 60.3250045776
    endloop
  endfacet
  facet normal -0.333140075207 -0 -0.942877352238
    outer loop
      vertex -8.77242279053 11.7669506073 65.3249969482
      vertex -8.5645236969 11.8404054642 60.3250045776
      vertex -8.77242279053 11.7669506073 60.3250045776
    endloop
  endfacet
  facet normal -0.169016435742 -4.90538866416e-07 -0.985613226891
    outer loop
      vertex -8.9897480011 11.7296848297 65.3249969482
      vertex -8.77242279053 11.7669506073 60.3250045776
      vertex -8.9897480011 11.7296829224 60.3250045776
    endloop
  endfacet
  facet normal 0 -4.97699147672e-07 -1
    outer loop
      vertex -9.2102432251 11.7296848297 65.3249969482
      vertex -8.9897480011 11.7296829224 60.3250045776
      vertex -9.2102432251 11.7296829224 60.3250045776
    endloop
  endfacet
  facet normal 0.169016435742 0 -0.985613226891
    outer loop
      vertex -9.42756843567 11.7669506073 65.3249969482
      vertex -9.2102432251 11.7296829224 60.3250045776
      vertex -9.42756843567 11.7669506073 60.3250045776
    endloop
  endfacet
  facet normal 0.333140075207 0 -0.942877352238
    outer loop
      vertex -9.6354675293 11.8404054642 65.3249969482
      vertex -9.42756843567 11.7669506073 60.3250045776
      vertex -9.6354675293 11.8404054642 60.3250045776
    endloop
  endfacet
  facet normal 0.487690329552 0 -0.87301671505
    outer loop
      vertex -9.82796192169 11.9479389191 65.3249969482
      vertex -9.6354675293 11.8404054642 60.3250045776
      vertex -9.82796192169 11.9479389191 60.3250045776
    endloop
  endfacet
  facet normal 0.628205239773 -3.87233654919e-07 -0.778047680855
    outer loop
      vertex -9.99951839447 12.0864582062 65.3249969482
      vertex -9.82796192169 11.9479389191 60.3250045776
      vertex -9.99951839447 12.0864553452 60.3250045776
    endloop
  endfacet
  facet normal 0.750681698322 -3.2881192169e-07 -0.660664021969
    outer loop
      vertex -9.99951839447 12.0864582062 65.3249969482
      vertex -9.99951839447 12.0864553452 60.3250045776
      vertex -10.145190239 12.2519779205 65.3249969482
    endloop
  endfacet
  facet normal 0.750686645508 0 -0.660658419132
    outer loop
      vertex -10.145190239 12.2519779205 65.3249969482
      vertex -9.99951839447 12.0864553452 60.3250045776
      vertex -10.145190239 12.2519779205 60.3250045776
    endloop
  endfacet
  facet normal 0.851524233818 0 -0.524315297604
    outer loop
      vertex -10.2608003616 12.4397373199 65.3249969482
      vertex -10.145190239 12.2519779205 60.3250045776
      vertex -10.2608003616 12.4397373199 60.3250045776
    endloop
  endfacet
  facet normal 0.927891790867 -1.85566946698e-07 -0.37284964323
    outer loop
      vertex -10.3430109024 12.6443309784 65.3249969482
      vertex -10.2608003616 12.4397373199 60.3250045776
      vertex -10.3430109024 12.644329071 60.3250045776
    endloop
  endfacet
  facet normal 0.977554798126 0 -0.210681185126
    outer loop
      vertex -10.3894662857 12.8598794937 65.3249969482
      vertex -10.3430109024 12.644329071 60.3250045776
      vertex -10.3894662857 12.8598794937 60.3250045776
    endloop
  endfacet
  facet normal 0.999099195004 -2.11201705014e-08 -0.0424356162548
    outer loop
      vertex -10.3988227844 13.0801763535 65.3249969482
      vertex -10.3894662857 12.8598794937 60.3250045776
      vertex -10.3988227844 13.0801734924 60.3250045776
    endloop
  endfacet
  facet normal 0.991900980473 0 0.12701369822
    outer loop
      vertex -10.3708171844 13.2988796234 65.3249969482
      vertex -10.3988227844 13.0801734924 60.3250045776
      vertex -10.3708171844 13.2988796234 60.3250045776
    endloop
  endfacet
  facet normal 0 -1 0
    outer loop
      vertex -13.0999927521 19.7116641998 60.3250045776
      vertex -10.3062505722 13.5097103119 60.3250045776
      vertex -10.3708171844 13.2988796234 60.3250045776
    endloop
  endfacet
  facet normal -0.0352040603757 -0.996299207211 -0.0784130915999
    outer loop
      vertex -13.9653816223 19.0094261169 60.3003120422
      vertex -13.0999927521 19.7116641998 60.3250045776
      vertex -13.0999927521 18.1473197937 60.2018814087
    endloop
  endfacet
  facet normal -0.0183253772557 -0.972207009792 -0.233404651284
    outer loop
      vertex -13.0999927521 16.6214923859 59.8355674744
      vertex -14.7817525864 17.3847103119 60.0504989624
      vertex -13.0999927521 18.1473197937 60.2018814087
    endloop
  endfacet
  facet normal -0.0137162255123 -0.923792660236 -0.382647365332
    outer loop
      vertex -13.0999927521 15.1717605591 59.2350692749
      vertex -15.3168973923 15.9692697525 59.598323822
      vertex -13.0999927521 16.6214923859 59.8355674744
    endloop
  endfacet
  facet normal -0.0117623861879 -0.852580308914 -0.522463858128
    outer loop
      vertex -13.0999984741 13.8338117599 58.4151687622
      vertex -15.7205915451 14.4886760712 58.8526268005
      vertex -13.0999927521 15.1717605591 59.2350692749
    endloop
  endfacet
  facet normal -0.00811822619289 -0.760380923748 -0.64942663908
    outer loop
      vertex -13.0999984741 12.6406011581 57.3960723877
      vertex -15.9030075073 13.5279483795 58.1838645935
      vertex -13.0999984741 13.8338117599 58.4151687622
    endloop
  endfacet
  facet normal -0.0104018319398 -0.64941328764 -0.760364472866
    outer loop
      vertex -13.0999984741 11.6214952469 56.2028541565
      vertex -16.0633506775 12.1072597504 56.8190727234
      vertex -13.0999984741 12.6406011581 57.3960723877
    endloop
  endfacet
  facet normal -0 -0.542410850525 -0.840113401413
    outer loop
      vertex -13.0999984741 11.6214952469 56.2028541565
      vertex -16.0999965668 11.0250034332 55.2789764404
      vertex -16.0888729095 11.6214952469 56.2028541565
    endloop
  endfacet
  facet normal -0.999826192856 0 -0.0186450686306
    outer loop
      vertex -16.0888729095 11.6214952469 56.2028541565
      vertex -16.0999965668 11.0250034332 55.2789764404
      vertex -16.0999965668 11.0250034332 65.3249969482
    endloop
  endfacet
  facet normal 0 1 0
    outer loop
      vertex -16.0999965668 11.0250034332 65.3249969482
      vertex -9.99951839447 12.0864582062 65.3249969482
      vertex -10.145190239 12.2519779205 65.3249969482
    endloop
  endfacet
  facet normal 0.628212034702 0 -0.778042137623
    outer loop
      vertex -9.82796192169 11.9479389191 65.3249969482
      vertex -9.82796192169 11.9479389191 60.3250045776
      vertex -9.99951839447 12.0864582062 65.3249969482
    endloop
  endfacet
  facet normal 0.487690329552 0 -0.87301671505
    outer loop
      vertex -9.6354675293 11.8404054642 65.3249969482
      vertex -9.6354675293 11.8404054642 60.3250045776
      vertex -9.82796192169 11.9479389191 65.3249969482
    endloop
  endfacet
  facet normal 0.333140075207 0 -0.942877352238
    outer loop
      vertex -9.42756843567 11.7669506073 65.3249969482
      vertex -9.42756843567 11.7669506073 60.3250045776
      vertex -9.6354675293 11.8404054642 65.3249969482
    endloop
  endfacet
  facet normal 0.169005483389 -4.9053977591e-07 -0.985615134239
    outer loop
      vertex -9.2102432251 11.7296848297 65.3249969482
      vertex -9.2102432251 11.7296829224 60.3250045776
      vertex -9.42756843567 11.7669506073 65.3249969482
    endloop
  endfacet
  facet normal -0 -4.97699147672e-07 -1
    outer loop
      vertex -8.9897480011 11.7296848297 65.3249969482
      vertex -8.9897480011 11.7296829224 60.3250045776
      vertex -9.2102432251 11.7296848297 65.3249969482
    endloop
  endfacet
  facet normal -0.169005483389 -0 -0.985615134239
    outer loop
      vertex -8.77242279053 11.7669506073 65.3249969482
      vertex -8.77242279053 11.7669506073 60.3250045776
      vertex -8.9897480011 11.7296848297 65.3249969482
    endloop
  endfacet
  facet normal -0.333140075207 -0 -0.942877352238
    outer loop
      vertex -8.5645236969 11.8404054642 65.3249969482
      vertex -8.5645236969 11.8404054642 60.3250045776
      vertex -8.77242279053 11.7669506073 65.3249969482
    endloop
  endfacet
  facet normal 0 1 0
    outer loop
      vertex -6.47667741776 11.3733158112 65.3249969482
      vertex -8.3720293045 11.9479389191 65.3249969482
      vertex -8.5645236969 11.8404054642 65.3249969482
    endloop
  endfacet
  facet normal 0.691944360733 0 -0.721950829029
    outer loop
      vertex -6.17054796219 11.0799093246 60.3250045776
      vertex -6.47667741776 11.3733158112 65.3249969482
      vertex -6.17054796219 11.0799093246 65.3249969482
    endloop
  endfacet
  facet normal 0.559972167015 0 -0.828511416912
    outer loop
      vertex -5.81923484802 10.8424654007 60.3250045776
      vertex -6.17054796219 11.0799093246 65.3249969482
      vertex -5.81923484802 10.8424654007 65.3249969482
    endloop
  endfacet
  facet normal 0.411903858185 0 -0.911227285862
    outer loop
      vertex -5.43284654617 10.667804718 60.3250045776
      vertex -5.81923484802 10.8424654007 65.3249969482
      vertex -5.43284654617 10.667804718 65.3249969482
    endloop
  endfacet
  facet normal 0.2519775033 0 -0.967733085155
    outer loop
      vertex -5.43284654617 10.667804718 60.3250045776
      vertex -5.43284654617 10.667804718 65.3249969482
      vertex -5.02249860764 10.5609588623 60.3250045776
    endloop
  endfacet
  facet normal 0 -1 0
    outer loop
      vertex -5.43284654617 10.667804718 60.3250045776
      vertex -5.02249860764 10.5609588623 60.3250045776
      vertex -13.0999984741 9.5250043869 60.3250045776
    endloop
  endfacet
  facet normal 1 0 0
    outer loop
      vertex -13.0999984741 9.5250043869 60.3250045776
      vertex -13.0999984741 10.2011003494 53.4151725769
      vertex -13.0999984741 10.8016014099 54.8649024963
    endloop
  endfacet
  facet normal 1 -4.23802958949e-07 -5.3849721553e-06
    outer loop
      vertex -13.0999984741 9.52500152588 53.8250007629
      vertex -13.1000003815 9.71166610718 50.3250007629
      vertex -13.1000003815 9.83478164673 51.8893470764
    endloop
  endfacet
  facet normal -9.68214095565e-08 -0.233445703983 -0.972369849682
    outer loop
      vertex -13.0999984741 10.2011003494 53.4151725769
      vertex -16.1000003815 9.83478164673 51.8893470764
      vertex -16.0999965668 10.2011003494 53.4151725769
    endloop
  endfacet
  facet normal -3.25405729029e-08 -0.0784584507346 -0.996917366982
    outer loop
      vertex -13.1000003815 9.71166610718 50.3250007629
      vertex -16.1000003815 9.71166610718 50.3250007629
      vertex -13.1000003815 9.83478164673 51.8893470764
    endloop
  endfacet
  facet normal -1 1.29866555199e-06 -1.3839244275e-06
    outer loop
      vertex -16.1000003815 9.83478164673 51.8893470764
      vertex -16.0999965668 -0.975001871586 65.3249969482
      vertex -16.0999965668 10.2011003494 53.4151725769
    endloop
  endfacet
  facet normal -1 0 0
    outer loop
      vertex -16.1000003815 9.71166610718 -1.67499661446
      vertex -16.1000003815 -0.975001871586 -1.67499661446
      vertex -16.1000003815 9.71166610718 50.3250007629
    endloop
  endfacet
  facet normal 0 1 0
    outer loop
      vertex -4.59999704361 10.5250024796 65.3249969482
      vertex -5.02249860764 10.5609588623 65.3249969482
      vertex -16.0999965668 -0.975001871586 65.3249969482
    endloop
  endfacet
  facet normal -0.0847969800234 0 -0.99639827013
    outer loop
      vertex -4.59999704361 10.5250024796 60.3250045776
      vertex -4.59999704361 10.5250024796 65.3249969482
      vertex -4.1774969101 10.5609588623 60.3250045776
    endloop
  endfacet
  facet normal 0 -1 0
    outer loop
      vertex 13.9000005722 9.52500152588 60.3250045776
      vertex -4.59999704361 10.5250024796 60.3250045776
      vertex -4.1774969101 10.5609588623 60.3250045776
    endloop
  endfacet
  facet normal 0 -1 0
    outer loop
      vertex -3.02944779396 11.0799093246 60.3250045776
      vertex 0.0102501139045 11.7296829224 60.3250045776
      vertex 13.9000005722 9.52500152588 60.3250045776
    endloop
  endfacet
  facet normal 0 -1 0
    outer loop
      vertex 0.0102501139045 11.7296829224 60.3250045776
      vertex 0.227572768927 11.7669506073 60.3250045776
      vertex 13.9000005722 9.52500152588 60.3250045776
    endloop
  endfacet
  facet normal 0 -1 0
    outer loop
      vertex 13.9000005722 9.52500152588 60.3250045776
      vertex 0.227572768927 11.7669506073 60.3250045776
      vertex 0.435474008322 11.8404054642 60.3250045776
    endloop
  endfacet
  facet normal 0 -1 0
    outer loop
      vertex 13.9000005722 9.52500152588 60.3250045776
      vertex 0.435474008322 11.8404054642 60.3250045776
      vertex 0.627968966961 11.9479389191 60.3250045776
    endloop
  endfacet
  facet normal -0.33313652873 -0 -0.942878603935
    outer loop
      vertex 0.227572768927 11.7669506073 65.3249969482
      vertex 0.435474008322 11.8404054642 60.3250045776
      vertex 0.227572768927 11.7669506073 60.3250045776
    endloop
  endfacet
  facet normal -0.169018313289 -0 -0.985612928867
    outer loop
      vertex 0.0102501139045 11.7296829224 65.3249969482
      vertex 0.227572768927 11.7669506073 60.3250045776
      vertex 0.0102501139045 11.7296829224 60.3250045776
    endloop
  endfacet
  facet normal -0.559972167015 0 -0.828511416912
    outer loop
      vertex -3.02944779396 11.0799093246 60.3250045776
      vertex -3.38076090813 10.8424654007 65.3249969482
      vertex -3.02944779396 11.0799093246 65.3249969482
    endloop
  endfacet
  facet normal -0.411903858185 0 -0.911227285862
    outer loop
      vertex -3.76714920998 10.667804718 60.3250045776
      vertex -3.76714920998 10.667804718 65.3249969482
      vertex -3.38076090813 10.8424654007 60.3250045776
    endloop
  endfacet
  facet normal 0 1 0
    outer loop
      vertex -3.38076090813 10.8424654007 65.3249969482
      vertex -0.827964246273 11.9479389191 65.3249969482
      vertex -0.99951851368 12.0864553452 65.3249969482
    endloop
  endfacet
  facet normal 0.487690329552 0 -0.87301671505
    outer loop
      vertex -0.635469257832 11.8404054642 65.3249969482
      vertex -0.635469257832 11.8404054642 60.3250045776
      vertex -0.827964246273 11.9479389191 65.3249969482
    endloop
  endfacet
  facet normal 0.333140075207 0 -0.942877352238
    outer loop
      vertex -0.427570521832 11.7669506073 65.3249969482
      vertex -0.427570521832 11.7669506073 60.3250045776
      vertex -0.635469257832 11.8404054642 65.3249969482
    endloop
  endfacet
  facet normal 0.169016435742 0 -0.985613226891
    outer loop
      vertex -0.210245370865 11.7296829224 65.3249969482
      vertex -0.210245370865 11.7296829224 60.3250045776
      vertex -0.427570521832 11.7669506073 65.3249969482
    endloop
  endfacet
  facet normal -0 1 0
    outer loop
      vertex -4.1774969101 10.5609588623 65.3249969482
      vertex 16.9000015259 -0.975001871586 65.3249969482
      vertex -3.76714920998 10.667804718 65.3249969482
    endloop
  endfacet
  facet normal -0 -0 -1
    outer loop
      vertex 0.0102501139045 11.7296829224 65.3249969482
      vertex 0.0102501139045 11.7296829224 60.3250045776
      vertex -0.210245370865 11.7296829224 65.3249969482
    endloop
  endfacet
  facet normal -0.169018313289 -0 -0.985612928867
    outer loop
      vertex 0.227572768927 11.7669506073 65.3249969482
      vertex 0.227572768927 11.7669506073 60.3250045776
      vertex 0.0102501139045 11.7296829224 65.3249969482
    endloop
  endfacet
  facet normal -0.33313652873 -0 -0.942878603935
    outer loop
      vertex 0.435474008322 11.8404054642 65.3249969482
      vertex 0.435474008322 11.8404054642 60.3250045776
      vertex 0.227572768927 11.7669506073 65.3249969482
    endloop
  endfacet
  facet normal -0.487690329552 -0 -0.87301671505
    outer loop
      vertex 0.435474008322 11.8404054642 65.3249969482
      vertex 0.627968966961 11.9479389191 60.3250045776
      vertex 0.435474008322 11.8404054642 60.3250045776
    endloop
  endfacet
  facet normal 0 -1 0
    outer loop
      vertex 0.627968966961 11.9479389191 60.3250045776
      vertex 0.799523234367 12.0864553452 60.3250045776
      vertex 13.9000005722 9.52500152588 60.3250045776
    endloop
  endfacet
  facet normal 0 -1 0
    outer loop
      vertex 13.9000005722 9.52500152588 60.3250045776
      vertex 0.799523234367 12.0864553452 60.3250045776
      vertex 0.945199668407 12.2519779205 60.3250045776
    endloop
  endfacet
  facet normal -0.851534307003 -0 -0.524298906326
    outer loop
      vertex 0.945199668407 12.2519779205 65.3249969482
      vertex 1.06080520153 12.4397373199 60.3250045776
      vertex 0.945199668407 12.2519779205 60.3250045776
    endloop
  endfacet
  facet normal -0 1 0
    outer loop
      vertex 0.627968966961 11.9479389191 65.3249969482
      vertex 16.9000015259 -0.975001871586 65.3249969482
      vertex 0.799523234367 12.0864553452 65.3249969482
    endloop
  endfacet
  facet normal -0.851534307003 -0 -0.524298906326
    outer loop
      vertex 1.06080520153 12.4397373199 65.3249969482
      vertex 1.06080520153 12.4397373199 60.3250045776
      vertex 0.945199668407 12.2519779205 65.3249969482
    endloop
  endfacet
  facet normal -0.927883982658 -0 -0.372869074345
    outer loop
      vertex 1.14302003384 12.644329071 65.3249969482
      vertex 1.14302003384 12.644329071 60.3250045776
      vertex 1.06080520153 12.4397373199 65.3249969482
    endloop
  endfacet
  facet normal 0 1 0
    outer loop
      vertex 16.9000015259 11.0250015259 65.3249969482
      vertex 1.18947267532 12.8598794937 65.3249969482
      vertex 1.14302003384 12.644329071 65.3249969482
    endloop
  endfacet
  facet normal 0.999826192856 -4.25676311977e-08 -0.0186450686306
    outer loop
      vertex 16.9000015259 11.0250015259 65.3249969482
      vertex 16.9000015259 11.0250015259 55.2789726257
      vertex 16.8888778687 11.6214933395 56.2028541565
    endloop
  endfacet
  facet normal 0.00862300861627 -0.522477090359 -0.852609753609
    outer loop
      vertex 16.9000015259 11.0250015259 55.2789726257
      vertex 13.9000005722 10.8016014099 54.8649024963
      vertex 13.9000005722 11.6214933395 56.2028541565
    endloop
  endfacet
  facet normal -1 5.69149953833e-08 -1.21596954727e-07
    outer loop
      vertex 13.9000005722 10.8016014099 54.8649024963
      vertex 13.9000005722 10.2010984421 53.4151725769
      vertex 13.9000005722 9.52500152588 60.3250045776
    endloop
  endfacet
  facet normal -1 3.19825268491e-08 1.33217511689e-07
    outer loop
      vertex 13.9000005722 9.83478164673 51.8893470764
      vertex 13.9000005722 9.52500152588 60.3250045776
      vertex 13.9000005722 10.2010984421 53.4151725769
    endloop
  endfacet
  facet normal 7.94400364157e-07 -0.0784584507346 -0.996917366982
    outer loop
      vertex 16.8999996185 9.83477973938 51.8893470764
      vertex 13.9000005722 9.71166610718 50.3250007629
      vertex 13.9000005722 9.83478164673 51.8893470764
    endloop
  endfacet
  facet normal 1 -3.16044008741e-08 -1.15489591224e-08
    outer loop
      vertex 16.9000015259 10.8016014099 54.8649024963
      vertex 16.9000015259 -0.975001871586 65.3249969482
      vertex 16.9000015259 10.2010984421 53.4151725769
    endloop
  endfacet
  facet normal 7.94400364157e-07 -0.0784584507346 -0.996917366982
    outer loop
      vertex 16.8999996185 9.71166324615 50.3250007629
      vertex 13.9000005722 9.71166610718 50.3250007629
      vertex 16.8999996185 9.83477973938 51.8893470764
    endloop
  endfacet
  facet normal 0 0 -1
    outer loop
      vertex 13.8999977112 9.71166324615 -1.67499911785
      vertex 16.8999996185 9.71166324615 50.3250007629
      vertex 16.8999977112 9.71166324615 -1.67499911785
    endloop
  endfacet
  facet normal 0.996917366982 -0.0784584656358 1.82698070006e-08
    outer loop
      vertex 16.8999977112 9.71166324615 -1.67499911785
      vertex 16.8999977112 -0.975006818771 -1.67499661446
      vertex 16.6968574524 -0.975006818771 -4.25616693497
    endloop
  endfacet
  facet normal -4.1364756953e-07 1.06870025718e-07 1
    outer loop
      vertex 11.6499977112 -0.975001871586 24.5750007629
      vertex 6.07459115982 -0.975001871586 2.99501800537
      vertex 16.8999977112 -0.975006818771 -1.67499661446
    endloop
  endfacet
  facet normal 0 0 1
    outer loop
      vertex -10.8499994278 -0.975001871586 24.5750007629
      vertex -0.425617069006 -0.975001871586 6.27235460281
      vertex 11.6499977112 -0.975001871586 24.5750007629
    endloop
  endfacet
  facet normal 0 0 1
    outer loop
      vertex -16.1000003815 -0.975001871586 -1.67499661446
      vertex -10.8499994278 -0.975001871586 24.5750007629
      vertex -10.8499994278 -0.975001871586 36.5750007629
    endloop
  endfacet
  facet normal 0 -0 1
    outer loop
      vertex 11.6499977112 -0.975001871586 36.5750007629
      vertex 16.9000015259 -0.975001871586 65.3249969482
      vertex -10.8499994278 -0.975001871586 36.5750007629
    endloop
  endfacet
  facet normal 1 -8.07795785818e-08 6.80846596879e-08
    outer loop
      vertex 11.6499948502 -32.4249992371 24.5750026703
      vertex 11.6499977112 -0.975001871586 36.5750007629
      vertex 11.6499958038 -37.5250015259 36.5750045776
    endloop
  endfacet
  facet normal -1 0 0
    outer loop
      vertex -10.8500041962 -37.5250015259 36.5750083923
      vertex -10.8500041962 -32.4249954224 24.5750045776
      vertex -10.8500041962 -33.2071685791 24.5134468079
    endloop
  endfacet
  facet normal 4.03289561746e-08 0.97237020731 0.233444213867
    outer loop
      vertex 11.6499958038 -38.3071746826 36.5134468079
      vertex -10.8500041962 -39.0700874329 36.3302879333
      vertex 11.6499958038 -39.0700874329 36.3302879333
    endloop
  endfacet
  facet normal 4.13470395699e-08 0.996917128563 0.0784616023302
    outer loop
      vertex 11.6499958038 -37.5250015259 36.5750045776
      vertex -10.8500041962 -38.3071746826 36.5134468079
      vertex 11.6499958038 -38.3071746826 36.5134468079
    endloop
  endfacet
  facet normal 1 -5.01656707286e-08 -3.94809118731e-09
    outer loop
      vertex 11.6499948502 -32.4249992371 24.5750026703
      vertex 11.6499958038 -37.5250015259 36.5750045776
      vertex 11.6499948502 -33.2071762085 24.5134449005
    endloop
  endfacet
  facet normal -2.13296358353e-09 -0.972368896008 -0.233449518681
    outer loop
      vertex 11.6499948502 -33.2071762085 24.5134449005
      vertex -10.8500041962 -33.9700889587 24.3302822113
      vertex -10.8500041962 -33.2071685791 24.5134468079
    endloop
  endfacet
  facet normal 8.46485121997e-08 -0.923881173134 -0.382679522038
    outer loop
      vertex 11.6499948502 -34.6949539185 24.0300350189
      vertex -10.8500041962 -34.6949501038 24.0300350189
      vertex 11.6499948502 -33.9700889587 24.3302822113
    endloop
  endfacet
  facet normal -1 0 0
    outer loop
      vertex -10.8500041962 -33.9700889587 24.3302822113
      vertex -10.8500041962 -40.4639282227 35.6200866699
      vertex -10.8500041962 -39.7949562073 36.0300369263
    endloop
  endfacet
  facet normal 3.15377910454e-08 0.760406672955 0.649447262287
    outer loop
      vertex 11.6499958038 -40.4639282227 35.6200866699
      vertex -10.8500041962 -40.4639282227 35.6200866699
      vertex -10.8500041962 -41.0605316162 35.1105384827
    endloop
  endfacet
  facet normal -1.39020272627e-07 0.64945089817 0.760403513908
    outer loop
      vertex 11.6499958038 -41.0605392456 35.1105384827
      vertex -10.8500041962 -41.0605316162 35.1105384827
      vertex -10.8500041962 -41.5700874329 34.5139312744
    endloop
  endfacet
  facet normal 2.80580838563e-08 0.649447262287 0.76040661335
    outer loop
      vertex 11.6499958038 -41.0605392456 35.1105384827
      vertex -10.8500041962 -41.5700874329 34.5139312744
      vertex 11.6499958038 -41.5700874329 34.5139312744
    endloop
  endfacet
  facet normal -1 0 0
    outer loop
      vertex -10.8500041962 -35.3639221191 23.6200885773
      vertex -10.8500041962 -42.2802886963 33.1200904846
      vertex -10.8500041962 -34.6949501038 24.0300350189
    endloop
  endfacet
  facet normal 2.25735146131e-08 0.522498548031 0.852640211582
    outer loop
      vertex 11.6499958038 -41.5700874329 34.5139312744
      vertex -10.8500041962 -41.5700874329 34.5139312744
      vertex -10.8500041962 -41.9800376892 33.8449554443
    endloop
  endfacet
  facet normal 1 -3.35672289964e-08 -3.93022574485e-08
    outer loop
      vertex 11.6499958038 -41.0605392456 35.1105384827
      vertex 11.6499958038 -41.5700874329 34.5139312744
      vertex 11.6499948502 -34.6949539185 24.0300350189
    endloop
  endfacet
  facet normal 1.15576511917e-07 -0.852639853954 -0.522499084473
    outer loop
      vertex 11.6499948502 -34.6949539185 24.0300350189
      vertex -10.8500041962 -35.3639221191 23.6200885773
      vertex -10.8500041962 -34.6949501038 24.0300350189
    endloop
  endfacet
  facet normal -1 0 0
    outer loop
      vertex -10.8500041962 -35.3639221191 23.6200885773
      vertex -10.8500041962 -42.4634399414 32.3571777344
      vertex -10.8500041962 -42.2802886963 33.1200904846
    endloop
  endfacet
  facet normal 9.68182600758e-09 0.233438208699 0.972371637821
    outer loop
      vertex 11.6499958038 -42.2802886963 33.1200904846
      vertex -10.8500041962 -42.2802886963 33.1200904846
      vertex -10.8500041962 -42.4634399414 32.3571777344
    endloop
  endfacet
  facet normal 1 -1.18737721877e-08 -2.8665491314e-08
    outer loop
      vertex 11.6499948502 -35.3639259338 23.6200885773
      vertex 11.6499958038 -41.9800376892 33.8449554443
      vertex 11.6499958038 -42.2802886963 33.1200904846
    endloop
  endfacet
  facet normal -0 -0.760405063629 -0.649449110031
    outer loop
      vertex 11.6499948502 -35.9605331421 23.1105365753
      vertex -10.8500041962 -35.9605331421 23.1105365753
      vertex 11.6499948502 -35.3639259338 23.6200885773
    endloop
  endfacet
  facet normal -0 -0.649450957775 -0.760403513908
    outer loop
      vertex 11.6499948502 -36.4700889587 22.5139312744
      vertex -10.8500041962 -36.4700889587 22.5139312744
      vertex 11.6499948502 -35.9605331421 23.1105365753
    endloop
  endfacet
  facet normal -0 -0.522496759892 -0.852641284466
    outer loop
      vertex 11.6499948502 -36.8800315857 21.844959259
      vertex -10.8500041962 -36.8800315857 21.844959259
      vertex 11.6499948502 -36.4700889587 22.5139312744
    endloop
  endfacet
  facet normal -0 -0.382682710886 -0.923879861832
    outer loop
      vertex 11.6499948502 -37.1802825928 21.1200847626
      vertex -10.8500041962 -37.1802825928 21.1200847626
      vertex 11.6499948502 -36.8800315857 21.844959259
    endloop
  endfacet
  facet normal -0 -0.233445644379 -0.972369849682
    outer loop
      vertex 11.6499948502 -37.3634414673 20.3571777344
      vertex -10.8500041962 -37.3634414673 20.3571777344
      vertex 11.6499948502 -37.1802825928 21.1200847626
    endloop
  endfacet
  facet normal -0 -0.0784616023302 -0.996917128563
    outer loop
      vertex 11.6499948502 -37.4250030518 19.5750045776
      vertex -10.8500041962 -37.4250030518 19.5750045776
      vertex 11.6499948502 -37.3634414673 20.3571777344
    endloop
  endfacet
  facet normal 0 0 -1
    outer loop
      vertex 9.39999485016 -37.4250030518 9.07500362396
      vertex -10.8500041962 -37.4250030518 19.5750045776
      vertex 11.6499948502 -37.4250030518 19.5750045776
    endloop
  endfacet
  facet normal 0 0 -1
    outer loop
      vertex -8.60000228882 -37.4250030518 9.07500362396
      vertex -10.8500041962 -37.4250030518 19.5750045776
      vertex 9.39999485016 -37.4250030518 9.07500362396
    endloop
  endfacet
  facet normal -0 0 -1
    outer loop
      vertex -8.60000228882 -37.4250030518 9.07500362396
      vertex -10.8500061035 -37.4250030518 -7.42499780655
      vertex -10.8500041962 -37.4250030518 19.5750045776
    endloop
  endfacet
  facet normal -1 9.21664309317e-08 0
    outer loop
      vertex -10.8500061035 -37.4250030518 -7.42499780655
      vertex -10.8500061035 -42.5249977112 -7.42499780655
      vertex -10.8500041962 -37.4250030518 19.5750045776
    endloop
  endfacet
  facet normal -1 3.77044493405e-08 0
    outer loop
      vertex 9.39999485016 -39.1250038147 -7.42499780655
      vertex 9.39999485016 -37.4250030518 9.07500362396
      vertex 9.39999485016 -37.4250030518 -7.42499780655
    endloop
  endfacet
  facet normal -1 3.77044493405e-08 0
    outer loop
      vertex 9.39999485016 -39.1250038147 9.07500362396
      vertex 9.39999485016 -37.4250030518 9.07500362396
      vertex 9.39999485016 -39.1250038147 -7.42499780655
    endloop
  endfacet
  facet normal 0 -1 0
    outer loop
      vertex 9.39999485016 -39.1250038147 -7.42499780655
      vertex 9.39999485016 -37.4250030518 -7.42499780655
      vertex 9.99999523163 -39.1250038147 -7.42499780655
    endloop
  endfacet
  facet normal 0 0 1
    outer loop
      vertex 9.39999485016 -39.1250038147 -7.42499780655
      vertex 9.99999523163 -39.1250038147 -7.42499780655
      vertex 9.39999485016 -39.1250038147 9.07500362396
    endloop
  endfacet
  facet normal 0 -1 -0
    outer loop
      vertex 9.39999485016 -39.1250038147 9.07500362396
      vertex -8.60000228882 -37.4250030518 9.07500362396
      vertex 9.39999485016 -37.4250030518 9.07500362396
    endloop
  endfacet
  facet normal 0 0 -1
    outer loop
      vertex -8.60000514984 -37.4250030518 -7.42499780655
      vertex -10.8500061035 -37.4250030518 -7.42499780655
      vertex -8.60000228882 -37.4250030518 9.07500362396
    endloop
  endfacet
  facet normal 0 -1 -0
    outer loop
      vertex -8.60000514984 -39.1250038147 -7.42499780655
      vertex -10.8500061035 -37.4250030518 -7.42499780655
      vertex -8.60000514984 -37.4250030518 -7.42499780655
    endloop
  endfacet
  facet normal 0 -1 -0
    outer loop
      vertex -9.20000553131 -39.1250038147 -7.42499780655
      vertex -10.8500061035 -37.4250030518 -7.42499780655
      vertex -8.60000514984 -39.1250038147 -7.42499780655
    endloop
  endfacet
  facet normal -2.59218126075e-07 -5.18436671371e-08 1
    outer loop
      vertex -8.60000228882 -39.1249961853 9.07500362396
      vertex 9.9999961853 -39.1250038147 12.0750045776
      vertex -9.20000267029 -39.1249961853 12.0750045776
    endloop
  endfacet
  facet normal -0 -1 0
    outer loop
      vertex 9.9999961853 -39.1250038147 12.0750045776
      vertex 9.9999961853 -40.8250007629 12.0750045776
      vertex -9.20000267029 -39.1249961853 12.0750045776
    endloop
  endfacet
  facet normal -0 -1 0
    outer loop
      vertex -9.20000553131 -39.1250038147 -7.42499780655
      vertex -10.8500061035 -42.5249977112 -7.42499780655
      vertex -10.8500061035 -37.4250030518 -7.42499780655
    endloop
  endfacet
  facet normal -1 6.38075334791e-08 -1.50135548438e-07
    outer loop
      vertex -10.8500041962 -37.4250030518 19.5750045776
      vertex -10.8500061035 -42.5249977112 -7.42499780655
      vertex -10.8500041962 -42.5249977112 31.5750045776
    endloop
  endfacet
  facet normal 4.33856639503e-09 0.0784552767873 0.9969176054
    outer loop
      vertex 11.6499958038 -42.4634399414 32.3571777344
      vertex -10.8500041962 -42.5249977112 31.5750045776
      vertex 11.6499958038 -42.5249977112 31.5750045776
    endloop
  endfacet
  facet normal 1 -3.98797084245e-08 0
    outer loop
      vertex 11.6499938965 -42.5249977112 -7.42499780655
      vertex 11.6499938965 -37.4250030518 -7.42499780655
      vertex 11.6499958038 -42.5249977112 31.5750045776
    endloop
  endfacet
  facet normal 0 -1 0
    outer loop
      vertex 9.99999523163 -40.8250007629 -7.42499780655
      vertex 11.6499938965 -42.5249977112 -7.42499780655
      vertex 9.39999485016 -40.8250007629 -7.42499780655
    endloop
  endfacet
  facet normal -1 3.19037631868e-08 0
    outer loop
      vertex 9.9999961853 -40.8250007629 12.0750045776
      vertex 9.9999961853 -39.1250038147 12.0750045776
      vertex 9.99999523163 -40.8250007629 -7.42499780655
    endloop
  endfacet
  facet normal 0 -1 0
    outer loop
      vertex -9.20000267029 -39.1249961853 12.0750045776
      vertex 9.9999961853 -40.8250007629 12.0750045776
      vertex -9.20000267029 -40.8249969482 12.0750045776
    endloop
  endfacet
  facet normal -1.27614873691e-06 -2.55229934965e-07 -1
    outer loop
      vertex -8.60000228882 -40.8249969482 9.07500362396
      vertex -9.20000553131 -40.8250007629 -7.42499780655
      vertex -9.20000267029 -40.8249969482 12.0750045776
    endloop
  endfacet
  facet normal 0 -1 0
    outer loop
      vertex -8.60000228882 -40.8249969482 9.07500362396
      vertex 9.39999485016 -42.5249977112 9.07500362396
      vertex -8.60000228882 -42.5249977112 9.07500362396
    endloop
  endfacet
  facet normal -1 3.77044493405e-08 0
    outer loop
      vertex 9.39999485016 -40.8250007629 9.07500362396
      vertex 9.39999485016 -42.5249977112 -7.42499780655
      vertex 9.39999485016 -42.5249977112 9.07500362396
    endloop
  endfacet
endsolid "link4"
