solid "link3"
  facet normal 0 0 -1
    outer loop
      vertex -2.37454509735 3.85955452919 -16.5800094604
      vertex -2.21879482269 3.85955452919 -13.1535482407
      vertex 18.1043071747 3.85955452919 -17.5108604431
    endloop
  endfacet
  facet normal 0 0 -1
    outer loop
      vertex 18.1043071747 3.85955452919 -17.5108604431
      vertex -2.21879482269 3.85955452919 -13.1535482407
      vertex 18.260061264 3.85955452919 -14.0844078064
    endloop
  endfacet
  facet normal 0 0 1
    outer loop
      vertex 21.8340454102 -3.14044523239 -11.5919361115
      vertex 21.8195858002 -3.14044523239 -11.6735496521
      vertex 24.3705654144 -3.14044523239 -11.7894983292
    endloop
  endfacet
  facet normal -0 0 1
    outer loop
      vertex 21.8340454102 -3.14044523239 -11.5919361115
      vertex 24.3705654144 -3.14044523239 -11.7894983292
      vertex 21.8731422424 -3.14044523239 -11.1091804504
    endloop
  endfacet
  facet normal 0 0 1
    outer loop
      vertex 24.1630153656 -3.14044523239 2.22206330299
      vertex 24.0073013306 -3.14044523239 2.24147057533
      vertex 24.9608631134 -3.14044523239 1.19710206985
    endloop
  endfacet
  facet normal 0 0 1
    outer loop
      vertex 24.1630153656 -3.14044523239 2.22206330299
      vertex 24.9608631134 -3.14044523239 1.19710206985
      vertex 24.3137836456 -3.14044523239 2.17854428291
    endloop
  endfacet
  facet normal 0 0 1
    outer loop
      vertex 24.0073013306 -3.14044523239 2.24147057533
      vertex 23.0083332062 -3.14044523239 2.28688549995
      vertex 24.9608631134 -3.14044523239 1.19710206985
    endloop
  endfacet
  facet normal 0 0 1
    outer loop
      vertex 24.9608631134 -3.14044523239 1.19710206985
      vertex 23.0083332062 -3.14044523239 2.28688549995
      vertex 22.8741722107 -3.14044523239 -0.664615750313
    endloop
  endfacet
  facet normal 0 0 1
    outer loop
      vertex 24.9608631134 -3.14044523239 1.19710206985
      vertex 22.8741722107 -3.14044523239 -0.664615750313
      vertex 24.3705654144 -3.14044523239 -11.7894983292
    endloop
  endfacet
  facet normal 0 0 1
    outer loop
      vertex 24.3705654144 -3.14044523239 -11.7894983292
      vertex 22.8741722107 -3.14044523239 -0.664615750313
      vertex 21.8731422424 -3.14044523239 -0.664615750313
    endloop
  endfacet
  facet normal 0 0 1
    outer loop
      vertex 24.3705654144 -3.14044523239 -11.7894983292
      vertex 21.8731422424 -3.14044523239 -0.664615750313
      vertex 21.8731422424 -3.14044523239 -11.1091804504
    endloop
  endfacet
  facet normal 0 0 1
    outer loop
      vertex 24.9260063171 -3.14044523239 1.50801253319
      vertex 24.8725986481 -3.14044523239 1.65556943417
      vertex 24.7967700958 -3.14044523239 1.79294681549
    endloop
  endfacet
  facet normal 0 0 1
    outer loop
      vertex 24.7003803253 -3.14044523239 1.91676974297
      vertex 24.5858078003 -3.14044523239 2.02399373055
      vertex 24.9608631134 -3.14044523239 1.19710206985
    endloop
  endfacet
  facet normal 0 0 1
    outer loop
      vertex 24.9608631134 -3.14044523239 1.19710206985
      vertex 24.5858078003 -3.14044523239 2.02399373055
      vertex 24.4558811188 -3.14044523239 2.11197566986
    endloop
  endfacet
  facet normal 0 0 1
    outer loop
      vertex 24.9608631134 -3.14044523239 1.19710206985
      vertex 24.4558811188 -3.14044523239 2.11197566986
      vertex 24.3137836456 -3.14044523239 2.17854428291
    endloop
  endfacet
  facet normal 0 0 1
    outer loop
      vertex 24.7003803253 -3.14044523239 1.91676974297
      vertex 24.9608631134 -3.14044523239 1.19710206985
      vertex 24.7967700958 -3.14044523239 1.79294681549
    endloop
  endfacet
  facet normal 0 0 1
    outer loop
      vertex 24.7967700958 -3.14044523239 1.79294681549
      vertex 24.9608631134 -3.14044523239 1.19710206985
      vertex 24.9556713104 -3.14044523239 1.35392606258
    endloop
  endfacet
  facet normal 0 0 1
    outer loop
      vertex 24.7967700958 -3.14044523239 1.79294681549
      vertex 24.9556713104 -3.14044523239 1.35392606258
      vertex 24.9260063171 -3.14044523239 1.50801253319
    endloop
  endfacet
  facet normal 0.998968541622 -0.0454075224698 0
    outer loop
      vertex 22.3276920319 -6.14044523239 9.33538341522
      vertex 22.0547771454 -4.14044523239 3.33125400543
      vertex 22.3276920319 6.85955429077 9.33538341522
    endloop
  endfacet
  facet normal 0.998968541622 -0.0454075224698 -5.0926433203e-18
    outer loop
      vertex 22.3276920319 6.85955429077 9.33538341522
      vertex 22.0547771454 -4.14044523239 3.33125400543
      vertex 22.0547771454 4.85955429077 3.33125400543
    endloop
  endfacet
  facet normal 0.998968601227 -0.0454068519175 2.01907892006e-06
    outer loop
      vertex 22.3276920319 6.85955429077 9.33538341522
      vertex 22.0547771454 4.85955429077 3.33125400543
      vertex 21.8731498718 4.85955429077 -0.664615750313
    endloop
  endfacet
  facet normal 0.998968482018 -0.0454088151455 0
    outer loop
      vertex 21.8731422424 -4.14044523239 -0.664615750313
      vertex 22.0547771454 -4.14044523239 3.33125400543
      vertex 21.8731422424 -7.14044523239 -0.664615750313
    endloop
  endfacet
  facet normal 0.998968541622 -0.0454079210758 1.19398066545e-06
    outer loop
      vertex 21.8731422424 -7.14044523239 -0.664615750313
      vertex 22.0547771454 -4.14044523239 3.33125400543
      vertex 22.3276920319 -6.14044523239 9.33538341522
    endloop
  endfacet
  facet normal 0.998968541622 -0.045407705009 3.35307072419e-06
    outer loop
      vertex 21.8731422424 -7.14044523239 -0.664615750313
      vertex 22.3276920319 -6.14044523239 9.33538341522
      vertex 24.2822360992 -7.14044523239 52.3353843689
    endloop
  endfacet
  facet normal 0.998968541622 -0.0454076640308 1.63502534178e-06
    outer loop
      vertex 24.2822360992 -7.14044523239 52.3353843689
      vertex 22.3276920319 -6.14044523239 9.33538341522
      vertex 23.9891033173 -6.14044523239 45.88646698
    endloop
  endfacet
  facet normal 0.998968541622 -0.0454074107111 0
    outer loop
      vertex 24.2822360992 -7.14044523239 52.3353843689
      vertex 23.9891033173 -6.14044523239 45.88646698
      vertex 23.9891033173 -2.14044523239 45.88646698
    endloop
  endfacet
  facet normal 0.998968780041 -0.0454030036926 0
    outer loop
      vertex 24.3731441498 -2.01699209213 54.3353843689
      vertex 24.3731441498 -7.14044523239 54.3353843689
      vertex 24.3014068604 -2.10966277122 52.7569961548
    endloop
  endfacet
  facet normal 0.998968541622 -0.0454075485468 1.42945850712e-06
    outer loop
      vertex 24.3014068604 -2.10966277122 52.7569961548
      vertex 24.3731441498 -7.14044523239 54.3353843689
      vertex 24.2822360992 -7.14044523239 52.3353843689
    endloop
  endfacet
  facet normal 0.998968422413 -0.0454106666148 1.16769717806e-06
    outer loop
      vertex 24.3014068604 -2.10966277122 52.7569961548
      vertex 24.2822360992 -7.14044523239 52.3353843689
      vertex 24.2284908295 -2.14044523239 51.1529388428
    endloop
  endfacet
  facet normal 0.998968541622 -0.0454077869654 4.85520615712e-07
    outer loop
      vertex 24.2284908295 -2.14044523239 51.1529388428
      vertex 24.2822360992 -7.14044523239 52.3353843689
      vertex 23.9891033173 -2.14044523239 45.88646698
    endloop
  endfacet
  facet normal 0.998968720436 -0.0454030930996 1.53385917656e-06
    outer loop
      vertex 24.3731441498 2.73610138893 54.3353843689
      vertex 24.3014068604 2.82877969742 52.7569961548
      vertex 24.3731517792 7.85955429077 54.3353843689
    endloop
  endfacet
  facet normal 0.998968422413 -0.0454106740654 -8.49220953114e-07
    outer loop
      vertex 24.3731517792 7.85955429077 54.3353843689
      vertex 24.3014068604 2.82877969742 52.7569961548
      vertex 24.2284908295 2.85955452919 51.1529388428
    endloop
  endfacet
  facet normal 0.998968541622 -0.0454072542489 0
    outer loop
      vertex 21.8731498718 4.85955429077 -0.664615750313
      vertex 21.8731498718 7.85955429077 -0.664615750313
      vertex 22.3276920319 6.85955429077 9.33538341522
    endloop
  endfacet
  facet normal 0.998968541622 -0.0454076975584 4.44890747531e-06
    outer loop
      vertex 22.3276920319 6.85955429077 9.33538341522
      vertex 21.8731498718 7.85955429077 -0.664615750313
      vertex 24.3731517792 7.85955429077 54.3353843689
    endloop
  endfacet
  facet normal 0.998968541622 -0.0454076640308 5.99182021688e-06
    outer loop
      vertex 22.3276920319 6.85955429077 9.33538341522
      vertex 24.3731517792 7.85955429077 54.3353843689
      vertex 23.9891033173 6.85955429077 45.88646698
    endloop
  endfacet
  facet normal 0.998968482018 -0.0454082936049 6.67837298352e-07
    outer loop
      vertex 23.9891033173 6.85955429077 45.88646698
      vertex 24.3731517792 7.85955429077 54.3353843689
      vertex 24.2284908295 2.85955452919 51.1529388428
    endloop
  endfacet
  facet normal 0.998968541622 -0.0454077869654 0
    outer loop
      vertex 23.9891033173 6.85955429077 45.88646698
      vertex 24.2284908295 2.85955452919 51.1529388428
      vertex 23.9891033173 2.85955452919 45.88646698
    endloop
  endfacet
  facet normal 0 1 0
    outer loop
      vertex -3.62685203552 -45.3827476501 98.3353881836
      vertex -3.62685203552 -43.5904388428 98.3353881836
      vertex -4.22685432434 -45.3827476501 98.3353881836
    endloop
  endfacet
  facet normal 0 1 0
    outer loop
      vertex -4.22685432434 -45.3827476501 98.3353881836
      vertex -3.62685203552 -43.5904388428 98.3353881836
      vertex -5.87685394287 -43.5904388428 98.3353881836
    endloop
  endfacet
  facet normal 0 1 -0
    outer loop
      vertex -4.22685432434 -45.3827476501 98.3353881836
      vertex -5.87685394287 -43.5904388428 98.3353881836
      vertex -4.22685432434 -47.0827484131 98.3353881836
    endloop
  endfacet
  facet normal 0 1 0
    outer loop
      vertex -4.22685432434 -47.0827484131 98.3353881836
      vertex -5.87685394287 -43.5904388428 98.3353881836
      vertex -5.87685394287 -48.6904411316 98.3353881836
    endloop
  endfacet
  facet normal 0 1 -0
    outer loop
      vertex -4.22685432434 -47.0827484131 98.3353881836
      vertex -5.87685394287 -48.6904411316 98.3353881836
      vertex -3.62685203552 -47.0827484131 98.3353881836
    endloop
  endfacet
  facet normal 0 1 -0
    outer loop
      vertex -3.62685203552 -47.0827484131 98.3353881836
      vertex -5.87685394287 -48.6904411316 98.3353881836
      vertex -3.62685203552 -48.6904411316 98.3353881836
    endloop
  endfacet
  facet normal 0 1 0
    outer loop
      vertex 14.3731431961 -47.0827484131 98.3353881836
      vertex 14.3731431961 -48.6904411316 98.3353881836
      vertex 14.9731492996 -47.0827484131 98.3353881836
    endloop
  endfacet
  facet normal 0 1 -0
    outer loop
      vertex 14.9731492996 -47.0827484131 98.3353881836
      vertex 14.3731431961 -48.6904411316 98.3353881836
      vertex 16.6231479645 -48.6904411316 98.3353881836
    endloop
  endfacet
  facet normal -0 1 0
    outer loop
      vertex 14.9731492996 -47.0827484131 98.3353881836
      vertex 16.6231479645 -48.6904411316 98.3353881836
      vertex 14.9731492996 -45.3827476501 98.3353881836
    endloop
  endfacet
  facet normal -0 1 0
    outer loop
      vertex 14.9731492996 -45.3827476501 98.3353881836
      vertex 16.6231479645 -48.6904411316 98.3353881836
      vertex 16.6231479645 -43.5904388428 98.3353881836
    endloop
  endfacet
  facet normal 0 1 0
    outer loop
      vertex 14.9731492996 -45.3827476501 98.3353881836
      vertex 16.6231479645 -43.5904388428 98.3353881836
      vertex 14.3731431961 -45.3827476501 98.3353881836
    endloop
  endfacet
  facet normal 0 1 0
    outer loop
      vertex 14.3731431961 -45.3827476501 98.3353881836
      vertex 16.6231479645 -43.5904388428 98.3353881836
      vertex 14.3731431961 -43.5904388428 98.3353881836
    endloop
  endfacet
  facet normal 0 1 -0
    outer loop
      vertex 14.3731451035 -43.5904388428 79.8353805542
      vertex -3.62685203552 -43.5904388428 79.8353805542
      vertex 14.3731451035 -45.3827476501 79.8353805542
    endloop
  endfacet
  facet normal 0 1 0
    outer loop
      vertex 14.3731451035 -45.3827476501 79.8353805542
      vertex -3.62685203552 -43.5904388428 79.8353805542
      vertex -3.62685203552 -45.3827476501 79.8353805542
    endloop
  endfacet
  facet normal -0 1 0
    outer loop
      vertex -3.62685203552 -48.6904411316 79.8353805542
      vertex 14.3731451035 -48.6904411316 79.8353805542
      vertex -3.62685203552 -47.0827484131 79.8353805542
    endloop
  endfacet
  facet normal 0 1 0
    outer loop
      vertex -3.62685203552 -47.0827484131 79.8353805542
      vertex 14.3731451035 -48.6904411316 79.8353805542
      vertex 14.3731451035 -47.0827484131 79.8353805542
    endloop
  endfacet
  facet normal 1 0 0
    outer loop
      vertex -3.62685203552 -43.5904388428 79.8353805542
      vertex -3.62685203552 -43.5904388428 98.3353881836
      vertex -3.62685203552 -45.3827476501 79.8353805542
    endloop
  endfacet
  facet normal 1 -0 0
    outer loop
      vertex -3.62685203552 -45.3827476501 79.8353805542
      vertex -3.62685203552 -43.5904388428 98.3353881836
      vertex -3.62685203552 -45.3827476501 98.3353881836
    endloop
  endfacet
  facet normal 1 0 0
    outer loop
      vertex -3.62685203552 -48.6904411316 98.3353881836
      vertex -3.62685203552 -48.6904411316 79.8353805542
      vertex -3.62685203552 -47.0827484131 98.3353881836
    endloop
  endfacet
  facet normal 1 0 0
    outer loop
      vertex -3.62685203552 -47.0827484131 98.3353881836
      vertex -3.62685203552 -48.6904411316 79.8353805542
      vertex -3.62685203552 -47.0827484131 79.8353805542
    endloop
  endfacet
  facet normal -1 -7.97307109224e-08 0
    outer loop
      vertex 14.3731431961 -43.5904388428 98.3353881836
      vertex 14.3731451035 -43.5904388428 79.8353805542
      vertex 14.3731431961 -45.3827476501 98.3353881836
    endloop
  endfacet
  facet normal -1 -7.97307109224e-08 1.37248620376e-22
    outer loop
      vertex 14.3731431961 -45.3827476501 98.3353881836
      vertex 14.3731451035 -43.5904388428 79.8353805542
      vertex 14.3731451035 -45.3827476501 79.8353805542
    endloop
  endfacet
  facet normal -1 -7.97307109224e-08 -0
    outer loop
      vertex 14.3731451035 -48.6904411316 79.8353805542
      vertex 14.3731431961 -48.6904411316 98.3353881836
      vertex 14.3731451035 -47.0827484131 79.8353805542
    endloop
  endfacet
  facet normal -1 -7.97307109224e-08 1.52870325597e-22
    outer loop
      vertex 14.3731451035 -47.0827484131 79.8353805542
      vertex 14.3731431961 -48.6904411316 98.3353881836
      vertex 14.3731431961 -47.0827484131 98.3353881836
    endloop
  endfacet
  facet normal 0 1 0
    outer loop
      vertex -10.8768520355 -7.14044523239 64.3353805542
      vertex -10.0946788788 -7.20200252533 64.3353805542
      vertex 21.6231498718 -7.14044523239 64.3353805542
    endloop
  endfacet
  facet normal 0 1 0
    outer loop
      vertex 21.6231498718 -7.14044523239 64.3353805542
      vertex -10.0946788788 -7.20200252533 64.3353805542
      vertex -9.33176708221 -7.38515663147 64.3353805542
    endloop
  endfacet
  facet normal 0 1 0
    outer loop
      vertex 21.6231498718 -7.14044523239 64.3353805542
      vertex -9.33176708221 -7.38515663147 64.3353805542
      vertex 20.8409729004 -7.20200252533 64.3353805542
    endloop
  endfacet
  facet normal 0 1 0
    outer loop
      vertex 20.8409729004 -7.20200252533 64.3353805542
      vertex -9.33176708221 -7.38515663147 64.3353805542
      vertex 20.0780620575 -7.3851647377 64.3353805542
    endloop
  endfacet
  facet normal 0 1 0
    outer loop
      vertex -7.93792533875 -8.09535312653 64.3353805542
      vertex 18.0876121521 -8.60490703583 64.3353805542
      vertex 18.6842193604 -8.09536075592 64.3353805542
    endloop
  endfacet
  facet normal 0 1 0
    outer loop
      vertex 18.0876121521 -8.60490703583 64.3353805542
      vertex -7.93792533875 -8.09535312653 64.3353805542
      vertex 17.5780658722 -9.20151519775 64.3353805542
    endloop
  endfacet
  facet normal 0 1 0
    outer loop
      vertex 17.5780658722 -9.20151519775 64.3353805542
      vertex -7.93792533875 -8.09535312653 64.3353805542
      vertex -7.34131765366 -8.60490703583 64.3353805542
    endloop
  endfacet
  facet normal 0 1 0
    outer loop
      vertex 17.5780658722 -9.20151519775 64.3353805542
      vertex -7.34131765366 -8.60490703583 64.3353805542
      vertex -6.83176755905 -9.20151519775 64.3353805542
    endloop
  endfacet
  facet normal 0 1 0
    outer loop
      vertex -9.33176708221 -7.38515663147 64.3353805542
      vertex -8.60689926147 -7.68540763855 64.3353805542
      vertex 20.0780620575 -7.3851647377 64.3353805542
    endloop
  endfacet
  facet normal 0 1 0
    outer loop
      vertex 20.0780620575 -7.3851647377 64.3353805542
      vertex -8.60689926147 -7.68540763855 64.3353805542
      vertex -7.93792533875 -8.09535312653 64.3353805542
    endloop
  endfacet
  facet normal 0 1 0
    outer loop
      vertex 20.0780620575 -7.3851647377 64.3353805542
      vertex -7.93792533875 -8.09535312653 64.3353805542
      vertex 19.3532009125 -7.68541526794 64.3353805542
    endloop
  endfacet
  facet normal 0 1 0
    outer loop
      vertex 19.3532009125 -7.68541526794 64.3353805542
      vertex -7.93792533875 -8.09535312653 64.3353805542
      vertex 18.6842193604 -8.09536075592 64.3353805542
    endloop
  endfacet
  facet normal 0 1 0
    outer loop
      vertex 16.6847076416 -11.3582677841 64.3353805542
      vertex 16.8678607941 -10.5953569412 64.3353805542
      vertex -6.121571064 -10.5953569412 64.3353805542
    endloop
  endfacet
  facet normal 0 1 0
    outer loop
      vertex -6.83176755905 -9.20151519775 64.3353805542
      vertex -6.42181825638 -9.87048912048 64.3353805542
      vertex 17.5780658722 -9.20151519775 64.3353805542
    endloop
  endfacet
  facet normal 0 1 0
    outer loop
      vertex 17.5780658722 -9.20151519775 64.3353805542
      vertex -6.42181825638 -9.87048912048 64.3353805542
      vertex -6.121571064 -10.5953569412 64.3353805542
    endloop
  endfacet
  facet normal 0 1 0
    outer loop
      vertex 17.5780658722 -9.20151519775 64.3353805542
      vertex -6.121571064 -10.5953569412 64.3353805542
      vertex 17.1681118011 -9.87049674988 64.3353805542
    endloop
  endfacet
  facet normal 0 1 0
    outer loop
      vertex 17.1681118011 -9.87049674988 64.3353805542
      vertex -6.121571064 -10.5953569412 64.3353805542
      vertex 16.8678607941 -10.5953569412 64.3353805542
    endloop
  endfacet
  facet normal 0 1 -0
    outer loop
      vertex -5.87685203552 -12.1404447556 64.3353805542
      vertex -5.87685585022 -38.5904388428 64.3353805542
      vertex 16.6231422424 -38.5904464722 64.3353805542
    endloop
  endfacet
  facet normal 0 1 0
    outer loop
      vertex -6.121571064 -10.5953569412 64.3353805542
      vertex -5.93840932846 -11.3582677841 64.3353805542
      vertex 16.6847076416 -11.3582677841 64.3353805542
    endloop
  endfacet
  facet normal 0 1 0
    outer loop
      vertex 16.6847076416 -11.3582677841 64.3353805542
      vertex -5.93840932846 -11.3582677841 64.3353805542
      vertex -5.87685203552 -12.1404447556 64.3353805542
    endloop
  endfacet
  facet normal 0 1 0
    outer loop
      vertex 16.6847076416 -11.3582677841 64.3353805542
      vertex -5.87685203552 -12.1404447556 64.3353805542
      vertex 16.6231498718 -12.1404447556 64.3353805542
    endloop
  endfacet
  facet normal 0 1 0
    outer loop
      vertex 16.6231498718 -12.1404447556 64.3353805542
      vertex -5.87685203552 -12.1404447556 64.3353805542
      vertex 16.6231422424 -38.5904464722 64.3353805542
    endloop
  endfacet
  facet normal -8.08132767816e-07 -3.43288171223e-08 1
    outer loop
      vertex -3.59442901611 -7.14044523239 88.3221282959
      vertex -3.62685203552 -7.14044523239 89.085395813
      vertex -13.6268453598 -7.14043712616 95.3353805542
    endloop
  endfacet
  facet normal 0 -0 1
    outer loop
      vertex -13.535941124 -7.14044523239 52.3353843689
      vertex -10.8768520355 -7.14044523239 52.3353843689
      vertex -13.6268491745 -7.14044523239 54.3353843689
    endloop
  endfacet
  facet normal -0 0 1
    outer loop
      vertex -13.6268491745 -7.14044523239 54.3353843689
      vertex -10.8768520355 -7.14044523239 52.3353843689
      vertex -10.8768520355 -7.14044523239 64.3353805542
    endloop
  endfacet
  facet normal -6.97718576248e-07 1.91872473465e-07 1
    outer loop
      vertex -13.6268491745 -7.14044523239 54.3353843689
      vertex -10.8768520355 -7.14044523239 64.3353805542
      vertex -13.6268453598 -7.14043712616 95.3353805542
    endloop
  endfacet
  facet normal 0 0 1
    outer loop
      vertex 24.3731498718 -7.14044523239 95.3353805542
      vertex 21.6231498718 -7.14044523239 64.3353805542
      vertex 24.3731441498 -7.14044523239 54.3353843689
    endloop
  endfacet
  facet normal 0 0 1
    outer loop
      vertex 24.3731441498 -7.14044523239 54.3353843689
      vertex 21.6231498718 -7.14044523239 64.3353805542
      vertex 21.6231498718 -7.14044523239 52.3353843689
    endloop
  endfacet
  facet normal 0 0 1
    outer loop
      vertex 24.3731441498 -7.14044523239 54.3353843689
      vertex 21.6231498718 -7.14044523239 52.3353843689
      vertex 24.2822360992 -7.14044523239 52.3353843689
    endloop
  endfacet
  facet normal 0 0 1
    outer loop
      vertex -10.8768520355 -7.14044523239 64.3353805542
      vertex 8.72885608673 -7.14044523239 80.734375
      vertex 7.26926422119 -7.14044523239 80.2873916626
    endloop
  endfacet
  facet normal -0 0 1
    outer loop
      vertex 5.75512266159 -7.14044523239 98.0772628784
      vertex 7.26926279068 -7.14044523239 97.8833847046
      vertex 10.0373735428 -7.14044523239 113.753990173
    endloop
  endfacet
  facet normal 0 0 1
    outer loop
      vertex 10.0373735428 -7.14044523239 113.753990173
      vertex 7.26926279068 -7.14044523239 97.8833847046
      vertex 13.0053653717 -7.14044523239 112.735069275
    endloop
  endfacet
  facet normal 0 0 1
    outer loop
      vertex 13.0053653717 -7.14044523239 112.735069275
      vertex 7.26926279068 -7.14044523239 97.8833847046
      vertex 8.72885513306 -7.14044523239 97.436378479
    endloop
  endfacet
  facet normal 0 0 1
    outer loop
      vertex 13.0053653717 -7.14044523239 112.735069275
      vertex 8.72885513306 -7.14044523239 97.436378479
      vertex 15.7651672363 -7.14044523239 111.241546631
    endloop
  endfacet
  facet normal 0 0 1
    outer loop
      vertex 7.26926422119 -7.14044523239 80.2873916626
      vertex 5.75512361526 -7.14044523239 80.0934906006
      vertex -10.8768520355 -7.14044523239 64.3353805542
    endloop
  endfacet
  facet normal 0 0 1
    outer loop
      vertex -10.8768520355 -7.14044523239 64.3353805542
      vertex 5.75512361526 -7.14044523239 80.0934906006
      vertex 4.22999334335 -7.14044523239 80.1582794189
    endloop
  endfacet
  facet normal 0 0 1
    outer loop
      vertex -10.8768520355 -7.14044523239 64.3353805542
      vertex 4.22999334335 -7.14044523239 80.1582794189
      vertex 2.73774695396 -7.14044523239 80.479888916
    endloop
  endfacet
  facet normal -7.66330799706e-07 3.25544462498e-08 1
    outer loop
      vertex -3.62685203552 -7.14044523239 89.085395813
      vertex -3.59442901611 -7.14044523239 89.8486251831
      vertex -13.6268453598 -7.14043712616 95.3353805542
    endloop
  endfacet
  facet normal -7.16906640719e-07 1.22925484902e-07 1
    outer loop
      vertex -13.6268453598 -7.14043712616 95.3353805542
      vertex -3.59442901611 -7.14044523239 89.8486251831
      vertex -3.33644628525 -7.14044523239 91.3531951904
    endloop
  endfacet
  facet normal -7.40724431125e-07 6.13778183833e-08 1
    outer loop
      vertex -13.6268453598 -7.14043712616 95.3353805542
      vertex -3.33644628525 -7.14044523239 91.3531951904
      vertex -13.3677120209 -7.14043712616 98.462677002
    endloop
  endfacet
  facet normal -6.27173392331e-07 2.21594874006e-07 1
    outer loop
      vertex -13.3677120209 -7.14043712616 98.462677002
      vertex -3.33644628525 -7.14044523239 91.3531951904
      vertex -2.827906847 -7.14044523239 92.7924957275
    endloop
  endfacet
  facet normal -6.56895394968e-07 1.66347291497e-07 1
    outer loop
      vertex -13.3677120209 -7.14043712616 98.462677002
      vertex -2.827906847 -7.14044523239 92.7924957275
      vertex -12.5973787308 -7.14043712616 101.504676819
    endloop
  endfacet
  facet normal -5.37479763807e-07 3.00254981767e-07 1
    outer loop
      vertex -12.5973787308 -7.14043712616 101.504676819
      vertex -2.827906847 -7.14044523239 92.7924957275
      vertex -2.08343529701 -7.14044523239 94.1251602173
    endloop
  endfacet
  facet normal -5.7209120996e-07 2.50942377988e-07 1
    outer loop
      vertex -12.5973787308 -7.14043712616 101.504676819
      vertex -2.08343529701 -7.14044523239 94.1251602173
      vertex -11.33685112 -7.14043712616 104.378387451
    endloop
  endfacet
  facet normal -4.48701740652e-07 3.62299886092e-07 1
    outer loop
      vertex -11.33685112 -7.14043712616 104.378387451
      vertex -2.08343529701 -7.14044523239 94.1251602173
      vertex -1.12445664406 -7.14044523239 95.3128356934
    endloop
  endfacet
  facet normal -4.87551801598e-07 3.18535086308e-07 1
    outer loop
      vertex -11.33685112 -7.14043712616 104.378387451
      vertex -1.12445664406 -7.14044523239 95.3128356934
      vertex -9.62051868439 -7.14043712616 107.00541687
    endloop
  endfacet
  facet normal -3.61167280971e-07 4.10368585335e-07 1
    outer loop
      vertex -9.62051868439 -7.14043712616 107.00541687
      vertex -1.12445664406 -7.14044523239 95.3128356934
      vertex 0.0214522406459 -7.14044523239 96.3213577271
    endloop
  endfacet
  facet normal -4.03894432566e-07 3.71808908994e-07 1
    outer loop
      vertex -9.62051868439 -7.14043712616 107.00541687
      vertex 0.0214522406459 -7.14044523239 96.3213577271
      vertex -7.49520158768 -7.14043712616 109.31414032
    endloop
  endfacet
  facet normal -2.74887696605e-07 4.46442555813e-07 1
    outer loop
      vertex -7.49520158768 -7.14043712616 109.31414032
      vertex 0.0214522406459 -7.14044523239 96.3213577271
      vertex 1.32131767273 -7.14044523239 97.1217193604
    endloop
  endfacet
  facet normal 0 0 1
    outer loop
      vertex 15.7651672363 -7.14044523239 111.241546631
      vertex 8.72885513306 -7.14044523239 97.436378479
      vertex 18.2414989471 -7.14044523239 109.31414032
    endloop
  endfacet
  facet normal 0 0 1
    outer loop
      vertex 18.2414989471 -7.14044523239 109.31414032
      vertex 8.72885513306 -7.14044523239 97.436378479
      vertex 10.0919141769 -7.14044523239 96.7491531372
    endloop
  endfacet
  facet normal 0 0 1
    outer loop
      vertex 18.2414989471 -7.14044523239 109.31414032
      vertex 10.0919141769 -7.14044523239 96.7491531372
      vertex 20.3668174744 -7.14044523239 107.00541687
    endloop
  endfacet
  facet normal 0 0 1
    outer loop
      vertex 20.3668174744 -7.14044523239 107.00541687
      vertex 10.0919141769 -7.14044523239 96.7491531372
      vertex 11.3192243576 -7.14044523239 95.8414382935
    endloop
  endfacet
  facet normal 0 0 1
    outer loop
      vertex 20.3668174744 -7.14044523239 107.00541687
      vertex 11.3192243576 -7.14044523239 95.8414382935
      vertex 22.0831508636 -7.14044523239 104.378387451
    endloop
  endfacet
  facet normal 0 0 1
    outer loop
      vertex 22.0831508636 -7.14044523239 104.378387451
      vertex 11.3192243576 -7.14044523239 95.8414382935
      vertex 12.3754720688 -7.14044523239 94.739364624
    endloop
  endfacet
  facet normal 0 0 1
    outer loop
      vertex 22.0831508636 -7.14044523239 104.378387451
      vertex 12.3754720688 -7.14044523239 94.739364624
      vertex 23.3436737061 -7.14044523239 101.504676819
    endloop
  endfacet
  facet normal 0 0 1
    outer loop
      vertex 23.3436737061 -7.14044523239 101.504676819
      vertex 12.3754720688 -7.14044523239 94.739364624
      vertex 13.2302751541 -7.14044523239 93.4746398926
    endloop
  endfacet
  facet normal 0 0 1
    outer loop
      vertex 23.3436737061 -7.14044523239 101.504676819
      vertex 13.2302751541 -7.14044523239 93.4746398926
      vertex 24.1140098572 -7.14044523239 98.462677002
    endloop
  endfacet
  facet normal 0 0 1
    outer loop
      vertex 13.2302761078 -7.14044523239 84.6961288452
      vertex 12.3754739761 -7.14044523239 83.4314041138
      vertex 21.6231498718 -7.14044523239 64.3353805542
    endloop
  endfacet
  facet normal 0 0 1
    outer loop
      vertex 21.6231498718 -7.14044523239 64.3353805542
      vertex 12.3754739761 -7.14044523239 83.4314041138
      vertex 11.319226265 -7.14044523239 82.3293304443
    endloop
  endfacet
  facet normal 0 0 1
    outer loop
      vertex 21.6231498718 -7.14044523239 64.3353805542
      vertex 11.319226265 -7.14044523239 82.3293304443
      vertex -10.8768520355 -7.14044523239 64.3353805542
    endloop
  endfacet
  facet normal 0 0 1
    outer loop
      vertex -10.8768520355 -7.14044523239 64.3353805542
      vertex 11.319226265 -7.14044523239 82.3293304443
      vertex 10.0919151306 -7.14044523239 81.4216156006
    endloop
  endfacet
  facet normal 0 0 1
    outer loop
      vertex -10.8768520355 -7.14044523239 64.3353805542
      vertex 10.0919151306 -7.14044523239 81.4216156006
      vertex 8.72885608673 -7.14044523239 80.734375
    endloop
  endfacet
  facet normal 0 0 1
    outer loop
      vertex 2.73774695396 -7.14044523239 80.479888916
      vertex 1.32131958008 -7.14044523239 81.0490493774
      vertex -10.8768520355 -7.14044523239 64.3353805542
    endloop
  endfacet
  facet normal 0 0 1
    outer loop
      vertex -10.8768520355 -7.14044523239 64.3353805542
      vertex 1.32131958008 -7.14044523239 81.0490493774
      vertex 0.0214542075992 -7.14044523239 81.8494110107
    endloop
  endfacet
  facet normal 0 0 1
    outer loop
      vertex -10.8768520355 -7.14044523239 64.3353805542
      vertex 0.0214542075992 -7.14044523239 81.8494110107
      vertex -1.12445664406 -7.14044523239 82.8579330444
    endloop
  endfacet
  facet normal -2.43079193751e-06 6.63994626393e-07 1
    outer loop
      vertex 10.0373735428 -7.14044523239 113.753990173
      vertex 6.9421620369 -7.14043712616 114.270484924
      vertex 5.75512266159 -7.14044523239 98.0772628784
    endloop
  endfacet
  facet normal 0 4.85806197048e-07 1
    outer loop
      vertex 5.75512266159 -7.14044523239 98.0772628784
      vertex 6.9421620369 -7.14043712616 114.270484924
      vertex 3.80413961411 -7.14043712616 114.270484924
    endloop
  endfacet
  facet normal -2.05280006327e-08 4.83332939893e-07 1
    outer loop
      vertex 5.75512266159 -7.14044523239 98.0772628784
      vertex 3.80413961411 -7.14043712616 114.270484924
      vertex 4.22999238968 -7.14044523239 98.0124893188
    endloop
  endfacet
  facet normal -8.03924891102e-08 4.81764914184e-07 1
    outer loop
      vertex 4.22999238968 -7.14044523239 98.0124893188
      vertex 3.80413961411 -7.14043712616 114.270484924
      vertex 0.708927154541 -7.14043712616 113.753990173
    endloop
  endfacet
  facet normal -1.02752096609e-07 4.76763489132e-07 1
    outer loop
      vertex 4.22999238968 -7.14044523239 98.0124893188
      vertex 0.708927154541 -7.14043712616 113.753990173
      vertex 2.73774504662 -7.14044523239 97.6908798218
    endloop
  endfacet
  facet normal -1.61142367006e-07 4.69388623969e-07 1
    outer loop
      vertex 2.73774504662 -7.14044523239 97.6908798218
      vertex 0.708927154541 -7.14043712616 113.753990173
      vertex -2.2590649128 -7.14043712616 112.735069275
    endloop
  endfacet
  facet normal -1.85378951301e-07 4.6133862952e-07 1
    outer loop
      vertex 2.73774504662 -7.14044523239 97.6908798218
      vertex -2.2590649128 -7.14043712616 112.735069275
      vertex 1.32131767273 -7.14044523239 97.1217193604
    endloop
  endfacet
  facet normal -2.42565931785e-07 4.48224767524e-07 1
    outer loop
      vertex 1.32131767273 -7.14044523239 97.1217193604
      vertex -2.2590649128 -7.14043712616 112.735069275
      vertex -5.01886463165 -7.14043712616 111.241546631
    endloop
  endfacet
  facet normal -3.21336784737e-07 4.12854546994e-07 1
    outer loop
      vertex 1.32131767273 -7.14044523239 97.1217193604
      vertex -5.01886463165 -7.14043712616 111.241546631
      vertex -7.49520158768 -7.14043712616 109.31414032
    endloop
  endfacet
  facet normal 0 0 1
    outer loop
      vertex 24.1140098572 -7.14044523239 98.462677002
      vertex 13.2302751541 -7.14044523239 93.4746398926
      vertex 24.3731498718 -7.14044523239 95.3353805542
    endloop
  endfacet
  facet normal 0 0 1
    outer loop
      vertex 24.3731498718 -7.14044523239 95.3353805542
      vertex 13.2302751541 -7.14044523239 93.4746398926
      vertex 13.8590497971 -7.14044523239 92.0836410522
    endloop
  endfacet
  facet normal 0 0 1
    outer loop
      vertex 24.3731498718 -7.14044523239 95.3353805542
      vertex 13.8590497971 -7.14044523239 92.0836410522
      vertex 14.2436876297 -7.14044523239 90.6063842773
    endloop
  endfacet
  facet normal 0 0 1
    outer loop
      vertex -1.12445664406 -7.14044523239 82.8579330444
      vertex -2.08343529701 -7.14044523239 84.0456085205
      vertex -10.8768520355 -7.14044523239 64.3353805542
    endloop
  endfacet
  facet normal 0 0 1
    outer loop
      vertex -10.8768520355 -7.14044523239 64.3353805542
      vertex -2.08343529701 -7.14044523239 84.0456085205
      vertex -2.827906847 -7.14044523239 85.3782730103
    endloop
  endfacet
  facet normal -5.38541144124e-07 2.05993018199e-07 1
    outer loop
      vertex -10.8768520355 -7.14044523239 64.3353805542
      vertex -2.827906847 -7.14044523239 85.3782730103
      vertex -13.6268453598 -7.14043712616 95.3353805542
    endloop
  endfacet
  facet normal -1.08047220237e-06 -3.81755796752e-07 1
    outer loop
      vertex -13.6268453598 -7.14043712616 95.3353805542
      vertex -2.827906847 -7.14044523239 85.3782730103
      vertex -3.33644628525 -7.14044523239 86.8175735474
    endloop
  endfacet
  facet normal -8.90927253749e-07 -1.52765792905e-07 1
    outer loop
      vertex -13.6268453598 -7.14043712616 95.3353805542
      vertex -3.33644628525 -7.14044523239 86.8175735474
      vertex -3.59442901611 -7.14044523239 88.3221282959
    endloop
  endfacet
  facet normal -0 0 1
    outer loop
      vertex 14.2436876297 -7.14044523239 90.6063842773
      vertex 14.3731508255 -7.14044523239 89.085395813
      vertex 24.3731498718 -7.14044523239 95.3353805542
    endloop
  endfacet
  facet normal 0 0 1
    outer loop
      vertex 24.3731498718 -7.14044523239 95.3353805542
      vertex 14.3731508255 -7.14044523239 89.085395813
      vertex 14.2436876297 -7.14044523239 87.5643692017
    endloop
  endfacet
  facet normal 0 0 1
    outer loop
      vertex 24.3731498718 -7.14044523239 95.3353805542
      vertex 14.2436876297 -7.14044523239 87.5643692017
      vertex 21.6231498718 -7.14044523239 64.3353805542
    endloop
  endfacet
  facet normal 0 0 1
    outer loop
      vertex 21.6231498718 -7.14044523239 64.3353805542
      vertex 14.2436876297 -7.14044523239 87.5643692017
      vertex 13.8590517044 -7.14044523239 86.0871124268
    endloop
  endfacet
  facet normal 0 0 1
    outer loop
      vertex 21.6231498718 -7.14044523239 64.3353805542
      vertex 13.8590517044 -7.14044523239 86.0871124268
      vertex 13.2302761078 -7.14044523239 84.6961288452
    endloop
  endfacet
  facet normal 0 1 -0
    outer loop
      vertex -1.5647124052 -5.93070936203 1.33538413048
      vertex -6.12685585022 -6.14044523239 1.33538413048
      vertex -0.478091478348 -6.1170258522 1.33538413048
    endloop
  endfacet
  facet normal 0 1 -0
    outer loop
      vertex -0.478091478348 -6.1170258522 1.33538413048
      vertex -6.12685585022 -6.14044523239 1.33538413048
      vertex 0.0731487050653 -6.14044523239 1.33538413048
    endloop
  endfacet
  facet normal 0 1 0
    outer loop
      vertex -1.5647124052 -5.93070936203 1.33538413048
      vertex -2.60421133041 -5.56343364716 1.33538413048
      vertex -6.12685585022 -6.14044523239 1.33538413048
    endloop
  endfacet
  facet normal 0 1 0
    outer loop
      vertex -6.12685585022 -6.14044523239 1.33538413048
      vertex -2.60421133041 -5.56343364716 1.33538413048
      vertex -3.56669092178 -5.02575540543 1.33538413048
    endloop
  endfacet
  facet normal 0 1 0
    outer loop
      vertex -6.12685585022 -6.14044523239 1.33538413048
      vertex -3.56669092178 -5.02575540543 1.33538413048
      vertex -4.4244556427 -4.33315753937 1.33538413048
    endloop
  endfacet
  facet normal 0 1 0
    outer loop
      vertex -4.4244556427 -4.33315753937 1.33538413048
      vertex -5.15283584595 -3.5055577755 1.33538413048
      vertex -6.12685585022 -6.14044523239 1.33538413048
    endloop
  endfacet
  facet normal 0 1 0
    outer loop
      vertex -6.12685585022 -6.14044523239 1.33538413048
      vertex -5.15283584595 -3.5055577755 1.33538413048
      vertex -5.73087024689 -2.56676912308 1.33538413048
    endloop
  endfacet
  facet normal 0 1 0
    outer loop
      vertex -6.12685585022 -6.14044523239 1.33538413048
      vertex -5.73087024689 -2.56676912308 1.33538413048
      vertex -6.12685203552 -1.59236764908 1.33538413048
    endloop
  endfacet
  facet normal -0 1 0
    outer loop
      vertex 5.60808897018 3.7675485611 1.33538413048
      vertex 6.10442686081 2.78312087059 1.33538413048
      vertex 16.8731498718 6.85955429077 1.33538413048
    endloop
  endfacet
  facet normal 0 1 0
    outer loop
      vertex 0.0731487050653 6.85955429077 1.33538413048
      vertex 1.17165637016 6.76606178284 1.33538413048
      vertex 16.8731498718 6.85955429077 1.33538413048
    endloop
  endfacet
  facet normal 0 1 0
    outer loop
      vertex 16.8731498718 6.85955429077 1.33538413048
      vertex 1.17165637016 6.76606178284 1.33538413048
      vertex 2.23855519295 6.48825836182 1.33538413048
    endloop
  endfacet
  facet normal 0 1 0
    outer loop
      vertex 16.8731498718 6.85955429077 1.33538413048
      vertex 2.23855519295 6.48825836182 1.33538413048
      vertex 3.24316525459 6.03414535522 1.33538413048
    endloop
  endfacet
  facet normal -0 1 0
    outer loop
      vertex 3.24316525459 6.03414535522 1.33538413048
      vertex 4.15657567978 5.41678524017 1.33538413048
      vertex 16.8731498718 6.85955429077 1.33538413048
    endloop
  endfacet
  facet normal 0 1 0
    outer loop
      vertex 16.8731498718 6.85955429077 1.33538413048
      vertex 4.15657567978 5.41678524017 1.33538413048
      vertex 4.95251941681 4.65394067764 1.33538413048
    endloop
  endfacet
  facet normal 0 1 0
    outer loop
      vertex 16.8731498718 6.85955429077 1.33538413048
      vertex 4.95251941681 4.65394067764 1.33538413048
      vertex 5.60808897018 3.7675485611 1.33538413048
    endloop
  endfacet
  facet normal 0 1 -0
    outer loop
      vertex 6.28823375702 -1.54379034042 1.33538413048
      vertex 5.87716388702 -2.56676912308 1.33538413048
      vertex 16.8731422424 -6.14044523239 1.33538413048
    endloop
  endfacet
  facet normal 0 1 0
    outer loop
      vertex 16.8731422424 -6.14044523239 1.33538413048
      vertex 5.87716388702 -2.56676912308 1.33538413048
      vertex 5.29912948608 -3.5055577755 1.33538413048
    endloop
  endfacet
  facet normal -0 1 0
    outer loop
      vertex 6.10442686081 2.78312087059 1.33538413048
      vertex 6.42725515366 1.72897005081 1.33538413048
      vertex 16.8731498718 6.85955429077 1.33538413048
    endloop
  endfacet
  facet normal 0 1 0
    outer loop
      vertex 16.8731498718 6.85955429077 1.33538413048
      vertex 6.42725515366 1.72897005081 1.33538413048
      vertex 6.5672917366 0.635422468185 1.33538413048
    endloop
  endfacet
  facet normal 0 1 0
    outer loop
      vertex 16.8731498718 6.85955429077 1.33538413048
      vertex 6.5672917366 0.635422468185 1.33538413048
      vertex 16.8731422424 -6.14044523239 1.33538413048
    endloop
  endfacet
  facet normal 0 1 0
    outer loop
      vertex 16.8731422424 -6.14044523239 1.33538413048
      vertex 6.5672917366 0.635422468185 1.33538413048
      vertex 6.52050018311 -0.466058820486 1.33538413048
    endloop
  endfacet
  facet normal 0 1 0
    outer loop
      vertex 16.8731422424 -6.14044523239 1.33538413048
      vertex 6.52050018311 -0.466058820486 1.33538413048
      vertex 6.28823375702 -1.54379034042 1.33538413048
    endloop
  endfacet
  facet normal 0 1 -0
    outer loop
      vertex 5.29912948608 -3.5055577755 1.33538413048
      vertex 4.57075309753 -4.33315753937 1.33538413048
      vertex 16.8731422424 -6.14044523239 1.33538413048
    endloop
  endfacet
  facet normal 0 1 0
    outer loop
      vertex 16.8731422424 -6.14044523239 1.33538413048
      vertex 4.57075309753 -4.33315753937 1.33538413048
      vertex 3.7129843235 -5.02575540543 1.33538413048
    endloop
  endfacet
  facet normal 0 1 0
    outer loop
      vertex 16.8731422424 -6.14044523239 1.33538413048
      vertex 3.7129843235 -5.02575540543 1.33538413048
      vertex 2.75050091743 -5.56343364716 1.33538413048
    endloop
  endfacet
  facet normal 0 1 -0
    outer loop
      vertex 2.75050091743 -5.56343364716 1.33538413048
      vertex 1.71100199223 -5.93070936203 1.33538413048
      vertex 16.8731422424 -6.14044523239 1.33538413048
    endloop
  endfacet
  facet normal 0 1 0
    outer loop
      vertex 16.8731422424 -6.14044523239 1.33538413048
      vertex 1.71100199223 -5.93070936203 1.33538413048
      vertex 0.624388873577 -6.1170258522 1.33538413048
    endloop
  endfacet
  facet normal 0 1 0
    outer loop
      vertex 16.8731422424 -6.14044523239 1.33538413048
      vertex 0.624388873577 -6.1170258522 1.33538413048
      vertex 0.0731487050653 -6.14044523239 1.33538413048
    endloop
  endfacet
  facet normal 0 1 0
    outer loop
      vertex 18.987241745 -0.724623739719 9.33538341522
      vertex 18.8066902161 -0.67761194706 9.33538341522
      vertex 16.8731498718 -6.14044523239 9.33538341522
    endloop
  endfacet
  facet normal 0 1 0
    outer loop
      vertex 16.8731498718 -6.14044523239 9.33538341522
      vertex 18.8066902161 -0.67761194706 9.33538341522
      vertex 18.6366825104 -0.600761473179 9.33538341522
    endloop
  endfacet
  facet normal 0 1 0
    outer loop
      vertex 16.8731498718 -6.14044523239 9.33538341522
      vertex 18.6366825104 -0.600761473179 9.33538341522
      vertex 18.4821071625 -0.496282935143 9.33538341522
    endloop
  endfacet
  facet normal 0 1 0
    outer loop
      vertex 18.1213607788 0.681659400463 9.33538341522
      vertex 18.1909275055 0.854775488377 9.33538341522
      vertex 16.8731498718 6.85955429077 9.33538341522
    endloop
  endfacet
  facet normal 0 1 0
    outer loop
      vertex 16.8731498718 6.85955429077 9.33538341522
      vertex 18.1909275055 0.854775488377 9.33538341522
      vertex 18.2887516022 1.0136526823 9.33538341522
    endloop
  endfacet
  facet normal 0 1 0
    outer loop
      vertex 18.4821071625 -0.496282935143 9.33538341522
      vertex 18.34740448 -0.367189258337 9.33538341522
      vertex 16.8731498718 -6.14044523239 9.33538341522
    endloop
  endfacet
  facet normal 0 1 0
    outer loop
      vertex 16.8731498718 -6.14044523239 9.33538341522
      vertex 18.34740448 -0.367189258337 9.33538341522
      vertex 18.2364597321 -0.217185735703 9.33538341522
    endloop
  endfacet
  facet normal 0 1 0
    outer loop
      vertex 16.8731498718 -6.14044523239 9.33538341522
      vertex 18.2364597321 -0.217185735703 9.33538341522
      vertex 18.1524677277 -0.050591185689 9.33538341522
    endloop
  endfacet
  facet normal -0 1 0
    outer loop
      vertex 19.9342746735 1.15370476246 9.33538341522
      vertex 20.0575389862 1.0136526823 9.33538341522
      vertex 22.3276920319 6.85955429077 9.33538341522
    endloop
  endfacet
  facet normal 0 1 0
    outer loop
      vertex 22.3276920319 6.85955429077 9.33538341522
      vertex 20.0575389862 1.0136526823 9.33538341522
      vertex 20.1553611755 0.854775488377 9.33538341522
    endloop
  endfacet
  facet normal 0 1 0
    outer loop
      vertex 22.3276920319 6.85955429077 9.33538341522
      vertex 20.1553611755 0.854775488377 9.33538341522
      vertex 20.2249279022 0.681659400463 9.33538341522
    endloop
  endfacet
  facet normal -0 1 0
    outer loop
      vertex 20.2249279022 0.681659400463 9.33538341522
      vertex 20.2642383575 0.499272316694 9.33538341522
      vertex 22.3276920319 6.85955429077 9.33538341522
    endloop
  endfacet
  facet normal 0 1 0
    outer loop
      vertex 22.3276920319 6.85955429077 9.33538341522
      vertex 20.2642383575 0.499272316694 9.33538341522
      vertex 20.2721595764 0.312869220972 9.33538341522
    endloop
  endfacet
  facet normal 0 1 -0
    outer loop
      vertex 22.3276920319 6.85955429077 9.33538341522
      vertex 20.2721595764 0.312869220972 9.33538341522
      vertex 22.3276920319 -6.14044523239 9.33538341522
    endloop
  endfacet
  facet normal 0 1 -0
    outer loop
      vertex 20.2721595764 0.312869220972 9.33538341522
      vertex 20.248456955 0.127807453275 9.33538341522
      vertex 22.3276920319 -6.14044523239 9.33538341522
    endloop
  endfacet
  facet normal 0 1 0
    outer loop
      vertex 22.3276920319 -6.14044523239 9.33538341522
      vertex 20.248456955 0.127807453275 9.33538341522
      vertex 20.1938228607 -0.050591185689 9.33538341522
    endloop
  endfacet
  facet normal 0 1 0
    outer loop
      vertex 22.3276920319 -6.14044523239 9.33538341522
      vertex 20.1938228607 -0.050591185689 9.33538341522
      vertex 20.109828949 -0.217185735703 9.33538341522
    endloop
  endfacet
  facet normal 0 1 -0
    outer loop
      vertex 20.109828949 -0.217185735703 9.33538341522
      vertex 19.998884201 -0.367189258337 9.33538341522
      vertex 22.3276920319 -6.14044523239 9.33538341522
    endloop
  endfacet
  facet normal 0 1 0
    outer loop
      vertex 22.3276920319 -6.14044523239 9.33538341522
      vertex 19.998884201 -0.367189258337 9.33538341522
      vertex 19.8641891479 -0.496282935143 9.33538341522
    endloop
  endfacet
  facet normal 0 1 0
    outer loop
      vertex 22.3276920319 -6.14044523239 9.33538341522
      vertex 19.8641891479 -0.496282935143 9.33538341522
      vertex 19.709608078 -0.600761473179 9.33538341522
    endloop
  endfacet
  facet normal 0 1 -0
    outer loop
      vertex 19.709608078 -0.600761473179 9.33538341522
      vertex 19.539598465 -0.67761194706 9.33538341522
      vertex 22.3276920319 -6.14044523239 9.33538341522
    endloop
  endfacet
  facet normal 0 1 0
    outer loop
      vertex 22.3276920319 -6.14044523239 9.33538341522
      vertex 19.539598465 -0.67761194706 9.33538341522
      vertex 19.3590488434 -0.724623739719 9.33538341522
    endloop
  endfacet
  facet normal 0 1 0
    outer loop
      vertex 22.3276920319 -6.14044523239 9.33538341522
      vertex 19.3590488434 -0.724623739719 9.33538341522
      vertex 16.8731498718 -6.14044523239 9.33538341522
    endloop
  endfacet
  facet normal 0 1 0
    outer loop
      vertex 16.8731498718 -6.14044523239 9.33538341522
      vertex 19.3590488434 -0.724623739719 9.33538341522
      vertex 19.1731491089 -0.740443825722 9.33538341522
    endloop
  endfacet
  facet normal 0 1 0
    outer loop
      vertex 16.8731498718 -6.14044523239 9.33538341522
      vertex 19.1731491089 -0.740443825722 9.33538341522
      vertex 18.987241745 -0.724623739719 9.33538341522
    endloop
  endfacet
  facet normal 0 1 0
    outer loop
      vertex 18.1524677277 -0.050591185689 9.33538341522
      vertex 18.0978317261 0.127807453275 9.33538341522
      vertex 16.8731498718 -6.14044523239 9.33538341522
    endloop
  endfacet
  facet normal 0 1 0
    outer loop
      vertex 16.8731498718 -6.14044523239 9.33538341522
      vertex 18.0978317261 0.127807453275 9.33538341522
      vertex 18.074136734 0.312869220972 9.33538341522
    endloop
  endfacet
  facet normal 0 1 0
    outer loop
      vertex 16.8731498718 -6.14044523239 9.33538341522
      vertex 18.074136734 0.312869220972 9.33538341522
      vertex 16.8731498718 6.85955429077 9.33538341522
    endloop
  endfacet
  facet normal 0 1 0
    outer loop
      vertex 16.8731498718 6.85955429077 9.33538341522
      vertex 18.074136734 0.312869220972 9.33538341522
      vertex 18.0820598602 0.499272316694 9.33538341522
    endloop
  endfacet
  facet normal 0 1 0
    outer loop
      vertex 16.8731498718 6.85955429077 9.33538341522
      vertex 18.0820598602 0.499272316694 9.33538341522
      vertex 18.1213607788 0.681659400463 9.33538341522
    endloop
  endfacet
  facet normal 0 1 0
    outer loop
      vertex 18.2887516022 1.0136526823 9.33538341522
      vertex 18.4120159149 1.15370476246 9.33538341522
      vertex 16.8731498718 6.85955429077 9.33538341522
    endloop
  endfacet
  facet normal 0 1 0
    outer loop
      vertex 16.8731498718 6.85955429077 9.33538341522
      vertex 18.4120159149 1.15370476246 9.33538341522
      vertex 18.5571727753 1.27091574669 9.33538341522
    endloop
  endfacet
  facet normal 0 1 0
    outer loop
      vertex 16.8731498718 6.85955429077 9.33538341522
      vertex 18.5571727753 1.27091574669 9.33538341522
      vertex 18.7200546265 1.36190271378 9.33538341522
    endloop
  endfacet
  facet normal 0 1 0
    outer loop
      vertex 18.7200546265 1.36190271378 9.33538341522
      vertex 18.8959712982 1.42405807972 9.33538341522
      vertex 16.8731498718 6.85955429077 9.33538341522
    endloop
  endfacet
  facet normal 0 1 0
    outer loop
      vertex 16.8731498718 6.85955429077 9.33538341522
      vertex 18.8959712982 1.42405807972 9.33538341522
      vertex 19.079864502 1.45559203625 9.33538341522
    endloop
  endfacet
  facet normal 0 1 0
    outer loop
      vertex 16.8731498718 6.85955429077 9.33538341522
      vertex 19.079864502 1.45559203625 9.33538341522
      vertex 22.3276920319 6.85955429077 9.33538341522
    endloop
  endfacet
  facet normal 0 1 0
    outer loop
      vertex 22.3276920319 6.85955429077 9.33538341522
      vertex 19.079864502 1.45559203625 9.33538341522
      vertex 19.2664337158 1.45559203625 9.33538341522
    endloop
  endfacet
  facet normal 0 1 0
    outer loop
      vertex 22.3276920319 6.85955429077 9.33538341522
      vertex 19.2664337158 1.45559203625 9.33538341522
      vertex 19.4503192902 1.42405807972 9.33538341522
    endloop
  endfacet
  facet normal -0 1 0
    outer loop
      vertex 19.4503192902 1.42405807972 9.33538341522
      vertex 19.6262359619 1.36190271378 9.33538341522
      vertex 22.3276920319 6.85955429077 9.33538341522
    endloop
  endfacet
  facet normal 0 1 0
    outer loop
      vertex 22.3276920319 6.85955429077 9.33538341522
      vertex 19.6262359619 1.36190271378 9.33538341522
      vertex 19.7891159058 1.27091574669 9.33538341522
    endloop
  endfacet
  facet normal 0 1 0
    outer loop
      vertex 22.3276920319 6.85955429077 9.33538341522
      vertex 19.7891159058 1.27091574669 9.33538341522
      vertex 19.9342746735 1.15370476246 9.33538341522
    endloop
  endfacet
  facet normal 1 2.80956022891e-08 0
    outer loop
      vertex 24.3731498718 -7.14044523239 95.3353805542
      vertex 24.3731517792 0.359554558992 60.3353843689
      vertex 24.3731498718 10.2546072006 95.3353805542
    endloop
  endfacet
  facet normal 1 2.75628426749e-08 -1.88443105564e-09
    outer loop
      vertex 24.3731498718 10.2546072006 95.3353805542
      vertex 24.3731517792 0.359554558992 60.3353843689
      vertex 24.3731517792 0.457704305649 60.3286743164
    endloop
  endfacet
  facet normal 1 2.62012918029e-08 8.98131080618e-09
    outer loop
      vertex 24.3731517792 0.0657111108303 60.2750778198
      vertex 24.3731517792 0.163408502936 60.3085670471
      vertex 24.3731498718 -7.14044523239 95.3353805542
    endloop
  endfacet
  facet normal 1 2.69222493188e-08 5.52384271657e-09
    outer loop
      vertex 24.3731498718 -7.14044523239 95.3353805542
      vertex 24.3731517792 0.163408502936 60.3085670471
      vertex 24.3731517792 0.261408776045 60.3286743164
    endloop
  endfacet
  facet normal 1 2.76899161378e-08 1.89319493415e-09
    outer loop
      vertex 24.3731498718 -7.14044523239 95.3353805542
      vertex 24.3731517792 0.261408776045 60.3286743164
      vertex 24.3731517792 0.359554558992 60.3353843689
    endloop
  endfacet
  facet normal 1 2.13030144636e-08 3.41773258583e-08
    outer loop
      vertex 24.3731517792 -0.775419473648 59.3871154785
      vertex 24.3731517792 -0.597150623798 59.6731185913
      vertex 24.3731498718 -7.14044523239 95.3353805542
    endloop
  endfacet
  facet normal 1 2.23167333502e-08 2.86523587079e-08
    outer loop
      vertex 24.3731498718 -7.14044523239 95.3353805542
      vertex 24.3731517792 -0.597150623798 59.6731185913
      vertex 24.3731517792 -0.412989586592 59.9095649719
    endloop
  endfacet
  facet normal 1 2.33969021934e-08 2.29643468685e-08
    outer loop
      vertex 24.3731498718 -7.14044523239 95.3353805542
      vertex 24.3731517792 -0.412989586592 59.9095649719
      vertex 24.3731517792 -0.22406129539 60.094997406
    endloop
  endfacet
  facet normal 1 1.98565626164e-08 4.2346563589e-08
    outer loop
      vertex 24.3731517792 -0.775419473648 59.3871154785
      vertex 24.3731498718 -7.14044523239 95.3353805542
      vertex 24.3731517792 -1.10990655422 58.6737823486
    endloop
  endfacet
  facet normal 1 -1.55896330511e-07 1.11080544229e-06
    outer loop
      vertex 24.3731517792 -1.10990655422 58.6737823486
      vertex 24.3731498718 -7.14044523239 95.3353805542
      vertex 24.3731441498 -7.14044523239 54.3353843689
    endloop
  endfacet
  facet normal 1 -1.04313303382e-05 -6.28138832326e-06
    outer loop
      vertex 24.3731517792 -1.10990655422 58.6737823486
      vertex 24.3731441498 -7.14044523239 54.3353843689
      vertex 24.3731441498 -1.40820658207 57.7871398926
    endloop
  endfacet
  facet normal 1 -1.96940916908e-07 -2.98580886238e-07
    outer loop
      vertex 24.3731517792 10.9945478439 73.8069610596
      vertex 24.3731517792 11.1929788589 76.6043548584
      vertex 24.3731517792 0.457704305649 60.3286743164
    endloop
  endfacet
  facet normal 1 1.83887991057e-07 2.78791418395e-07
    outer loop
      vertex 24.3731517792 0.457704305649 60.3286743164
      vertex 24.3731517792 11.1929788589 76.6043548584
      vertex 24.3731517792 11.3862695694 79.5711669922
    endloop
  endfacet
  facet normal 1 -2.96740254591e-09 -5.02145702796e-08
    outer loop
      vertex 24.3731517792 0.457704305649 60.3286743164
      vertex 24.3731517792 11.3862695694 79.5711669922
      vertex 24.3731517792 11.6416921616 83.8934326172
    endloop
  endfacet
  facet normal 1 0 0
    outer loop
      vertex 24.3731517792 0.555704593658 60.3085670471
      vertex 24.3731517792 0.653398036957 60.2750778198
      vertex 24.3731517792 10.5835018158 68.7373809814
    endloop
  endfacet
  facet normal 1 0 0
    outer loop
      vertex 24.3731517792 10.5835018158 68.7373809814
      vertex 24.3731517792 0.653398036957 60.2750778198
      vertex 24.3731517792 0.750643074512 60.2282714844
    endloop
  endfacet
  facet normal 1 0 0
    outer loop
      vertex 24.3731517792 10.5835018158 68.7373809814
      vertex 24.3731517792 1.13209474087 59.9095649719
      vertex 24.3731517792 10.371515274 66.4729995728
    endloop
  endfacet
  facet normal 1 0 0
    outer loop
      vertex 24.3731517792 10.371515274 66.4729995728
      vertex 24.3731517792 1.13209474087 59.9095649719
      vertex 24.3731517792 1.31626367569 59.6731185913
    endloop
  endfacet
  facet normal 1 0 0
    outer loop
      vertex 24.3731517792 10.371515274 66.4729995728
      vertex 24.3731517792 1.31626367569 59.6731185913
      vertex 24.3731517792 10.1556558609 64.393661499
    endloop
  endfacet
  facet normal 1 0 0
    outer loop
      vertex 24.3731517792 10.1556558609 64.393661499
      vertex 24.3731517792 1.31626367569 59.6731185913
      vertex 24.3731517792 1.49453258514 59.3871154785
    endloop
  endfacet
  facet normal 1 0 0
    outer loop
      vertex 24.3731517792 10.1556558609 64.393661499
      vertex 24.3731517792 1.49453258514 59.3871154785
      vertex 24.3731517792 9.93625926971 62.5025520325
    endloop
  endfacet
  facet normal 1 0 0
    outer loop
      vertex 24.3731517792 9.93625926971 62.5025520325
      vertex 24.3731517792 1.49453258514 59.3871154785
      vertex 24.3731517792 1.82901966572 58.6737823486
    endloop
  endfacet
  facet normal 1 0 0
    outer loop
      vertex 24.3731517792 9.93625926971 62.5025520325
      vertex 24.3731517792 1.82901966572 58.6737823486
      vertex 24.3731517792 9.71365737915 60.8025894165
    endloop
  endfacet
  facet normal 1 5.08357118179e-07 1.37253735488e-07
    outer loop
      vertex 24.3731517792 9.71365737915 60.8025894165
      vertex 24.3731517792 1.82901966572 58.6737823486
      vertex 24.3731517792 2.12732362747 57.7871398926
    endloop
  endfacet
  facet normal 1 -0 0
    outer loop
      vertex 24.3731441498 -2.01699209213 54.3353843689
      vertex 24.3731441498 -1.86796402931 55.5849647522
      vertex 24.3731441498 -7.14044523239 54.3353843689
    endloop
  endfacet
  facet normal 1 0 0
    outer loop
      vertex 24.3731441498 -7.14044523239 54.3353843689
      vertex 24.3731441498 -1.86796402931 55.5849647522
      vertex 24.3731441498 -1.66298758984 56.7490119934
    endloop
  endfacet
  facet normal 1 0 0
    outer loop
      vertex 24.3731441498 -7.14044523239 54.3353843689
      vertex 24.3731441498 -1.66298758984 56.7490119934
      vertex 24.3731441498 -1.40820658207 57.7871398926
    endloop
  endfacet
  facet normal 1 2.42679014661e-08 1.85264230623e-08
    outer loop
      vertex 24.3731517792 -0.22406129539 60.094997406
      vertex 24.3731517792 -0.128165379167 60.1682052612
      vertex 24.3731498718 -7.14044523239 95.3353805542
    endloop
  endfacet
  facet normal 1 2.48787195289e-08 1.54631241145e-08
    outer loop
      vertex 24.3731498718 -7.14044523239 95.3353805542
      vertex 24.3731517792 -0.128165379167 60.1682052612
      vertex 24.3731517792 -0.03153000772 60.2282714844
    endloop
  endfacet
  facet normal 1 2.55222261103e-08 1.22851906426e-08
    outer loop
      vertex 24.3731498718 -7.14044523239 95.3353805542
      vertex 24.3731517792 -0.03153000772 60.2282714844
      vertex 24.3731517792 0.0657111108303 60.2750778198
    endloop
  endfacet
  facet normal 1 -0 0
    outer loop
      vertex 24.3731517792 0.555704593658 60.3085670471
      vertex 24.3731517792 10.5835018158 68.7373809814
      vertex 24.3731517792 0.457704305649 60.3286743164
    endloop
  endfacet
  facet normal 1 2.16276447418e-07 1.7960125831e-07
    outer loop
      vertex 24.3731517792 0.457704305649 60.3286743164
      vertex 24.3731517792 10.5835018158 68.7373809814
      vertex 24.3731517792 10.7912864685 71.1832885742
    endloop
  endfacet
  facet normal 1 -4.0126710843e-09 -5.17951086465e-08
    outer loop
      vertex 24.3731517792 0.457704305649 60.3286743164
      vertex 24.3731517792 10.7912864685 71.1832885742
      vertex 24.3731517792 10.9945478439 73.8069610596
    endloop
  endfacet
  facet normal 1 0 0
    outer loop
      vertex 24.3731517792 0.750643074512 60.2282714844
      vertex 24.3731517792 0.847278475761 60.1682052612
      vertex 24.3731517792 10.5835018158 68.7373809814
    endloop
  endfacet
  facet normal 1 0 0
    outer loop
      vertex 24.3731517792 10.5835018158 68.7373809814
      vertex 24.3731517792 0.847278475761 60.1682052612
      vertex 24.3731517792 0.943170428276 60.094997406
    endloop
  endfacet
  facet normal 1 0 0
    outer loop
      vertex 24.3731517792 10.5835018158 68.7373809814
      vertex 24.3731517792 0.943170428276 60.094997406
      vertex 24.3731517792 1.13209474087 59.9095649719
    endloop
  endfacet
  facet normal 1 -2.62016386365e-09 -4.94829350828e-08
    outer loop
      vertex 24.3731517792 11.6416921616 83.8934326172
      vertex 24.3731517792 11.8862142563 88.5113525391
      vertex 24.3731517792 0.457704305649 60.3286743164
    endloop
  endfacet
  facet normal 1 6.35252472847e-09 -2.73563056652e-08
    outer loop
      vertex 24.3731517792 0.457704305649 60.3286743164
      vertex 24.3731517792 11.8862142563 88.5113525391
      vertex 24.3731517792 11.5829114914 89.817489624
    endloop
  endfacet
  facet normal 1 6.08908976574e-08 1.17204784544e-07
    outer loop
      vertex 24.3731517792 0.457704305649 60.3286743164
      vertex 24.3731517792 11.5829114914 89.817489624
      vertex 24.3731498718 10.2546072006 95.3353805542
    endloop
  endfacet
  facet normal 1 -0 0
    outer loop
      vertex 24.3731517792 2.58707332611 55.5849647522
      vertex 24.3731517792 9.03009796143 56.8743438721
      vertex 24.3731517792 2.38209676743 56.7490119934
    endloop
  endfacet
  facet normal 1 0 0
    outer loop
      vertex 24.3731517792 2.38209676743 56.7490119934
      vertex 24.3731517792 9.03009796143 56.8743438721
      vertex 24.3731517792 9.26022815704 57.9863204956
    endloop
  endfacet
  facet normal 1 -0 0
    outer loop
      vertex 24.3731517792 2.38209676743 56.7490119934
      vertex 24.3731517792 9.26022815704 57.9863204956
      vertex 24.3731517792 2.12732362747 57.7871398926
    endloop
  endfacet
  facet normal 1 3.77128998252e-07 1.05309219123e-08
    outer loop
      vertex 24.3731517792 2.12732362747 57.7871398926
      vertex 24.3731517792 9.26022815704 57.9863204956
      vertex 24.3731517792 9.48819923401 59.2964134216
    endloop
  endfacet
  facet normal 1 -1.03150989972e-08 -6.89104524554e-08
    outer loop
      vertex 24.3731517792 2.12732362747 57.7871398926
      vertex 24.3731517792 9.48819923401 59.2964134216
      vertex 24.3731517792 9.71365737915 60.8025894165
    endloop
  endfacet
  facet normal 1 -6.1487730818e-06 -1.23049335343e-06
    outer loop
      vertex 24.3731517792 2.58707332611 55.5849647522
      vertex 24.3731441498 2.73610138893 54.3353843689
      vertex 24.3731517792 9.03009796143 56.8743438721
    endloop
  endfacet
  facet normal 1 7.07889284968e-07 1.53544260684e-06
    outer loop
      vertex 24.3731517792 9.03009796143 56.8743438721
      vertex 24.3731441498 2.73610138893 54.3353843689
      vertex 24.3731517792 7.85955429077 54.3353843689
    endloop
  endfacet
  facet normal 1 0 0
    outer loop
      vertex 24.3731517792 9.03009796143 56.8743438721
      vertex 24.3731517792 7.85955429077 54.3353843689
      vertex 24.3731517792 8.79816150665 55.9622001648
    endloop
  endfacet
  facet normal 1 0 0
    outer loop
      vertex 24.3731517792 8.79816150665 55.9622001648
      vertex 24.3731517792 7.85955429077 54.3353843689
      vertex 24.3731517792 7.88900756836 54.336971283
    endloop
  endfacet
  facet normal 1 0 0
    outer loop
      vertex 24.3731517792 7.88900756836 54.336971283
      vertex 24.3731517792 7.91845655441 54.3417472839
      vertex 24.3731517792 8.79816150665 55.9622001648
    endloop
  endfacet
  facet normal 1 0 0
    outer loop
      vertex 24.3731517792 8.79816150665 55.9622001648
      vertex 24.3731517792 7.91845655441 54.3417472839
      vertex 24.3731517792 7.947909832 54.3497085571
    endloop
  endfacet
  facet normal 1 0 0
    outer loop
      vertex 24.3731517792 8.79816150665 55.9622001648
      vertex 24.3731517792 7.947909832 54.3497085571
      vertex 24.3731517792 7.97735500336 54.3608474731
    endloop
  endfacet
  facet normal 1 0 0
    outer loop
      vertex 24.3731517792 8.79816150665 55.9622001648
      vertex 24.3731517792 8.15396404266 54.4945449829
      vertex 24.3731517792 8.56478214264 55.2512893677
    endloop
  endfacet
  facet normal 1 0 0
    outer loop
      vertex 24.3731517792 8.56478214264 55.2512893677
      vertex 24.3731517792 8.15396404266 54.4945449829
      vertex 24.3731517792 8.21277999878 54.5645599365
    endloop
  endfacet
  facet normal 1 0 0
    outer loop
      vertex 24.3731517792 8.56478214264 55.2512893677
      vertex 24.3731517792 8.21277999878 54.5645599365
      vertex 24.3731517792 8.33031368256 54.7427177429
    endloop
  endfacet
  facet normal 1 0 0
    outer loop
      vertex 24.3731517792 7.97735500336 54.3608474731
      vertex 24.3731517792 8.03624534607 54.3926925659
      vertex 24.3731517792 8.79816150665 55.9622001648
    endloop
  endfacet
  facet normal 1 0 0
    outer loop
      vertex 24.3731517792 8.79816150665 55.9622001648
      vertex 24.3731517792 8.03624534607 54.3926925659
      vertex 24.3731517792 8.0951128006 54.4372596741
    endloop
  endfacet
  facet normal 1 0 0
    outer loop
      vertex 24.3731517792 8.79816150665 55.9622001648
      vertex 24.3731517792 8.0951128006 54.4372596741
      vertex 24.3731517792 8.15396404266 54.4945449829
    endloop
  endfacet
  facet normal -1 1.10759735605e-07 7.57248042049e-09
    outer loop
      vertex -13.6268453598 -7.14043712616 95.3353805542
      vertex -13.6268491745 0.359558492899 60.3353843689
      vertex -13.6268491745 0.261408776045 60.3286743164
    endloop
  endfacet
  facet normal -1 1.07689004381e-07 2.20953708663e-08
    outer loop
      vertex -13.6268491745 0.261408776045 60.3286743164
      vertex -13.6268491745 0.163408502936 60.3085670471
      vertex -13.6268453598 -7.14043712616 95.3353805542
    endloop
  endfacet
  facet normal -1 1.048048901e-07 3.59265968086e-08
    outer loop
      vertex -13.6268453598 -7.14043712616 95.3353805542
      vertex -13.6268491745 0.163408502936 60.3085670471
      vertex -13.6268491745 0.0657150447369 60.2750778198
    endloop
  endfacet
  facet normal -1 1.02089281029e-07 4.9138954239e-08
    outer loop
      vertex -13.6268453598 -7.14043712616 95.3353805542
      vertex -13.6268491745 0.0657150447369 60.2750778198
      vertex -13.6268491745 -0.03153000772 60.2282714844
    endloop
  endfacet
  facet normal -1 9.95148852212e-08 6.18525035634e-08
    outer loop
      vertex -13.6268491745 -0.03153000772 60.2282714844
      vertex -13.6268491745 -0.128165379167 60.1682052612
      vertex -13.6268453598 -7.14043712616 95.3353805542
    endloop
  endfacet
  facet normal -1 9.70705684722e-08 7.41109786873e-08
    outer loop
      vertex -13.6268453598 -7.14043712616 95.3353805542
      vertex -13.6268491745 -0.128165379167 60.1682052612
      vertex -13.6268491745 -0.224053427577 60.094997406
    endloop
  endfacet
  facet normal -1 9.35876087738e-08 9.18573874742e-08
    outer loop
      vertex -13.6268453598 -7.14043712616 95.3353805542
      vertex -13.6268491745 -0.224053427577 60.094997406
      vertex -13.6268491745 -0.412981718779 59.9095649719
    endloop
  endfacet
  facet normal -1 8.92676794706e-08 1.14605498425e-07
    outer loop
      vertex -13.6268491745 -0.412981718779 59.9095649719
      vertex -13.6268491745 -0.597150623798 59.6731185913
      vertex -13.6268453598 -7.14043712616 95.3353805542
    endloop
  endfacet
  facet normal -1 8.52120791706e-08 1.36709346066e-07
    outer loop
      vertex -13.6268453598 -7.14043712616 95.3353805542
      vertex -13.6268491745 -0.597150623798 59.6731185913
      vertex -13.6268491745 -0.775419473648 59.3871154785
    endloop
  endfacet
  facet normal -1 9.59362154163e-08 7.61417240369e-08
    outer loop
      vertex -13.6268453598 -7.14043712616 95.3353805542
      vertex -13.6268491745 -0.775419473648 59.3871154785
      vertex -13.6268491745 -7.14044523239 54.3353843689
    endloop
  endfacet
  facet normal -1 0 0
    outer loop
      vertex -13.6268491745 -7.14044523239 54.3353843689
      vertex -13.6268491745 -0.775419473648 59.3871154785
      vertex -13.6268491745 -1.10990655422 58.6737823486
    endloop
  endfacet
  facet normal -1 0 0
    outer loop
      vertex -13.6268491745 -7.14044523239 54.3353843689
      vertex -13.6268491745 -1.10990655422 58.6737823486
      vertex -13.6268491745 -1.40820658207 57.7871398926
    endloop
  endfacet
  facet normal -1 0 0
    outer loop
      vertex -13.6268491745 7.85955810547 54.3353843689
      vertex -13.6268491745 2.73610138893 54.3353843689
      vertex -13.6268491745 2.58707332611 55.5849647522
    endloop
  endfacet
  facet normal -1 1.14053399614e-07 -7.79797648676e-09
    outer loop
      vertex -13.6268491745 0.359558492899 60.3353843689
      vertex -13.6268453598 -7.14043712616 95.3353805542
      vertex -13.6268491745 0.457704305649 60.3286743164
    endloop
  endfacet
  facet normal -1 1.12360865501e-07 2.83019342976e-23
    outer loop
      vertex -13.6268491745 0.457704305649 60.3286743164
      vertex -13.6268453598 -7.14043712616 95.3353805542
      vertex -13.6268453598 10.2546072006 95.3353805542
    endloop
  endfacet
  facet normal -1 1.06259392396e-07 -2.18020463905e-08
    outer loop
      vertex -13.6268491745 0.457704305649 60.3286743164
      vertex -13.6268453598 10.2546072006 95.3353805542
      vertex -13.6268491745 0.555704593658 60.3085670471
    endloop
  endfacet
  facet normal -1 4.33552230561e-07 1.16018998142e-06
    outer loop
      vertex -13.6268491745 0.555704593658 60.3085670471
      vertex -13.6268453598 10.2546072006 95.3353805542
      vertex -13.6268491745 11.5829153061 89.817489624
    endloop
  endfacet
  facet normal -1 0 -0
    outer loop
      vertex -13.6268491745 0.555704593658 60.3085670471
      vertex -13.6268491745 11.5829153061 89.817489624
      vertex -13.6268491745 0.653398036957 60.2750778198
    endloop
  endfacet
  facet normal -1 0 0
    outer loop
      vertex -13.6268491745 -1.40820658207 57.7871398926
      vertex -13.6268491745 -1.66297972202 56.7490119934
      vertex -13.6268491745 -7.14044523239 54.3353843689
    endloop
  endfacet
  facet normal -1 0 0
    outer loop
      vertex -13.6268491745 -7.14044523239 54.3353843689
      vertex -13.6268491745 -1.66297972202 56.7490119934
      vertex -13.6268491745 -1.8679561615 55.5849647522
    endloop
  endfacet
  facet normal -1 0 0
    outer loop
      vertex -13.6268491745 -7.14044523239 54.3353843689
      vertex -13.6268491745 -1.8679561615 55.5849647522
      vertex -13.6268491745 -2.01698422432 54.3353843689
    endloop
  endfacet
  facet normal -1 -0 0
    outer loop
      vertex -13.6268491745 11.5829153061 89.817489624
      vertex -13.6268491745 11.8862142563 88.5113525391
      vertex -13.6268491745 0.653398036957 60.2750778198
    endloop
  endfacet
  facet normal -1 0 0
    outer loop
      vertex -13.6268491745 0.653398036957 60.2750778198
      vertex -13.6268491745 11.8862142563 88.5113525391
      vertex -13.6268491745 11.6416959763 83.8934326172
    endloop
  endfacet
  facet normal -1 0 -0
    outer loop
      vertex -13.6268491745 0.653398036957 60.2750778198
      vertex -13.6268491745 11.6416959763 83.8934326172
      vertex -13.6268491745 0.750643074512 60.2282714844
    endloop
  endfacet
  facet normal -1 0 0
    outer loop
      vertex -13.6268491745 11.6416959763 83.8934326172
      vertex -13.6268491745 11.3862733841 79.5711669922
      vertex -13.6268491745 0.750643074512 60.2282714844
    endloop
  endfacet
  facet normal -1 0 0
    outer loop
      vertex -13.6268491745 0.750643074512 60.2282714844
      vertex -13.6268491745 11.3862733841 79.5711669922
      vertex -13.6268491745 11.1929836273 76.6043548584
    endloop
  endfacet
  facet normal -1 0 -0
    outer loop
      vertex -13.6268491745 0.750643074512 60.2282714844
      vertex -13.6268491745 11.1929836273 76.6043548584
      vertex -13.6268491745 0.847282409668 60.1682052612
    endloop
  endfacet
  facet normal -1 0 0
    outer loop
      vertex -13.6268491745 0.847282409668 60.1682052612
      vertex -13.6268491745 11.1929836273 76.6043548584
      vertex -13.6268491745 10.9945516586 73.8069610596
    endloop
  endfacet
  facet normal -1 0 -0
    outer loop
      vertex -13.6268491745 0.847282409668 60.1682052612
      vertex -13.6268491745 10.9945516586 73.8069610596
      vertex -13.6268491745 0.943170428276 60.094997406
    endloop
  endfacet
  facet normal -1 0 0
    outer loop
      vertex -13.6268491745 0.943170428276 60.094997406
      vertex -13.6268491745 10.9945516586 73.8069610596
      vertex -13.6268491745 10.7912864685 71.1832885742
    endloop
  endfacet
  facet normal -1 0 -0
    outer loop
      vertex -13.6268491745 0.943170428276 60.094997406
      vertex -13.6268491745 10.7912864685 71.1832885742
      vertex -13.6268491745 1.13209867477 59.9095649719
    endloop
  endfacet
  facet normal -1 0 0
    outer loop
      vertex -13.6268491745 1.13209867477 59.9095649719
      vertex -13.6268491745 10.7912864685 71.1832885742
      vertex -13.6268491745 10.5835056305 68.7373809814
    endloop
  endfacet
  facet normal -1 0 -0
    outer loop
      vertex -13.6268491745 1.13209867477 59.9095649719
      vertex -13.6268491745 10.5835056305 68.7373809814
      vertex -13.6268491745 1.31626367569 59.6731185913
    endloop
  endfacet
  facet normal -1 0 0
    outer loop
      vertex -13.6268491745 1.31626367569 59.6731185913
      vertex -13.6268491745 10.5835056305 68.7373809814
      vertex -13.6268491745 10.3715190887 66.4729995728
    endloop
  endfacet
  facet normal -1 0 -0
    outer loop
      vertex -13.6268491745 1.31626367569 59.6731185913
      vertex -13.6268491745 10.3715190887 66.4729995728
      vertex -13.6268491745 1.49453258514 59.3871154785
    endloop
  endfacet
  facet normal -1 0 0
    outer loop
      vertex -13.6268491745 1.49453258514 59.3871154785
      vertex -13.6268491745 10.3715190887 66.4729995728
      vertex -13.6268491745 10.1556596756 64.393661499
    endloop
  endfacet
  facet normal -1 0 -0
    outer loop
      vertex -13.6268491745 1.49453258514 59.3871154785
      vertex -13.6268491745 10.1556596756 64.393661499
      vertex -13.6268491745 1.82901966572 58.6737823486
    endloop
  endfacet
  facet normal -1 0 0
    outer loop
      vertex -13.6268491745 10.1556596756 64.393661499
      vertex -13.6268491745 9.93625926971 62.5025520325
      vertex -13.6268491745 1.82901966572 58.6737823486
    endloop
  endfacet
  facet normal -1 0 0
    outer loop
      vertex -13.6268491745 1.82901966572 58.6737823486
      vertex -13.6268491745 9.93625926971 62.5025520325
      vertex -13.6268491745 9.71366119385 60.8025894165
    endloop
  endfacet
  facet normal -1 0 -0
    outer loop
      vertex -13.6268491745 1.82901966572 58.6737823486
      vertex -13.6268491745 9.71366119385 60.8025894165
      vertex -13.6268491745 2.12732744217 57.7871398926
    endloop
  endfacet
  facet normal -1 0 0
    outer loop
      vertex -13.6268491745 2.12732744217 57.7871398926
      vertex -13.6268491745 9.71366119385 60.8025894165
      vertex -13.6268491745 9.48819923401 59.2964134216
    endloop
  endfacet
  facet normal -1 0 -0
    outer loop
      vertex -13.6268491745 2.12732744217 57.7871398926
      vertex -13.6268491745 9.48819923401 59.2964134216
      vertex -13.6268491745 2.38209676743 56.7490119934
    endloop
  endfacet
  facet normal -1 0 0
    outer loop
      vertex -13.6268491745 2.38209676743 56.7490119934
      vertex -13.6268491745 9.48819923401 59.2964134216
      vertex -13.6268491745 9.26022815704 57.9863204956
    endloop
  endfacet
  facet normal -1 0 -0
    outer loop
      vertex -13.6268491745 2.38209676743 56.7490119934
      vertex -13.6268491745 9.26022815704 57.9863204956
      vertex -13.6268491745 2.58707332611 55.5849647522
    endloop
  endfacet
  facet normal -1 0 0
    outer loop
      vertex -13.6268491745 2.58707332611 55.5849647522
      vertex -13.6268491745 9.26022815704 57.9863204956
      vertex -13.6268491745 9.03010177612 56.8743438721
    endloop
  endfacet
  facet normal -1 0 -0
    outer loop
      vertex -13.6268491745 2.58707332611 55.5849647522
      vertex -13.6268491745 9.03010177612 56.8743438721
      vertex -13.6268491745 7.85955810547 54.3353843689
    endloop
  endfacet
  facet normal -1 0 0
    outer loop
      vertex -13.6268491745 7.85955810547 54.3353843689
      vertex -13.6268491745 9.03010177612 56.8743438721
      vertex -13.6268491745 8.79816150665 55.9622001648
    endloop
  endfacet
  facet normal -1 0 0
    outer loop
      vertex -13.6268491745 7.85955810547 54.3353843689
      vertex -13.6268491745 8.79816150665 55.9622001648
      vertex -13.6268491745 7.88901138306 54.336971283
    endloop
  endfacet
  facet normal -1 0 0
    outer loop
      vertex -13.6268491745 7.88901138306 54.336971283
      vertex -13.6268491745 8.79816150665 55.9622001648
      vertex -13.6268491745 7.91846084595 54.3417472839
    endloop
  endfacet
  facet normal -1 0 0
    outer loop
      vertex -13.6268491745 8.03624534607 54.3926925659
      vertex -13.6268491745 7.97735929489 54.3608474731
      vertex -13.6268491745 8.79816150665 55.9622001648
    endloop
  endfacet
  facet normal -1 0 0
    outer loop
      vertex -13.6268491745 8.79816150665 55.9622001648
      vertex -13.6268491745 7.97735929489 54.3608474731
      vertex -13.6268491745 7.9479136467 54.3497085571
    endloop
  endfacet
  facet normal -1 0 0
    outer loop
      vertex -13.6268491745 8.79816150665 55.9622001648
      vertex -13.6268491745 7.9479136467 54.3497085571
      vertex -13.6268491745 7.91846084595 54.3417472839
    endloop
  endfacet
  facet normal -1 0 0
    outer loop
      vertex -13.6268491745 8.33031368256 54.7427177429
      vertex -13.6268491745 8.21278381348 54.5645599365
      vertex -13.6268491745 8.56478214264 55.2512893677
    endloop
  endfacet
  facet normal -1 0 0
    outer loop
      vertex -13.6268491745 8.56478214264 55.2512893677
      vertex -13.6268491745 8.21278381348 54.5645599365
      vertex -13.6268491745 8.15396404266 54.4945449829
    endloop
  endfacet
  facet normal -1 0 0
    outer loop
      vertex -13.6268491745 8.56478214264 55.2512893677
      vertex -13.6268491745 8.15396404266 54.4945449829
      vertex -13.6268491745 8.79816150665 55.9622001648
    endloop
  endfacet
  facet normal -1 0 0
    outer loop
      vertex -13.6268491745 8.79816150665 55.9622001648
      vertex -13.6268491745 8.15396404266 54.4945449829
      vertex -13.6268491745 8.0951128006 54.4372596741
    endloop
  endfacet
  facet normal -1 0 0
    outer loop
      vertex -13.6268491745 8.79816150665 55.9622001648
      vertex -13.6268491745 8.0951128006 54.4372596741
      vertex -13.6268491745 8.03624534607 54.3926925659
    endloop
  endfacet
  facet normal 0 0 -1
    outer loop
      vertex 15.8669509888 13.8595542908 -0.664615750313
      vertex 10.3174171448 13.8595542908 47.1184806824
      vertex 12.6369972229 13.8595542908 48.0792808533
    endloop
  endfacet
  facet normal 0 0 -1
    outer loop
      vertex 12.6369972229 13.8595542908 48.0792808533
      vertex 14.7777175903 13.8595542908 49.3911132812
      vertex 15.8669509888 13.8595542908 -0.664615750313
    endloop
  endfacet
  facet normal 0 0 -1
    outer loop
      vertex 15.8669509888 13.8595542908 -0.664615750313
      vertex 14.7777175903 13.8595542908 49.3911132812
      vertex 16.6868553162 13.8595542908 51.0216712952
    endloop
  endfacet
  facet normal 0 0 -1
    outer loop
      vertex 15.8669509888 13.8595542908 -0.664615750313
      vertex 16.6868553162 13.8595542908 51.0216712952
      vertex 18.302154541 13.8595542908 52.9098472595
    endloop
  endfacet
  facet normal 0 0 -1
    outer loop
      vertex -5.12065696716 13.8595542908 -0.664615750313
      vertex 5.37314558029 13.8595542908 46.3353843689
      vertex 15.8669509888 13.8595542908 -0.664615750313
    endloop
  endfacet
  facet normal 0 0 -1
    outer loop
      vertex 15.8669509888 13.8595542908 -0.664615750313
      vertex 5.37314558029 13.8595542908 46.3353843689
      vertex 7.87609958649 13.8595542908 46.5323753357
    endloop
  endfacet
  facet normal 0 0 -1
    outer loop
      vertex 15.8669509888 13.8595542908 -0.664615750313
      vertex 7.87609958649 13.8595542908 46.5323753357
      vertex 10.3174171448 13.8595542908 47.1184806824
    endloop
  endfacet
  facet normal 0 0 -1
    outer loop
      vertex -7.55585622787 13.8595542908 52.9098472595
      vertex -5.94055700302 13.8595542908 51.0216712952
      vertex -5.12065696716 13.8595542908 -0.664615750313
    endloop
  endfacet
  facet normal 0 0 -1
    outer loop
      vertex -5.12065696716 13.8595542908 -0.664615750313
      vertex -5.94055700302 13.8595542908 51.0216712952
      vertex -4.03141403198 13.8595542908 49.3911132812
    endloop
  endfacet
  facet normal 0 0 -1
    outer loop
      vertex -5.12065696716 13.8595542908 -0.664615750313
      vertex -4.03141403198 13.8595542908 49.3911132812
      vertex -1.89069747925 13.8595542908 48.0792808533
    endloop
  endfacet
  facet normal 0 -0 -1
    outer loop
      vertex -1.89069747925 13.8595542908 48.0792808533
      vertex 0.428874135017 13.8595542908 47.1184806824
      vertex -5.12065696716 13.8595542908 -0.664615750313
    endloop
  endfacet
  facet normal 0 0 -1
    outer loop
      vertex -5.12065696716 13.8595542908 -0.664615750313
      vertex 0.428874135017 13.8595542908 47.1184806824
      vertex 2.87019968033 13.8595542908 46.5323753357
    endloop
  endfacet
  facet normal 0 0 -1
    outer loop
      vertex -5.12065696716 13.8595542908 -0.664615750313
      vertex 2.87019968033 13.8595542908 46.5323753357
      vertex 5.37314558029 13.8595542908 46.3353843689
    endloop
  endfacet
  facet normal 0 -0 1
    outer loop
      vertex -5.12066078186 -13.1404447556 -0.664615750313
      vertex 15.8669509888 -13.1404447556 -0.664615750313
      vertex -7.25702142715 -13.1404447556 46.3353843689
    endloop
  endfacet
  facet normal 0 0 1
    outer loop
      vertex -7.25702142715 -13.1404447556 46.3353843689
      vertex 15.8669509888 -13.1404447556 -0.664615750313
      vertex 18.0033111572 -13.1404447556 46.3353843689
    endloop
  endfacet
  facet normal -1 4.69957903704e-08 1.34747722313e-07
    outer loop
      vertex 21.3731517792 13.5590906143 79.1806945801
      vertex 21.3731517792 13.4220867157 70.9413223267
      vertex 21.3731517792 5.85955429077 62.3353843689
    endloop
  endfacet
  facet normal -1 -7.67452732475e-08 -6.0659233192e-09
    outer loop
      vertex 21.3731517792 5.85955429077 62.3353843689
      vertex 21.3731517792 13.4220867157 70.9413223267
      vertex 21.3731517792 13.2605543137 62.9203567505
    endloop
  endfacet
  facet normal -1 0 0
    outer loop
      vertex 21.3731517792 5.85955429077 62.3353843689
      vertex 21.3731517792 13.2605543137 62.9203567505
      vertex 21.3731517792 13.247625351 62.3353843689
    endloop
  endfacet
  facet normal -1 -1.33657820811e-07 -0
    outer loop
      vertex 21.3731498718 5.85955810547 95.3353805542
      vertex 21.3731498718 10.2546072006 95.3353805542
      vertex 21.3731517792 11.5829114914 89.817489624
    endloop
  endfacet
  facet normal -1 -4.46975576551e-08 -8.57667146192e-08
    outer loop
      vertex 21.3731498718 5.85955810547 95.3353805542
      vertex 21.3731517792 11.5829114914 89.817489624
      vertex 21.3731517792 5.85955429077 62.3353843689
    endloop
  endfacet
  facet normal -1 6.29026297716e-09 1.59063844762e-07
    outer loop
      vertex 21.3731517792 5.85955429077 62.3353843689
      vertex 21.3731517792 11.5829114914 89.817489624
      vertex 21.3731498718 12.8865451813 83.7008132935
    endloop
  endfacet
  facet normal -1 -1.26675843148e-07 -2.45216966732e-07
    outer loop
      vertex 21.3731517792 5.85955429077 62.3353843689
      vertex 21.3731498718 12.8865451813 83.7008132935
      vertex 21.3731517792 13.5590906143 79.1806945801
    endloop
  endfacet
  facet normal 1 1.08644737651e-08 5.32396882136e-07
    outer loop
      vertex -10.6268539429 5.85955810547 62.3353843689
      vertex -10.6268501282 13.247625351 62.3353843689
      vertex -10.6268501282 13.4109477997 70.3387298584
    endloop
  endfacet
  facet normal 1 -1.10509439821e-07 7.42723955227e-07
    outer loop
      vertex -10.6268472672 13.559094429 79.1806945801
      vertex -10.6268472672 12.886548996 83.7008132935
      vertex -10.6268520355 5.85955810547 95.3353805542
    endloop
  endfacet
  facet normal 1 -1.84352316523e-07 8.6498539531e-07
    outer loop
      vertex -10.6268520355 5.85955810547 95.3353805542
      vertex -10.6268472672 12.886548996 83.7008132935
      vertex -10.6268472672 11.5829153061 89.817489624
    endloop
  endfacet
  facet normal 1 -2.15440849161e-07 8.94957906894e-07
    outer loop
      vertex -10.6268520355 5.85955810547 95.3353805542
      vertex -10.6268472672 11.5829153061 89.817489624
      vertex -10.6268472672 10.2546072006 95.3353805542
    endloop
  endfacet
  facet normal 1 -5.95967293293e-08 4.5771855639e-07
    outer loop
      vertex -10.6268539429 5.85955810547 62.3353843689
      vertex -10.6268501282 13.4109477997 70.3387298584
      vertex -10.6268520355 5.85955810547 95.3353805542
    endloop
  endfacet
  facet normal 1 -2.22308301545e-07 9.96327344183e-07
    outer loop
      vertex -10.6268520355 5.85955810547 95.3353805542
      vertex -10.6268501282 13.4109477997 70.3387298584
      vertex -10.6268472672 13.5497922897 78.5631484985
    endloop
  endfacet
  facet normal 1 7.45966843851e-09 4.95208439588e-07
    outer loop
      vertex -10.6268520355 5.85955810547 95.3353805542
      vertex -10.6268472672 13.5497922897 78.5631484985
      vertex -10.6268472672 13.559094429 79.1806945801
    endloop
  endfacet
  facet normal -0 -0 -1
    outer loop
      vertex 9.27711582184 5.85955429077 54.9286727905
      vertex 9.27711582184 5.85955429077 54.7420959473
      vertex 5.37315368652 5.85955429077 58.3353843689
    endloop
  endfacet
  facet normal 0 0 -1
    outer loop
      vertex 9.27711582184 5.85955429077 54.9286727905
      vertex 5.37315368652 5.85955429077 58.3353843689
      vertex 9.30864620209 5.85955429077 55.1125564575
    endloop
  endfacet
  facet normal 0 0 -1
    outer loop
      vertex 15.8731470108 5.85955810547 99.3353805542
      vertex 20.5045166016 5.85955810547 100.535552979
      vertex 20.5062236786 5.85955810547 100.530563354
    endloop
  endfacet
  facet normal 0 0 -1
    outer loop
      vertex 21.176158905 5.85955429077 59.8324279785
      vertex 20.5900535583 5.85955429077 57.3911132812
      vertex 15.8731479645 5.85955429077 58.3353843689
    endloop
  endfacet
  facet normal 0 0 -1
    outer loop
      vertex 15.8731479645 5.85955429077 58.3353843689
      vertex 20.5900535583 5.85955429077 57.3911132812
      vertex 19.6292533875 5.85955429077 55.0715332031
    endloop
  endfacet
  facet normal 0 -0 -1
    outer loop
      vertex 15.8731479645 5.85955429077 58.3353843689
      vertex 19.6292533875 5.85955429077 55.0715332031
      vertex 11.4573278427 5.85955429077 55.0212783813
    endloop
  endfacet
  facet normal 0 -0 -1
    outer loop
      vertex 20.5062236786 5.85955810547 100.530563354
      vertex 21.1549339294 5.85955810547 97.9688949585
      vertex 15.8731470108 5.85955810547 99.3353805542
    endloop
  endfacet
  facet normal 0 0 -1
    outer loop
      vertex 15.8731470108 5.85955810547 99.3353805542
      vertex 21.1549339294 5.85955810547 97.9688949585
      vertex 21.3731498718 5.85955810547 95.3353805542
    endloop
  endfacet
  facet normal -6.97717368325e-08 -9.59362012054e-08 -1
    outer loop
      vertex 15.8731470108 5.85955810547 99.3353805542
      vertex 21.3731498718 5.85955810547 95.3353805542
      vertex 15.8731479645 5.85955429077 58.3353843689
    endloop
  endfacet
  facet normal 8.6686085865e-08 -1.19193458659e-07 -1
    outer loop
      vertex 15.8731479645 5.85955429077 58.3353843689
      vertex 21.3731498718 5.85955810547 95.3353805542
      vertex 21.3731517792 5.85955429077 62.3353843689
    endloop
  endfacet
  facet normal 0 0 -1
    outer loop
      vertex 15.8731479645 5.85955429077 58.3353843689
      vertex 21.3731517792 5.85955429077 62.3353843689
      vertex 21.176158905 5.85955429077 59.8324279785
    endloop
  endfacet
  facet normal 0 0 -1
    outer loop
      vertex 11.4573278427 5.85955429077 55.0212783813
      vertex 11.4103164673 5.85955429077 55.201839447
      vertex 15.8731479645 5.85955429077 58.3353843689
    endloop
  endfacet
  facet normal 0 0 -1
    outer loop
      vertex 15.8731479645 5.85955429077 58.3353843689
      vertex 11.4103164673 5.85955429077 55.201839447
      vertex 11.3334655762 5.85955429077 55.3718452454
    endloop
  endfacet
  facet normal 0 0 -1
    outer loop
      vertex 15.8731479645 5.85955429077 58.3353843689
      vertex 11.3334655762 5.85955429077 55.3718452454
      vertex 11.2289867401 5.85955429077 55.5264282227
    endloop
  endfacet
  facet normal 0 0 -1
    outer loop
      vertex 11.2289867401 5.85955429077 55.5264282227
      vertex 11.0998935699 5.85955429077 55.6611213684
      vertex 15.8731479645 5.85955429077 58.3353843689
    endloop
  endfacet
  facet normal 0 0 -1
    outer loop
      vertex 15.8731479645 5.85955429077 58.3353843689
      vertex 11.0998935699 5.85955429077 55.6611213684
      vertex 10.9498901367 5.85955429077 55.7720680237
    endloop
  endfacet
  facet normal 0 0 -1
    outer loop
      vertex 15.8731479645 5.85955429077 58.3353843689
      vertex 10.9498901367 5.85955429077 55.7720680237
      vertex 10.7832956314 5.85955429077 55.8560600281
    endloop
  endfacet
  facet normal 0 -0 -1
    outer loop
      vertex 9.27711582184 5.85955429077 54.7420959473
      vertex 9.30864620209 5.85955429077 54.5582008362
      vertex 5.37314558029 5.85955429077 46.3353843689
    endloop
  endfacet
  facet normal 0 -0 -1
    outer loop
      vertex 9.30864620209 5.85955429077 54.5582008362
      vertex 9.37080097198 5.85955429077 54.3822937012
      vertex 5.37314558029 5.85955429077 46.3353843689
    endloop
  endfacet
  facet normal 0 0 -1
    outer loop
      vertex 5.37314558029 5.85955429077 46.3353843689
      vertex 9.37080097198 5.85955429077 54.3822937012
      vertex 9.46178817749 5.85955429077 54.2194137573
    endloop
  endfacet
  facet normal 0 0 -1
    outer loop
      vertex 5.37314558029 5.85955429077 46.3353843689
      vertex 9.46178817749 5.85955429077 54.2194137573
      vertex 9.57899570465 5.85955429077 54.0742454529
    endloop
  endfacet
  facet normal 0 0 -1
    outer loop
      vertex 18.3174247742 5.85955429077 52.9308204651
      vertex 11.4573278427 5.85955429077 54.6494789124
      vertex 19.6292533875 5.85955429077 55.0715332031
    endloop
  endfacet
  facet normal 0 0 -1
    outer loop
      vertex 19.6292533875 5.85955429077 55.0715332031
      vertex 11.4573278427 5.85955429077 54.6494789124
      vertex 11.4731483459 5.85955429077 54.8353805542
    endloop
  endfacet
  facet normal 0 0 -1
    outer loop
      vertex 19.6292533875 5.85955429077 55.0715332031
      vertex 11.4731483459 5.85955429077 54.8353805542
      vertex 11.4573278427 5.85955429077 55.0212783813
    endloop
  endfacet
  facet normal -0 0 -1
    outer loop
      vertex 10.0510482788 5.85955429077 55.8871650696
      vertex 9.87792491913 5.85955429077 55.8176002502
      vertex 5.37315368652 5.85955429077 58.3353843689
    endloop
  endfacet
  facet normal 0 0 -1
    outer loop
      vertex 5.37315368652 5.85955429077 58.3353843689
      vertex 9.87792491913 5.85955429077 55.8176002502
      vertex 9.71905517578 5.85955429077 55.7197761536
    endloop
  endfacet
  facet normal 0 0 -1
    outer loop
      vertex 5.37315368652 5.85955429077 58.3353843689
      vertex 9.71905517578 5.85955429077 55.7197761536
      vertex 9.57899570465 5.85955429077 55.5965118408
    endloop
  endfacet
  facet normal -0 0 -1
    outer loop
      vertex 12.6369972229 5.85955429077 48.0792808533
      vertex 10.3174171448 5.85955429077 47.1184806824
      vertex 10.4198350906 5.85955429077 53.7363777161
    endloop
  endfacet
  facet normal 0 0 -1
    outer loop
      vertex 10.7832956314 5.85955429077 55.8560600281
      vertex 10.6049003601 5.85955429077 55.910697937
      vertex 15.8731479645 5.85955429077 58.3353843689
    endloop
  endfacet
  facet normal 0 0 -1
    outer loop
      vertex 15.8731479645 5.85955429077 58.3353843689
      vertex 10.6049003601 5.85955429077 55.910697937
      vertex 10.4198350906 5.85955429077 55.9343910217
    endloop
  endfacet
  facet normal -0 0 -1
    outer loop
      vertex 15.8731479645 5.85955429077 58.3353843689
      vertex 10.4198350906 5.85955429077 55.9343910217
      vertex 5.37315368652 5.85955429077 58.3353843689
    endloop
  endfacet
  facet normal 0 0 -1
    outer loop
      vertex 5.37315368652 5.85955429077 58.3353843689
      vertex 10.4198350906 5.85955429077 55.9343910217
      vertex 10.2334318161 5.85955429077 55.9264678955
    endloop
  endfacet
  facet normal 0 0 -1
    outer loop
      vertex 5.37315368652 5.85955429077 58.3353843689
      vertex 10.2334318161 5.85955429077 55.9264678955
      vertex 10.0510482788 5.85955429077 55.8871650696
    endloop
  endfacet
  facet normal -0 0 -1
    outer loop
      vertex 9.57899570465 5.85955429077 55.5965118408
      vertex 9.46178817749 5.85955429077 55.4513549805
      vertex 5.37315368652 5.85955429077 58.3353843689
    endloop
  endfacet
  facet normal 0 0 -1
    outer loop
      vertex 5.37315368652 5.85955429077 58.3353843689
      vertex 9.46178817749 5.85955429077 55.4513549805
      vertex 9.37080097198 5.85955429077 55.2884750366
    endloop
  endfacet
  facet normal 0 0 -1
    outer loop
      vertex 5.37315368652 5.85955429077 58.3353843689
      vertex 9.37080097198 5.85955429077 55.2884750366
      vertex 9.30864620209 5.85955429077 55.1125564575
    endloop
  endfacet
  facet normal 0 0 -1
    outer loop
      vertex 16.6868553162 5.85955429077 51.0216712952
      vertex 11.3334655762 5.85955429077 54.2989120483
      vertex 18.3174247742 5.85955429077 52.9308204651
    endloop
  endfacet
  facet normal 0 0 -1
    outer loop
      vertex 18.3174247742 5.85955429077 52.9308204651
      vertex 11.3334655762 5.85955429077 54.2989120483
      vertex 11.4103164673 5.85955429077 54.4689292908
    endloop
  endfacet
  facet normal 0 0 -1
    outer loop
      vertex 18.3174247742 5.85955429077 52.9308204651
      vertex 11.4103164673 5.85955429077 54.4689292908
      vertex 11.4573278427 5.85955429077 54.6494789124
    endloop
  endfacet
  facet normal 0 -0 -1
    outer loop
      vertex 9.57899570465 5.85955429077 54.0742454529
      vertex 9.71905517578 5.85955429077 53.9509887695
      vertex 5.37314558029 5.85955429077 46.3353843689
    endloop
  endfacet
  facet normal 0 0 -1
    outer loop
      vertex 5.37314558029 5.85955429077 46.3353843689
      vertex 9.71905517578 5.85955429077 53.9509887695
      vertex 9.87792491913 5.85955429077 53.8531684875
    endloop
  endfacet
  facet normal 0 0 -1
    outer loop
      vertex 5.37314558029 5.85955429077 46.3353843689
      vertex 9.87792491913 5.85955429077 53.8531684875
      vertex 7.87609958649 5.85955429077 46.5323753357
    endloop
  endfacet
  facet normal 0 0 -1
    outer loop
      vertex 7.87609958649 5.85955429077 46.5323753357
      vertex 9.87792491913 5.85955429077 53.8531684875
      vertex 10.0510482788 5.85955429077 53.7835998535
    endloop
  endfacet
  facet normal 0 0 -1
    outer loop
      vertex 7.87609958649 5.85955429077 46.5323753357
      vertex 10.0510482788 5.85955429077 53.7835998535
      vertex 10.3174171448 5.85955429077 47.1184806824
    endloop
  endfacet
  facet normal 0 0 -1
    outer loop
      vertex 10.3174171448 5.85955429077 47.1184806824
      vertex 10.0510482788 5.85955429077 53.7835998535
      vertex 10.2334318161 5.85955429077 53.7442893982
    endloop
  endfacet
  facet normal 0 0 -1
    outer loop
      vertex 10.3174171448 5.85955429077 47.1184806824
      vertex 10.2334318161 5.85955429077 53.7442893982
      vertex 10.4198350906 5.85955429077 53.7363777161
    endloop
  endfacet
  facet normal 0 0 -1
    outer loop
      vertex 10.4198350906 5.85955429077 53.7363777161
      vertex 10.6049003601 5.85955429077 53.7600708008
      vertex 12.6369972229 5.85955429077 48.0792808533
    endloop
  endfacet
  facet normal 0 0 -1
    outer loop
      vertex 12.6369972229 5.85955429077 48.0792808533
      vertex 10.6049003601 5.85955429077 53.7600708008
      vertex 10.7832956314 5.85955429077 53.814704895
    endloop
  endfacet
  facet normal 0 0 -1
    outer loop
      vertex 12.6369972229 5.85955429077 48.0792808533
      vertex 10.7832956314 5.85955429077 53.814704895
      vertex 14.7777175903 5.85955429077 49.3911132812
    endloop
  endfacet
  facet normal 0 0 -1
    outer loop
      vertex 10.7832956314 5.85955429077 53.814704895
      vertex 10.9498901367 5.85955429077 53.8987007141
      vertex 14.7777175903 5.85955429077 49.3911132812
    endloop
  endfacet
  facet normal 0 0 -1
    outer loop
      vertex 14.7777175903 5.85955429077 49.3911132812
      vertex 10.9498901367 5.85955429077 53.8987007141
      vertex 11.0998935699 5.85955429077 54.0096435547
    endloop
  endfacet
  facet normal 0 0 -1
    outer loop
      vertex 14.7777175903 5.85955429077 49.3911132812
      vertex 11.0998935699 5.85955429077 54.0096435547
      vertex 16.6868553162 5.85955429077 51.0216712952
    endloop
  endfacet
  facet normal 0 0 -1
    outer loop
      vertex 16.6868553162 5.85955429077 51.0216712952
      vertex 11.0998935699 5.85955429077 54.0096435547
      vertex 11.2289867401 5.85955429077 54.1443405151
    endloop
  endfacet
  facet normal 0 0 -1
    outer loop
      vertex 16.6868553162 5.85955429077 51.0216712952
      vertex 11.2289867401 5.85955429077 54.1443405151
      vertex 11.3334655762 5.85955429077 54.2989120483
    endloop
  endfacet
  facet normal 0 -0 -1
    outer loop
      vertex 14.1243257523 5.85955810547 108.730049133
      vertex 16.2096538544 5.85955810547 107.106964111
      vertex 11.2289924622 5.85955810547 103.526420593
    endloop
  endfacet
  facet normal -0 0 -1
    outer loop
      vertex 17.9994010925 5.85955810547 105.162788391
      vertex 11.4103145599 5.85955810547 103.201835632
      vertex 16.2096538544 5.85955810547 107.106964111
    endloop
  endfacet
  facet normal 0 0 -1
    outer loop
      vertex 16.2096538544 5.85955810547 107.106964111
      vertex 11.4103145599 5.85955810547 103.201835632
      vertex 11.3334722519 5.85955810547 103.37184906
    endloop
  endfacet
  facet normal 0 0 -1
    outer loop
      vertex 16.2096538544 5.85955810547 107.106964111
      vertex 11.3334722519 5.85955810547 103.37184906
      vertex 11.2289924622 5.85955810547 103.526420593
    endloop
  endfacet
  facet normal 0 0 -1
    outer loop
      vertex 10.6048984528 5.85955810547 101.76007843
      vertex 10.7832937241 5.85955810547 101.814704895
      vertex 20.5045166016 5.85955810547 100.535552979
    endloop
  endfacet
  facet normal 0 0 -1
    outer loop
      vertex 20.5045166016 5.85955810547 100.535552979
      vertex 10.7832937241 5.85955810547 101.814704895
      vertex 10.9498882294 5.85955810547 101.898704529
    endloop
  endfacet
  facet normal 0 0 -1
    outer loop
      vertex 10.9498882294 5.85955810547 101.898704529
      vertex 11.0998916626 5.85955810547 102.009643555
      vertex 20.5045166016 5.85955810547 100.535552979
    endloop
  endfacet
  facet normal 0 0 -1
    outer loop
      vertex 20.5045166016 5.85955810547 100.535552979
      vertex 11.0998916626 5.85955810547 102.009643555
      vertex 11.2289924622 5.85955810547 102.144340515
    endloop
  endfacet
  facet normal 0 0 -1
    outer loop
      vertex 20.5045166016 5.85955810547 100.535552979
      vertex 11.2289924622 5.85955810547 102.144340515
      vertex 11.3334722519 5.85955810547 102.298919678
    endloop
  endfacet
  facet normal 0 0 -1
    outer loop
      vertex 11.3334722519 5.85955810547 102.298919678
      vertex 11.4103145599 5.85955810547 102.468933105
      vertex 20.5045166016 5.85955810547 100.535552979
    endloop
  endfacet
  facet normal 0 0 -1
    outer loop
      vertex 20.5045166016 5.85955810547 100.535552979
      vertex 11.4103145599 5.85955810547 102.468933105
      vertex 11.4573259354 5.85955810547 102.649475098
    endloop
  endfacet
  facet normal 0 0 -1
    outer loop
      vertex 20.5045166016 5.85955810547 100.535552979
      vertex 11.4573259354 5.85955810547 102.649475098
      vertex 19.4447307587 5.85955810547 102.950538635
    endloop
  endfacet
  facet normal 0 0 -1
    outer loop
      vertex 19.4447307587 5.85955810547 102.950538635
      vertex 11.4573259354 5.85955810547 102.649475098
      vertex 11.473154068 5.85955810547 102.835388184
    endloop
  endfacet
  facet normal -0 0 -1
    outer loop
      vertex 19.4447307587 5.85955810547 102.950538635
      vertex 11.473154068 5.85955810547 102.835388184
      vertex 17.9994010925 5.85955810547 105.162788391
    endloop
  endfacet
  facet normal 0 0 -1
    outer loop
      vertex 17.9994010925 5.85955810547 105.162788391
      vertex 11.473154068 5.85955810547 102.835388184
      vertex 11.4573259354 5.85955810547 103.021278381
    endloop
  endfacet
  facet normal 0 0 -1
    outer loop
      vertex 17.9994010925 5.85955810547 105.162788391
      vertex 11.4573259354 5.85955810547 103.021278381
      vertex 11.4103145599 5.85955810547 103.201835632
    endloop
  endfacet
  facet normal 0 0 -1
    outer loop
      vertex 11.2289924622 5.85955810547 103.526420593
      vertex 11.0998916626 5.85955810547 103.661132812
      vertex 14.1243257523 5.85955810547 108.730049133
    endloop
  endfacet
  facet normal 0 0 -1
    outer loop
      vertex 14.1243257523 5.85955810547 108.730049133
      vertex 11.0998916626 5.85955810547 103.661132812
      vertex 10.9498882294 5.85955810547 103.772064209
    endloop
  endfacet
  facet normal -0 0 -1
    outer loop
      vertex 14.1243257523 5.85955810547 108.730049133
      vertex 10.9498882294 5.85955810547 103.772064209
      vertex 11.80027771 5.85955810547 109.987754822
    endloop
  endfacet
  facet normal 0 0 -1
    outer loop
      vertex 11.80027771 5.85955810547 109.987754822
      vertex 10.9498882294 5.85955810547 103.772064209
      vertex 10.7832937241 5.85955810547 103.856071472
    endloop
  endfacet
  facet normal 0 -0 -1
    outer loop
      vertex 10.6048984528 5.85955810547 101.76007843
      vertex 20.5045166016 5.85955810547 100.535552979
      vertex 10.4198331833 5.85955810547 101.736381531
    endloop
  endfacet
  facet normal 0 -0 -1
    outer loop
      vertex 10.4198331833 5.85955810547 101.736381531
      vertex 20.5045166016 5.85955810547 100.535552979
      vertex 5.37315177917 5.85955810547 100.535377502
    endloop
  endfacet
  facet normal -0 0 -1
    outer loop
      vertex 10.4198331833 5.85955810547 101.736381531
      vertex 5.37315177917 5.85955810547 100.535377502
      vertex 10.2334299088 5.85955810547 101.744293213
    endloop
  endfacet
  facet normal 0 0 -1
    outer loop
      vertex 10.7832937241 5.85955810547 103.856071472
      vertex 10.6048984528 5.85955810547 103.910697937
      vertex 11.80027771 5.85955810547 109.987754822
    endloop
  endfacet
  facet normal 0 0 -1
    outer loop
      vertex 11.80027771 5.85955810547 109.987754822
      vertex 10.6048984528 5.85955810547 103.910697937
      vertex 10.4198331833 5.85955810547 103.934387207
    endloop
  endfacet
  facet normal -0 0 -1
    outer loop
      vertex 11.80027771 5.85955810547 109.987754822
      vertex 10.4198331833 5.85955810547 103.934387207
      vertex 9.30091953278 5.85955810547 110.845787048
    endloop
  endfacet
  facet normal 0 0 -1
    outer loop
      vertex 9.30091953278 5.85955810547 110.845787048
      vertex 10.4198331833 5.85955810547 103.934387207
      vertex 10.2334299088 5.85955810547 103.926475525
    endloop
  endfacet
  facet normal -0 -0 -1
    outer loop
      vertex 9.30091953278 5.85955810547 110.845787048
      vertex 10.2334299088 5.85955810547 103.926475525
      vertex 6.69442367554 5.85955810547 111.280738831
    endloop
  endfacet
  facet normal -0 0 -1
    outer loop
      vertex 10.2334299088 5.85955810547 103.926475525
      vertex 10.0510463715 5.85955810547 103.887176514
      vertex 6.69442367554 5.85955810547 111.280738831
    endloop
  endfacet
  facet normal 0 0 -1
    outer loop
      vertex 6.69442367554 5.85955810547 111.280738831
      vertex 10.0510463715 5.85955810547 103.887176514
      vertex 9.87793064117 5.85955810547 103.817596436
    endloop
  endfacet
  facet normal -0 -0 -1
    outer loop
      vertex 6.69442367554 5.85955810547 111.280738831
      vertex 9.87793064117 5.85955810547 103.817596436
      vertex 5.37315273285 5.85955810547 111.335380554
    endloop
  endfacet
  facet normal 0 0 -1
    outer loop
      vertex 5.37315273285 5.85955810547 111.335380554
      vertex 9.87793064117 5.85955810547 103.817596436
      vertex 9.71905326843 5.85955810547 103.719787598
    endloop
  endfacet
  facet normal 0 0 -1
    outer loop
      vertex 5.37315273285 5.85955810547 111.335380554
      vertex 9.71905326843 5.85955810547 103.719787598
      vertex 9.5790014267 5.85955810547 103.596511841
    endloop
  endfacet
  facet normal 0 -0 -1
    outer loop
      vertex 9.71905326843 5.85955810547 101.95098877
      vertex 9.87793064117 5.85955810547 101.853157043
      vertex 5.37315177917 5.85955810547 100.535377502
    endloop
  endfacet
  facet normal 0 0 -1
    outer loop
      vertex 5.37315177917 5.85955810547 100.535377502
      vertex 9.87793064117 5.85955810547 101.853157043
      vertex 10.0510463715 5.85955810547 101.783599854
    endloop
  endfacet
  facet normal 0 0 -1
    outer loop
      vertex 5.37315177917 5.85955810547 100.535377502
      vertex 10.0510463715 5.85955810547 101.783599854
      vertex 10.2334299088 5.85955810547 101.744293213
    endloop
  endfacet
  facet normal -0 0 -1
    outer loop
      vertex 9.5790014267 5.85955810547 103.596511841
      vertex 9.46179389954 5.85955810547 103.45135498
      vertex 5.37315273285 5.85955810547 111.335380554
    endloop
  endfacet
  facet normal 0 0 -1
    outer loop
      vertex 5.37315273285 5.85955810547 111.335380554
      vertex 9.46179389954 5.85955810547 103.45135498
      vertex 9.37079906464 5.85955810547 103.288467407
    endloop
  endfacet
  facet normal 0 -0 -1
    outer loop
      vertex 5.37315273285 5.85955810547 111.335380554
      vertex 9.37079906464 5.85955810547 103.288467407
      vertex 5.37315177917 5.85955810547 100.535377502
    endloop
  endfacet
  facet normal 0 0 -1
    outer loop
      vertex 5.37315177917 5.85955810547 100.535377502
      vertex 9.37079906464 5.85955810547 103.288467407
      vertex 9.30864429474 5.85955810547 103.112564087
    endloop
  endfacet
  facet normal 0 0 -1
    outer loop
      vertex 5.37315177917 5.85955810547 100.535377502
      vertex 9.30864429474 5.85955810547 103.112564087
      vertex 9.27711391449 5.85955810547 102.928672791
    endloop
  endfacet
  facet normal 0 -0 -1
    outer loop
      vertex 9.27711391449 5.85955810547 102.928672791
      vertex 9.27711391449 5.85955810547 102.742103577
      vertex 5.37315177917 5.85955810547 100.535377502
    endloop
  endfacet
  facet normal 0 0 -1
    outer loop
      vertex 5.37315177917 5.85955810547 100.535377502
      vertex 9.27711391449 5.85955810547 102.742103577
      vertex 9.30864429474 5.85955810547 102.558204651
    endloop
  endfacet
  facet normal 0 0 -1
    outer loop
      vertex 5.37315177917 5.85955810547 100.535377502
      vertex 9.30864429474 5.85955810547 102.558204651
      vertex 9.37079906464 5.85955810547 102.382293701
    endloop
  endfacet
  facet normal 0 -0 -1
    outer loop
      vertex 9.37079906464 5.85955810547 102.382293701
      vertex 9.46179389954 5.85955810547 102.219406128
      vertex 5.37315177917 5.85955810547 100.535377502
    endloop
  endfacet
  facet normal 0 0 -1
    outer loop
      vertex 5.37315177917 5.85955810547 100.535377502
      vertex 9.46179389954 5.85955810547 102.219406128
      vertex 9.5790014267 5.85955810547 102.074241638
    endloop
  endfacet
  facet normal 0 0 -1
    outer loop
      vertex 5.37315177917 5.85955810547 100.535377502
      vertex 9.5790014267 5.85955810547 102.074241638
      vertex 9.71905326843 5.85955810547 101.95098877
    endloop
  endfacet
  facet normal 0 0 -1
    outer loop
      vertex 1.22899329662 5.85955810547 103.526420593
      vertex 5.37315273285 5.85955810547 111.335380554
      vertex 1.33346390724 5.85955810547 103.37184906
    endloop
  endfacet
  facet normal 0 0 -1
    outer loop
      vertex 1.33346390724 5.85955810547 103.37184906
      vertex 5.37315273285 5.85955810547 111.335380554
      vertex 1.41031444073 5.85955810547 103.201835632
    endloop
  endfacet
  facet normal 0 0 -1
    outer loop
      vertex 1.41031444073 5.85955810547 103.201835632
      vertex 5.37315273285 5.85955810547 111.335380554
      vertex 1.45732617378 5.85955810547 103.021278381
    endloop
  endfacet
  facet normal 0 0 -1
    outer loop
      vertex 1.45732617378 5.85955810547 103.021278381
      vertex 5.37315273285 5.85955810547 111.335380554
      vertex 5.37315177917 5.85955810547 100.535377502
    endloop
  endfacet
  facet normal 0 0 -1
    outer loop
      vertex 1.45732617378 5.85955810547 103.021278381
      vertex 5.37315177917 5.85955810547 100.535377502
      vertex 1.4731541872 5.85955810547 102.835388184
    endloop
  endfacet
  facet normal 0 0 -1
    outer loop
      vertex 0.419841110706 5.85955810547 101.736381531
      vertex 0.604898989201 5.85955810547 101.76007843
      vertex 5.37315177917 5.85955810547 100.535377502
    endloop
  endfacet
  facet normal 0 0 -1
    outer loop
      vertex 5.37315177917 5.85955810547 100.535377502
      vertex 0.604898989201 5.85955810547 101.76007843
      vertex 0.783293664455 5.85955810547 101.814704895
    endloop
  endfacet
  facet normal 0 0 -1
    outer loop
      vertex 5.37315177917 5.85955810547 100.535377502
      vertex 0.783293664455 5.85955810547 101.814704895
      vertex 0.94988822937 5.85955810547 101.898704529
    endloop
  endfacet
  facet normal 0 0 -1
    outer loop
      vertex 0.94988822937 5.85955810547 101.898704529
      vertex 1.09989178181 5.85955810547 102.009643555
      vertex 5.37315177917 5.85955810547 100.535377502
    endloop
  endfacet
  facet normal 0 0 -1
    outer loop
      vertex 5.37315177917 5.85955810547 100.535377502
      vertex 1.09989178181 5.85955810547 102.009643555
      vertex 1.22899329662 5.85955810547 102.144340515
    endloop
  endfacet
  facet normal 0 0 -1
    outer loop
      vertex 5.37315177917 5.85955810547 100.535377502
      vertex 1.22899329662 5.85955810547 102.144340515
      vertex 1.33346390724 5.85955810547 102.298919678
    endloop
  endfacet
  facet normal 0 0 -1
    outer loop
      vertex 1.33346390724 5.85955810547 102.298919678
      vertex 1.41031444073 5.85955810547 102.468933105
      vertex 5.37315177917 5.85955810547 100.535377502
    endloop
  endfacet
  facet normal 0 0 -1
    outer loop
      vertex 5.37315177917 5.85955810547 100.535377502
      vertex 1.41031444073 5.85955810547 102.468933105
      vertex 1.45732617378 5.85955810547 102.649475098
    endloop
  endfacet
  facet normal 0 0 -1
    outer loop
      vertex 5.37315177917 5.85955810547 100.535377502
      vertex 1.45732617378 5.85955810547 102.649475098
      vertex 1.4731541872 5.85955810547 102.835388184
    endloop
  endfacet
  facet normal 0 0 -1
    outer loop
      vertex 1.22899329662 5.85955810547 103.526420593
      vertex 1.09989178181 5.85955810547 103.661132812
      vertex 5.37315273285 5.85955810547 111.335380554
    endloop
  endfacet
  facet normal 0 0 -1
    outer loop
      vertex 5.37315273285 5.85955810547 111.335380554
      vertex 1.09989178181 5.85955810547 103.661132812
      vertex 0.94988822937 5.85955810547 103.772064209
    endloop
  endfacet
  facet normal 0 0 -1
    outer loop
      vertex 5.37315273285 5.85955810547 111.335380554
      vertex 0.94988822937 5.85955810547 103.772064209
      vertex 4.05188179016 5.85955810547 111.280738831
    endloop
  endfacet
  facet normal 0 0 -1
    outer loop
      vertex 4.05188179016 5.85955810547 111.280738831
      vertex 0.94988822937 5.85955810547 103.772064209
      vertex 0.783293664455 5.85955810547 103.856071472
    endloop
  endfacet
  facet normal 1.62871958764e-06 -7.17016689578e-07 -1
    outer loop
      vertex 4.05188179016 5.85955810547 111.280738831
      vertex 0.783293664455 5.85955810547 103.856071472
      vertex 1.44538450241 5.859562397 110.845787048
    endloop
  endfacet
  facet normal -1.67460768807e-07 -5.46876151475e-07 -1
    outer loop
      vertex 0.783293664455 5.85955810547 103.856071472
      vertex 0.604898989201 5.85955810547 103.910697937
      vertex 1.44538450241 5.859562397 110.845787048
    endloop
  endfacet
  facet normal -7.15106267535e-08 -5.58504609671e-07 -1
    outer loop
      vertex 1.44538450241 5.859562397 110.845787048
      vertex 0.604898989201 5.85955810547 103.910697937
      vertex 0.419841110706 5.85955810547 103.934387207
    endloop
  endfacet
  facet normal -1.4523640175e-06 -3.53607532588e-07 -1
    outer loop
      vertex 1.44538450241 5.859562397 110.845787048
      vertex 0.419841110706 5.85955810547 103.934387207
      vertex -1.05397427082 5.85955810547 109.987754822
    endloop
  endfacet
  facet normal 0 0 -1
    outer loop
      vertex -5.46335697174 5.85955810547 107.106964111
      vertex -3.37802219391 5.85955810547 108.730049133
      vertex -0.280946314335 5.85955810547 103.719787598
    endloop
  endfacet
  facet normal -0 0 -1
    outer loop
      vertex 0.419841110706 5.85955810547 103.934387207
      vertex 0.233430176973 5.85955810547 103.926475525
      vertex -1.05397427082 5.85955810547 109.987754822
    endloop
  endfacet
  facet normal 0 0 -1
    outer loop
      vertex -1.05397427082 5.85955810547 109.987754822
      vertex 0.233430176973 5.85955810547 103.926475525
      vertex 0.0510470233858 5.85955810547 103.887176514
    endloop
  endfacet
  facet normal 0 -0 -1
    outer loop
      vertex -1.05397427082 5.85955810547 109.987754822
      vertex 0.0510470233858 5.85955810547 103.887176514
      vertex -3.37802219391 5.85955810547 108.730049133
    endloop
  endfacet
  facet normal 0 0 -1
    outer loop
      vertex -3.37802219391 5.85955810547 108.730049133
      vertex 0.0510470233858 5.85955810547 103.887176514
      vertex -0.12207300961 5.85955810547 103.817596436
    endloop
  endfacet
  facet normal 0 0 -1
    outer loop
      vertex -3.37802219391 5.85955810547 108.730049133
      vertex -0.12207300961 5.85955810547 103.817596436
      vertex -0.280946314335 5.85955810547 103.719787598
    endloop
  endfacet
  facet normal 0 -0 -1
    outer loop
      vertex -0.280946314335 5.85955810547 101.95098877
      vertex -0.12207300961 5.85955810547 101.853157043
      vertex -9.75821495056 5.85955810547 100.535552979
    endloop
  endfacet
  facet normal 0 0 -1
    outer loop
      vertex -9.75821495056 5.85955810547 100.535552979
      vertex -0.12207300961 5.85955810547 101.853157043
      vertex 0.0510470233858 5.85955810547 101.783599854
    endloop
  endfacet
  facet normal 0 0 -1
    outer loop
      vertex -9.75821495056 5.85955810547 100.535552979
      vertex 0.0510470233858 5.85955810547 101.783599854
      vertex 0.233430176973 5.85955810547 101.744293213
    endloop
  endfacet
  facet normal 0 0 -1
    outer loop
      vertex -8.69842720032 5.85955810547 102.950538635
      vertex -7.25309753418 5.85955810547 105.162788391
      vertex -0.691355645657 5.85955810547 103.112564087
    endloop
  endfacet
  facet normal -0 0 -1
    outer loop
      vertex -0.280946314335 5.85955810547 103.719787598
      vertex -0.420998394489 5.85955810547 103.596511841
      vertex -5.46335697174 5.85955810547 107.106964111
    endloop
  endfacet
  facet normal 0 0 -1
    outer loop
      vertex -5.46335697174 5.85955810547 107.106964111
      vertex -0.420998394489 5.85955810547 103.596511841
      vertex -0.538209319115 5.85955810547 103.45135498
    endloop
  endfacet
  facet normal 0 -0 -1
    outer loop
      vertex -5.46335697174 5.85955810547 107.106964111
      vertex -0.538209319115 5.85955810547 103.45135498
      vertex -7.25309753418 5.85955810547 105.162788391
    endloop
  endfacet
  facet normal 0 0 -1
    outer loop
      vertex -7.25309753418 5.85955810547 105.162788391
      vertex -0.538209319115 5.85955810547 103.45135498
      vertex -0.629200279713 5.85955810547 103.288467407
    endloop
  endfacet
  facet normal 0 0 -1
    outer loop
      vertex -7.25309753418 5.85955810547 105.162788391
      vertex -0.629200279713 5.85955810547 103.288467407
      vertex -0.691355645657 5.85955810547 103.112564087
    endloop
  endfacet
  facet normal 0 -0 -1
    outer loop
      vertex -0.629200279713 5.85955810547 102.382293701
      vertex -0.538209319115 5.85955810547 102.219406128
      vertex -9.75821495056 5.85955810547 100.535552979
    endloop
  endfacet
  facet normal 0 0 -1
    outer loop
      vertex -9.75821495056 5.85955810547 100.535552979
      vertex -0.538209319115 5.85955810547 102.219406128
      vertex -0.420998394489 5.85955810547 102.074241638
    endloop
  endfacet
  facet normal 0 0 -1
    outer loop
      vertex -9.75821495056 5.85955810547 100.535552979
      vertex -0.420998394489 5.85955810547 102.074241638
      vertex -0.280946314335 5.85955810547 101.95098877
    endloop
  endfacet
  facet normal 0 0 -1
    outer loop
      vertex -0.691355645657 5.85955810547 103.112564087
      vertex -0.722885608673 5.85955810547 102.928672791
      vertex -8.69842720032 5.85955810547 102.950538635
    endloop
  endfacet
  facet normal 0 0 -1
    outer loop
      vertex -8.69842720032 5.85955810547 102.950538635
      vertex -0.722885608673 5.85955810547 102.928672791
      vertex -0.722885608673 5.85955810547 102.742103577
    endloop
  endfacet
  facet normal 0 -0 -1
    outer loop
      vertex -8.69842720032 5.85955810547 102.950538635
      vertex -0.722885608673 5.85955810547 102.742103577
      vertex -9.75821495056 5.85955810547 100.535552979
    endloop
  endfacet
  facet normal 0 0 -1
    outer loop
      vertex -9.75821495056 5.85955810547 100.535552979
      vertex -0.722885608673 5.85955810547 102.742103577
      vertex -0.691355645657 5.85955810547 102.558204651
    endloop
  endfacet
  facet normal 0 0 -1
    outer loop
      vertex -9.75821495056 5.85955810547 100.535552979
      vertex -0.691355645657 5.85955810547 102.558204651
      vertex -0.629200279713 5.85955810547 102.382293701
    endloop
  endfacet
  facet normal 0 0 -1
    outer loop
      vertex 20.5045166016 5.85955810547 100.535552979
      vertex 15.8731470108 5.85955810547 99.3353805542
      vertex 5.37315177917 5.85955810547 100.535377502
    endloop
  endfacet
  facet normal 0 0 -1
    outer loop
      vertex 5.37315177917 5.85955810547 100.535377502
      vertex 15.8731470108 5.85955810547 99.3353805542
      vertex 5.37315177917 5.85955810547 99.3353805542
    endloop
  endfacet
  facet normal 0 -0 -1
    outer loop
      vertex 5.37315177917 5.85955810547 100.535377502
      vertex 5.37315177917 5.85955810547 99.3353805542
      vertex -5.12684774399 5.85955810547 99.3353805542
    endloop
  endfacet
  facet normal 0 0 -1
    outer loop
      vertex -5.12685012817 5.85955810547 58.3353843689
      vertex -8.88295650482 5.85955810547 55.0715332031
      vertex -9.84375572205 5.85955810547 57.3911132812
    endloop
  endfacet
  facet normal -0 -0 -1
    outer loop
      vertex -0.722887575626 5.85955810547 54.9286727905
      vertex -0.722887575626 5.85955810547 54.7420959473
      vertex -8.88295650482 5.85955810547 55.0715332031
    endloop
  endfacet
  facet normal 0 0 -1
    outer loop
      vertex -10.4086313248 5.85955810547 97.9688949585
      vertex -9.75992584229 5.85955810547 100.530563354
      vertex -5.12684774399 5.85955810547 99.3353805542
    endloop
  endfacet
  facet normal 0 0 -1
    outer loop
      vertex -5.12684774399 5.85955810547 99.3353805542
      vertex -9.75992584229 5.85955810547 100.530563354
      vertex -9.75821495056 5.85955810547 100.535552979
    endloop
  endfacet
  facet normal 0 0 -1
    outer loop
      vertex -5.12684774399 5.85955810547 99.3353805542
      vertex -9.75821495056 5.85955810547 100.535552979
      vertex 5.37315177917 5.85955810547 100.535377502
    endloop
  endfacet
  facet normal 0 0 -1
    outer loop
      vertex 5.37315177917 5.85955810547 100.535377502
      vertex -9.75821495056 5.85955810547 100.535552979
      vertex 0.233430176973 5.85955810547 101.744293213
    endloop
  endfacet
  facet normal 0 0 -1
    outer loop
      vertex 5.37315177917 5.85955810547 100.535377502
      vertex 0.233430176973 5.85955810547 101.744293213
      vertex 0.419841110706 5.85955810547 101.736381531
    endloop
  endfacet
  facet normal 1.09195309506e-06 -9.29252976789e-08 -1
    outer loop
      vertex 1.45732820034 5.85955810547 54.6494789124
      vertex 1.47314822674 5.85955810547 54.8353805542
      vertex 5.37315368652 5.85955429077 58.3353843689
    endloop
  endfacet
  facet normal 9.36998333145e-07 7.97386334739e-08 -1
    outer loop
      vertex 5.37315368652 5.85955429077 58.3353843689
      vertex 1.47314822674 5.85955810547 54.8353805542
      vertex 1.45732820034 5.85955810547 55.0212783813
    endloop
  endfacet
  facet normal 0 0 -1
    outer loop
      vertex -9.84375572205 5.85955810547 57.3911132812
      vertex -10.4298658371 5.85955810547 59.8324279785
      vertex -5.12685012817 5.85955810547 58.3353843689
    endloop
  endfacet
  facet normal 0 0 -1
    outer loop
      vertex -5.12685012817 5.85955810547 58.3353843689
      vertex -10.4298658371 5.85955810547 59.8324279785
      vertex -10.6268539429 5.85955810547 62.3353843689
    endloop
  endfacet
  facet normal 0 0 -1
    outer loop
      vertex -5.12685012817 5.85955810547 58.3353843689
      vertex -10.6268539429 5.85955810547 62.3353843689
      vertex -5.12684774399 5.85955810547 99.3353805542
    endloop
  endfacet
  facet normal 0 0 -1
    outer loop
      vertex -5.12684774399 5.85955810547 99.3353805542
      vertex -10.6268539429 5.85955810547 62.3353843689
      vertex -10.6268520355 5.85955810547 95.3353805542
    endloop
  endfacet
  facet normal 0 0 -1
    outer loop
      vertex -5.12684774399 5.85955810547 99.3353805542
      vertex -10.6268520355 5.85955810547 95.3353805542
      vertex -10.4086313248 5.85955810547 97.9688949585
    endloop
  endfacet
  facet normal 8.23104642222e-07 2.14311313584e-07 -1
    outer loop
      vertex 1.45732820034 5.85955810547 55.0212783813
      vertex 1.41031634808 5.85955810547 55.201839447
      vertex 5.37315368652 5.85955429077 58.3353843689
    endloop
  endfacet
  facet normal 7.31204693238e-07 3.30532543558e-07 -1
    outer loop
      vertex 5.37315368652 5.85955429077 58.3353843689
      vertex 1.41031634808 5.85955810547 55.201839447
      vertex 1.3334659338 5.85955810547 55.3718452454
    endloop
  endfacet
  facet normal 6.50933998259e-07 4.3995189003e-07 -1
    outer loop
      vertex 5.37315368652 5.85955429077 58.3353843689
      vertex 1.3334659338 5.85955810547 55.3718452454
      vertex 1.22898733616 5.85955810547 55.5264282227
    endloop
  endfacet
  facet normal 5.75366186695e-07 5.51440223262e-07 -1
    outer loop
      vertex 1.22898733616 5.85955810547 55.5264282227
      vertex 1.09989368916 5.85955810547 55.6611213684
      vertex 5.37315368652 5.85955429077 58.3353843689
    endloop
  endfacet
  facet normal 4.98590850384e-07 6.74121167776e-07 -1
    outer loop
      vertex 5.37315368652 5.85955429077 58.3353843689
      vertex 1.09989368916 5.85955810547 55.6611213684
      vertex 0.949890196323 5.85955810547 55.7720680237
    endloop
  endfacet
  facet normal 4.13718140635e-07 8.20577781724e-07 -1
    outer loop
      vertex 5.37315368652 5.85955429077 58.3353843689
      vertex 0.949890196323 5.85955810547 55.7720680237
      vertex 0.783295631409 5.85955810547 55.8560600281
    endloop
  endfacet
  facet normal 0 0 -1
    outer loop
      vertex -8.88295650482 5.85955810547 55.0715332031
      vertex -0.722887575626 5.85955810547 54.7420959473
      vertex -7.57112169266 5.85955810547 52.9308204651
    endloop
  endfacet
  facet normal 0 0 -1
    outer loop
      vertex -7.57112169266 5.85955810547 52.9308204651
      vertex -0.722887575626 5.85955810547 54.7420959473
      vertex -0.69135761261 5.85955810547 54.5582008362
    endloop
  endfacet
  facet normal 0 0 -1
    outer loop
      vertex -7.57112169266 5.85955810547 52.9308204651
      vertex -0.69135761261 5.85955810547 54.5582008362
      vertex -5.94056081772 5.85955810547 51.0216712952
    endloop
  endfacet
  facet normal 0 -0 -1
    outer loop
      vertex -0.69135761261 5.85955810547 54.5582008362
      vertex -0.629202246666 5.85955810547 54.3822937012
      vertex -5.94056081772 5.85955810547 51.0216712952
    endloop
  endfacet
  facet normal 0 0 -1
    outer loop
      vertex -5.94056081772 5.85955810547 51.0216712952
      vertex -0.629202246666 5.85955810547 54.3822937012
      vertex -0.538211286068 5.85955810547 54.2194137573
    endloop
  endfacet
  facet normal 0 0 -1
    outer loop
      vertex -5.94056081772 5.85955810547 51.0216712952
      vertex -0.538211286068 5.85955810547 54.2194137573
      vertex -4.03141403198 5.85955810547 49.3911132812
    endloop
  endfacet
  facet normal -0 0 -1
    outer loop
      vertex 9.27711582184 5.85955429077 54.7420959473
      vertex 5.37314558029 5.85955429077 46.3353843689
      vertex 5.37315368652 5.85955429077 58.3353843689
    endloop
  endfacet
  facet normal 9.92568288893e-07 -6.50692065333e-13 -1
    outer loop
      vertex 5.37315368652 5.85955429077 58.3353843689
      vertex 5.37314558029 5.85955429077 46.3353843689
      vertex 1.41031634808 5.85955810547 54.4689292908
    endloop
  endfacet
  facet normal 1.33060495955e-06 -3.4646402014e-07 -1
    outer loop
      vertex 5.37315368652 5.85955429077 58.3353843689
      vertex 1.41031634808 5.85955810547 54.4689292908
      vertex 1.45732820034 5.85955810547 54.6494789124
    endloop
  endfacet
  facet normal -0 0 -1
    outer loop
      vertex 0.0510411225259 5.85955810547 55.8871650696
      vertex -0.122074976563 5.85955810547 55.8176002502
      vertex -5.12685012817 5.85955810547 58.3353843689
    endloop
  endfacet
  facet normal 0 0 -1
    outer loop
      vertex -5.12685012817 5.85955810547 58.3353843689
      vertex -0.122074976563 5.85955810547 55.8176002502
      vertex -0.280948281288 5.85955810547 55.7197761536
    endloop
  endfacet
  facet normal 0 0 -1
    outer loop
      vertex -5.12685012817 5.85955810547 58.3353843689
      vertex -0.280948281288 5.85955810547 55.7197761536
      vertex -0.421000361443 5.85955810547 55.5965118408
    endloop
  endfacet
  facet normal 1.6117010091e-06 2.20130891293e-09 -1
    outer loop
      vertex 2.87019181252 5.85955429077 46.5323753357
      vertex 0.428874135017 5.85955810547 47.1184806824
      vertex 0.419835209846 5.85955810547 53.7363777161
    endloop
  endfacet
  facet normal 3.10062858944e-07 1.01247019302e-06 -1
    outer loop
      vertex 0.783295631409 5.85955810547 55.8560600281
      vertex 0.604893088341 5.85955810547 55.910697937
      vertex 5.37315368652 5.85955429077 58.3353843689
    endloop
  endfacet
  facet normal 1.65928497609e-07 1.295917059e-06 -1
    outer loop
      vertex 5.37315368652 5.85955429077 58.3353843689
      vertex 0.604893088341 5.85955810547 55.910697937
      vertex 0.419835209846 5.85955810547 55.9343910217
    endloop
  endfacet
  facet normal 3.74607878939e-07 8.65405354489e-07 -1
    outer loop
      vertex 5.37315368652 5.85955429077 58.3353843689
      vertex 0.419835209846 5.85955810547 55.9343910217
      vertex -5.12685012817 5.85955810547 58.3353843689
    endloop
  endfacet
  facet normal 0 0 -1
    outer loop
      vertex -5.12685012817 5.85955810547 58.3353843689
      vertex 0.419835209846 5.85955810547 55.9343910217
      vertex 0.233432143927 5.85955810547 55.9264678955
    endloop
  endfacet
  facet normal 0 0 -1
    outer loop
      vertex -5.12685012817 5.85955810547 58.3353843689
      vertex 0.233432143927 5.85955810547 55.9264678955
      vertex 0.0510411225259 5.85955810547 55.8871650696
    endloop
  endfacet
  facet normal -0 0 -1
    outer loop
      vertex -0.421000361443 5.85955810547 55.5965118408
      vertex -0.538211286068 5.85955810547 55.4513549805
      vertex -5.12685012817 5.85955810547 58.3353843689
    endloop
  endfacet
  facet normal 0 0 -1
    outer loop
      vertex -5.12685012817 5.85955810547 58.3353843689
      vertex -0.538211286068 5.85955810547 55.4513549805
      vertex -0.629202246666 5.85955810547 55.2884750366
    endloop
  endfacet
  facet normal 0 -0 -1
    outer loop
      vertex -5.12685012817 5.85955810547 58.3353843689
      vertex -0.629202246666 5.85955810547 55.2884750366
      vertex -8.88295650482 5.85955810547 55.0715332031
    endloop
  endfacet
  facet normal 0 0 -1
    outer loop
      vertex -8.88295650482 5.85955810547 55.0715332031
      vertex -0.629202246666 5.85955810547 55.2884750366
      vertex -0.69135761261 5.85955810547 55.1125564575
    endloop
  endfacet
  facet normal 0 0 -1
    outer loop
      vertex -8.88295650482 5.85955810547 55.0715332031
      vertex -0.69135761261 5.85955810547 55.1125564575
      vertex -0.722887575626 5.85955810547 54.9286727905
    endloop
  endfacet
  facet normal 0 -0 -1
    outer loop
      vertex -0.538211286068 5.85955810547 54.2194137573
      vertex -0.421000361443 5.85955810547 54.0742454529
      vertex -4.03141403198 5.85955810547 49.3911132812
    endloop
  endfacet
  facet normal 0 0 -1
    outer loop
      vertex -4.03141403198 5.85955810547 49.3911132812
      vertex -0.421000361443 5.85955810547 54.0742454529
      vertex -0.280948281288 5.85955810547 53.9509887695
    endloop
  endfacet
  facet normal 0 0 -1
    outer loop
      vertex -4.03141403198 5.85955810547 49.3911132812
      vertex -0.280948281288 5.85955810547 53.9509887695
      vertex -1.89069747925 5.85955810547 48.0792808533
    endloop
  endfacet
  facet normal 3.38257081012e-07 -3.24191006484e-07 -1
    outer loop
      vertex 1.09989368916 5.85955810547 54.0096435547
      vertex 1.22898733616 5.85955810547 54.1443405151
      vertex 5.37314558029 5.85955429077 46.3353843689
    endloop
  endfacet
  facet normal 4.17453577484e-07 -2.82161977339e-07 -1
    outer loop
      vertex 5.37314558029 5.85955429077 46.3353843689
      vertex 1.22898733616 5.85955810547 54.1443405151
      vertex 1.3334659338 5.85955810547 54.2989120483
    endloop
  endfacet
  facet normal 5.14885755365e-07 -2.32737320971e-07 -1
    outer loop
      vertex 5.37314558029 5.85955429077 46.3353843689
      vertex 1.3334659338 5.85955810547 54.2989120483
      vertex 1.41031634808 5.85955810547 54.4689292908
    endloop
  endfacet
  facet normal 0 -0 -1
    outer loop
      vertex -0.280948281288 5.85955810547 53.9509887695
      vertex -0.122074976563 5.85955810547 53.8531684875
      vertex -1.89069747925 5.85955810547 48.0792808533
    endloop
  endfacet
  facet normal 0 0 -1
    outer loop
      vertex -1.89069747925 5.85955810547 48.0792808533
      vertex -0.122074976563 5.85955810547 53.8531684875
      vertex 0.0510411225259 5.85955810547 53.7835998535
    endloop
  endfacet
  facet normal 0 0 -1
    outer loop
      vertex -1.89069747925 5.85955810547 48.0792808533
      vertex 0.0510411225259 5.85955810547 53.7835998535
      vertex 0.428874135017 5.85955810547 47.1184806824
    endloop
  endfacet
  facet normal 0 0 -1
    outer loop
      vertex 0.428874135017 5.85955810547 47.1184806824
      vertex 0.0510411225259 5.85955810547 53.7835998535
      vertex 0.233432143927 5.85955810547 53.7442893982
    endloop
  endfacet
  facet normal 0 0 -1
    outer loop
      vertex 0.428874135017 5.85955810547 47.1184806824
      vertex 0.233432143927 5.85955810547 53.7442893982
      vertex 0.419835209846 5.85955810547 53.7363777161
    endloop
  endfacet
  facet normal 6.69919586471e-08 -5.23213429915e-07 -1
    outer loop
      vertex 0.419835209846 5.85955810547 53.7363777161
      vertex 0.604893088341 5.85955810547 53.7600708008
      vertex 2.87019181252 5.85955429077 46.5323753357
    endloop
  endfacet
  facet normal 1.52065354087e-07 -4.96549773743e-07 -1
    outer loop
      vertex 2.87019181252 5.85955429077 46.5323753357
      vertex 0.604893088341 5.85955810547 53.7600708008
      vertex 0.783295631409 5.85955810547 53.814704895
    endloop
  endfacet
  facet normal -4.34909033231e-08 -5.52590279312e-07 -1
    outer loop
      vertex 2.87019181252 5.85955429077 46.5323753357
      vertex 0.783295631409 5.85955810547 53.814704895
      vertex 5.37314558029 5.85955429077 46.3353843689
    endloop
  endfacet
  facet normal 2.02495982649e-07 -4.01635048775e-07 -1
    outer loop
      vertex 5.37314558029 5.85955429077 46.3353843689
      vertex 0.783295631409 5.85955810547 53.814704895
      vertex 0.949890196323 5.85955810547 53.8987007141
    endloop
  endfacet
  facet normal 2.68504010137e-07 -3.6303157458e-07 -1
    outer loop
      vertex 5.37314558029 5.85955429077 46.3353843689
      vertex 0.949890196323 5.85955810547 53.8987007141
      vertex 1.09989368916 5.85955810547 54.0096435547
    endloop
  endfacet
  facet normal 0.0413288250566 0.999145627022 -0
    outer loop
      vertex 5.3731508255 5.85955810547 114.335388184
      vertex 5.3731508255 -5.14043712616 114.335388184
      vertex 6.9421620369 -7.14043712616 114.270484924
    endloop
  endfacet
  facet normal -0.771090507507 0.636725604534 -2.05437785894e-07
    outer loop
      vertex -8.92222499847 7.98086357117 107.851066589
      vertex -9.6206445694 8.064204216 107.005264282
      vertex -9.62051868439 -7.14043712616 107.00541687
    endloop
  endfacet
  facet normal -0.937924563885 0.346839278936 -1.09727523068e-06
    outer loop
      vertex -12.2874202728 8.74499797821 102.342819214
      vertex -12.5975637436 8.90117740631 101.504127502
      vertex -12.5973787308 -7.14043712616 101.504676819
    endloop
  endfacet
  facet normal -0.980713903904 0.195448696613 -3.59061317567e-07
    outer loop
      vertex -13.1347455978 9.27886104584 99.6316146851
      vertex -13.3677597046 9.53189945221 98.4624099731
      vertex -13.3677120209 -7.14043712616 98.462677002
    endloop
  endfacet
  facet normal -0.99923658371 0.0390674546361 0
    outer loop
      vertex -13.5688476562 9.90501976013 96.8188018799
      vertex -13.6268453598 10.2546072006 95.3353805542
      vertex -13.6268453598 -7.14043712616 95.3353805542
    endloop
  endfacet
  facet normal -0.996584534645 0.0825788676739 1.49661184423e-06
    outer loop
      vertex -13.3677120209 -7.14043712616 98.462677002
      vertex -13.3677597046 9.53189945221 98.4624099731
      vertex -13.6268453598 -7.14043712616 95.3353805542
    endloop
  endfacet
  facet normal -0.98772495985 0.155589461327 0.0138328699395
    outer loop
      vertex -13.6268453598 -7.14043712616 95.3353805542
      vertex -13.3677597046 9.53189945221 98.4624099731
      vertex -13.4043121338 9.582447052 98.2348556519
    endloop
  endfacet
  facet normal -0.993465542793 0.113945096731 0.00653603766114
    outer loop
      vertex -13.6268453598 -7.14043712616 95.3353805542
      vertex -13.4043121338 9.582447052 98.2348556519
      vertex -13.5688476562 9.90501976013 96.8188018799
    endloop
  endfacet
  facet normal -0.969400703907 0.24548381567 2.74477883977e-06
    outer loop
      vertex -12.5973787308 -7.14043712616 101.504676819
      vertex -12.5975637436 8.90117740631 101.504127502
      vertex -13.3677120209 -7.14043712616 98.462677002
    endloop
  endfacet
  facet normal -0.950925409794 0.309148579836 0.0129604106769
    outer loop
      vertex -13.3677120209 -7.14043712616 98.462677002
      vertex -12.5975637436 8.90117740631 101.504127502
      vertex -12.7625255585 8.99896526337 101.000808716
    endloop
  endfacet
  facet normal -0.965219795704 0.261393457651 0.00491428514943
    outer loop
      vertex -13.3677120209 -7.14043712616 98.462677002
      vertex -12.7625255585 8.99896526337 101.000808716
      vertex -13.1347455978 9.27886104584 99.6316146851
    endloop
  endfacet
  facet normal -0.837165176868 0.546950101852 1.27053044707e-06
    outer loop
      vertex -9.62051868439 -7.14043712616 107.00541687
      vertex -9.6206445694 8.064204216 107.005264282
      vertex -11.33685112 -7.14043712616 104.378387451
    endloop
  endfacet
  facet normal -0.795015931129 0.606402337551 0.0150302471593
    outer loop
      vertex -11.33685112 -7.14043712616 104.378387451
      vertex -9.6206445694 8.064204216 107.005264282
      vertex -9.81577587128 8.09201335907 106.75012207
    endloop
  endfacet
  facet normal -0.819360971451 0.573229789734 0.00743414927274
    outer loop
      vertex -11.33685112 -7.14043712616 104.378387451
      vertex -9.81577587128 8.09201335907 106.75012207
      vertex -10.5413322449 8.21701622009 105.714653015
    endloop
  endfacet
  facet normal -0.855392575264 0.517979681492 0.000760346243624
    outer loop
      vertex -10.5413322449 8.21701622009 105.714653015
      vertex -11.1974163055 8.36754703522 104.631416321
      vertex -11.33685112 -7.14043712616 104.378387451
    endloop
  endfacet
  facet normal -0.875836551189 0.482607811689 -5.92517153564e-07
    outer loop
      vertex -11.33685112 -7.14043712616 104.378387451
      vertex -11.1974163055 8.36754703522 104.631416321
      vertex -11.3369970322 8.40549659729 104.378105164
    endloop
  endfacet
  facet normal -0.915773391724 0.401695311069 1.25535689222e-06
    outer loop
      vertex -11.33685112 -7.14043712616 104.378387451
      vertex -11.3369970322 8.40549659729 104.378105164
      vertex -12.5973787308 -7.14043712616 101.504676819
    endloop
  endfacet
  facet normal -0.892161548138 0.451579213142 0.0111358659342
    outer loop
      vertex -12.5973787308 -7.14043712616 101.504676819
      vertex -11.3369970322 8.40549659729 104.378105164
      vertex -11.782582283 8.54447841644 103.501213074
    endloop
  endfacet
  facet normal -0.916922092438 0.39905372262 0.00316362455487
    outer loop
      vertex -12.5973787308 -7.14043712616 101.504676819
      vertex -11.782582283 8.54447841644 103.501213074
      vertex -12.2874202728 8.74499797821 102.342819214
    endloop
  endfacet
  facet normal -0.727246403694 0.686359643936 0.00480023538694
    outer loop
      vertex -8.92222499847 7.98086357117 107.851066589
      vertex -9.62051868439 -7.14043712616 107.00541687
      vertex -7.94039773941 7.89784193039 108.890800476
    endloop
  endfacet
  facet normal -0.735723137856 0.677276968956 0.00271448050626
    outer loop
      vertex -7.94039773941 7.89784193039 108.890800476
      vertex -9.62051868439 -7.14043712616 107.00541687
      vertex -7.49520158768 -7.14043712616 109.31414032
    endloop
  endfacet
  facet normal -0.689099788666 0.72466647625 1.74742467607e-07
    outer loop
      vertex -7.94039773941 7.89784193039 108.890800476
      vertex -7.49520158768 -7.14043712616 109.31414032
      vertex -7.4952878952 7.87045383453 109.314064026
    endloop
  endfacet
  facet normal -0.534127891064 0.845403671265 -1.87237162663e-07
    outer loop
      vertex -4.52924871445 7.7912311554 111.550880432
      vertex -5.01888418198 7.79537343979 111.241531372
      vertex -5.01886463165 -7.14043712616 111.241546631
    endloop
  endfacet
  facet normal -0.566630959511 0.823971688747 -1.21861660318e-07
    outer loop
      vertex -5.01886463165 -7.14043712616 111.241546631
      vertex -5.01888418198 7.79537343979 111.241531372
      vertex -5.76092147827 7.80709457397 110.731246948
    endloop
  endfacet
  facet normal -0.614207863808 0.78913629055 0.00355105567724
    outer loop
      vertex -5.01886463165 -7.14043712616 111.241546631
      vertex -5.76092147827 7.80709457397 110.731246948
      vertex -7.49520158768 -7.14043712616 109.31414032
    endloop
  endfacet
  facet normal -0.615981221199 0.787754237652 0.0032142798882
    outer loop
      vertex -7.49520158768 -7.14043712616 109.31414032
      vertex -5.76092147827 7.80709457397 110.731246948
      vertex -6.88145589828 7.84102392197 109.855186462
    endloop
  endfacet
  facet normal -0.661282777786 0.750136733055 -1.19098494622e-07
    outer loop
      vertex -7.49520158768 -7.14043712616 109.31414032
      vertex -6.88145589828 7.84102392197 109.855186462
      vertex -7.4952878952 7.87045383453 109.314064026
    endloop
  endfacet
  facet normal -0.487399995327 0.873176276684 0.00210740067996
    outer loop
      vertex -4.52924871445 7.7912311554 111.550880432
      vertex -5.01886463165 -7.14043712616 111.241546631
      vertex -3.23139333725 7.79046058655 112.275337219
    endloop
  endfacet
  facet normal -0.475941926241 0.879468023777 0.00391474645585
    outer loop
      vertex -3.23139333725 7.79046058655 112.275337219
      vertex -5.01886463165 -7.14043712616 111.241546631
      vertex -2.2590649128 -7.14043712616 112.735069275
    endloop
  endfacet
  facet normal -0.427455365658 0.904036462307 7.2711861776e-07
    outer loop
      vertex -3.23139333725 7.79046058655 112.275337219
      vertex -2.2590649128 -7.14043712616 112.735069275
      vertex -2.25905704498 7.7966003418 112.735084534
    endloop
  endfacet
  facet normal -0.239281713963 0.970950186253 0
    outer loop
      vertex 0.945976436138 7.83174133301 113.812408447
      vertex 0.708927154541 7.82907819748 113.753990173
      vertex 0.708927154541 -7.14043712616 113.753990173
    endloop
  endfacet
  facet normal -0.276878505945 0.960904955864 0
    outer loop
      vertex 0.708927154541 -7.14043712616 113.753990173
      vertex 0.708927154541 7.82907819748 113.753990173
      vertex -0.478417932987 7.81522893906 113.411865234
    endloop
  endfacet
  facet normal -0.32469856739 0.945808470249 0.00414182897657
    outer loop
      vertex 0.708927154541 -7.14043712616 113.753990173
      vertex -0.478417932987 7.81522893906 113.411865234
      vertex -2.2590649128 -7.14043712616 112.735069275
    endloop
  endfacet
  facet normal -0.3448998034 0.938638448715 0.00141216767952
    outer loop
      vertex -2.2590649128 -7.14043712616 112.735069275
      vertex -0.478417932987 7.81522893906 113.411865234
      vertex -1.87214171886 7.80006980896 112.899719238
    endloop
  endfacet
  facet normal -0.391536951065 0.920162379742 7.63021262173e-07
    outer loop
      vertex -2.2590649128 -7.14043712616 112.735069275
      vertex -1.87214171886 7.80006980896 112.899719238
      vertex -2.25905704498 7.7966003418 112.735084534
    endloop
  endfacet
  facet normal -0.194853454828 0.980832099915 0.000741974741686
    outer loop
      vertex 0.945976436138 7.83174133301 113.812408447
      vertex 0.708927154541 -7.14043712616 113.753990173
      vertex 2.40102171898 7.84623575211 114.101478577
    endloop
  endfacet
  facet normal -0.164593368769 0.986352205276 0.0042865308933
    outer loop
      vertex 2.40102171898 7.84623575211 114.101478577
      vertex 0.708927154541 -7.14043712616 113.753990173
      vertex 3.80413961411 -7.14043712616 114.270484924
    endloop
  endfacet
  facet normal -0.1195878461 0.992823600769 -6.27340668302e-08
    outer loop
      vertex 2.40102171898 7.84623575211 114.101478577
      vertex 3.80413961411 -7.14043712616 114.270484924
      vertex 3.80414748192 7.85571908951 114.270484924
    endloop
  endfacet
  facet normal -0.0391770750284 0.999232292175 3.23606809616e-06
    outer loop
      vertex 5.37298536301 7.85955810547 114.335388184
      vertex 3.88579654694 7.85610485077 114.277084351
      vertex 5.3731508255 5.85955810547 114.335388184
    endloop
  endfacet
  facet normal -0.0802959799767 0.99629753828 0.0307210292667
    outer loop
      vertex 5.3731508255 5.85955810547 114.335388184
      vertex 3.88579654694 7.85610485077 114.277084351
      vertex 3.80414748192 7.85571908951 114.270484924
    endloop
  endfacet
  facet normal -0.0413290299475 0.999145567417 0
    outer loop
      vertex 5.3731508255 5.85955810547 114.335388184
      vertex 3.80414748192 7.85571908951 114.270484924
      vertex 5.3731508255 -5.14043712616 114.335388184
    endloop
  endfacet
  facet normal -0.0413288511336 0.999145627022 -2.168052049e-08
    outer loop
      vertex 5.3731508255 -5.14043712616 114.335388184
      vertex 3.80414748192 7.85571908951 114.270484924
      vertex 3.80413961411 -7.14043712616 114.270484924
    endloop
  endfacet
  facet normal 0 0.999473929405 0.0324333459139
    outer loop
      vertex 5.3731508255 -5.14043712616 114.335388184
      vertex 3.80413961411 -7.14043712616 114.270484924
      vertex 6.9421620369 -7.14043712616 114.270484924
    endloop
  endfacet
  facet normal 0.238920032978 0.971039235592 -0
    outer loop
      vertex 10.0373735428 7.82907438278 113.753990173
      vertex 9.78670692444 7.83189058304 113.815666199
      vertex 10.0373735428 -7.14044523239 113.753990173
    endloop
  endfacet
  facet normal 0.193922266364 0.98101657629 0.000794451509137
    outer loop
      vertex 10.0373735428 -7.14044523239 113.753990173
      vertex 9.78670692444 7.83189058304 113.815666199
      vertex 8.32344818115 7.84642076492 114.104927063
    endloop
  endfacet
  facet normal 0.164593413472 0.986352264881 0.00427349330857
    outer loop
      vertex 10.0373735428 -7.14044523239 113.753990173
      vertex 8.32344818115 7.84642076492 114.104927063
      vertex 6.9421620369 -7.14043712616 114.270484924
    endloop
  endfacet
  facet normal 0.119010314345 0.99289304018 0
    outer loop
      vertex 6.9421620369 -7.14043712616 114.270484924
      vertex 8.32344818115 7.84642076492 114.104927063
      vertex 6.9421620369 7.85571908951 114.270484924
    endloop
  endfacet
  facet normal 0.0413288250566 0.999145627022 0
    outer loop
      vertex 6.9421620369 -7.14043712616 114.270484924
      vertex 6.9421620369 7.85571908951 114.270484924
      vertex 5.3731508255 5.85955810547 114.335388184
    endloop
  endfacet
  facet normal 0.0799957811832 0.996328949928 0.0304843597114
    outer loop
      vertex 5.3731508255 5.85955810547 114.335388184
      vertex 6.9421620369 7.85571908951 114.270484924
      vertex 6.85218191147 7.85614013672 114.27772522
    endloop
  endfacet
  facet normal 0.0389533527195 0.999241054058 -3.21758875543e-06
    outer loop
      vertex 5.3731508255 5.85955810547 114.335388184
      vertex 6.85218191147 7.85614013672 114.27772522
      vertex 5.37298536301 7.85955810547 114.335388184
    endloop
  endfacet
  facet normal 0.391434133053 0.920206129551 7.63121306591e-07
    outer loop
      vertex 13.0053653717 -7.14044523239 112.735069275
      vertex 13.0053577423 7.7965965271 112.735084534
      vertex 12.6152524948 7.80010128021 112.901023865
    endloop
  endfacet
  facet normal 0.324700683355 0.945814669132 0.00202769786119
    outer loop
      vertex 13.0053653717 -7.14044523239 112.735069275
      vertex 12.6152524948 7.80010128021 112.901023865
      vertex 10.0373735428 -7.14044523239 113.753990173
    endloop
  endfacet
  facet normal 0.34474503994 0.938677847385 0.00589364441112
    outer loop
      vertex 10.0373735428 -7.14044523239 113.753990173
      vertex 12.6152524948 7.80010128021 112.901023865
      vertex 11.2238254547 7.81524085999 113.412147522
    endloop
  endfacet
  facet normal 0.276859104633 0.960910499096 0
    outer loop
      vertex 10.0373735428 -7.14044523239 113.753990173
      vertex 11.2238254547 7.81524085999 113.412147522
      vertex 10.0373735428 7.82907438278 113.753990173
    endloop
  endfacet
  facet normal 0.53379458189 0.84561419487 -3.28473817035e-07
    outer loop
      vertex 15.7651672363 -7.14044523239 111.241546631
      vertex 15.7651824951 7.79537343979 111.241531372
      vertex 15.2623329163 7.7911529541 111.558952332
    endloop
  endfacet
  facet normal 0.475943654776 0.879471719265 0.00266757467762
    outer loop
      vertex 15.7651672363 -7.14044523239 111.241546631
      vertex 15.2623329163 7.7911529541 111.558952332
      vertex 13.0053653717 -7.14044523239 112.735069275
    endloop
  endfacet
  facet normal 0.486619919538 0.873600900173 0.00474375998601
    outer loop
      vertex 13.0053653717 -7.14044523239 112.735069275
      vertex 15.2623329163 7.7911529541 111.558952332
      vertex 13.9615077972 7.79052352905 112.283546448
    endloop
  endfacet
  facet normal 0.427022695541 0.904240906239 7.27561655367e-07
    outer loop
      vertex 13.0053653717 -7.14044523239 112.735069275
      vertex 13.9615077972 7.79052352905 112.283546448
      vertex 13.0053577423 7.7965965271 112.735084534
    endloop
  endfacet
  facet normal 0.661325335503 0.750099182129 -1.18656622305e-07
    outer loop
      vertex 18.2414989471 -7.14044523239 109.31414032
      vertex 18.2415866852 7.870449543 109.314064026
      vertex 17.6295909882 7.8410987854 109.853630066
    endloop
  endfacet
  facet normal 0.614208936691 0.78913640976 0.00333004444838
    outer loop
      vertex 18.2414989471 -7.14044523239 109.31414032
      vertex 17.6295909882 7.8410987854 109.853630066
      vertex 15.7651672363 -7.14044523239 111.241546631
    endloop
  endfacet
  facet normal 0.616043508053 0.787703514099 0.0036910965573
    outer loop
      vertex 15.7651672363 -7.14044523239 111.241546631
      vertex 17.6295909882 7.8410987854 109.853630066
      vertex 16.5072231293 7.80709075928 110.731246948
    endloop
  endfacet
  facet normal 0.566628932953 0.823973119259 -2.71088879344e-07
    outer loop
      vertex 15.7651672363 -7.14044523239 111.241546631
      vertex 16.5072231293 7.80709075928 110.731246948
      vertex 15.7651824951 7.79537343979 111.241531372
    endloop
  endfacet
  facet normal 0.735720157623 0.677274227142 0.00392523733899
    outer loop
      vertex 20.3668174744 -7.14044523239 107.00541687
      vertex 19.6586341858 7.9798412323 107.862342834
      vertex 18.2414989471 -7.14044523239 109.31414032
    endloop
  endfacet
  facet normal 0.726711630821 0.686939299107 0.00215291325003
    outer loop
      vertex 18.2414989471 -7.14044523239 109.31414032
      vertex 19.6586341858 7.9798412323 107.862342834
      vertex 18.6800956726 7.89738941193 108.897277832
    endloop
  endfacet
  facet normal 0.688921034336 0.724836409092 1.72821586375e-07
    outer loop
      vertex 18.2414989471 -7.14044523239 109.31414032
      vertex 18.6800956726 7.89738941193 108.897277832
      vertex 18.2415866852 7.870449543 109.314064026
    endloop
  endfacet
  facet normal 0.855679750443 0.517505228519 0.00072825467214
    outer loop
      vertex 21.9487934113 8.36888408661 104.622367859
      vertex 21.2936019897 8.21820449829 105.705497742
      vertex 22.0831508636 -7.14044523239 104.378387451
    endloop
  endfacet
  facet normal 0.819524109364 0.57299721241 0.00738186156377
    outer loop
      vertex 22.0831508636 -7.14044523239 104.378387451
      vertex 21.2936019897 8.21820449829 105.705497742
      vertex 20.562078476 8.09200954437 106.75012207
    endloop
  endfacet
  facet normal 0.83716404438 0.546949625015 0.00156470481306
    outer loop
      vertex 22.0831508636 -7.14044523239 104.378387451
      vertex 20.562078476 8.09200954437 106.75012207
      vertex 20.3668174744 -7.14044523239 107.00541687
    endloop
  endfacet
  facet normal 0.794320225716 0.607499241829 7.00269310983e-07
    outer loop
      vertex 20.3668174744 -7.14044523239 107.00541687
      vertex 20.562078476 8.09200954437 106.75012207
      vertex 20.3669509888 8.06420040131 107.005264282
    endloop
  endfacet
  facet normal 0.770833849907 0.637036263943 1.8804598767e-07
    outer loop
      vertex 20.3668174744 -7.14044523239 107.00541687
      vertex 20.3669509888 8.06420040131 107.005264282
      vertex 19.6586341858 7.9798412323 107.862342834
    endloop
  endfacet
  facet normal 0.93792539835 0.346837133169 -7.47433318793e-07
    outer loop
      vertex 23.343870163 8.90118122101 101.504112244
      vertex 23.0337238312 8.74499797821 102.342819214
      vertex 23.3436737061 -7.14044523239 101.504676819
    endloop
  endfacet
  facet normal 0.91691917181 0.399060368538 0.00316449860111
    outer loop
      vertex 23.3436737061 -7.14044523239 101.504676819
      vertex 23.0337238312 8.74499797821 102.342819214
      vertex 22.5287780762 8.5444355011 103.501434326
    endloop
  endfacet
  facet normal 0.91576808691 0.401691645384 0.00355927553028
    outer loop
      vertex 23.3436737061 -7.14044523239 101.504676819
      vertex 22.5287780762 8.5444355011 103.501434326
      vertex 22.0831508636 -7.14044523239 104.378387451
    endloop
  endfacet
  facet normal 0.891502857208 0.453015089035 3.2615784562e-07
    outer loop
      vertex 22.0831508636 -7.14044523239 104.378387451
      vertex 22.5287780762 8.5444355011 103.501434326
      vertex 22.0832920074 8.40549182892 104.378120422
    endloop
  endfacet
  facet normal 0.875970363617 0.482364952564 -3.20289757383e-07
    outer loop
      vertex 22.0831508636 -7.14044523239 104.378387451
      vertex 22.0832920074 8.40549182892 104.378120422
      vertex 21.9487934113 8.36888408661 104.622367859
    endloop
  endfacet
  facet normal 0.950383245945 0.311081379652 6.67784604502e-07
    outer loop
      vertex 23.343870163 8.90118122101 101.504112244
      vertex 23.3436737061 -7.14044523239 101.504676819
      vertex 23.5133590698 9.00182437897 100.986305237
    endloop
  endfacet
  facet normal 0.969397842884 0.245484277606 0.00230705155991
    outer loop
      vertex 23.5133590698 9.00182437897 100.986305237
      vertex 23.3436737061 -7.14044523239 101.504676819
      vertex 24.1140098572 -7.14044523239 98.462677002
    endloop
  endfacet
  facet normal 0.965468227863 0.260476619005 0.00479712430388
    outer loop
      vertex 23.5133590698 9.00182437897 100.986305237
      vertex 24.1140098572 -7.14044523239 98.462677002
      vertex 23.8859062195 9.28329753876 99.6106262207
    endloop
  endfacet
  facet normal 0.9992364645 0.0390700995922 -0
    outer loop
      vertex 24.3731498718 10.2546072006 95.3353805542
      vertex 24.3151493073 9.90501594543 96.8188018799
      vertex 24.3731498718 -7.14044523239 95.3353805542
    endloop
  endfacet
  facet normal 0.993505001068 0.113602392375 0.00650584790856
    outer loop
      vertex 24.3731498718 -7.14044523239 95.3353805542
      vertex 24.3151493073 9.90501594543 96.8188018799
      vertex 24.1526527405 9.58540153503 98.2216033936
    endloop
  endfacet
  facet normal 0.996583759785 0.0825808420777 0.00111216225196
    outer loop
      vertex 24.3731498718 -7.14044523239 95.3353805542
      vertex 24.1526527405 9.58540153503 98.2216033936
      vertex 24.1140098572 -7.14044523239 98.462677002
    endloop
  endfacet
  facet normal 0.987401783466 0.158233195543 5.734888191e-07
    outer loop
      vertex 24.1140098572 -7.14044523239 98.462677002
      vertex 24.1526527405 9.58540153503 98.2216033936
      vertex 24.1140651703 9.53190326691 98.4623947144
    endloop
  endfacet
  facet normal 0.980824232101 0.194894403219 -7.09790413111e-08
    outer loop
      vertex 24.1140098572 -7.14044523239 98.462677002
      vertex 24.1140651703 9.53190326691 98.4623947144
      vertex 23.8859062195 9.28329753876 99.6106262207
    endloop
  endfacet
  facet normal -0.956346750259 -0.289789170027 -0.0377250351012
    outer loop
      vertex 20.781867981 9.27606773376 99.6448287964
      vertex 21.1549339294 5.85955810547 97.9688949585
      vertex 20.5064220428 9.09300804138 100.530014038
    endloop
  endfacet
  facet normal -0.969399690628 -0.245487645268 -1.71542669705e-05
    outer loop
      vertex 20.5064220428 9.09300804138 100.530014038
      vertex 21.1549339294 5.85955810547 97.9688949585
      vertex 20.5062236786 5.85955810547 100.530563354
    endloop
  endfacet
  facet normal -0.940527319908 -0.339718043804 6.49787807561e-07
    outer loop
      vertex 20.5064220428 9.09300804138 100.530014038
      vertex 20.5062236786 5.85955810547 100.530563354
      vertex 20.3330059052 8.99713230133 101.010124207
    endloop
  endfacet
  facet normal -0.974335670471 -0.225064247847 -0.00401055067778
    outer loop
      vertex 20.781867981 9.27606773376 99.6448287964
      vertex 21.1059551239 9.57969379425 98.2472229004
      vertex 21.1549339294 5.85955810547 97.9688949585
    endloop
  endfacet
  facet normal -0.984870135784 -0.173293858767 1.40580993957e-06
    outer loop
      vertex 21.1549339294 5.85955810547 97.9688949585
      vertex 21.1059551239 9.57969379425 98.2472229004
      vertex 21.1549816132 9.64208126068 97.9685974121
    endloop
  endfacet
  facet normal -0.99658459425 -0.0825783088803 -5.90972513237e-06
    outer loop
      vertex 21.1549339294 5.85955810547 97.9688949585
      vertex 21.1549816132 9.64208126068 97.9685974121
      vertex 21.3731498718 5.85955810547 95.3353805542
    endloop
  endfacet
  facet normal -0.992088079453 -0.122386440635 -0.027977777645
    outer loop
      vertex 21.3731498718 5.85955810547 95.3353805542
      vertex 21.1549816132 9.64208126068 97.9685974121
      vertex 21.3042373657 9.90501594543 96.8188018799
    endloop
  endfacet
  facet normal -0.99892270565 -0.0464053414762 -0
    outer loop
      vertex 21.3731498718 5.85955810547 95.3353805542
      vertex 21.3042373657 9.90501594543 96.8188018799
      vertex 21.3731498718 10.2546072006 95.3353805542
    endloop
  endfacet
  facet normal -0.889446258545 -0.45703971386 -5.46348928765e-06
    outer loop
      vertex 19.4447307587 5.85955810547 102.950538635
      vertex 19.4449901581 8.63758182526 102.950065613
      vertex 19.757024765 8.74499797821 102.342819214
    endloop
  endfacet
  facet normal -0.918560028076 -0.395162820816 -0.00968649424613
    outer loop
      vertex 20.3330059052 8.99713230133 101.010124207
      vertex 20.5062236786 5.85955810547 100.530563354
      vertex 19.757024765 8.74499797821 102.342819214
    endloop
  endfacet
  facet normal -0.945271730423 -0.323539376259 0.0422335155308
    outer loop
      vertex 19.757024765 8.74499797821 102.342819214
      vertex 20.5062236786 5.85955810547 100.530563354
      vertex 20.5045166016 5.85955810547 100.535552979
    endloop
  endfacet
  facet normal -0.915611088276 -0.401804536581 -0.0144708016887
    outer loop
      vertex 19.757024765 8.74499797821 102.342819214
      vertex 20.5045166016 5.85955810547 100.535552979
      vertex 19.4447307587 5.85955810547 102.950538635
    endloop
  endfacet
  facet normal -0.774479448795 -0.632599115372 2.60218826043e-06
    outer loop
      vertex 17.5231380463 8.21297264099 105.745857239
      vertex 17.9996356964 8.29131793976 105.162483215
      vertex 17.9994010925 5.85955810547 105.162788391
    endloop
  endfacet
  facet normal -0.800683021545 -0.599088251591 -4.06037906941e-06
    outer loop
      vertex 17.9994010925 5.85955810547 105.162788391
      vertex 17.9996356964 8.29131793976 105.162483215
      vertex 18.3638439178 8.36100959778 104.675720215
    endloop
  endfacet
  facet normal -0.837066709995 -0.546882092953 -0.0154700791463
    outer loop
      vertex 17.9994010925 5.85955810547 105.162788391
      vertex 18.3638439178 8.36100959778 104.675720215
      vertex 19.4447307587 5.85955810547 102.950538635
    endloop
  endfacet
  facet normal -0.836957275867 -0.547044992447 -0.0156297124922
    outer loop
      vertex 19.4447307587 5.85955810547 102.950538635
      vertex 18.3638439178 8.36100959778 104.675720215
      vertex 19.1085758209 8.53785896301 103.541366577
    endloop
  endfacet
  facet normal -0.869172215462 -0.494509488344 2.79748201137e-06
    outer loop
      vertex 19.4447307587 5.85955810547 102.950538635
      vertex 19.1085758209 8.53785896301 103.541366577
      vertex 19.4449901581 8.63758182526 102.950065613
    endloop
  endfacet
  facet normal -0.731809675694 -0.681195437908 -0.0206724666059
    outer loop
      vertex 17.5231380463 8.21297264099 105.745857239
      vertex 17.9994010925 5.85955810547 105.162788391
      vertex 16.5849075317 8.09200954437 106.75012207
    endloop
  endfacet
  facet normal -0.735635697842 -0.677202105522 -0.0154088605195
    outer loop
      vertex 16.5849075317 8.09200954437 106.75012207
      vertex 17.9994010925 5.85955810547 105.162788391
      vertex 16.2096538544 5.85955810547 107.106964111
    endloop
  endfacet
  facet normal -0.689112186432 -0.72465467453 -3.84441318602e-06
    outer loop
      vertex 16.5849075317 8.09200954437 106.75012207
      vertex 16.2096538544 5.85955810547 107.106964111
      vertex 16.209897995 8.05347824097 107.106742859
    endloop
  endfacet
  facet normal -0.642445981503 -0.766330957413 5.52716619495e-06
    outer loop
      vertex 16.209897995 8.05347824097 107.106742859
      vertex 16.2096538544 5.85955810547 107.106964111
      vertex 15.0726652145 7.96240854263 108.060134888
    endloop
  endfacet
  facet normal -0.614014148712 -0.788880169392 -0.0255882702768
    outer loop
      vertex 15.0726652145 7.96240854263 108.060134888
      vertex 16.2096538544 5.85955810547 107.106964111
      vertex 14.1243257523 5.85955810547 108.730049133
    endloop
  endfacet
  facet normal -0.576975941658 -0.816761136055 -2.61692798631e-06
    outer loop
      vertex 15.0726652145 7.96240854263 108.060134888
      vertex 14.1243257523 5.85955810547 108.730049133
      vertex 14.1244907379 7.90923690796 108.729942322
    endloop
  endfacet
  facet normal -0.475946098566 -0.879474461079 -5.76837635435e-07
    outer loop
      vertex 11.80027771 5.85955810547 109.987754822
      vertex 11.8003091812 7.83478975296 109.987739563
      vertex 14.1243257523 5.85955810547 108.730049133
    endloop
  endfacet
  facet normal -0.453345835209 -0.890695989132 -0.0337367169559
    outer loop
      vertex 14.1243257523 5.85955810547 108.730049133
      vertex 11.8003091812 7.83478975296 109.987739563
      vertex 13.4142084122 7.87947273254 109.167991638
    endloop
  endfacet
  facet normal -0.524928092957 -0.851146578789 3.42569728673e-06
    outer loop
      vertex 14.1243257523 5.85955810547 108.730049133
      vertex 13.4142084122 7.87947273254 109.167991638
      vertex 14.1244907379 7.90923690796 108.729942322
    endloop
  endfacet
  facet normal -0.225575774908 -0.974225640297 -9.12658151719e-07
    outer loop
      vertex 8.66253185272 7.80031347275 110.993598938
      vertex 9.30092811584 7.80393600464 110.845787048
      vertex 9.30091953278 5.85955810547 110.845787048
    endloop
  endfacet
  facet normal -0.258857548237 -0.965915501118 -1.04731293504e-06
    outer loop
      vertex 9.30091953278 5.85955810547 110.845787048
      vertex 9.30092811584 7.80393600464 110.845787048
      vertex 9.72832965851 7.80709075928 110.731246948
    endloop
  endfacet
  facet normal -0.324658989906 -0.945701956749 -0.0156307835132
    outer loop
      vertex 9.30091953278 5.85955810547 110.845787048
      vertex 9.72832965851 7.80709075928 110.731246948
      vertex 11.80027771 5.85955810547 109.987754822
    endloop
  endfacet
  facet normal -0.33184799552 -0.943306386471 -0.00706798909232
    outer loop
      vertex 11.80027771 5.85955810547 109.987754822
      vertex 9.72832965851 7.80709075928 110.731246948
      vertex 11.6140012741 7.83119869232 110.068061829
    endloop
  endfacet
  facet normal -0.395888537169 -0.918298602104 1.00779629975e-06
    outer loop
      vertex 11.80027771 5.85955810547 109.987754822
      vertex 11.6140012741 7.83119869232 110.068061829
      vertex 11.8003091812 7.83478975296 109.987739563
    endloop
  endfacet
  facet normal -0.171758428216 -0.984964966774 -0.018521444872
    outer loop
      vertex 8.66253185272 7.80031347275 110.993598938
      vertex 9.30091953278 5.85955810547 110.845787048
      vertex 7.5757060051 7.79641151428 111.183052063
    endloop
  endfacet
  facet normal -0.164544910192 -0.986049294472 -0.0251355487853
    outer loop
      vertex 7.5757060051 7.79641151428 111.183052063
      vertex 9.30091953278 5.85955810547 110.845787048
      vertex 6.69442367554 5.85955810547 111.280738831
    endloop
  endfacet
  facet normal -0.110156901181 -0.993914186954 8.08084951132e-06
    outer loop
      vertex 7.5757060051 7.79641151428 111.183052063
      vertex 6.69442367554 5.85955810547 111.280738831
      vertex 6.69442367554 7.79472446442 111.280723572
    endloop
  endfacet
  facet normal 0.0756374746561 -0.997135400772 8.10703932075e-06
    outer loop
      vertex 4.05188179016 5.85955810547 111.280738831
      vertex 4.05188179016 7.79472446442 111.280723572
      vertex 4.2750620842 7.79445695877 111.297653198
    endloop
  endfacet
  facet normal 0.0413204245269 -0.999138057232 -0.0039676874876
    outer loop
      vertex 4.05188179016 5.85955810547 111.280738831
      vertex 4.2750620842 7.79445695877 111.297653198
      vertex 5.37315273285 5.85955810547 111.335380554
    endloop
  endfacet
  facet normal 0.0343864783645 -0.999408602715 -2.72703236988e-05
    outer loop
      vertex 5.37315273285 5.85955810547 111.335380554
      vertex 4.2750620842 7.79445695877 111.297653198
      vertex 5.37161874771 7.7938785553 111.335380554
    endloop
  endfacet
  facet normal -0.0413207486272 -0.999145925045 3.27695706801e-05
    outer loop
      vertex 5.37315273285 5.85955810547 111.335380554
      vertex 5.37161874771 7.7938785553 111.335380554
      vertex 6.69442367554 5.85955810547 111.280738831
    endloop
  endfacet
  facet normal -0.034326877445 -0.999399363995 -0.00475722039118
    outer loop
      vertex 6.69442367554 5.85955810547 111.280738831
      vertex 5.37161874771 7.7938785553 111.335380554
      vertex 6.47243928909 7.79445695877 111.297576904
    endloop
  endfacet
  facet normal -0.0756912231445 -0.997131288052 8.10700566944e-06
    outer loop
      vertex 6.69442367554 5.85955810547 111.280738831
      vertex 6.47243928909 7.79445695877 111.297576904
      vertex 6.69442367554 7.79472446442 111.280723572
    endloop
  endfacet
  facet normal 0.225249156356 -0.974301218987 0
    outer loop
      vertex 1.44538450241 5.859562397 110.845787048
      vertex 1.44538450241 7.80394029617 110.845787048
      vertex 2.09469175339 7.80026626587 110.995903015
    endloop
  endfacet
  facet normal 0.164559811354 -0.986138820648 -0.0212206598371
    outer loop
      vertex 1.44538450241 5.859562397 110.845787048
      vertex 2.09469175339 7.80026626587 110.995903015
      vertex 4.05188179016 5.85955810547 111.280738831
    endloop
  endfacet
  facet normal 0.171041026711 -0.984867572784 -0.0279434937984
    outer loop
      vertex 4.05188179016 5.85955810547 111.280738831
      vertex 2.09469175339 7.80026626587 110.995903015
      vertex 3.18273758888 7.79638004303 111.184745789
    endloop
  endfacet
  facet normal 0.109757080674 -0.993958413601 8.08120967122e-06
    outer loop
      vertex 4.05188179016 5.85955810547 111.280738831
      vertex 3.18273758888 7.79638004303 111.184745789
      vertex 4.05188179016 7.79472446442 111.280723572
    endloop
  endfacet
  facet normal 0.395975530148 -0.918261051178 1.79463893346e-06
    outer loop
      vertex -1.05397427082 5.85955810547 109.987754822
      vertex -1.05400180817 7.83478975296 109.987739563
      vertex -0.869018733501 7.83122587204 110.067512512
    endloop
  endfacet
  facet normal 0.324688732624 -0.945788800716 -0.0077988691628
    outer loop
      vertex -1.05397427082 5.85955810547 109.987754822
      vertex -0.869018733501 7.83122587204 110.067512512
      vertex 1.44538450241 5.859562397 110.845787048
    endloop
  endfacet
  facet normal 0.33196169138 -0.943132638931 -0.0173845533282
    outer loop
      vertex 1.44538450241 5.859562397 110.845787048
      vertex -0.869018733501 7.83122587204 110.067512512
      vertex 1.01797509193 7.80709457397 110.731246948
    endloop
  endfacet
  facet normal 0.258853077888 -0.965916693211 0
    outer loop
      vertex 1.44538450241 5.859562397 110.845787048
      vertex 1.01797509193 7.80709457397 110.731246948
      vertex 1.44538450241 7.80394029617 110.845787048
    endloop
  endfacet
  facet normal 0.452615052462 -0.891705989838 7.93591652837e-07
    outer loop
      vertex -1.05400180817 7.83478975296 109.987739563
      vertex -1.05397427082 5.85955810547 109.987754822
      vertex -2.66038799286 7.8791975975 109.172363281
    endloop
  endfacet
  facet normal 0.475814789534 -0.87923181057 -0.0234884284437
    outer loop
      vertex -2.66038799286 7.8791975975 109.172363281
      vertex -1.05397427082 5.85955810547 109.987754822
      vertex -3.37802219391 5.85955810547 108.730049133
    endloop
  endfacet
  facet normal 0.524698972702 -0.851287841797 1.43793204188e-06
    outer loop
      vertex -2.66038799286 7.8791975975 109.172363281
      vertex -3.37802219391 5.85955810547 108.730049133
      vertex -3.3781952858 7.90923690796 108.729942322
    endloop
  endfacet
  facet normal 0.577184736729 -0.816613614559 -4.85694727104e-06
    outer loop
      vertex -3.3781952858 7.90923690796 108.729942322
      vertex -3.37802219391 5.85955810547 108.730049133
      vertex -4.3328666687 7.96283721924 108.055175781
    endloop
  endfacet
  facet normal 0.614012539387 -0.788880288601 -0.0256226472557
    outer loop
      vertex -4.3328666687 7.96283721924 108.055175781
      vertex -3.37802219391 5.85955810547 108.730049133
      vertex -5.46335697174 5.85955810547 107.106964111
    endloop
  endfacet
  facet normal 0.642644703388 -0.766164362431 7.79268975748e-06
    outer loop
      vertex -4.3328666687 7.96283721924 108.055175781
      vertex -5.46335697174 5.85955810547 107.106964111
      vertex -5.46359300613 8.05347824097 107.106742859
    endloop
  endfacet
  facet normal 0.774374067783 -0.632728040218 1.37571066716e-06
    outer loop
      vertex -7.25309753418 5.85955810547 105.162788391
      vertex -7.25333786011 8.29131793976 105.162483215
      vertex -6.77366924286 8.21249675751 105.749534607
    endloop
  endfacet
  facet normal 0.735591471195 -0.677159488201 -0.01898069866
    outer loop
      vertex -7.25309753418 5.85955810547 105.162788391
      vertex -6.77366924286 8.21249675751 105.749534607
      vertex -5.46335697174 5.85955810547 107.106964111
    endloop
  endfacet
  facet normal 0.731392085552 -0.68181437254 -0.013956672512
    outer loop
      vertex -5.46335697174 5.85955810547 107.106964111
      vertex -6.77366924286 8.21249675751 105.749534607
      vertex -5.8386054039 8.09201335907 106.75012207
    endloop
  endfacet
  facet normal 0.6891092062 -0.724657475948 -1.3728488284e-06
    outer loop
      vertex -5.46335697174 5.85955810547 107.106964111
      vertex -5.8386054039 8.09201335907 106.75012207
      vertex -5.46359300613 8.05347824097 107.106742859
    endloop
  endfacet
  facet normal 0.83706754446 -0.546882688999 -0.0154023794457
    outer loop
      vertex -8.69842720032 5.85955810547 102.950538635
      vertex -8.36792087555 8.53942012787 103.531890869
      vertex -7.25309753418 5.85955810547 105.162788391
    endloop
  endfacet
  facet normal 0.837301254272 -0.546515703201 -0.0157229229808
    outer loop
      vertex -7.25309753418 5.85955810547 105.162788391
      vertex -8.36792087555 8.53942012787 103.531890869
      vertex -7.62264299393 8.3620557785 104.668609619
    endloop
  endfacet
  facet normal 0.800856769085 -0.598855912685 -5.40119935977e-06
    outer loop
      vertex -7.25309753418 5.85955810547 105.162788391
      vertex -7.62264299393 8.3620557785 104.668609619
      vertex -7.25333786011 8.29131793976 105.162483215
    endloop
  endfacet
  facet normal 0.945883750916 -0.324494808912 0.00265056407079
    outer loop
      vertex -9.75992584229 5.85955810547 100.530563354
      vertex -9.58580303192 8.99666023254 101.012496948
      vertex -9.75821495056 5.85955810547 100.535552979
    endloop
  endfacet
  facet normal 0.918523788452 -0.395248860121 -0.00961013697088
    outer loop
      vertex -9.75821495056 5.85955810547 100.535552979
      vertex -9.58580303192 8.99666023254 101.012496948
      vertex -9.01072216034 8.74499797821 102.342819214
    endloop
  endfacet
  facet normal 0.915611088276 -0.401804566383 -0.0144707970321
    outer loop
      vertex -9.75821495056 5.85955810547 100.535552979
      vertex -9.01072216034 8.74499797821 102.342819214
      vertex -8.69842720032 5.85955810547 102.950538635
    endloop
  endfacet
  facet normal 0.889443814754 -0.457044482231 -4.20309606852e-06
    outer loop
      vertex -8.69842720032 5.85955810547 102.950538635
      vertex -9.01072216034 8.74499797821 102.342819214
      vertex -8.69868278503 8.63758182526 102.950065613
    endloop
  endfacet
  facet normal 0.869341254234 -0.494212239981 3.96207542508e-06
    outer loop
      vertex -8.69842720032 5.85955810547 102.950538635
      vertex -8.69868278503 8.63758182526 102.950065613
      vertex -8.36792087555 8.53942012787 103.531890869
    endloop
  endfacet
  facet normal 0.984938323498 -0.172905921936 6.55091184854e-07
    outer loop
      vertex -10.4086790085 9.64208126068 97.9686126709
      vertex -10.3619623184 9.58247470856 98.2347259521
      vertex -10.4086313248 5.85955810547 97.9688949585
    endloop
  endfacet
  facet normal 0.974500954151 -0.224351212382 -0.00380362290889
    outer loop
      vertex -10.4086313248 5.85955810547 97.9688949585
      vertex -10.3619623184 9.58247470856 98.2347259521
      vertex -10.0388345718 9.27853870392 99.6331253052
    endloop
  endfacet
  facet normal 0.96929615736 -0.245459958911 -0.014641511254
    outer loop
      vertex -10.4086313248 5.85955810547 97.9688949585
      vertex -10.0388345718 9.27853870392 99.6331253052
      vertex -9.75992584229 5.85955810547 100.530563354
    endloop
  endfacet
  facet normal 0.954951226711 -0.296762764454 -4.93735660712e-06
    outer loop
      vertex -9.75992584229 5.85955810547 100.530563354
      vertex -10.0388345718 9.27853870392 99.6331253052
      vertex -9.7601184845 9.09301280975 100.529998779
    endloop
  endfacet
  facet normal 0.940504133701 -0.339782238007 3.45955186276e-06
    outer loop
      vertex -9.75992584229 5.85955810547 100.530563354
      vertex -9.7601184845 9.09301280975 100.529998779
      vertex -9.58580303192 8.99666023254 101.012496948
    endloop
  endfacet
  facet normal 0.991679787636 -0.128729119897 -2.73662067229e-06
    outer loop
      vertex -10.4086790085 9.64208126068 97.9686126709
      vertex -10.4086313248 5.85955810547 97.9688949585
      vertex -10.557934761 9.90501976013 96.8188018799
    endloop
  endfacet
  facet normal 0.996496260166 -0.0825725272298 -0.0133024211973
    outer loop
      vertex -10.557934761 9.90501976013 96.8188018799
      vertex -10.4086313248 5.85955810547 97.9688949585
      vertex -10.6268520355 5.85955810547 95.3353805542
    endloop
  endfacet
  facet normal 0.99892270565 -0.0464055538177 8.93993728823e-07
    outer loop
      vertex -10.557934761 9.90501976013 96.8188018799
      vertex -10.6268520355 5.85955810547 95.3353805542
      vertex -10.6268472672 10.2546072006 95.3353805542
    endloop
  endfacet
  facet normal -1 -2.99800611003e-08 0
    outer loop
      vertex 15.8731470108 5.85955810547 99.3353805542
      vertex 15.8731479645 5.85955429077 58.3353843689
      vertex 15.8731470108 -5.14044523239 99.3353805542
    endloop
  endfacet
  facet normal -1 -2.99800611003e-08 0
    outer loop
      vertex 15.8731470108 -5.14044523239 99.3353805542
      vertex 15.8731479645 5.85955429077 58.3353843689
      vertex 15.8731479645 -5.14044523239 58.3353843689
    endloop
  endfacet
  facet normal 0 1 0
    outer loop
      vertex 15.8731479645 -5.14044523239 58.3353843689
      vertex 15.8731479645 5.85955429077 58.3353843689
      vertex -5.12685394287 -5.14044523239 58.3353843689
    endloop
  endfacet
  facet normal 0 1 0
    outer loop
      vertex -5.12685394287 -5.14044523239 58.3353843689
      vertex 15.8731479645 5.85955429077 58.3353843689
      vertex 5.37315368652 5.85955429077 58.3353843689
    endloop
  endfacet
  facet normal 0 1 0
    outer loop
      vertex -5.12685394287 -5.14044523239 58.3353843689
      vertex 5.37315368652 5.85955429077 58.3353843689
      vertex -5.12685012817 5.85955810547 58.3353843689
    endloop
  endfacet
  facet normal 1 -4.79681006027e-08 3.57580262289e-07
    outer loop
      vertex -5.12685012817 5.85955810547 58.3353843689
      vertex -5.12684774399 5.85955810547 99.3353805542
      vertex -5.12685394287 -5.14044523239 58.3353843689
    endloop
  endfacet
  facet normal 1 -4.79680331011e-08 3.57580518084e-07
    outer loop
      vertex -5.12685394287 -5.14044523239 58.3353843689
      vertex -5.12684774399 5.85955810547 99.3353805542
      vertex -5.12685203552 -5.14043712616 99.3353805542
    endloop
  endfacet
  facet normal 0 -1 0
    outer loop
      vertex 15.8731470108 5.85955810547 99.3353805542
      vertex 15.8731470108 -5.14044523239 99.3353805542
      vertex 5.37315177917 5.85955810547 99.3353805542
    endloop
  endfacet
  facet normal 0 -1 0
    outer loop
      vertex 5.37315177917 5.85955810547 99.3353805542
      vertex 15.8731470108 -5.14044523239 99.3353805542
      vertex -5.12685203552 -5.14043712616 99.3353805542
    endloop
  endfacet
  facet normal 0 -1 0
    outer loop
      vertex 5.37315177917 5.85955810547 99.3353805542
      vertex -5.12685203552 -5.14043712616 99.3353805542
      vertex -5.12684774399 5.85955810547 99.3353805542
    endloop
  endfacet
  facet normal 1.3906110472e-17 0.185893565416 -0.982569873333
    outer loop
      vertex 20.3330059052 8.99713230133 101.010124207
      vertex 19.757024765 8.74499797821 102.342819214
      vertex 23.0337238312 8.74499797821 102.342819214
    endloop
  endfacet
  facet normal 7.62164795433e-18 0.11958450824 -0.992824018002
    outer loop
      vertex 17.5231380463 8.21297264099 105.745857239
      vertex 16.5849075317 8.09200954437 106.75012207
      vertex 20.562078476 8.09200954437 106.75012207
    endloop
  endfacet
  facet normal 0.00498490594327 0.150973275304 -0.988525271416
    outer loop
      vertex -8.36792087555 8.53942012787 103.531890869
      vertex -10.5413322449 8.21701622009 105.714653015
      vertex -7.62264299393 8.3620557785 104.668609619
    endloop
  endfacet
  facet normal -0.00509816361591 0.123369328678 -0.992347717285
    outer loop
      vertex -7.62264299393 8.3620557785 104.668609619
      vertex -10.5413322449 8.21701622009 105.714653015
      vertex -9.81577587128 8.09201335907 106.75012207
    endloop
  endfacet
  facet normal 0.00742219528183 0.136338800192 -0.990634441376
    outer loop
      vertex -7.62264299393 8.3620557785 104.668609619
      vertex -9.81577587128 8.09201335907 106.75012207
      vertex -7.25333786011 8.29131793976 105.162483215
    endloop
  endfacet
  facet normal 0.000402341160225 0.222876563668 -0.974846601486
    outer loop
      vertex -10.557934761 9.90501976013 96.8188018799
      vertex -13.4043121338 9.582447052 98.2348556519
      vertex -10.4086790085 9.64208126068 97.9686126709
    endloop
  endfacet
  facet normal -0.000158059643582 0.21687425673 -0.976199507713
    outer loop
      vertex -10.4086790085 9.64208126068 97.9686126709
      vertex -13.4043121338 9.582447052 98.2348556519
      vertex -13.3677597046 9.53189945221 98.4624099731
    endloop
  endfacet
  facet normal 0.000135104797664 0.218547746539 -0.975826263428
    outer loop
      vertex -10.4086790085 9.64208126068 97.9686126709
      vertex -13.3677597046 9.53189945221 98.4624099731
      vertex -10.3619623184 9.58247470856 98.2347259521
    endloop
  endfacet
  facet normal -0.000416789058363 0.211601525545 -0.977355957031
    outer loop
      vertex -10.3619623184 9.58247470856 98.2347259521
      vertex -13.3677597046 9.53189945221 98.4624099731
      vertex -13.1347455978 9.27886104584 99.6316146851
    endloop
  endfacet
  facet normal -1.81410200639e-06 0.212388172746 -0.977185368538
    outer loop
      vertex -10.3619623184 9.58247470856 98.2347259521
      vertex -13.1347455978 9.27886104584 99.6316146851
      vertex -10.0388345718 9.27853870392 99.6331253052
    endloop
  endfacet
  facet normal 4.35897891293e-06 0.20028039813 -0.979738593102
    outer loop
      vertex -10.0388345718 9.27853870392 99.6331253052
      vertex -13.1347455978 9.27886104584 99.6316146851
      vertex -12.7625255585 8.99896526337 101.000808716
    endloop
  endfacet
  facet normal 0.00104000978172 0.202259615064 -0.979331374168
    outer loop
      vertex -10.0388345718 9.27853870392 99.6331253052
      vertex -12.7625255585 8.99896526337 101.000808716
      vertex -9.7601184845 9.09301280975 100.529998779
    endloop
  endfacet
  facet normal -0.000800631300081 0.1909737885 -0.981594800949
    outer loop
      vertex -9.7601184845 9.09301280975 100.529998779
      vertex -12.7625255585 8.99896526337 101.000808716
      vertex -12.5975637436 8.90117740631 101.504127502
    endloop
  endfacet
  facet normal 0.000827627023682 0.195539489388 -0.980695486069
    outer loop
      vertex -9.7601184845 9.09301280975 100.529998779
      vertex -12.5975637436 8.90117740631 101.504127502
      vertex -9.58580303192 8.99666023254 101.012496948
    endloop
  endfacet
  facet normal -0.00121083087288 0.183502808213 -0.98301845789
    outer loop
      vertex -9.58580303192 8.99666023254 101.012496948
      vertex -12.5975637436 8.90117740631 101.504127502
      vertex -12.2874202728 8.74499797821 102.342819214
    endloop
  endfacet
  facet normal 0 0.185877487063 -0.98257291317
    outer loop
      vertex -9.58580303192 8.99666023254 101.012496948
      vertex -12.2874202728 8.74499797821 102.342819214
      vertex -9.01072216034 8.74499797821 102.342819214
    endloop
  endfacet
  facet normal 0 0.17056466639 -0.985346496105
    outer loop
      vertex -9.01072216034 8.74499797821 102.342819214
      vertex -12.2874202728 8.74499797821 102.342819214
      vertex -11.782582283 8.54447841644 103.501213074
    endloop
  endfacet
  facet normal 0.00128371955361 0.173546120524 -0.984824895859
    outer loop
      vertex -9.01072216034 8.74499797821 102.342819214
      vertex -11.782582283 8.54447841644 103.501213074
      vertex -8.69868278503 8.63758182526 102.950065613
    endloop
  endfacet
  facet normal -0.00168797769584 0.157376378775 -0.987537264824
    outer loop
      vertex -8.69868278503 8.63758182526 102.950065613
      vertex -11.782582283 8.54447841644 103.501213074
      vertex -11.3369970322 8.40549659729 104.378105164
    endloop
  endfacet
  facet normal 0.00252797245048 0.164963722229 -0.986296415329
    outer loop
      vertex -8.69868278503 8.63758182526 102.950065613
      vertex -11.3369970322 8.40549659729 104.378105164
      vertex -8.36792087555 8.53942012787 103.531890869
    endloop
  endfacet
  facet normal -0.00205787690356 0.149268865585 -0.988794505596
    outer loop
      vertex -8.36792087555 8.53942012787 103.531890869
      vertex -11.3369970322 8.40549659729 104.378105164
      vertex -11.1974163055 8.36754703522 104.631416321
    endloop
  endfacet
  facet normal -0.00540393497795 0.140849158168 -0.990016341209
    outer loop
      vertex -8.36792087555 8.53942012787 103.531890869
      vertex -11.1974163055 8.36754703522 104.631416321
      vertex -10.5413322449 8.21701622009 105.714653015
    endloop
  endfacet
  facet normal 0.00207112706266 0.050313718617 -0.998731315136
    outer loop
      vertex -1.05400180817 7.83478975296 109.987739563
      vertex -2.66038799286 7.8791975975 109.172363281
      vertex -5.76092147827 7.80709457397 110.731246948
    endloop
  endfacet
  facet normal 0.00598291028291 0.0580738522112 -0.998294353485
    outer loop
      vertex -2.66038799286 7.8791975975 109.172363281
      vertex -3.3781952858 7.90923690796 108.729942322
      vertex -5.76092147827 7.80709457397 110.731246948
    endloop
  endfacet
  facet normal 0.0108766341582 0.0638800337911 -0.997898340225
    outer loop
      vertex -5.76092147827 7.80709457397 110.731246948
      vertex -3.3781952858 7.90923690796 108.729942322
      vertex -4.3328666687 7.96283721924 108.055175781
    endloop
  endfacet
  facet normal -0.0107247382402 0.0523917414248 -0.998569011688
    outer loop
      vertex -5.76092147827 7.80709457397 110.731246948
      vertex -4.3328666687 7.96283721924 108.055175781
      vertex -6.88145589828 7.84102392197 109.855186462
    endloop
  endfacet
  facet normal 0.0106587558985 0.0825302004814 -0.996531546116
    outer loop
      vertex -6.88145589828 7.84102392197 109.855186462
      vertex -4.3328666687 7.96283721924 108.055175781
      vertex -5.46359300613 8.05347824097 107.106742859
    endloop
  endfacet
  facet normal 1.03851688386e-18 0.108355529606 -0.994112193584
    outer loop
      vertex -9.6206445694 8.064204216 107.005264282
      vertex -5.8386054039 8.09201335907 106.75012207
      vertex -9.81577587128 8.09201335907 106.75012207
    endloop
  endfacet
  facet normal 0 0.119548887014 -0.992828309536
    outer loop
      vertex -9.81577587128 8.09201335907 106.75012207
      vertex -5.8386054039 8.09201335907 106.75012207
      vertex -6.77366924286 8.21249675751 105.749534607
    endloop
  endfacet
  facet normal 0.00356094306335 0.13021287322 -0.991479694843
    outer loop
      vertex -9.81577587128 8.09201335907 106.75012207
      vertex -6.77366924286 8.21249675751 105.749534607
      vertex -7.25333786011 8.29131793976 105.162483215
    endloop
  endfacet
  facet normal -0.000665335915983 0.0986033752561 -0.995126605034
    outer loop
      vertex -9.6206445694 8.064204216 107.005264282
      vertex -8.92222499847 7.98086357117 107.851066589
      vertex -5.8386054039 8.09201335907 106.75012207
    endloop
  endfacet
  facet normal -0.00561606138945 0.0848631039262 -0.996376812458
    outer loop
      vertex -5.8386054039 8.09201335907 106.75012207
      vertex -8.92222499847 7.98086357117 107.851066589
      vertex -7.94039773941 7.89784193039 108.890800476
    endloop
  endfacet
  facet normal 0.00849176105112 0.0985980629921 -0.995091080666
    outer loop
      vertex -5.8386054039 8.09201335907 106.75012207
      vertex -7.94039773941 7.89784193039 108.890800476
      vertex -5.46359300613 8.05347824097 107.106742859
    endloop
  endfacet
  facet normal -0.0092081297189 0.0742093101144 -0.997200191021
    outer loop
      vertex -5.46359300613 8.05347824097 107.106742859
      vertex -7.94039773941 7.89784193039 108.890800476
      vertex -7.4952878952 7.87045383453 109.314064026
    endloop
  endfacet
  facet normal -0.0138496300206 0.0699581354856 -0.997453808784
    outer loop
      vertex -5.46359300613 8.05347824097 107.106742859
      vertex -7.4952878952 7.87045383453 109.314064026
      vertex -6.88145589828 7.84102392197 109.855186462
    endloop
  endfacet
  facet normal 0 0.0229566711932 -0.999736487865
    outer loop
      vertex 15.7651824951 7.79537343979 111.241531372
      vertex 16.5072231293 7.80709075928 110.731246948
      vertex 9.72832965851 7.80709075928 110.731246948
    endloop
  endfacet
  facet normal -0.00712948618457 0.000937132455874 -0.999974131584
    outer loop
      vertex 9.30092811584 7.80393600464 110.845787048
      vertex 11.2238254547 7.81524085999 113.412147522
      vertex 9.72832965851 7.80709075928 110.731246948
    endloop
  endfacet
  facet normal 0.00810293667018 -0.00755991693586 -0.999938607216
    outer loop
      vertex 9.72832965851 7.80709075928 110.731246948
      vertex 11.2238254547 7.81524085999 113.412147522
      vertex 12.6152524948 7.80010128021 112.901023865
    endloop
  endfacet
  facet normal 0.00661171739921 -0.00557575095445 -0.999962568283
    outer loop
      vertex 9.72832965851 7.80709075928 110.731246948
      vertex 12.6152524948 7.80010128021 112.901023865
      vertex 13.0053577423 7.7965965271 112.735084534
    endloop
  endfacet
  facet normal 0.00497924396768 -0.00290593621321 -0.999983370304
    outer loop
      vertex 13.0053577423 7.7965965271 112.735084534
      vertex 13.9615077972 7.79052352905 112.283546448
      vertex 9.72832965851 7.80709075928 110.731246948
    endloop
  endfacet
  facet normal 0.00216795806773 0.00476056337357 -0.999986290932
    outer loop
      vertex 9.72832965851 7.80709075928 110.731246948
      vertex 13.9615077972 7.79052352905 112.283546448
      vertex 15.2623329163 7.7911529541 111.558952332
    endloop
  endfacet
  facet normal 0.000720530631952 0.0144362030551 -0.999895513058
    outer loop
      vertex 9.72832965851 7.80709075928 110.731246948
      vertex 15.2623329163 7.7911529541 111.558952332
      vertex 15.7651824951 7.79537343979 111.241531372
    endloop
  endfacet
  facet normal 0 0.0229643732309 -0.999736309052
    outer loop
      vertex -5.01888418198 7.79537343979 111.241531372
      vertex 1.01797509193 7.80709457397 110.731246948
      vertex -5.76092147827 7.80709457397 110.731246948
    endloop
  endfacet
  facet normal 0 0.0363328419626 -0.99933975935
    outer loop
      vertex -5.76092147827 7.80709457397 110.731246948
      vertex 1.01797509193 7.80709457397 110.731246948
      vertex -0.869018733501 7.83122587204 110.067512512
    endloop
  endfacet
  facet normal 0.000857665843796 0.0426449850202 -0.999089896679
    outer loop
      vertex -5.76092147827 7.80709457397 110.731246948
      vertex -0.869018733501 7.83122587204 110.067512512
      vertex -1.05400180817 7.83478975296 109.987739563
    endloop
  endfacet
  facet normal -0.000714274239726 0.0145178902894 -0.999894380569
    outer loop
      vertex -5.01888418198 7.79537343979 111.241531372
      vertex -4.52924871445 7.7912311554 111.550880432
      vertex 1.01797509193 7.80709457397 110.731246948
    endloop
  endfacet
  facet normal -0.00213679019362 0.00489222677425 -0.99998575449
    outer loop
      vertex 1.01797509193 7.80709457397 110.731246948
      vertex -4.52924871445 7.7912311554 111.550880432
      vertex -3.23139333725 7.79046058655 112.275337219
    endloop
  endfacet
  facet normal -0.00495743891224 -0.00287028588355 -0.999983608723
    outer loop
      vertex 1.01797509193 7.80709457397 110.731246948
      vertex -3.23139333725 7.79046058655 112.275337219
      vertex -2.25905704498 7.7966003418 112.735084534
    endloop
  endfacet
  facet normal -0.00660100625828 -0.00555824674666 -0.999962747097
    outer loop
      vertex -2.25905704498 7.7966003418 112.735084534
      vertex -1.87214171886 7.80006980896 112.899719238
      vertex 1.01797509193 7.80709457397 110.731246948
    endloop
  endfacet
  facet normal -0.00809968076646 -0.00755573995411 -0.999938666821
    outer loop
      vertex 1.01797509193 7.80709457397 110.731246948
      vertex -1.87214171886 7.80006980896 112.899719238
      vertex -0.478417932987 7.81522893906 113.411865234
    endloop
  endfacet
  facet normal 0.00712742470205 0.000944335130043 -0.999974131584
    outer loop
      vertex 1.01797509193 7.80709457397 110.731246948
      vertex -0.478417932987 7.81522893906 113.411865234
      vertex 1.44538450241 7.80394029617 110.845787048
    endloop
  endfacet
  facet normal -0.00854886136949 -0.0108079621568 -0.999905049801
    outer loop
      vertex 1.44538450241 7.80394029617 110.845787048
      vertex -0.478417932987 7.81522893906 113.411865234
      vertex 0.708927154541 7.82907819748 113.753990173
    endloop
  endfacet
  facet normal 0.00723257893696 -0.00681195035577 -0.999950647354
    outer loop
      vertex 1.44538450241 7.80394029617 110.845787048
      vertex 0.708927154541 7.82907819748 113.753990173
      vertex 2.09469175339 7.80026626587 110.995903015
    endloop
  endfacet
  facet normal -0.00770405121148 -0.0143157942221 -0.999867856503
    outer loop
      vertex 2.09469175339 7.80026626587 110.995903015
      vertex 0.708927154541 7.82907819748 113.753990173
      vertex 0.945976436138 7.83174133301 113.812408447
    endloop
  endfacet
  facet normal 0.00514672230929 -0.00907546188682 -0.999945580959
    outer loop
      vertex 2.09469175339 7.80026626587 110.995903015
      vertex 0.945976436138 7.83174133301 113.812408447
      vertex 3.18273758888 7.79638004303 111.184745789
    endloop
  endfacet
  facet normal -0.00623257411644 -0.0187600497156 -0.999804615974
    outer loop
      vertex 3.18273758888 7.79638004303 111.184745789
      vertex 0.945976436138 7.83174133301 113.812408447
      vertex 2.40102171898 7.84623575211 114.101478577
    endloop
  endfacet
  facet normal 0.00368322851136 -0.0161035135388 -0.999863564968
    outer loop
      vertex 3.18273758888 7.79638004303 111.184745789
      vertex 2.40102171898 7.84623575211 114.101478577
      vertex 4.05188179016 7.79472446442 111.280723572
    endloop
  endfacet
  facet normal -0.00425791926682 -0.0207495000213 -0.999775648117
    outer loop
      vertex 4.05188179016 7.79472446442 111.280723572
      vertex 2.40102171898 7.84623575211 114.101478577
      vertex 3.80414748192 7.85571908951 114.270484924
    endloop
  endfacet
  facet normal 0.00272826524451 -0.0201709698886 -0.999792814255
    outer loop
      vertex 4.05188179016 7.79472446442 111.280723572
      vertex 3.80414748192 7.85571908951 114.270484924
      vertex 4.2750620842 7.79445695877 111.297653198
    endloop
  endfacet
  facet normal -0.00301793799736 -0.0210807975382 -0.999773204327
    outer loop
      vertex 4.2750620842 7.79445695877 111.297653198
      vertex 3.80414748192 7.85571908951 114.270484924
      vertex 3.88579654694 7.85610485077 114.277084351
    endloop
  endfacet
  facet normal 0.00123340520076 -0.0205256734043 -0.999788582325
    outer loop
      vertex 4.2750620842 7.79445695877 111.297653198
      vertex 3.88579654694 7.85610485077 114.277084351
      vertex 5.37161874771 7.7938785553 111.335380554
    endloop
  endfacet
  facet normal -0.00146347866394 -0.0218872241676 -0.999759376049
    outer loop
      vertex 5.37161874771 7.7938785553 111.335380554
      vertex 3.88579654694 7.85610485077 114.277084351
      vertex 5.37298536301 7.85955810547 114.335388184
    endloop
  endfacet
  facet normal -0.00127684511244 -0.0218873154372 -0.999759614468
    outer loop
      vertex 5.37161874771 7.7938785553 111.335380554
      vertex 5.37298536301 7.85955810547 114.335388184
      vertex 6.47243928909 7.79445695877 111.297576904
    endloop
  endfacet
  facet normal 0.00149615691043 -0.0208841562271 -0.999780774117
    outer loop
      vertex 6.47243928909 7.79445695877 111.297576904
      vertex 5.37298536301 7.85955810547 114.335388184
      vertex 6.85218191147 7.85614013672 114.27772522
    endloop
  endfacet
  facet normal -0.00274889869615 -0.0203434098512 -0.999789297581
    outer loop
      vertex 6.47243928909 7.79445695877 111.297576904
      vertex 6.85218191147 7.85614013672 114.27772522
      vertex 6.69442367554 7.79472446442 111.280723572
    endloop
  endfacet
  facet normal 0.00301568303257 -0.0206467080861 -0.999782264233
    outer loop
      vertex 6.69442367554 7.79472446442 111.280723572
      vertex 6.85218191147 7.85614013672 114.27772522
      vertex 6.9421620369 7.85571908951 114.270484924
    endloop
  endfacet
  facet normal -0.00413696654141 -0.0200541876256 -0.99979031086
    outer loop
      vertex 6.69442367554 7.79472446442 111.280723572
      vertex 6.9421620369 7.85571908951 114.270484924
      vertex 7.5757060051 7.79641151428 111.183052063
    endloop
  endfacet
  facet normal 0.00454019755125 -0.018274249509 -0.999822676182
    outer loop
      vertex 7.5757060051 7.79641151428 111.183052063
      vertex 6.9421620369 7.85571908951 114.270484924
      vertex 8.32344818115 7.84642076492 114.104927063
    endloop
  endfacet
  facet normal -0.00629202835262 -0.015502795577 -0.999860048294
    outer loop
      vertex 7.5757060051 7.79641151428 111.183052063
      vertex 8.32344818115 7.84642076492 114.104927063
      vertex 8.66253185272 7.80031347275 110.993598938
    endloop
  endfacet
  facet normal 0.00715359998867 -0.0140376761556 -0.99987590313
    outer loop
      vertex 8.66253185272 7.80031347275 110.993598938
      vertex 8.32344818115 7.84642076492 114.104927063
      vertex 9.78670692444 7.83189058304 113.815666199
    endloop
  endfacet
  facet normal -0.0075669833459 -0.0081743914634 -0.999937951565
    outer loop
      vertex 8.66253185272 7.80031347275 110.993598938
      vertex 9.78670692444 7.83189058304 113.815666199
      vertex 9.30092811584 7.80393600464 110.845787048
    endloop
  endfacet
  facet normal 0.00857340730727 -0.0108141405508 -0.999904751778
    outer loop
      vertex 9.30092811584 7.80393600464 110.845787048
      vertex 9.78670692444 7.83189058304 113.815666199
      vertex 10.0373735428 7.82907438278 113.753990173
    endloop
  endfacet
  facet normal 0.0085449134931 -0.0108069274575 -0.999905109406
    outer loop
      vertex 9.30092811584 7.80393600464 110.845787048
      vertex 10.0373735428 7.82907438278 113.753990173
      vertex 11.2238254547 7.81524085999 113.412147522
    endloop
  endfacet
  facet normal 0.00569033110514 0.0847605392337 -0.996385097504
    outer loop
      vertex 18.6800956726 7.89738941193 108.897277832
      vertex 19.6586341858 7.9798412323 107.862342834
      vertex 16.5849075317 8.09200954437 106.75012207
    endloop
  endfacet
  facet normal 0.000672198890243 0.0985027179122 -0.99513655901
    outer loop
      vertex 16.5849075317 8.09200954437 106.75012207
      vertex 19.6586341858 7.9798412323 107.862342834
      vertex 20.3669509888 8.06420040131 107.005264282
    endloop
  endfacet
  facet normal 0 0.108355529606 -0.994112193584
    outer loop
      vertex 16.5849075317 8.09200954437 106.75012207
      vertex 20.3669509888 8.06420040131 107.005264282
      vertex 20.562078476 8.09200954437 106.75012207
    endloop
  endfacet
  facet normal 0.0127825373784 0.0778848826885 -0.996880412102
    outer loop
      vertex 18.6800956726 7.89738941193 108.897277832
      vertex 16.5849075317 8.09200954437 106.75012207
      vertex 18.2415866852 7.870449543 109.314064026
    endloop
  endfacet
  facet normal -0.0126849059016 0.0942187532783 -0.995470702648
    outer loop
      vertex 18.2415866852 7.870449543 109.314064026
      vertex 16.5849075317 8.09200954437 106.75012207
      vertex 16.209897995 8.05347824097 107.106742859
    endloop
  endfacet
  facet normal 0.0138459494337 0.0699633285403 -0.997453451157
    outer loop
      vertex 18.2415866852 7.870449543 109.314064026
      vertex 16.209897995 8.05347824097 107.106742859
      vertex 17.6295909882 7.8410987854 109.853630066
    endloop
  endfacet
  facet normal -0.0106117194518 0.0825326964259 -0.996531844139
    outer loop
      vertex 17.6295909882 7.8410987854 109.853630066
      vertex 16.209897995 8.05347824097 107.106742859
      vertex 15.0726652145 7.96240854263 108.060134888
    endloop
  endfacet
  facet normal 0.0106660537422 0.0523357503116 -0.998572587967
    outer loop
      vertex 17.6295909882 7.8410987854 109.853630066
      vertex 15.0726652145 7.96240854263 108.060134888
      vertex 16.5072231293 7.80709075928 110.731246948
    endloop
  endfacet
  facet normal -0.0108526507393 0.0638535767794 -0.997900247574
    outer loop
      vertex 16.5072231293 7.80709075928 110.731246948
      vertex 15.0726652145 7.96240854263 108.060134888
      vertex 14.1244907379 7.90923690796 108.729942322
    endloop
  endfacet
  facet normal -0.00600181147456 0.058098256588 -0.998292803764
    outer loop
      vertex 16.5072231293 7.80709075928 110.731246948
      vertex 14.1244907379 7.90923690796 108.729942322
      vertex 13.4142084122 7.87947273254 109.167991638
    endloop
  endfacet
  facet normal -0.00207627355121 0.0503514930606 -0.998729407787
    outer loop
      vertex 13.4142084122 7.87947273254 109.167991638
      vertex 11.8003091812 7.83478975296 109.987739563
      vertex 16.5072231293 7.80709075928 110.731246948
    endloop
  endfacet
  facet normal -0.000861211621668 0.0426726676524 -0.999088764191
    outer loop
      vertex 16.5072231293 7.80709075928 110.731246948
      vertex 11.8003091812 7.83478975296 109.987739563
      vertex 11.6140012741 7.83119869232 110.068061829
    endloop
  endfacet
  facet normal 0 0.0363274551928 -0.999339938164
    outer loop
      vertex 16.5072231293 7.80709075928 110.731246948
      vertex 11.6140012741 7.83119869232 110.068061829
      vertex 9.72832965851 7.80709075928 110.731246948
    endloop
  endfacet
  facet normal 0 0.170568913221 -0.985345721245
    outer loop
      vertex 23.0337238312 8.74499797821 102.342819214
      vertex 19.757024765 8.74499797821 102.342819214
      vertex 22.5287780762 8.5444355011 103.501434326
    endloop
  endfacet
  facet normal -0.00128246075474 0.173546761274 -0.984824776649
    outer loop
      vertex 22.5287780762 8.5444355011 103.501434326
      vertex 19.757024765 8.74499797821 102.342819214
      vertex 19.4449901581 8.63758182526 102.950065613
    endloop
  endfacet
  facet normal 0.0016917064786 0.157370641828 -0.987538158894
    outer loop
      vertex 22.5287780762 8.5444355011 103.501434326
      vertex 19.4449901581 8.63758182526 102.950065613
      vertex 22.0832920074 8.40549182892 104.378120422
    endloop
  endfacet
  facet normal 0.00521042617038 0.151028737426 -0.988515615463
    outer loop
      vertex 22.0832920074 8.40549182892 104.378120422
      vertex 19.4449901581 8.63758182526 102.950065613
      vertex 21.9487934113 8.36888408661 104.622367859
    endloop
  endfacet
  facet normal -0.00380791234784 0.16419455409 -0.986420631409
    outer loop
      vertex 21.9487934113 8.36888408661 104.622367859
      vertex 19.4449901581 8.63758182526 102.950065613
      vertex 19.1085758209 8.53785896301 103.541366577
    endloop
  endfacet
  facet normal 0.00526710134 0.140911743045 -0.990008175373
    outer loop
      vertex 21.9487934113 8.36888408661 104.622367859
      vertex 19.1085758209 8.53785896301 103.541366577
      vertex 21.2936019897 8.21820449829 105.705497742
    endloop
  endfacet
  facet normal -0.00486313691363 0.150922000408 -0.988533735275
    outer loop
      vertex 21.2936019897 8.21820449829 105.705497742
      vertex 19.1085758209 8.53785896301 103.541366577
      vertex 18.3638439178 8.36100959778 104.675720215
    endloop
  endfacet
  facet normal 0.00500264391303 0.123382173479 -0.992346644402
    outer loop
      vertex 21.2936019897 8.21820449829 105.705497742
      vertex 18.3638439178 8.36100959778 104.675720215
      vertex 20.562078476 8.09200954437 106.75012207
    endloop
  endfacet
  facet normal -0.00739591382444 0.136299565434 -0.990640044212
    outer loop
      vertex 20.562078476 8.09200954437 106.75012207
      vertex 18.3638439178 8.36100959778 104.675720215
      vertex 17.9996356964 8.29131793976 105.162483215
    endloop
  endfacet
  facet normal -0.00357317784801 0.130234718323 -0.991476774216
    outer loop
      vertex 20.562078476 8.09200954437 106.75012207
      vertex 17.9996356964 8.29131793976 105.162483215
      vertex 17.5231380463 8.21297264099 105.745857239
    endloop
  endfacet
  facet normal -0.00431598164141 0.194329097867 -0.9809268713
    outer loop
      vertex 20.3330059052 8.99713230133 101.010124207
      vertex 23.0337238312 8.74499797821 102.342819214
      vertex 20.5064220428 9.09300804138 100.530014038
    endloop
  endfacet
  facet normal 0.00320676364936 0.184216365218 -0.982880473137
    outer loop
      vertex 20.5064220428 9.09300804138 100.530014038
      vertex 23.0337238312 8.74499797821 102.342819214
      vertex 23.343870163 8.90118122101 101.504112244
    endloop
  endfacet
  facet normal -0.00300006102771 0.201622441411 -0.979458749294
    outer loop
      vertex 20.5064220428 9.09300804138 100.530014038
      vertex 23.343870163 8.90118122101 101.504112244
      vertex 20.781867981 9.27606773376 99.6448287964
    endloop
  endfacet
  facet normal 0.00418098736554 0.192111492157 -0.981364190578
    outer loop
      vertex 23.343870163 8.90118122101 101.504112244
      vertex 23.5133590698 9.00182437897 100.986305237
      vertex 20.781867981 9.27606773376 99.6448287964
    endloop
  endfacet
  facet normal -7.31412073947e-05 0.200434908271 -0.97970700264
    outer loop
      vertex 20.781867981 9.27606773376 99.6448287964
      vertex 23.5133590698 9.00182437897 100.986305237
      vertex 23.8859062195 9.28329753876 99.6106262207
    endloop
  endfacet
  facet normal 6.3531959313e-05 0.212308526039 -0.97720271349
    outer loop
      vertex 20.781867981 9.27606773376 99.6448287964
      vertex 23.8859062195 9.28329753876 99.6106262207
      vertex 21.1059551239 9.57969379425 98.2472229004
    endloop
  endfacet
  facet normal 0.000385527673643 0.21168152988 -0.97733861208
    outer loop
      vertex 21.1059551239 9.57969379425 98.2472229004
      vertex 23.8859062195 9.28329753876 99.6106262207
      vertex 24.1140651703 9.53190326691 98.4623947144
    endloop
  endfacet
  facet normal -0.00012457590492 0.21848025918 -0.975841343403
    outer loop
      vertex 21.1059551239 9.57969379425 98.2472229004
      vertex 24.1140651703 9.53190326691 98.4623947144
      vertex 21.1549816132 9.64208126068 97.9685974121
    endloop
  endfacet
  facet normal 0.000149714978761 0.216914489865 -0.976190626621
    outer loop
      vertex 21.1549816132 9.64208126068 97.9685974121
      vertex 24.1140651703 9.53190326691 98.4623947144
      vertex 24.1526527405 9.58540153503 98.2216033936
    endloop
  endfacet
  facet normal -0.000379142205929 0.22287915647 -0.97484600544
    outer loop
      vertex 21.1549816132 9.64208126068 97.9685974121
      vertex 24.1526527405 9.58540153503 98.2216033936
      vertex 21.3042373657 9.90501594543 96.8188018799
    endloop
  endfacet
  facet normal 0 0.222147375345 -0.975013077259
    outer loop
      vertex 21.3042373657 9.90501594543 96.8188018799
      vertex 24.1526527405 9.58540153503 98.2216033936
      vertex 24.3151493073 9.90501594543 96.8188018799
    endloop
  endfacet
  facet normal 0 0.229381978512 -0.973336458206
    outer loop
      vertex 21.3042373657 9.90501594543 96.8188018799
      vertex 24.3151493073 9.90501594543 96.8188018799
      vertex 21.3731498718 10.2546072006 95.3353805542
    endloop
  endfacet
  facet normal 0 0.229381978512 -0.973336458206
    outer loop
      vertex 21.3731498718 10.2546072006 95.3353805542
      vertex 24.3151493073 9.90501594543 96.8188018799
      vertex 24.3731498718 10.2546072006 95.3353805542
    endloop
  endfacet
  facet normal 0 0.234040886164 -0.97222673893
    outer loop
      vertex 21.3731498718 10.2546072006 95.3353805542
      vertex 24.3731498718 10.2546072006 95.3353805542
      vertex 21.3731517792 11.5829114914 89.817489624
    endloop
  endfacet
  facet normal 0 0.234040886164 -0.97222673893
    outer loop
      vertex 21.3731517792 11.5829114914 89.817489624
      vertex 24.3731498718 10.2546072006 95.3353805542
      vertex 24.3731517792 11.5829114914 89.817489624
    endloop
  endfacet
  facet normal 0 0.226195707917 -0.974081873894
    outer loop
      vertex 21.3731517792 11.5829114914 89.817489624
      vertex 24.3731517792 11.5829114914 89.817489624
      vertex 24.3731517792 11.8862142563 88.5113525391
    endloop
  endfacet
  facet normal -0.00264985533431 0.220416024327 -0.975402355194
    outer loop
      vertex 24.3731517792 11.8862142563 88.5113525391
      vertex 24.1267089844 12.099817276 87.5631408691
      vertex 21.3731517792 11.5829114914 89.817489624
    endloop
  endfacet
  facet normal -0.00881191994995 0.213246285915 -0.976958751678
    outer loop
      vertex 21.3731517792 11.5829114914 89.817489624
      vertex 24.1267089844 12.099817276 87.5631408691
      vertex 23.7185096741 12.4159393311 86.0979995728
    endloop
  endfacet
  facet normal -0.0168040320277 0.208416640759 -0.977895796299
    outer loop
      vertex 21.3731517792 11.5829114914 89.817489624
      vertex 23.7185096741 12.4159393311 86.0979995728
      vertex 21.3731498718 12.8865451813 83.7008132935
    endloop
  endfacet
  facet normal -0.00765334907919 0.199837476015 -0.979799151421
    outer loop
      vertex 21.3731498718 12.8865451813 83.7008132935
      vertex 23.7185096741 12.4159393311 86.0979995728
      vertex 23.2767677307 12.7118988037 84.6300048828
    endloop
  endfacet
  facet normal 0 0.184720560908 -0.98279106617
    outer loop
      vertex 21.3731498718 12.8865451813 83.7008132935
      vertex 23.2767677307 12.7118988037 84.6300048828
      vertex 22.9807090759 12.8865451813 83.7008132935
    endloop
  endfacet
  facet normal 0 0.166956648231 -0.985964238644
    outer loop
      vertex 22.9807090759 12.8865451813 83.7008132935
      vertex 22.3443813324 13.2049131393 81.8206863403
      vertex 21.3731498718 12.8865451813 83.7008132935
    endloop
  endfacet
  facet normal -0.0187799129635 0.157488703728 -0.987342178822
    outer loop
      vertex 21.3731498718 12.8865451813 83.7008132935
      vertex 22.3443813324 13.2049131393 81.8206863403
      vertex 22.2089233398 13.2634181976 81.4377441406
    endloop
  endfacet
  facet normal -0.04746658355 0.147003367543 -0.987996399403
    outer loop
      vertex 21.3731498718 12.8865451813 83.7008132935
      vertex 22.2089233398 13.2634181976 81.4377441406
      vertex 21.3731517792 13.5590906143 79.1806945801
    endloop
  endfacet
  facet normal 0 0.184724569321 -0.982790350914
    outer loop
      vertex -10.6268472672 12.886548996 83.7008132935
      vertex -12.2344017029 12.886548996 83.7008132935
      vertex -12.5304603577 12.7118988037 84.6300048828
    endloop
  endfacet
  facet normal 0.012014455162 0.208431020379 -0.977963268757
    outer loop
      vertex -10.6268472672 12.886548996 83.7008132935
      vertex -12.5304603577 12.7118988037 84.6300048828
      vertex -10.6268472672 11.5829153061 89.817489624
    endloop
  endfacet
  facet normal 0.0234861988574 0.204362824559 -0.978613436222
    outer loop
      vertex -10.6268472672 11.5829153061 89.817489624
      vertex -12.5304603577 12.7118988037 84.6300048828
      vertex -12.9722070694 12.4159393311 86.0979995728
    endloop
  endfacet
  facet normal 0.00881367083639 0.213244244456 -0.976959168911
    outer loop
      vertex -10.6268472672 11.5829153061 89.817489624
      vertex -12.9722070694 12.4159393311 86.0979995728
      vertex -13.380405426 12.0998210907 87.5631408691
    endloop
  endfacet
  facet normal 0.00264711910859 0.220419198275 -0.975401639938
    outer loop
      vertex -13.380405426 12.0998210907 87.5631408691
      vertex -13.6268491745 11.8862142563 88.5113525391
      vertex -10.6268472672 11.5829153061 89.817489624
    endloop
  endfacet
  facet normal 0 0.226192936301 -0.974082529545
    outer loop
      vertex -10.6268472672 11.5829153061 89.817489624
      vertex -13.6268491745 11.8862142563 88.5113525391
      vertex -13.6268491745 11.5829153061 89.817489624
    endloop
  endfacet
  facet normal 0 0.234041541815 -0.97222661972
    outer loop
      vertex -10.6268472672 11.5829153061 89.817489624
      vertex -13.6268491745 11.5829153061 89.817489624
      vertex -10.6268472672 10.2546072006 95.3353805542
    endloop
  endfacet
  facet normal 0 0.234041541815 -0.97222661972
    outer loop
      vertex -10.6268472672 10.2546072006 95.3353805542
      vertex -13.6268491745 11.5829153061 89.817489624
      vertex -13.6268453598 10.2546072006 95.3353805542
    endloop
  endfacet
  facet normal 0 0.229379534721 -0.973337054253
    outer loop
      vertex -10.6268472672 10.2546072006 95.3353805542
      vertex -13.6268453598 10.2546072006 95.3353805542
      vertex -10.557934761 9.90501976013 96.8188018799
    endloop
  endfacet
  facet normal 0 0.229379534721 -0.973337054253
    outer loop
      vertex -10.557934761 9.90501976013 96.8188018799
      vertex -13.6268453598 10.2546072006 95.3353805542
      vertex -13.5688476562 9.90501976013 96.8188018799
    endloop
  endfacet
  facet normal 0 0.222107812762 -0.975022137165
    outer loop
      vertex -10.557934761 9.90501976013 96.8188018799
      vertex -13.5688476562 9.90501976013 96.8188018799
      vertex -13.4043121338 9.582447052 98.2348556519
    endloop
  endfacet
  facet normal 0.0474665537477 0.147003382444 -0.987996399403
    outer loop
      vertex -10.6268472672 13.559094429 79.1806945801
      vertex -11.4626207352 13.2634220123 81.4377441406
      vertex -10.6268472672 12.886548996 83.7008132935
    endloop
  endfacet
  facet normal 0.0187796447426 0.157488808036 -0.987342178822
    outer loop
      vertex -10.6268472672 12.886548996 83.7008132935
      vertex -11.4626207352 13.2634220123 81.4377441406
      vertex -11.5980825424 13.204916954 81.8206863403
    endloop
  endfacet
  facet normal 0 0.166956648231 -0.985964238644
    outer loop
      vertex -10.6268472672 12.886548996 83.7008132935
      vertex -11.5980825424 13.204916954 81.8206863403
      vertex -12.2344017029 12.886548996 83.7008132935
    endloop
  endfacet
  facet normal -0 0 -1
    outer loop
      vertex 2.73774504662 -5.14043712616 97.6908798218
      vertex 1.32131767273 -5.14043712616 97.1217193604
      vertex -5.12685203552 -5.14043712616 99.3353805542
    endloop
  endfacet
  facet normal 0 0 -1
    outer loop
      vertex 13.8590497971 -5.14044523239 92.0836410522
      vertex 13.2302751541 -5.14044523239 93.4746398926
      vertex 15.8731470108 -5.14044523239 99.3353805542
    endloop
  endfacet
  facet normal 0 0 -1
    outer loop
      vertex 15.8731470108 -5.14044523239 99.3353805542
      vertex 13.2302751541 -5.14044523239 93.4746398926
      vertex 12.3754720688 -5.14044523239 94.739364624
    endloop
  endfacet
  facet normal 0 0 -1
    outer loop
      vertex 12.3754720688 -5.14044523239 94.739364624
      vertex 11.3192243576 -5.14044523239 95.8414382935
      vertex 15.8731470108 -5.14044523239 99.3353805542
    endloop
  endfacet
  facet normal 0 0 -1
    outer loop
      vertex 15.8731470108 -5.14044523239 99.3353805542
      vertex 11.3192243576 -5.14044523239 95.8414382935
      vertex 10.0919141769 -5.14044523239 96.7491531372
    endloop
  endfacet
  facet normal 2.71335761681e-06 -6.06540834269e-06 -1
    outer loop
      vertex 15.8731470108 -5.14044523239 99.3353805542
      vertex 10.0919141769 -5.14044523239 96.7491531372
      vertex 8.72885513306 -5.14043712616 97.436378479
    endloop
  endfacet
  facet normal 5.89489445701e-07 1.92484026229e-06 -1
    outer loop
      vertex 8.72885513306 -5.14043712616 97.436378479
      vertex 7.26926279068 -5.14043712616 97.8833847046
      vertex 15.8731470108 -5.14044523239 99.3353805542
    endloop
  endfacet
  facet normal 3.94456918684e-07 3.08051244247e-06 -1
    outer loop
      vertex 15.8731470108 -5.14044523239 99.3353805542
      vertex 7.26926279068 -5.14043712616 97.8833847046
      vertex 5.75512266159 -5.14043712616 98.0772628784
    endloop
  endfacet
  facet normal 3.74608021048e-07 3.24014126818e-06 -1
    outer loop
      vertex 15.8731470108 -5.14044523239 99.3353805542
      vertex 5.75512266159 -5.14043712616 98.0772628784
      vertex -5.12685203552 -5.14043712616 99.3353805542
    endloop
  endfacet
  facet normal 0 0 -1
    outer loop
      vertex -5.12685203552 -5.14043712616 99.3353805542
      vertex 5.75512266159 -5.14043712616 98.0772628784
      vertex 4.22999238968 -5.14043712616 98.0124893188
    endloop
  endfacet
  facet normal 0 0 -1
    outer loop
      vertex -5.12685203552 -5.14043712616 99.3353805542
      vertex 4.22999238968 -5.14043712616 98.0124893188
      vertex 2.73774504662 -5.14043712616 97.6908798218
    endloop
  endfacet
  facet normal 0 0 -1
    outer loop
      vertex 13.8590517044 -5.14044523239 86.0871124268
      vertex 14.2436876297 -5.14044523239 87.5643692017
      vertex 15.8731479645 -5.14044523239 58.3353843689
    endloop
  endfacet
  facet normal 0 0 -1
    outer loop
      vertex 15.8731479645 -5.14044523239 58.3353843689
      vertex 14.2436876297 -5.14044523239 87.5643692017
      vertex 14.3731508255 -5.14044523239 89.085395813
    endloop
  endfacet
  facet normal 0 0 -1
    outer loop
      vertex 15.8731479645 -5.14044523239 58.3353843689
      vertex 14.3731508255 -5.14044523239 89.085395813
      vertex 15.8731470108 -5.14044523239 99.3353805542
    endloop
  endfacet
  facet normal 0 0 -1
    outer loop
      vertex 15.8731470108 -5.14044523239 99.3353805542
      vertex 14.3731508255 -5.14044523239 89.085395813
      vertex 14.2436876297 -5.14044523239 90.6063842773
    endloop
  endfacet
  facet normal 0 0 -1
    outer loop
      vertex 15.8731470108 -5.14044523239 99.3353805542
      vertex 14.2436876297 -5.14044523239 90.6063842773
      vertex 13.8590497971 -5.14044523239 92.0836410522
    endloop
  endfacet
  facet normal -0 0 -1
    outer loop
      vertex 1.32131767273 -5.14043712616 97.1217193604
      vertex 0.0214522406459 -5.14043712616 96.3213577271
      vertex -5.12685203552 -5.14043712616 99.3353805542
    endloop
  endfacet
  facet normal 0 0 -1
    outer loop
      vertex -5.12685203552 -5.14043712616 99.3353805542
      vertex 0.0214522406459 -5.14043712616 96.3213577271
      vertex -1.12445664406 -5.14043712616 95.3128356934
    endloop
  endfacet
  facet normal 0 0 -1
    outer loop
      vertex -5.12685203552 -5.14043712616 99.3353805542
      vertex -1.12445664406 -5.14043712616 95.3128356934
      vertex -2.08343529701 -5.14043712616 94.1251602173
    endloop
  endfacet
  facet normal 0 0 -1
    outer loop
      vertex 11.319226265 -5.14044523239 82.3293304443
      vertex 12.3754739761 -5.14044523239 83.4314041138
      vertex 15.8731479645 -5.14044523239 58.3353843689
    endloop
  endfacet
  facet normal 0 0 -1
    outer loop
      vertex 15.8731479645 -5.14044523239 58.3353843689
      vertex 12.3754739761 -5.14044523239 83.4314041138
      vertex 13.2302761078 -5.14044523239 84.6961288452
    endloop
  endfacet
  facet normal 0 0 -1
    outer loop
      vertex 15.8731479645 -5.14044523239 58.3353843689
      vertex 13.2302761078 -5.14044523239 84.6961288452
      vertex 13.8590517044 -5.14044523239 86.0871124268
    endloop
  endfacet
  facet normal 0 -0 -1
    outer loop
      vertex -2.827906847 -5.14044523239 85.3782730103
      vertex -2.08343529701 -5.14044523239 84.0456085205
      vertex -5.12685394287 -5.14044523239 58.3353843689
    endloop
  endfacet
  facet normal -0 0 -1
    outer loop
      vertex -2.08343529701 -5.14043712616 94.1251602173
      vertex -2.827906847 -5.14043712616 92.7924957275
      vertex -5.12685203552 -5.14043712616 99.3353805542
    endloop
  endfacet
  facet normal 0 0 -1
    outer loop
      vertex -5.12685203552 -5.14043712616 99.3353805542
      vertex -2.827906847 -5.14043712616 92.7924957275
      vertex -3.33644628525 -5.14043712616 91.3531951904
    endloop
  endfacet
  facet normal 0 0 -1
    outer loop
      vertex -5.12685203552 -5.14043712616 99.3353805542
      vertex -3.33644628525 -5.14043712616 91.3531951904
      vertex -3.59442901611 -5.14043712616 89.8486251831
    endloop
  endfacet
  facet normal 0 -0 -1
    outer loop
      vertex -2.08343529701 -5.14044523239 84.0456085205
      vertex -1.12445664406 -5.14044523239 82.8579330444
      vertex -5.12685394287 -5.14044523239 58.3353843689
    endloop
  endfacet
  facet normal 0 0 -1
    outer loop
      vertex -5.12685394287 -5.14044523239 58.3353843689
      vertex -1.12445664406 -5.14044523239 82.8579330444
      vertex 0.0214542075992 -5.14044523239 81.8494110107
    endloop
  endfacet
  facet normal 0 0 -1
    outer loop
      vertex -5.12685394287 -5.14044523239 58.3353843689
      vertex 0.0214542075992 -5.14044523239 81.8494110107
      vertex 1.32131958008 -5.14044523239 81.0490493774
    endloop
  endfacet
  facet normal 0 -0 -1
    outer loop
      vertex 1.32131958008 -5.14044523239 81.0490493774
      vertex 2.73774695396 -5.14044523239 80.479888916
      vertex -5.12685394287 -5.14044523239 58.3353843689
    endloop
  endfacet
  facet normal 0 0 -1
    outer loop
      vertex -5.12685394287 -5.14044523239 58.3353843689
      vertex 2.73774695396 -5.14044523239 80.479888916
      vertex 4.22999334335 -5.14044523239 80.1582794189
    endloop
  endfacet
  facet normal 0 0 -1
    outer loop
      vertex -5.12685394287 -5.14044523239 58.3353843689
      vertex 4.22999334335 -5.14044523239 80.1582794189
      vertex 15.8731479645 -5.14044523239 58.3353843689
    endloop
  endfacet
  facet normal 0 0 -1
    outer loop
      vertex 15.8731479645 -5.14044523239 58.3353843689
      vertex 4.22999334335 -5.14044523239 80.1582794189
      vertex 5.75512361526 -5.14044523239 80.0934906006
    endloop
  endfacet
  facet normal 0 0 -1
    outer loop
      vertex 15.8731479645 -5.14044523239 58.3353843689
      vertex 5.75512361526 -5.14044523239 80.0934906006
      vertex 7.26926422119 -5.14044523239 80.2873916626
    endloop
  endfacet
  facet normal 0 0 -1
    outer loop
      vertex 7.26926422119 -5.14044523239 80.2873916626
      vertex 8.72885608673 -5.14044523239 80.734375
      vertex 15.8731479645 -5.14044523239 58.3353843689
    endloop
  endfacet
  facet normal 0 0 -1
    outer loop
      vertex 15.8731479645 -5.14044523239 58.3353843689
      vertex 8.72885608673 -5.14044523239 80.734375
      vertex 10.0919151306 -5.14044523239 81.4216156006
    endloop
  endfacet
  facet normal 0 0 -1
    outer loop
      vertex 15.8731479645 -5.14044523239 58.3353843689
      vertex 10.0919151306 -5.14044523239 81.4216156006
      vertex 11.319226265 -5.14044523239 82.3293304443
    endloop
  endfacet
  facet normal -0 0 -1
    outer loop
      vertex -3.59442901611 -5.14043712616 89.8486251831
      vertex -3.62685203552 -5.14043712616 89.085395813
      vertex -5.12685203552 -5.14043712616 99.3353805542
    endloop
  endfacet
  facet normal 0 0 -1
    outer loop
      vertex -5.12685203552 -5.14043712616 99.3353805542
      vertex -3.62685203552 -5.14043712616 89.085395813
      vertex -3.59442901611 -5.14043712616 88.3221282959
    endloop
  endfacet
  facet normal -1.37895290209e-06 -1.91872331357e-07 -1
    outer loop
      vertex -5.12685203552 -5.14043712616 99.3353805542
      vertex -3.59442901611 -5.14043712616 88.3221282959
      vertex -5.12685394287 -5.14044523239 58.3353843689
    endloop
  endfacet
  facet normal 2.23132901738e-05 -1.40262670811e-06 -1
    outer loop
      vertex -5.12685394287 -5.14044523239 58.3353843689
      vertex -3.59442901611 -5.14043712616 88.3221282959
      vertex -3.33644628525 -5.14044523239 86.8175735474
    endloop
  endfacet
  facet normal 0 0 -1
    outer loop
      vertex -5.12685394287 -5.14044523239 58.3353843689
      vertex -3.33644628525 -5.14044523239 86.8175735474
      vertex -2.827906847 -5.14044523239 85.3782730103
    endloop
  endfacet
  facet normal -0.996397197247 0.0848096236587 0
    outer loop
      vertex 14.3731508255 -7.14044523239 89.085395813
      vertex 14.3731508255 -5.14044523239 89.085395813
      vertex 14.2436876297 -7.14044523239 87.5643692017
    endloop
  endfacet
  facet normal -0.996397197247 0.0848096236587 0
    outer loop
      vertex 14.2436876297 -7.14044523239 87.5643692017
      vertex 14.3731508255 -5.14044523239 89.085395813
      vertex 14.2436876297 -5.14044523239 87.5643692017
    endloop
  endfacet
  facet normal -0.967734694481 0.251971304417 0
    outer loop
      vertex 14.2436876297 -7.14044523239 87.5643692017
      vertex 14.2436876297 -5.14044523239 87.5643692017
      vertex 13.8590517044 -7.14044523239 86.0871124268
    endloop
  endfacet
  facet normal -0.967734694481 0.251971304417 0
    outer loop
      vertex 13.8590517044 -7.14044523239 86.0871124268
      vertex 14.2436876297 -5.14044523239 87.5643692017
      vertex 13.8590517044 -5.14044523239 86.0871124268
    endloop
  endfacet
  facet normal -0.911226093769 0.411906480789 0
    outer loop
      vertex 13.8590517044 -7.14044523239 86.0871124268
      vertex 13.8590517044 -5.14044523239 86.0871124268
      vertex 13.2302761078 -7.14044523239 84.6961288452
    endloop
  endfacet
  facet normal -0.911226093769 0.411906480789 0
    outer loop
      vertex 13.2302761078 -7.14044523239 84.6961288452
      vertex 13.8590517044 -5.14044523239 86.0871124268
      vertex 13.2302761078 -5.14044523239 84.6961288452
    endloop
  endfacet
  facet normal -0.82851010561 0.559974074364 0
    outer loop
      vertex 13.2302761078 -7.14044523239 84.6961288452
      vertex 13.2302761078 -5.14044523239 84.6961288452
      vertex 12.3754739761 -7.14044523239 83.4314041138
    endloop
  endfacet
  facet normal -0.82851010561 0.559974074364 0
    outer loop
      vertex 12.3754739761 -7.14044523239 83.4314041138
      vertex 13.2302761078 -5.14044523239 84.6961288452
      vertex 12.3754739761 -5.14044523239 83.4314041138
    endloop
  endfacet
  facet normal -0.721957027912 0.691937863827 0
    outer loop
      vertex 12.3754739761 -7.14044523239 83.4314041138
      vertex 12.3754739761 -5.14044523239 83.4314041138
      vertex 11.319226265 -7.14044523239 82.3293304443
    endloop
  endfacet
  facet normal -0.721957027912 0.691937863827 0
    outer loop
      vertex 11.319226265 -7.14044523239 82.3293304443
      vertex 12.3754739761 -5.14044523239 83.4314041138
      vertex 11.319226265 -5.14044523239 82.3293304443
    endloop
  endfacet
  facet normal -0.594633281231 0.803997039795 0
    outer loop
      vertex 11.319226265 -7.14044523239 82.3293304443
      vertex 11.319226265 -5.14044523239 82.3293304443
      vertex 10.0919151306 -7.14044523239 81.4216156006
    endloop
  endfacet
  facet normal -0.594633281231 0.803997039795 0
    outer loop
      vertex 10.0919151306 -7.14044523239 81.4216156006
      vertex 11.319226265 -5.14044523239 82.3293304443
      vertex 10.0919151306 -5.14044523239 81.4216156006
    endloop
  endfacet
  facet normal -0.450204193592 0.892925620079 0
    outer loop
      vertex 10.0919151306 -7.14044523239 81.4216156006
      vertex 10.0919151306 -5.14044523239 81.4216156006
      vertex 8.72885608673 -7.14044523239 80.734375
    endloop
  endfacet
  facet normal -0.450204193592 0.892925620079 0
    outer loop
      vertex 8.72885608673 -7.14044523239 80.734375
      vertex 10.0919151306 -5.14044523239 81.4216156006
      vertex 8.72885608673 -5.14044523239 80.734375
    endloop
  endfacet
  facet normal -0.292819559574 0.956167697906 0
    outer loop
      vertex 8.72885608673 -7.14044523239 80.734375
      vertex 8.72885608673 -5.14044523239 80.734375
      vertex 7.26926422119 -7.14044523239 80.2873916626
    endloop
  endfacet
  facet normal -0.292819559574 0.956167697906 0
    outer loop
      vertex 7.26926422119 -7.14044523239 80.2873916626
      vertex 8.72885608673 -5.14044523239 80.734375
      vertex 7.26926422119 -5.14044523239 80.2873916626
    endloop
  endfacet
  facet normal -0.127022221684 0.991899847984 0
    outer loop
      vertex 7.26926422119 -7.14044523239 80.2873916626
      vertex 7.26926422119 -5.14044523239 80.2873916626
      vertex 5.75512361526 -7.14044523239 80.0934906006
    endloop
  endfacet
  facet normal -0.127022221684 0.991899847984 0
    outer loop
      vertex 5.75512361526 -7.14044523239 80.0934906006
      vertex 7.26926422119 -5.14044523239 80.2873916626
      vertex 5.75512361526 -5.14044523239 80.0934906006
    endloop
  endfacet
  facet normal 0.042443793267 0.999098837376 0
    outer loop
      vertex 5.75512361526 -7.14044523239 80.0934906006
      vertex 5.75512361526 -5.14044523239 80.0934906006
      vertex 4.22999334335 -7.14044523239 80.1582794189
    endloop
  endfacet
  facet normal 0.042443793267 0.999098837376 0
    outer loop
      vertex 4.22999334335 -7.14044523239 80.1582794189
      vertex 5.75512361526 -5.14044523239 80.0934906006
      vertex 4.22999334335 -5.14044523239 80.1582794189
    endloop
  endfacet
  facet normal 0.210682734847 0.977554500103 0
    outer loop
      vertex 4.22999334335 -7.14044523239 80.1582794189
      vertex 4.22999334335 -5.14044523239 80.1582794189
      vertex 2.73774695396 -7.14044523239 80.479888916
    endloop
  endfacet
  facet normal 0.210682734847 0.977554500103 0
    outer loop
      vertex 2.73774695396 -7.14044523239 80.479888916
      vertex 4.22999334335 -5.14044523239 80.1582794189
      vertex 2.73774695396 -5.14044523239 80.479888916
    endloop
  endfacet
  facet normal 0.372852742672 0.927890539169 0
    outer loop
      vertex 2.73774695396 -7.14044523239 80.479888916
      vertex 2.73774695396 -5.14044523239 80.479888916
      vertex 1.32131958008 -7.14044523239 81.0490493774
    endloop
  endfacet
  facet normal 0.372852742672 0.927890539169 0
    outer loop
      vertex 1.32131958008 -7.14044523239 81.0490493774
      vertex 2.73774695396 -5.14044523239 80.479888916
      vertex 1.32131958008 -5.14044523239 81.0490493774
    endloop
  endfacet
  facet normal 0.524310171604 0.85152733326 0
    outer loop
      vertex 1.32131958008 -7.14044523239 81.0490493774
      vertex 1.32131958008 -5.14044523239 81.0490493774
      vertex 0.0214542075992 -7.14044523239 81.8494110107
    endloop
  endfacet
  facet normal 0.524310171604 0.85152733326 0
    outer loop
      vertex 0.0214542075992 -7.14044523239 81.8494110107
      vertex 1.32131958008 -5.14044523239 81.0490493774
      vertex 0.0214542075992 -5.14044523239 81.8494110107
    endloop
  endfacet
  facet normal 0.660671532154 0.750675141811 0
    outer loop
      vertex 0.0214542075992 -7.14044523239 81.8494110107
      vertex 0.0214542075992 -5.14044523239 81.8494110107
      vertex -1.12445664406 -7.14044523239 82.8579330444
    endloop
  endfacet
  facet normal 0.660671532154 0.750675141811 0
    outer loop
      vertex -1.12445664406 -7.14044523239 82.8579330444
      vertex 0.0214542075992 -5.14044523239 81.8494110107
      vertex -1.12445664406 -5.14044523239 82.8579330444
    endloop
  endfacet
  facet normal 0.778037011623 0.628218472004 0
    outer loop
      vertex -1.12445664406 -7.14044523239 82.8579330444
      vertex -1.12445664406 -5.14044523239 82.8579330444
      vertex -2.08343529701 -7.14044523239 84.0456085205
    endloop
  endfacet
  facet normal 0.778037011623 0.628218472004 0
    outer loop
      vertex -2.08343529701 -7.14044523239 84.0456085205
      vertex -1.12445664406 -5.14044523239 82.8579330444
      vertex -2.08343529701 -5.14044523239 84.0456085205
    endloop
  endfacet
  facet normal 0.873013556004 0.487695902586 0
    outer loop
      vertex -2.08343529701 -7.14044523239 84.0456085205
      vertex -2.08343529701 -5.14044523239 84.0456085205
      vertex -2.827906847 -7.14044523239 85.3782730103
    endloop
  endfacet
  facet normal 0.873013556004 0.487695902586 0
    outer loop
      vertex -2.827906847 -7.14044523239 85.3782730103
      vertex -2.08343529701 -5.14044523239 84.0456085205
      vertex -2.827906847 -5.14044523239 85.3782730103
    endloop
  endfacet
  facet normal 0.942877233028 0.333140343428 0
    outer loop
      vertex -2.827906847 -7.14044523239 85.3782730103
      vertex -2.827906847 -5.14044523239 85.3782730103
      vertex -3.33644628525 -7.14044523239 86.8175735474
    endloop
  endfacet
  facet normal 0.942877233028 0.333140343428 0
    outer loop
      vertex -3.33644628525 -7.14044523239 86.8175735474
      vertex -2.827906847 -5.14044523239 85.3782730103
      vertex -3.33644628525 -5.14044523239 86.8175735474
    endloop
  endfacet
  facet normal 0.985615730286 0.169001862407 0
    outer loop
      vertex -3.33644628525 -7.14044523239 86.8175735474
      vertex -3.33644628525 -5.14044523239 86.8175735474
      vertex -3.59442901611 -7.14044523239 88.3221282959
    endloop
  endfacet
  facet normal 0.985615730286 0.169001862407 0
    outer loop
      vertex -3.59442901611 -7.14044523239 88.3221282959
      vertex -3.33644628525 -5.14044523239 86.8175735474
      vertex -3.59442901611 -5.14043712616 88.3221282959
    endloop
  endfacet
  facet normal 0.999098956585 0.042440906167 0
    outer loop
      vertex -3.59442901611 -7.14044523239 88.3221282959
      vertex -3.59442901611 -5.14043712616 88.3221282959
      vertex -3.62685203552 -7.14044523239 89.085395813
    endloop
  endfacet
  facet normal 0.999098956585 0.042440906167 0
    outer loop
      vertex -3.62685203552 -7.14044523239 89.085395813
      vertex -3.59442901611 -5.14043712616 88.3221282959
      vertex -3.62685203552 -5.14043712616 89.085395813
    endloop
  endfacet
  facet normal 0.99909889698 -0.0424426533282 0
    outer loop
      vertex -3.62685203552 -7.14044523239 89.085395813
      vertex -3.62685203552 -5.14043712616 89.085395813
      vertex -3.59442901611 -7.14044523239 89.8486251831
    endloop
  endfacet
  facet normal 0.99909889698 -0.0424426533282 0
    outer loop
      vertex -3.59442901611 -7.14044523239 89.8486251831
      vertex -3.62685203552 -5.14043712616 89.085395813
      vertex -3.59442901611 -5.14043712616 89.8486251831
    endloop
  endfacet
  facet normal 0.985616028309 -0.169000148773 0
    outer loop
      vertex -3.59442901611 -7.14044523239 89.8486251831
      vertex -3.59442901611 -5.14043712616 89.8486251831
      vertex -3.33644628525 -7.14044523239 91.3531951904
    endloop
  endfacet
  facet normal 0.985616028309 -0.169000148773 0
    outer loop
      vertex -3.33644628525 -7.14044523239 91.3531951904
      vertex -3.59442901611 -5.14043712616 89.8486251831
      vertex -3.33644628525 -5.14043712616 91.3531951904
    endloop
  endfacet
  facet normal 0.942877233028 -0.333140343428 0
    outer loop
      vertex -3.33644628525 -7.14044523239 91.3531951904
      vertex -3.33644628525 -5.14043712616 91.3531951904
      vertex -2.827906847 -7.14044523239 92.7924957275
    endloop
  endfacet
  facet normal 0.942877233028 -0.333140343428 0
    outer loop
      vertex -2.827906847 -7.14044523239 92.7924957275
      vertex -3.33644628525 -5.14043712616 91.3531951904
      vertex -2.827906847 -5.14043712616 92.7924957275
    endloop
  endfacet
  facet normal 0.873013556004 -0.487695902586 0
    outer loop
      vertex -2.827906847 -7.14044523239 92.7924957275
      vertex -2.827906847 -5.14043712616 92.7924957275
      vertex -2.08343529701 -7.14044523239 94.1251602173
    endloop
  endfacet
  facet normal 0.873013556004 -0.487695902586 0
    outer loop
      vertex -2.08343529701 -7.14044523239 94.1251602173
      vertex -2.827906847 -5.14043712616 92.7924957275
      vertex -2.08343529701 -5.14043712616 94.1251602173
    endloop
  endfacet
  facet normal 0.778037011623 -0.628218472004 0
    outer loop
      vertex -2.08343529701 -7.14044523239 94.1251602173
      vertex -2.08343529701 -5.14043712616 94.1251602173
      vertex -1.12445664406 -7.14044523239 95.3128356934
    endloop
  endfacet
  facet normal 0.778037011623 -0.628218472004 0
    outer loop
      vertex -1.12445664406 -7.14044523239 95.3128356934
      vertex -2.08343529701 -5.14043712616 94.1251602173
      vertex -1.12445664406 -5.14043712616 95.3128356934
    endloop
  endfacet
  facet normal 0.660672128201 -0.750674545765 0
    outer loop
      vertex -1.12445664406 -7.14044523239 95.3128356934
      vertex -1.12445664406 -5.14043712616 95.3128356934
      vertex 0.0214522406459 -7.14044523239 96.3213577271
    endloop
  endfacet
  facet normal 0.660672128201 -0.750674545765 0
    outer loop
      vertex 0.0214522406459 -7.14044523239 96.3213577271
      vertex -1.12445664406 -5.14043712616 95.3128356934
      vertex 0.0214522406459 -5.14043712616 96.3213577271
    endloop
  endfacet
  facet normal 0.524310171604 -0.85152733326 0
    outer loop
      vertex 0.0214522406459 -7.14044523239 96.3213577271
      vertex 0.0214522406459 -5.14043712616 96.3213577271
      vertex 1.32131767273 -7.14044523239 97.1217193604
    endloop
  endfacet
  facet normal 0.524310171604 -0.85152733326 0
    outer loop
      vertex 1.32131767273 -7.14044523239 97.1217193604
      vertex 0.0214522406459 -5.14043712616 96.3213577271
      vertex 1.32131767273 -5.14043712616 97.1217193604
    endloop
  endfacet
  facet normal 0.372852742672 -0.927890539169 0
    outer loop
      vertex 1.32131767273 -7.14044523239 97.1217193604
      vertex 1.32131767273 -5.14043712616 97.1217193604
      vertex 2.73774504662 -7.14044523239 97.6908798218
    endloop
  endfacet
  facet normal 0.372852742672 -0.927890539169 0
    outer loop
      vertex 2.73774504662 -7.14044523239 97.6908798218
      vertex 1.32131767273 -5.14043712616 97.1217193604
      vertex 2.73774504662 -5.14043712616 97.6908798218
    endloop
  endfacet
  facet normal 0.210682600737 -0.977554500103 0
    outer loop
      vertex 2.73774504662 -7.14044523239 97.6908798218
      vertex 2.73774504662 -5.14043712616 97.6908798218
      vertex 4.22999238968 -7.14044523239 98.0124893188
    endloop
  endfacet
  facet normal 0.210682600737 -0.977554500103 0
    outer loop
      vertex 4.22999238968 -7.14044523239 98.0124893188
      vertex 2.73774504662 -5.14043712616 97.6908798218
      vertex 4.22999238968 -5.14043712616 98.0124893188
    endloop
  endfacet
  facet normal 0.0424335040152 -0.999099314213 0
    outer loop
      vertex 4.22999238968 -7.14044523239 98.0124893188
      vertex 4.22999238968 -5.14043712616 98.0124893188
      vertex 5.75512266159 -7.14044523239 98.0772628784
    endloop
  endfacet
  facet normal 0.0424335040152 -0.999099314213 0
    outer loop
      vertex 5.75512266159 -7.14044523239 98.0772628784
      vertex 4.22999238968 -5.14043712616 98.0124893188
      vertex 5.75512266159 -5.14043712616 98.0772628784
    endloop
  endfacet
  facet normal -0.127012073994 -0.991901159286 -0
    outer loop
      vertex 5.75512266159 -7.14044523239 98.0772628784
      vertex 5.75512266159 -5.14043712616 98.0772628784
      vertex 7.26926279068 -7.14044523239 97.8833847046
    endloop
  endfacet
  facet normal -0.127012073994 -0.991901159286 -0
    outer loop
      vertex 7.26926279068 -7.14044523239 97.8833847046
      vertex 5.75512266159 -5.14043712616 98.0772628784
      vertex 7.26926279068 -5.14043712616 97.8833847046
    endloop
  endfacet
  facet normal -0.292828977108 -0.956164836884 -0
    outer loop
      vertex 7.26926279068 -7.14044523239 97.8833847046
      vertex 7.26926279068 -5.14043712616 97.8833847046
      vertex 8.72885513306 -7.14044523239 97.436378479
    endloop
  endfacet
  facet normal -0.292828977108 -0.956164836884 -0
    outer loop
      vertex 8.72885513306 -7.14044523239 97.436378479
      vertex 7.26926279068 -5.14043712616 97.8833847046
      vertex 8.72885513306 -5.14043712616 97.436378479
    endloop
  endfacet
  facet normal -0.450195997953 -0.892929792404 -0
    outer loop
      vertex 8.72885513306 -7.14044523239 97.436378479
      vertex 8.72885513306 -5.14043712616 97.436378479
      vertex 10.0919141769 -7.14044523239 96.7491531372
    endloop
  endfacet
  facet normal -0.450195997953 -0.892929792404 -0
    outer loop
      vertex 10.0919141769 -7.14044523239 96.7491531372
      vertex 8.72885513306 -5.14043712616 97.436378479
      vertex 10.0919141769 -5.14044523239 96.7491531372
    endloop
  endfacet
  facet normal -0.594633579254 -0.803996801376 -0
    outer loop
      vertex 10.0919141769 -7.14044523239 96.7491531372
      vertex 10.0919141769 -5.14044523239 96.7491531372
      vertex 11.3192243576 -7.14044523239 95.8414382935
    endloop
  endfacet
  facet normal -0.594633579254 -0.803996801376 -0
    outer loop
      vertex 11.3192243576 -7.14044523239 95.8414382935
      vertex 10.0919141769 -5.14044523239 96.7491531372
      vertex 11.3192243576 -5.14044523239 95.8414382935
    endloop
  endfacet
  facet normal -0.721956908703 -0.691938042641 -0
    outer loop
      vertex 11.3192243576 -7.14044523239 95.8414382935
      vertex 11.3192243576 -5.14044523239 95.8414382935
      vertex 12.3754720688 -7.14044523239 94.739364624
    endloop
  endfacet
  facet normal -0.721956908703 -0.691938042641 -0
    outer loop
      vertex 12.3754720688 -7.14044523239 94.739364624
      vertex 11.3192243576 -5.14044523239 95.8414382935
      vertex 12.3754720688 -5.14044523239 94.739364624
    endloop
  endfacet
  facet normal -0.82851010561 -0.559974074364 -0
    outer loop
      vertex 12.3754720688 -7.14044523239 94.739364624
      vertex 12.3754720688 -5.14044523239 94.739364624
      vertex 13.2302751541 -7.14044523239 93.4746398926
    endloop
  endfacet
  facet normal -0.82851010561 -0.559974074364 -0
    outer loop
      vertex 13.2302751541 -7.14044523239 93.4746398926
      vertex 12.3754720688 -5.14044523239 94.739364624
      vertex 13.2302751541 -5.14044523239 93.4746398926
    endloop
  endfacet
  facet normal -0.911227881908 -0.411902606487 -0
    outer loop
      vertex 13.2302751541 -7.14044523239 93.4746398926
      vertex 13.2302751541 -5.14044523239 93.4746398926
      vertex 13.8590497971 -7.14044523239 92.0836410522
    endloop
  endfacet
  facet normal -0.911227881908 -0.411902606487 -0
    outer loop
      vertex 13.8590497971 -7.14044523239 92.0836410522
      vertex 13.2302751541 -5.14044523239 93.4746398926
      vertex 13.8590497971 -5.14044523239 92.0836410522
    endloop
  endfacet
  facet normal -0.967734396458 -0.25197249651 -0
    outer loop
      vertex 13.8590497971 -7.14044523239 92.0836410522
      vertex 13.8590497971 -5.14044523239 92.0836410522
      vertex 14.2436876297 -7.14044523239 90.6063842773
    endloop
  endfacet
  facet normal -0.967734396458 -0.25197249651 -0
    outer loop
      vertex 14.2436876297 -7.14044523239 90.6063842773
      vertex 13.8590497971 -5.14044523239 92.0836410522
      vertex 14.2436876297 -5.14044523239 90.6063842773
    endloop
  endfacet
  facet normal -0.996397078037 -0.0848110467196 -0
    outer loop
      vertex 14.2436876297 -7.14044523239 90.6063842773
      vertex 14.2436876297 -5.14044523239 90.6063842773
      vertex 14.3731508255 -7.14044523239 89.085395813
    endloop
  endfacet
  facet normal -0.996397078037 -0.0848110467196 -0
    outer loop
      vertex 14.3731508255 -7.14044523239 89.085395813
      vertex 14.2436876297 -5.14044523239 90.6063842773
      vertex 14.3731508255 -5.14044523239 89.085395813
    endloop
  endfacet
  facet normal -0.943151116371 0.33236426115 -1.63141578469e-06
    outer loop
      vertex 20.5899200439 13.4867677689 57.3906936646
      vertex 20.3280754089 13.5658912659 56.6476554871
      vertex 20.5900535583 5.85955429077 57.3911132812
    endloop
  endfacet
  facet normal -0.923865675926 0.382677167654 -0.00551110273227
    outer loop
      vertex 20.5900535583 5.85955429077 57.3911132812
      vertex 20.3280754089 13.5658912659 56.6476554871
      vertex 19.6292533875 5.85955429077 55.0715332031
    endloop
  endfacet
  facet normal -0.996917188168 0.078461125493 0
    outer loop
      vertex 21.176158905 5.85955429077 59.8324279785
      vertex 21.3731517792 5.85955429077 62.3353843689
      vertex 21.3731517792 13.247625351 62.3353843689
    endloop
  endfacet
  facet normal -0.999136149883 0.0393695682287 -0.0133027248085
    outer loop
      vertex 21.3731517792 13.247625351 62.3353843689
      vertex 21.3234500885 13.2439088821 61.0752754211
      vertex 21.176158905 5.85955429077 59.8324279785
    endloop
  endfacet
  facet normal -0.993050813675 0.11768630147 0
    outer loop
      vertex 21.176158905 5.85955429077 59.8324279785
      vertex 21.3234500885 13.2439088821 61.0752754211
      vertex 21.176158905 13.2875652313 59.8324279785
    endloop
  endfacet
  facet normal -0.972370147705 0.233444333076 0
    outer loop
      vertex 21.176158905 5.85955429077 59.8324279785
      vertex 21.176158905 13.2875652313 59.8324279785
      vertex 20.5900535583 5.85955429077 57.3911132812
    endloop
  endfacet
  facet normal -0.980549991131 0.19583812356 -0.0130052277818
    outer loop
      vertex 20.5900535583 5.85955429077 57.3911132812
      vertex 21.176158905 13.2875652313 59.8324279785
      vertex 20.9318332672 13.3723134995 58.6034736633
    endloop
  endfacet
  facet normal -0.962481379509 0.271347671747 2.04296839001e-06
    outer loop
      vertex 20.5900535583 5.85955429077 57.3911132812
      vertex 20.9318332672 13.3723134995 58.6034736633
      vertex 20.5899200439 13.4867677689 57.3906936646
    endloop
  endfacet
  facet normal -0.078461073339 0.996917188168 0
    outer loop
      vertex 5.37314558029 13.8595542908 46.3353843689
      vertex 5.37314558029 5.85955429077 46.3353843689
      vertex 7.87609958649 13.8595542908 46.5323753357
    endloop
  endfacet
  facet normal -0.078461073339 0.996917188168 0
    outer loop
      vertex 7.87609958649 13.8595542908 46.5323753357
      vertex 5.37314558029 5.85955429077 46.3353843689
      vertex 7.87609958649 5.85955429077 46.5323753357
    endloop
  endfacet
  facet normal -0.233444288373 0.97237020731 0
    outer loop
      vertex 7.87609958649 13.8595542908 46.5323753357
      vertex 7.87609958649 5.85955429077 46.5323753357
      vertex 10.3174171448 13.8595542908 47.1184806824
    endloop
  endfacet
  facet normal -0.233444288373 0.97237020731 0
    outer loop
      vertex 10.3174171448 13.8595542908 47.1184806824
      vertex 7.87609958649 5.85955429077 46.5323753357
      vertex 10.3174171448 5.85955429077 47.1184806824
    endloop
  endfacet
  facet normal -0.382682949305 0.923879742622 0
    outer loop
      vertex 10.3174171448 13.8595542908 47.1184806824
      vertex 10.3174171448 5.85955429077 47.1184806824
      vertex 12.6369972229 13.8595542908 48.0792808533
    endloop
  endfacet
  facet normal -0.382682949305 0.923879742622 0
    outer loop
      vertex 12.6369972229 13.8595542908 48.0792808533
      vertex 10.3174171448 5.85955429077 47.1184806824
      vertex 12.6369972229 5.85955429077 48.0792808533
    endloop
  endfacet
  facet normal -0.522497236729 0.852640986443 0
    outer loop
      vertex 12.6369972229 13.8595542908 48.0792808533
      vertex 12.6369972229 5.85955429077 48.0792808533
      vertex 14.7777175903 13.8595542908 49.3911132812
    endloop
  endfacet
  facet normal -0.522497236729 0.852640986443 0
    outer loop
      vertex 14.7777175903 13.8595542908 49.3911132812
      vertex 12.6369972229 5.85955429077 48.0792808533
      vertex 14.7777175903 5.85955429077 49.3911132812
    endloop
  endfacet
  facet normal -0.649448752403 0.760405361652 0
    outer loop
      vertex 14.7777175903 13.8595542908 49.3911132812
      vertex 14.7777175903 5.85955429077 49.3911132812
      vertex 16.6868553162 13.8595542908 51.0216712952
    endloop
  endfacet
  facet normal -0.649448752403 0.760405361652 0
    outer loop
      vertex 16.6868553162 13.8595542908 51.0216712952
      vertex 14.7777175903 5.85955429077 49.3911132812
      vertex 16.6868553162 5.85955429077 51.0216712952
    endloop
  endfacet
  facet normal -0.75987970829 0.650063693523 0
    outer loop
      vertex 16.6868553162 13.8595542908 51.0216712952
      vertex 16.6868553162 5.85955429077 51.0216712952
      vertex 18.302154541 13.8595542908 52.9098472595
    endloop
  endfacet
  facet normal -0.760405242443 0.649448871613 -0.000251229299465
    outer loop
      vertex 18.302154541 13.8595542908 52.9098472595
      vertex 16.6868553162 5.85955429077 51.0216712952
      vertex 18.3174247742 5.85955429077 52.9308204651
    endloop
  endfacet
  facet normal -0.841096878052 0.540884494781 0.000187397119589
    outer loop
      vertex 18.302154541 13.8595542908 52.9098472595
      vertex 18.3174247742 5.85955429077 52.9308204651
      vertex 19.3131999969 13.7856855392 54.4820365906
    endloop
  endfacet
  facet normal -0.852630198002 0.522492229939 -0.00486110476777
    outer loop
      vertex 19.3131999969 13.7856855392 54.4820365906
      vertex 18.3174247742 5.85955429077 52.9308204651
      vertex 19.6292533875 5.85955429077 55.0715332031
    endloop
  endfacet
  facet normal -0.881322622299 0.472514986992 7.03249352612e-18
    outer loop
      vertex 19.3131999969 13.7856855392 54.4820365906
      vertex 19.6292533875 5.85955429077 55.0715332031
      vertex 19.6292533875 13.732635498 55.0715332031
    endloop
  endfacet
  facet normal -0.914172410965 0.405325502157 0
    outer loop
      vertex 19.6292533875 13.732635498 55.0715332031
      vertex 19.6292533875 5.85955429077 55.0715332031
      vertex 20.3280754089 13.5658912659 56.6476554871
    endloop
  endfacet
  facet normal 0.999222397804 0.0394289605319 5.31982891516e-07
    outer loop
      vertex -10.6268501282 13.247625351 62.3353843689
      vertex -10.6268539429 5.85955810547 62.3353843689
      vertex -10.5770998001 13.2439203262 61.0746154785
    endloop
  endfacet
  facet normal 0.996895074844 0.0784577652812 -0.00667872373015
    outer loop
      vertex -10.5770998001 13.2439203262 61.0746154785
      vertex -10.6268539429 5.85955810547 62.3353843689
      vertex -10.4298658371 5.85955810547 59.8324279785
    endloop
  endfacet
  facet normal 0.972348868847 0.233440741897 -0.0065643475391
    outer loop
      vertex -9.84375572205 5.85955810547 57.3911132812
      vertex -10.1854143143 13.3723611832 58.6029548645
      vertex -10.4298658371 5.85955810547 59.8324279785
    endloop
  endfacet
  facet normal 0.980801999569 0.195006266236 5.19368256846e-07
    outer loop
      vertex -10.4298658371 5.85955810547 59.8324279785
      vertex -10.1854143143 13.3723611832 58.6029548645
      vertex -10.4298620224 13.2875652313 59.8324279785
    endloop
  endfacet
  facet normal 0.99304831028 0.117707617581 5.25853067757e-07
    outer loop
      vertex -10.4298658371 5.85955810547 59.8324279785
      vertex -10.4298620224 13.2875652313 59.8324279785
      vertex -10.5770998001 13.2439203262 61.0746154785
    endloop
  endfacet
  facet normal 0.923865735531 0.382677137852 -0.00551063148305
    outer loop
      vertex -8.88295650482 5.85955810547 55.0715332031
      vertex -9.58177280426 13.5658912659 56.6476554871
      vertex -9.84375572205 5.85955810547 57.3911132812
    endloop
  endfacet
  facet normal 0.943154811859 0.332353651524 0
    outer loop
      vertex -9.84375572205 5.85955810547 57.3911132812
      vertex -9.58177280426 13.5658912659 56.6476554871
      vertex -9.84375572205 13.4867238998 57.3911132812
    endloop
  endfacet
  facet normal 0.962479650974 0.271353840828 0
    outer loop
      vertex -9.84375572205 5.85955810547 57.3911132812
      vertex -9.84375572205 13.4867238998 57.3911132812
      vertex -10.1854143143 13.3723611832 58.6029548645
    endloop
  endfacet
  facet normal 0.760406851768 0.649446964264 -0.000251595338341
    outer loop
      vertex -5.94056081772 5.85955810547 51.0216712952
      vertex -7.55585622787 13.8595542908 52.9098472595
      vertex -7.57112169266 5.85955810547 52.9308204651
    endloop
  endfacet
  facet normal 0.841097831726 0.540883004665 0.000186989374924
    outer loop
      vertex -7.57112169266 5.85955810547 52.9308204651
      vertex -7.55585622787 13.8595542908 52.9098472595
      vertex -8.56689739227 13.7856893539 54.4820365906
    endloop
  endfacet
  facet normal 0.852629363537 0.522493600845 -0.00486071733758
    outer loop
      vertex -7.57112169266 5.85955810547 52.9308204651
      vertex -8.56689739227 13.7856893539 54.4820365906
      vertex -8.88295650482 5.85955810547 55.0715332031
    endloop
  endfacet
  facet normal 0.881319582462 0.472520679235 0
    outer loop
      vertex -8.88295650482 5.85955810547 55.0715332031
      vertex -8.56689739227 13.7856893539 54.4820365906
      vertex -8.88295650482 13.732635498 55.0715332031
    endloop
  endfacet
  facet normal 0.914173305035 0.405323565006 0
    outer loop
      vertex -8.88295650482 5.85955810547 55.0715332031
      vertex -8.88295650482 13.732635498 55.0715332031
      vertex -9.58177280426 13.5658912659 56.6476554871
    endloop
  endfacet
  facet normal 0.078461073339 0.996917188168 0
    outer loop
      vertex 5.37314558029 5.85955429077 46.3353843689
      vertex 5.37314558029 13.8595542908 46.3353843689
      vertex 2.87019181252 5.85955429077 46.5323753357
    endloop
  endfacet
  facet normal 0.0784613192081 0.996917188168 7.71546311285e-08
    outer loop
      vertex 2.87019181252 5.85955429077 46.5323753357
      vertex 5.37314558029 13.8595542908 46.3353843689
      vertex 2.87019968033 13.8595542908 46.5323753357
    endloop
  endfacet
  facet normal 0.233444288373 0.97237020731 2.29556519571e-07
    outer loop
      vertex 2.87019181252 5.85955429077 46.5323753357
      vertex 2.87019968033 13.8595542908 46.5323753357
      vertex 0.428874135017 5.85955810547 47.1184806824
    endloop
  endfacet
  facet normal 0.233443588018 0.972370326519 0
    outer loop
      vertex 0.428874135017 5.85955810547 47.1184806824
      vertex 2.87019968033 13.8595542908 46.5323753357
      vertex 0.428874135017 13.8595542908 47.1184806824
    endloop
  endfacet
  facet normal 0.382684051991 0.923879265785 0
    outer loop
      vertex 0.428874135017 5.85955810547 47.1184806824
      vertex 0.428874135017 13.8595542908 47.1184806824
      vertex -1.89069747925 5.85955810547 48.0792808533
    endloop
  endfacet
  facet normal 0.382684051991 0.923879265785 0
    outer loop
      vertex -1.89069747925 5.85955810547 48.0792808533
      vertex 0.428874135017 13.8595542908 47.1184806824
      vertex -1.89069747925 13.8595542908 48.0792808533
    endloop
  endfacet
  facet normal 0.522497951984 0.85264056921 0
    outer loop
      vertex -1.89069747925 5.85955810547 48.0792808533
      vertex -1.89069747925 13.8595542908 48.0792808533
      vertex -4.03141403198 5.85955810547 49.3911132812
    endloop
  endfacet
  facet normal 0.522497951984 0.85264056921 0
    outer loop
      vertex -4.03141403198 5.85955810547 49.3911132812
      vertex -1.89069747925 13.8595542908 48.0792808533
      vertex -4.03141403198 13.8595542908 49.3911132812
    endloop
  endfacet
  facet normal 0.649447023869 0.760406851768 0
    outer loop
      vertex -4.03141403198 5.85955810547 49.3911132812
      vertex -4.03141403198 13.8595542908 49.3911132812
      vertex -5.94056081772 5.85955810547 51.0216712952
    endloop
  endfacet
  facet normal 0.649447798729 0.760406196117 3.19316114883e-07
    outer loop
      vertex -5.94056081772 5.85955810547 51.0216712952
      vertex -4.03141403198 13.8595542908 49.3911132812
      vertex -5.94055700302 13.8595542908 51.0216712952
    endloop
  endfacet
  facet normal 0.759879767895 0.650063633919 3.73612550675e-07
    outer loop
      vertex -5.94056081772 5.85955810547 51.0216712952
      vertex -5.94055700302 13.8595542908 51.0216712952
      vertex -7.55585622787 13.8595542908 52.9098472595
    endloop
  endfacet
  facet normal -0 -1 0
    outer loop
      vertex 21.8731498718 4.85955429077 -0.664615750313
      vertex 21.8854694366 4.70311975479 -0.664615750313
      vertex 15.8669509888 13.8595542908 -0.664615750313
    endloop
  endfacet
  facet normal 0 -1 -0
    outer loop
      vertex 21.8731498718 4.85955429077 -0.664615750313
      vertex 15.8669509888 13.8595542908 -0.664615750313
      vertex 21.8731498718 7.85955429077 -0.664615750313
    endloop
  endfacet
  facet normal 0 -1 0
    outer loop
      vertex 21.9221439362 4.5505361557 -0.664615750313
      vertex 21.9822540283 4.40556335449 -0.664615750313
      vertex 21.8731498718 3.85955452919 -0.664615750313
    endloop
  endfacet
  facet normal 0 -1 0
    outer loop
      vertex 21.8731498718 3.85955452919 -0.664615750313
      vertex 21.9822540283 4.40556335449 -0.664615750313
      vertex 22.06432724 4.27176904678 -0.664615750313
    endloop
  endfacet
  facet normal -0 -1 0
    outer loop
      vertex -5.46179151535 3.76755261421 -0.664615750313
      vertex -5.95813322067 2.78312492371 -0.664615750313
      vertex -11.1268520355 7.85955429077 -0.664615750313
    endloop
  endfacet
  facet normal -0 -1 0
    outer loop
      vertex 22.06432724 -3.55266404152 -0.664615750313
      vertex 21.9822463989 -3.68645405769 -0.664615750313
      vertex 21.8731422424 -3.14044523239 -0.664615750313
    endloop
  endfacet
  facet normal 0 -1 0
    outer loop
      vertex 21.9221439362 -3.8314306736 -0.664615750313
      vertex 21.8854694366 -3.98401451111 -0.664615750313
      vertex 15.8669509888 -13.1404447556 -0.664615750313
    endloop
  endfacet
  facet normal 0 -1 0
    outer loop
      vertex 15.8669509888 -13.1404447556 -0.664615750313
      vertex 21.8854694366 -3.98401451111 -0.664615750313
      vertex 21.8731422424 -4.14044523239 -0.664615750313
    endloop
  endfacet
  facet normal 0 -1 0
    outer loop
      vertex 15.8669509888 -13.1404447556 -0.664615750313
      vertex 21.8731422424 -4.14044523239 -0.664615750313
      vertex 21.8731422424 -7.14044523239 -0.664615750313
    endloop
  endfacet
  facet normal 0 -1 0
    outer loop
      vertex 15.8669509888 13.8595542908 -0.664615750313
      vertex 16.8065261841 13.7856855392 -0.664615750313
      vertex 21.8731498718 7.85955429077 -0.664615750313
    endloop
  endfacet
  facet normal 0 -1 0
    outer loop
      vertex 21.8731498718 7.85955429077 -0.664615750313
      vertex 16.8065261841 13.7856855392 -0.664615750313
      vertex 17.7229652405 13.5658912659 -0.664615750313
    endloop
  endfacet
  facet normal 0 -1 0
    outer loop
      vertex 21.8731498718 7.85955429077 -0.664615750313
      vertex 17.7229652405 13.5658912659 -0.664615750313
      vertex 18.593706131 13.2055931091 -0.664615750313
    endloop
  endfacet
  facet normal 0 -1 -0
    outer loop
      vertex 6.42725515366 1.72897005081 -0.664615750313
      vertex 6.10442686081 2.78312087059 -0.664615750313
      vertex 21.8731498718 3.85955452919 -0.664615750313
    endloop
  endfacet
  facet normal -0 -1 0
    outer loop
      vertex 21.8731498718 3.85955452919 -0.664615750313
      vertex 6.10442686081 2.78312087059 -0.664615750313
      vertex 15.8669509888 13.8595542908 -0.664615750313
    endloop
  endfacet
  facet normal 0 -1 -0
    outer loop
      vertex 21.8731498718 3.85955452919 -0.664615750313
      vertex 15.8669509888 13.8595542908 -0.664615750313
      vertex 21.9221439362 4.5505361557 -0.664615750313
    endloop
  endfacet
  facet normal 0 -1 0
    outer loop
      vertex 21.9221439362 4.5505361557 -0.664615750313
      vertex 15.8669509888 13.8595542908 -0.664615750313
      vertex 21.8854694366 4.70311975479 -0.664615750313
    endloop
  endfacet
  facet normal -0 -1 -0
    outer loop
      vertex 18.593706131 -12.4864883423 -0.664615750313
      vertex 17.7229652405 -12.846786499 -0.664615750313
      vertex 21.8731422424 -7.14044523239 -0.664615750313
    endloop
  endfacet
  facet normal 0 -1 0
    outer loop
      vertex 21.8731422424 -7.14044523239 -0.664615750313
      vertex 17.7229652405 -12.846786499 -0.664615750313
      vertex 16.8065261841 -13.066576004 -0.664615750313
    endloop
  endfacet
  facet normal 0 -1 0
    outer loop
      vertex 21.8731422424 -7.14044523239 -0.664615750313
      vertex 16.8065261841 -13.066576004 -0.664615750313
      vertex 15.8669509888 -13.1404447556 -0.664615750313
    endloop
  endfacet
  facet normal 0 -1 0
    outer loop
      vertex 22.06432724 4.27176904678 -0.664615750313
      vertex 22.166343689 4.15244579315 -0.664615750313
      vertex 21.8731498718 3.85955452919 -0.664615750313
    endloop
  endfacet
  facet normal 0 -1 0
    outer loop
      vertex 21.8731498718 3.85955452919 -0.664615750313
      vertex 22.166343689 4.15244579315 -0.664615750313
      vertex 22.285785675 4.0505361557 -0.664615750313
    endloop
  endfacet
  facet normal 0 -1 0
    outer loop
      vertex 21.8731498718 3.85955452919 -0.664615750313
      vertex 22.285785675 4.0505361557 -0.664615750313
      vertex 22.4197177887 3.9685485363 -0.664615750313
    endloop
  endfacet
  facet normal 0 -1 0
    outer loop
      vertex -9.9797706604 11.3862695694 -0.664615750313
      vertex -9.36767673492 12.1021966934 -0.664615750313
      vertex -4.01028203964 5.41678905487 -0.664615750313
    endloop
  endfacet
  facet normal -0 -1 0
    outer loop
      vertex -5.95813322067 2.78312492371 -0.664615750313
      vertex -6.28096199036 1.72897005081 -0.664615750313
      vertex -11.1268520355 7.85955429077 -0.664615750313
    endloop
  endfacet
  facet normal 0 -1 0
    outer loop
      vertex -11.1268520355 7.85955429077 -0.664615750313
      vertex -6.28096199036 1.72897005081 -0.664615750313
      vertex -6.42099809647 0.635422468185 -0.664615750313
    endloop
  endfacet
  facet normal 0 -1 0
    outer loop
      vertex -11.1268520355 7.85955429077 -0.664615750313
      vertex -6.42099809647 0.635422468185 -0.664615750313
      vertex -11.1268520355 -7.14044523239 -0.664615750313
    endloop
  endfacet
  facet normal 0 -1 0
    outer loop
      vertex -11.1268520355 -7.14044523239 -0.664615750313
      vertex -6.42099809647 0.635422468185 -0.664615750313
      vertex -6.37420654297 -0.466058820486 -0.664615750313
    endloop
  endfacet
  facet normal 0 -1 -0
    outer loop
      vertex 6.10442686081 2.78312087059 -0.664615750313
      vertex 5.60808897018 3.7675485611 -0.664615750313
      vertex 15.8669509888 13.8595542908 -0.664615750313
    endloop
  endfacet
  facet normal 0 -1 0
    outer loop
      vertex 15.8669509888 13.8595542908 -0.664615750313
      vertex 5.60808897018 3.7675485611 -0.664615750313
      vertex 4.95251941681 4.65394067764 -0.664615750313
    endloop
  endfacet
  facet normal 0 -1 0
    outer loop
      vertex 15.8669509888 13.8595542908 -0.664615750313
      vertex 4.95251941681 4.65394067764 -0.664615750313
      vertex 4.15657567978 5.41678524017 -0.664615750313
    endloop
  endfacet
  facet normal -0 -1 0
    outer loop
      vertex 22.4197177887 -3.24943947792 -0.664615750313
      vertex 22.285785675 -3.3314268589 -0.664615750313
      vertex 21.8731422424 -3.14044523239 -0.664615750313
    endloop
  endfacet
  facet normal 0 -1 0
    outer loop
      vertex 21.8731422424 -3.14044523239 -0.664615750313
      vertex 22.285785675 -3.3314268589 -0.664615750313
      vertex 22.1663360596 -3.43334078789 -0.664615750313
    endloop
  endfacet
  facet normal 0 -1 0
    outer loop
      vertex 21.8731422424 -3.14044523239 -0.664615750313
      vertex 22.1663360596 -3.43334078789 -0.664615750313
      vertex 22.06432724 -3.55266404152 -0.664615750313
    endloop
  endfacet
  facet normal 0 -1 0
    outer loop
      vertex -6.37420654297 -0.466058820486 -0.664615750313
      vertex -6.14193630219 -1.54379034042 -0.664615750313
      vertex -11.1268520355 -7.14044523239 -0.664615750313
    endloop
  endfacet
  facet normal 0 -1 0
    outer loop
      vertex -11.1268520355 -7.14044523239 -0.664615750313
      vertex -6.14193630219 -1.54379034042 -0.664615750313
      vertex -5.73087024689 -2.56676912308 -0.664615750313
    endloop
  endfacet
  facet normal 0 -1 0
    outer loop
      vertex -11.1268520355 -7.14044523239 -0.664615750313
      vertex -5.73087024689 -2.56676912308 -0.664615750313
      vertex -11.0529079437 -8.07905292511 -0.664615750313
    endloop
  endfacet
  facet normal 0 -1 0
    outer loop
      vertex -11.0529079437 -8.07905292511 -0.664615750313
      vertex -5.73087024689 -2.56676912308 -0.664615750313
      vertex -5.15283584595 -3.5055577755 -0.664615750313
    endloop
  endfacet
  facet normal 0 -1 0
    outer loop
      vertex -11.0529079437 -8.07905292511 -0.664615750313
      vertex -5.15283584595 -3.5055577755 -0.664615750313
      vertex -10.8328905106 -8.99454784393 -0.664615750313
    endloop
  endfacet
  facet normal 0 -1 0
    outer loop
      vertex -10.8328905106 -8.99454784393 -0.664615750313
      vertex -5.15283584595 -3.5055577755 -0.664615750313
      vertex -4.4244556427 -4.33315753937 -0.664615750313
    endloop
  endfacet
  facet normal 0 -1 0
    outer loop
      vertex -10.8328905106 -8.99454784393 -0.664615750313
      vertex -4.4244556427 -4.33315753937 -0.664615750313
      vertex -10.4722185135 -9.86438465118 -0.664615750313
    endloop
  endfacet
  facet normal 0 -1 -0
    outer loop
      vertex -7.84741640091 -12.4864807129 -0.664615750313
      vertex -8.65101051331 -11.9945478439 -0.664615750313
      vertex -3.56669092178 -5.02575540543 -0.664615750313
    endloop
  endfacet
  facet normal 0 -1 0
    outer loop
      vertex -3.56669092178 -5.02575540543 -0.664615750313
      vertex -8.65101051331 -11.9945478439 -0.664615750313
      vertex -9.36768054962 -11.3830871582 -0.664615750313
    endloop
  endfacet
  facet normal -0 -1 0
    outer loop
      vertex -3.56669092178 -5.02575540543 -0.664615750313
      vertex -9.36768054962 -11.3830871582 -0.664615750313
      vertex -4.4244556427 -4.33315753937 -0.664615750313
    endloop
  endfacet
  facet normal 0 -1 0
    outer loop
      vertex -4.4244556427 -4.33315753937 -0.664615750313
      vertex -9.36768054962 -11.3830871582 -0.664615750313
      vertex -9.9797744751 -10.6671562195 -0.664615750313
    endloop
  endfacet
  facet normal 0 -1 0
    outer loop
      vertex -4.4244556427 -4.33315753937 -0.664615750313
      vertex -9.9797744751 -10.6671562195 -0.664615750313
      vertex -10.4722185135 -9.86438465118 -0.664615750313
    endloop
  endfacet
  facet normal 0 -1 -0
    outer loop
      vertex 4.15657567978 5.41678524017 -0.664615750313
      vertex 3.24316525459 6.03414535522 -0.664615750313
      vertex 15.8669509888 13.8595542908 -0.664615750313
    endloop
  endfacet
  facet normal 0 -1 0
    outer loop
      vertex 15.8669509888 13.8595542908 -0.664615750313
      vertex 3.24316525459 6.03414535522 -0.664615750313
      vertex 2.23855519295 6.48825836182 -0.664615750313
    endloop
  endfacet
  facet normal 0 -1 0
    outer loop
      vertex 15.8669509888 13.8595542908 -0.664615750313
      vertex 2.23855519295 6.48825836182 -0.664615750313
      vertex -5.12065696716 13.8595542908 -0.664615750313
    endloop
  endfacet
  facet normal 0 -1 0
    outer loop
      vertex -5.12065696716 13.8595542908 -0.664615750313
      vertex 2.23855519295 6.48825836182 -0.664615750313
      vertex 1.17165637016 6.76606178284 -0.664615750313
    endloop
  endfacet
  facet normal 0 -1 0
    outer loop
      vertex -5.12065696716 13.8595542908 -0.664615750313
      vertex 1.17165637016 6.76606178284 -0.664615750313
      vertex 0.0731487050653 6.85955429077 -0.664615750313
    endloop
  endfacet
  facet normal 0 -1 0
    outer loop
      vertex 18.593706131 13.2055931091 -0.664615750313
      vertex 19.3973045349 12.7136573792 -0.664615750313
      vertex 21.8731498718 7.85955429077 -0.664615750313
    endloop
  endfacet
  facet normal 0 -1 0
    outer loop
      vertex 21.8731498718 7.85955429077 -0.664615750313
      vertex 19.3973045349 12.7136573792 -0.664615750313
      vertex 20.1139755249 12.1021966934 -0.664615750313
    endloop
  endfacet
  facet normal 0 -1 0
    outer loop
      vertex 21.8731498718 7.85955429077 -0.664615750313
      vertex 20.1139755249 12.1021966934 -0.664615750313
      vertex 20.726064682 11.3862657547 -0.664615750313
    endloop
  endfacet
  facet normal 0 -1 0
    outer loop
      vertex 22.4197177887 3.9685485363 -0.664615750313
      vertex 22.5648441315 3.90849757195 -0.664615750313
      vertex 21.8731498718 3.85955452919 -0.664615750313
    endloop
  endfacet
  facet normal 0 -1 0
    outer loop
      vertex 21.8731498718 3.85955452919 -0.664615750313
      vertex 22.5648441315 3.90849757195 -0.664615750313
      vertex 22.71758461 3.87186598778 -0.664615750313
    endloop
  endfacet
  facet normal 0 -1 0
    outer loop
      vertex 21.8731498718 3.85955452919 -0.664615750313
      vertex 22.71758461 3.87186598778 -0.664615750313
      vertex 22.8741798401 3.85955452919 -0.664615750313
    endloop
  endfacet
  facet normal -0 -1 0
    outer loop
      vertex 0.0731487050653 6.85955429077 -0.664615750313
      vertex -1.02535891533 6.76606178284 -0.664615750313
      vertex -5.12065696716 13.8595542908 -0.664615750313
    endloop
  endfacet
  facet normal 0 -1 0
    outer loop
      vertex -5.12065696716 13.8595542908 -0.664615750313
      vertex -1.02535891533 6.76606178284 -0.664615750313
      vertex -2.09226179123 6.48825836182 -0.664615750313
    endloop
  endfacet
  facet normal 0 -1 0
    outer loop
      vertex -5.12065696716 13.8595542908 -0.664615750313
      vertex -2.09226179123 6.48825836182 -0.664615750313
      vertex -6.06023216248 13.7856893539 -0.664615750313
    endloop
  endfacet
  facet normal 0 -1 0
    outer loop
      vertex -6.06023216248 13.7856893539 -0.664615750313
      vertex -2.09226179123 6.48825836182 -0.664615750313
      vertex -3.09687161446 6.03414535522 -0.664615750313
    endloop
  endfacet
  facet normal 0 -1 0
    outer loop
      vertex -9.36767673492 12.1021966934 -0.664615750313
      vertex -8.65101051331 12.7136573792 -0.664615750313
      vertex -4.01028203964 5.41678905487 -0.664615750313
    endloop
  endfacet
  facet normal 0 -1 0
    outer loop
      vertex -4.01028203964 5.41678905487 -0.664615750313
      vertex -8.65101051331 12.7136573792 -0.664615750313
      vertex -7.84741258621 13.2055931091 -0.664615750313
    endloop
  endfacet
  facet normal 0 -1 -0
    outer loop
      vertex -4.01028203964 5.41678905487 -0.664615750313
      vertex -7.84741258621 13.2055931091 -0.664615750313
      vertex -3.09687161446 6.03414535522 -0.664615750313
    endloop
  endfacet
  facet normal 0 -1 0
    outer loop
      vertex -3.09687161446 6.03414535522 -0.664615750313
      vertex -7.84741258621 13.2055931091 -0.664615750313
      vertex -6.97667503357 13.5658912659 -0.664615750313
    endloop
  endfacet
  facet normal 0 -1 0
    outer loop
      vertex -3.09687161446 6.03414535522 -0.664615750313
      vertex -6.97667503357 13.5658912659 -0.664615750313
      vertex -6.06023216248 13.7856893539 -0.664615750313
    endloop
  endfacet
  facet normal 0 -1 0
    outer loop
      vertex -9.9797706604 11.3862695694 -0.664615750313
      vertex -4.01028203964 5.41678905487 -0.664615750313
      vertex -10.4722146988 10.5835018158 -0.664615750313
    endloop
  endfacet
  facet normal 0 -1 0
    outer loop
      vertex -10.4722146988 10.5835018158 -0.664615750313
      vertex -4.01028203964 5.41678905487 -0.664615750313
      vertex -4.80622196198 4.65394449234 -0.664615750313
    endloop
  endfacet
  facet normal 0 -1 0
    outer loop
      vertex -10.4722146988 10.5835018158 -0.664615750313
      vertex -4.80622196198 4.65394449234 -0.664615750313
      vertex -10.8328866959 9.71365737915 -0.664615750313
    endloop
  endfacet
  facet normal 0 -1 -0
    outer loop
      vertex -5.46179151535 3.76755261421 -0.664615750313
      vertex -11.1268520355 7.85955429077 -0.664615750313
      vertex -4.80622196198 4.65394449234 -0.664615750313
    endloop
  endfacet
  facet normal 0 -1 0
    outer loop
      vertex -4.80622196198 4.65394449234 -0.664615750313
      vertex -11.1268520355 7.85955429077 -0.664615750313
      vertex -11.052904129 8.79816150665 -0.664615750313
    endloop
  endfacet
  facet normal 0 -1 0
    outer loop
      vertex -4.80622196198 4.65394449234 -0.664615750313
      vertex -11.052904129 8.79816150665 -0.664615750313
      vertex -10.8328866959 9.71365737915 -0.664615750313
    endloop
  endfacet
  facet normal -0 -1 -0
    outer loop
      vertex 20.726064682 -10.6671562195 -0.664615750313
      vertex 20.1139678955 -11.3830871582 -0.664615750313
      vertex 21.8731422424 -7.14044523239 -0.664615750313
    endloop
  endfacet
  facet normal 0 -1 0
    outer loop
      vertex 21.8731422424 -7.14044523239 -0.664615750313
      vertex 20.1139678955 -11.3830871582 -0.664615750313
      vertex 19.3973045349 -11.9945478439 -0.664615750313
    endloop
  endfacet
  facet normal 0 -1 0
    outer loop
      vertex 21.8731422424 -7.14044523239 -0.664615750313
      vertex 19.3973045349 -11.9945478439 -0.664615750313
      vertex 18.593706131 -12.4864883423 -0.664615750313
    endloop
  endfacet
  facet normal -0 -1 0
    outer loop
      vertex -1.5647124052 -5.93070936203 -0.664615750313
      vertex -5.12066078186 -13.1404447556 -0.664615750313
      vertex -2.60421133041 -5.56343364716 -0.664615750313
    endloop
  endfacet
  facet normal 0 -1 0
    outer loop
      vertex -2.60421133041 -5.56343364716 -0.664615750313
      vertex -5.12066078186 -13.1404447556 -0.664615750313
      vertex -6.06023597717 -13.066576004 -0.664615750313
    endloop
  endfacet
  facet normal -0 -1 0
    outer loop
      vertex -2.60421133041 -5.56343364716 -0.664615750313
      vertex -6.06023597717 -13.066576004 -0.664615750313
      vertex -3.56669092178 -5.02575540543 -0.664615750313
    endloop
  endfacet
  facet normal 0 -1 0
    outer loop
      vertex -3.56669092178 -5.02575540543 -0.664615750313
      vertex -6.06023597717 -13.066576004 -0.664615750313
      vertex -6.97667503357 -12.8467788696 -0.664615750313
    endloop
  endfacet
  facet normal 0 -1 0
    outer loop
      vertex -3.56669092178 -5.02575540543 -0.664615750313
      vertex -6.97667503357 -12.8467788696 -0.664615750313
      vertex -7.84741640091 -12.4864807129 -0.664615750313
    endloop
  endfacet
  facet normal 0 -1 0
    outer loop
      vertex -1.5647124052 -5.93070936203 -0.664615750313
      vertex -0.478091478348 -6.1170258522 -0.664615750313
      vertex -5.12066078186 -13.1404447556 -0.664615750313
    endloop
  endfacet
  facet normal 0 -1 0
    outer loop
      vertex -5.12066078186 -13.1404447556 -0.664615750313
      vertex -0.478091478348 -6.1170258522 -0.664615750313
      vertex 0.624388873577 -6.1170258522 -0.664615750313
    endloop
  endfacet
  facet normal 0 -1 0
    outer loop
      vertex -5.12066078186 -13.1404447556 -0.664615750313
      vertex 0.624388873577 -6.1170258522 -0.664615750313
      vertex 15.8669509888 -13.1404447556 -0.664615750313
    endloop
  endfacet
  facet normal 0 -1 0
    outer loop
      vertex 15.8669509888 -13.1404447556 -0.664615750313
      vertex 0.624388873577 -6.1170258522 -0.664615750313
      vertex 1.71100199223 -5.93070936203 -0.664615750313
    endloop
  endfacet
  facet normal 0 -1 0
    outer loop
      vertex 15.8669509888 -13.1404447556 -0.664615750313
      vertex 1.71100199223 -5.93070936203 -0.664615750313
      vertex 2.75050091743 -5.56343364716 -0.664615750313
    endloop
  endfacet
  facet normal 0 -1 0
    outer loop
      vertex 2.75050091743 -5.56343364716 -0.664615750313
      vertex 3.7129843235 -5.02575540543 -0.664615750313
      vertex 15.8669509888 -13.1404447556 -0.664615750313
    endloop
  endfacet
  facet normal 0 -1 0
    outer loop
      vertex 15.8669509888 -13.1404447556 -0.664615750313
      vertex 3.7129843235 -5.02575540543 -0.664615750313
      vertex 4.57075309753 -4.33315753937 -0.664615750313
    endloop
  endfacet
  facet normal 0 -1 0
    outer loop
      vertex 15.8669509888 -13.1404447556 -0.664615750313
      vertex 4.57075309753 -4.33315753937 -0.664615750313
      vertex 5.29912948608 -3.5055577755 -0.664615750313
    endloop
  endfacet
  facet normal 0 -1 0
    outer loop
      vertex 5.29912948608 -3.5055577755 -0.664615750313
      vertex 5.87716388702 -2.56676912308 -0.664615750313
      vertex 15.8669509888 -13.1404447556 -0.664615750313
    endloop
  endfacet
  facet normal 0 -1 -0
    outer loop
      vertex 15.8669509888 -13.1404447556 -0.664615750313
      vertex 5.87716388702 -2.56676912308 -0.664615750313
      vertex 21.8731422424 -3.14044523239 -0.664615750313
    endloop
  endfacet
  facet normal 0 -1 0
    outer loop
      vertex 15.8669509888 -13.1404447556 -0.664615750313
      vertex 21.8731422424 -3.14044523239 -0.664615750313
      vertex 21.9221439362 -3.8314306736 -0.664615750313
    endloop
  endfacet
  facet normal 0 -1 -0
    outer loop
      vertex 21.9221439362 -3.8314306736 -0.664615750313
      vertex 21.8731422424 -3.14044523239 -0.664615750313
      vertex 21.9822463989 -3.68645405769 -0.664615750313
    endloop
  endfacet
  facet normal 0 -1 0
    outer loop
      vertex 22.8741722107 -3.14044523239 -0.664615750313
      vertex 22.71758461 -3.15275669098 -0.664615750313
      vertex 21.8731422424 -3.14044523239 -0.664615750313
    endloop
  endfacet
  facet normal 0 -1 0
    outer loop
      vertex 21.8731422424 -3.14044523239 -0.664615750313
      vertex 22.71758461 -3.15275669098 -0.664615750313
      vertex 22.5648441315 -3.18939232826 -0.664615750313
    endloop
  endfacet
  facet normal 0 -1 0
    outer loop
      vertex 21.8731422424 -3.14044523239 -0.664615750313
      vertex 22.5648441315 -3.18939232826 -0.664615750313
      vertex 22.4197177887 -3.24943947792 -0.664615750313
    endloop
  endfacet
  facet normal 0 -1 0
    outer loop
      vertex 20.726064682 11.3862657547 -0.664615750313
      vertex 21.2185096741 10.5834970474 -0.664615750313
      vertex 21.8731498718 7.85955429077 -0.664615750313
    endloop
  endfacet
  facet normal 0 -1 0
    outer loop
      vertex 21.8731498718 7.85955429077 -0.664615750313
      vertex 21.2185096741 10.5834970474 -0.664615750313
      vertex 21.5791835785 9.71365737915 -0.664615750313
    endloop
  endfacet
  facet normal 0 -1 0
    outer loop
      vertex 21.8731498718 7.85955429077 -0.664615750313
      vertex 21.5791835785 9.71365737915 -0.664615750313
      vertex 21.7992019653 8.79815769196 -0.664615750313
    endloop
  endfacet
  facet normal 0 -1 0
    outer loop
      vertex 5.87716388702 -2.56676912308 -0.664615750313
      vertex 6.28823375702 -1.54379034042 -0.664615750313
      vertex 21.8731422424 -3.14044523239 -0.664615750313
    endloop
  endfacet
  facet normal 0 -1 0
    outer loop
      vertex 21.8731422424 -3.14044523239 -0.664615750313
      vertex 6.28823375702 -1.54379034042 -0.664615750313
      vertex 6.52050018311 -0.466058820486 -0.664615750313
    endloop
  endfacet
  facet normal 0 -1 -0
    outer loop
      vertex 21.8731422424 -3.14044523239 -0.664615750313
      vertex 6.52050018311 -0.466058820486 -0.664615750313
      vertex 21.8731498718 3.85955452919 -0.664615750313
    endloop
  endfacet
  facet normal 0 -1 0
    outer loop
      vertex 21.8731498718 3.85955452919 -0.664615750313
      vertex 6.52050018311 -0.466058820486 -0.664615750313
      vertex 6.5672917366 0.635422468185 -0.664615750313
    endloop
  endfacet
  facet normal 0 -1 0
    outer loop
      vertex 21.8731498718 3.85955452919 -0.664615750313
      vertex 6.5672917366 0.635422468185 -0.664615750313
      vertex 6.42725515366 1.72897005081 -0.664615750313
    endloop
  endfacet
  facet normal -0 -1 -0
    outer loop
      vertex 21.7991943359 -8.07905292511 -0.664615750313
      vertex 21.5791835785 -8.99454784393 -0.664615750313
      vertex 21.8731422424 -7.14044523239 -0.664615750313
    endloop
  endfacet
  facet normal 0 -1 0
    outer loop
      vertex 21.8731422424 -7.14044523239 -0.664615750313
      vertex 21.5791835785 -8.99454784393 -0.664615750313
      vertex 21.2185096741 -9.86438465118 -0.664615750313
    endloop
  endfacet
  facet normal 0 -1 0
    outer loop
      vertex 21.8731422424 -7.14044523239 -0.664615750313
      vertex 21.2185096741 -9.86438465118 -0.664615750313
      vertex 20.726064682 -10.6671562195 -0.664615750313
    endloop
  endfacet
  facet normal 4.97494312413e-08 1.19783791774e-07 1
    outer loop
      vertex -8.10479164124 6.85955810547 40.7288208008
      vertex -9.26692581177 6.85955810547 41.2114868164
      vertex -11.5813970566 6.85955429077 9.33538341522
    endloop
  endfacet
  facet normal 7.26043509758e-08 1.1812432632e-07 1
    outer loop
      vertex -11.5813970566 6.85955429077 9.33538341522
      vertex -9.26692581177 6.85955810547 41.2114868164
      vertex -10.3390007019 6.85955810547 41.8704338074
    endloop
  endfacet
  facet normal 1.003304817e-07 1.17065567906e-07 1
    outer loop
      vertex -11.5813970566 6.85955429077 9.33538341522
      vertex -10.3390007019 6.85955810547 41.8704338074
      vertex -11.2944822311 6.85955810547 42.6893234253
    endloop
  endfacet
  facet normal 0 0 1
    outer loop
      vertex 16.8731498718 6.85955429077 1.33538413048
      vertex 16.8731498718 6.85955429077 9.33538341522
      vertex 0.0731487050653 6.85955429077 1.33538413048
    endloop
  endfacet
  facet normal 0 -0 1
    outer loop
      vertex 0.0731487050653 6.85955429077 1.33538413048
      vertex 16.8731498718 6.85955429077 9.33538341522
      vertex -6.12685203552 6.85955429077 9.33538341522
    endloop
  endfacet
  facet normal 0 0 1
    outer loop
      vertex 0.0731487050653 6.85955429077 1.33538413048
      vertex -6.12685203552 6.85955429077 9.33538341522
      vertex -6.12685203552 6.85955429077 1.33538413048
    endloop
  endfacet
  facet normal 1.37275947054e-07 1.16747756351e-07 1
    outer loop
      vertex -11.2944822311 6.85955810547 42.6893234253
      vertex -12.1097316742 6.85955810547 43.6479187012
      vertex -11.5813970566 6.85955429077 9.33538341522
    endloop
  endfacet
  facet normal 1.92987513969e-07 1.17605587491e-07 1
    outer loop
      vertex -11.5813970566 6.85955429077 9.33538341522
      vertex -12.1097316742 6.85955810547 43.6479187012
      vertex -12.7645730972 6.85955810547 44.7224960327
    endloop
  endfacet
  facet normal 2.94498732956e-07 1.20999629871e-07 1
    outer loop
      vertex -11.5813970566 6.85955429077 9.33538341522
      vertex -12.7645730972 6.85955810547 44.7224960327
      vertex -13.2428092957 6.85955810547 45.88646698
    endloop
  endfacet
  facet normal 0 0 1
    outer loop
      vertex 23.9891033173 6.85955429077 45.88646698
      vertex 23.5108680725 6.85955429077 44.7224960327
      vertex 22.3276920319 6.85955429077 9.33538341522
    endloop
  endfacet
  facet normal 0 0 1
    outer loop
      vertex 22.3276920319 6.85955429077 9.33538341522
      vertex 23.5108680725 6.85955429077 44.7224960327
      vertex 22.8560295105 6.85955429077 43.6479187012
    endloop
  endfacet
  facet normal 0 -0 1
    outer loop
      vertex 22.3276920319 6.85955429077 9.33538341522
      vertex 22.8560295105 6.85955429077 43.6479187012
      vertex 16.8731498718 6.85955429077 9.33538341522
    endloop
  endfacet
  facet normal 0 0 1
    outer loop
      vertex 16.8731498718 6.85955429077 9.33538341522
      vertex 22.8560295105 6.85955429077 43.6479187012
      vertex 22.0407810211 6.85955429077 42.6893196106
    endloop
  endfacet
  facet normal 0 -0 1
    outer loop
      vertex 16.8731498718 6.85955429077 9.33538341522
      vertex 22.0407810211 6.85955429077 42.6893196106
      vertex -6.12685203552 6.85955429077 9.33538341522
    endloop
  endfacet
  facet normal 0 0 1
    outer loop
      vertex -6.12685203552 6.85955429077 9.33538341522
      vertex 22.0407810211 6.85955429077 42.6893196106
      vertex 21.0852985382 6.85955429077 41.8704299927
    endloop
  endfacet
  facet normal 0 0 1
    outer loop
      vertex 21.0852985382 6.85955429077 41.8704299927
      vertex 20.0132236481 6.85955429077 41.2114868164
      vertex -6.12685203552 6.85955429077 9.33538341522
    endloop
  endfacet
  facet normal 0 0 1
    outer loop
      vertex -6.12685203552 6.85955429077 9.33538341522
      vertex 20.0132236481 6.85955429077 41.2114868164
      vertex 18.8510894775 6.85955429077 40.7288208008
    endloop
  endfacet
  facet normal 0 0 1
    outer loop
      vertex -6.12685203552 6.85955429077 9.33538341522
      vertex 18.8510894775 6.85955429077 40.7288208008
      vertex 17.6276340485 6.85955429077 40.4343528748
    endloop
  endfacet
  facet normal 0 0 1
    outer loop
      vertex 17.6276340485 6.85955429077 40.4343528748
      vertex 16.3731441498 6.85955429077 40.3353805542
      vertex -6.12685203552 6.85955429077 9.33538341522
    endloop
  endfacet
  facet normal -1.7879021641e-07 1.29767087742e-07 1
    outer loop
      vertex -6.12685203552 6.85955429077 9.33538341522
      vertex 16.3731441498 6.85955429077 40.3353805542
      vertex -5.62684965134 6.85955810547 40.3353805542
    endloop
  endfacet
  facet normal 0 1.2688336426e-07 1
    outer loop
      vertex -6.12685203552 6.85955429077 9.33538341522
      vertex -5.62684965134 6.85955810547 40.3353805542
      vertex -11.5813970566 6.85955429077 9.33538341522
    endloop
  endfacet
  facet normal 9.8609111987e-09 1.24989256278e-07 1
    outer loop
      vertex -11.5813970566 6.85955429077 9.33538341522
      vertex -5.62684965134 6.85955810547 40.3353805542
      vertex -6.88134002686 6.85955810547 40.4343528748
    endloop
  endfacet
  facet normal 2.9373506294e-08 1.22040276551e-07 1
    outer loop
      vertex -11.5813970566 6.85955429077 9.33538341522
      vertex -6.88134002686 6.85955810547 40.4343528748
      vertex -8.10479164124 6.85955810547 40.7288208008
    endloop
  endfacet
  facet normal 0 1 -0
    outer loop
      vertex -7.40617704391 -0.0505833178759 9.33538341522
      vertex -7.49017047882 -0.217177867889 9.33538341522
      vertex -6.12685585022 -6.14044523239 9.33538341522
    endloop
  endfacet
  facet normal 0 1 0
    outer loop
      vertex -6.12685585022 -6.14044523239 9.33538341522
      vertex -7.49017047882 -0.217177867889 9.33538341522
      vertex -7.60111570358 -0.367189258337 9.33538341522
    endloop
  endfacet
  facet normal 0 1 0
    outer loop
      vertex -9.3112487793 1.0136526823 9.33538341522
      vertex -11.5813970566 6.85955429077 9.33538341522
      vertex -9.4090719223 0.854779422283 9.33538341522
    endloop
  endfacet
  facet normal 0 1 0
    outer loop
      vertex -9.4090719223 0.854779422283 9.33538341522
      vertex -11.5813970566 6.85955429077 9.33538341522
      vertex -9.47863769531 0.681659400463 9.33538341522
    endloop
  endfacet
  facet normal -0 1 0
    outer loop
      vertex -7.66572141647 1.15370476246 9.33538341522
      vertex -7.54245710373 1.0136526823 9.33538341522
      vertex -6.12685203552 6.85955429077 9.33538341522
    endloop
  endfacet
  facet normal 0 1 0
    outer loop
      vertex -6.12685203552 6.85955429077 9.33538341522
      vertex -7.54245710373 1.0136526823 9.33538341522
      vertex -7.44463396072 0.854779422283 9.33538341522
    endloop
  endfacet
  facet normal 0 1 0
    outer loop
      vertex -6.12685203552 6.85955429077 9.33538341522
      vertex -7.44463396072 0.854779422283 9.33538341522
      vertex -7.37506818771 0.681659400463 9.33538341522
    endloop
  endfacet
  facet normal -0 1 0
    outer loop
      vertex -7.37506818771 0.681659400463 9.33538341522
      vertex -7.33576154709 0.499276250601 9.33538341522
      vertex -6.12685203552 6.85955429077 9.33538341522
    endloop
  endfacet
  facet normal 0 1 0
    outer loop
      vertex -6.12685203552 6.85955429077 9.33538341522
      vertex -7.33576154709 0.499276250601 9.33538341522
      vertex -7.32784366608 0.312869220972 9.33538341522
    endloop
  endfacet
  facet normal 0 1 0
    outer loop
      vertex -6.12685203552 6.85955429077 9.33538341522
      vertex -7.32784366608 0.312869220972 9.33538341522
      vertex -6.12685585022 -6.14044523239 9.33538341522
    endloop
  endfacet
  facet normal 0 1 0
    outer loop
      vertex -6.12685585022 -6.14044523239 9.33538341522
      vertex -7.32784366608 0.312869220972 9.33538341522
      vertex -7.35154247284 0.127807453275 9.33538341522
    endloop
  endfacet
  facet normal 0 1 0
    outer loop
      vertex -6.12685585022 -6.14044523239 9.33538341522
      vertex -7.35154247284 0.127807453275 9.33538341522
      vertex -7.40617704391 -0.0505833178759 9.33538341522
    endloop
  endfacet
  facet normal 0 1 -0
    outer loop
      vertex -7.60111570358 -0.367189258337 9.33538341522
      vertex -7.73581027985 -0.496282935143 9.33538341522
      vertex -6.12685585022 -6.14044523239 9.33538341522
    endloop
  endfacet
  facet normal 0 1 0
    outer loop
      vertex -6.12685585022 -6.14044523239 9.33538341522
      vertex -7.73581027985 -0.496282935143 9.33538341522
      vertex -7.89038848877 -0.600761473179 9.33538341522
    endloop
  endfacet
  facet normal 0 1 0
    outer loop
      vertex -6.12685585022 -6.14044523239 9.33538341522
      vertex -7.89038848877 -0.600761473179 9.33538341522
      vertex -8.06039714813 -0.67761194706 9.33538341522
    endloop
  endfacet
  facet normal 0 1 -0
    outer loop
      vertex -9.11789512634 -0.496282935143 9.33538341522
      vertex -11.5813970566 -6.14044523239 9.33538341522
      vertex -8.96331691742 -0.600761473179 9.33538341522
    endloop
  endfacet
  facet normal 0 1 -0
    outer loop
      vertex -8.96331691742 -0.600761473179 9.33538341522
      vertex -11.5813970566 -6.14044523239 9.33538341522
      vertex -8.79330825806 -0.67761194706 9.33538341522
    endloop
  endfacet
  facet normal 0 1 0
    outer loop
      vertex -9.11789512634 -0.496282935143 9.33538341522
      vertex -9.25259399414 -0.367189258337 9.33538341522
      vertex -11.5813970566 -6.14044523239 9.33538341522
    endloop
  endfacet
  facet normal 0 1 0
    outer loop
      vertex -11.5813970566 -6.14044523239 9.33538341522
      vertex -9.25259399414 -0.367189258337 9.33538341522
      vertex -9.36353492737 -0.217177867889 9.33538341522
    endloop
  endfacet
  facet normal 0 1 0
    outer loop
      vertex -11.5813970566 -6.14044523239 9.33538341522
      vertex -9.36353492737 -0.217177867889 9.33538341522
      vertex -9.44753265381 -0.0505833178759 9.33538341522
    endloop
  endfacet
  facet normal 0 1 0
    outer loop
      vertex -9.44753265381 -0.0505833178759 9.33538341522
      vertex -9.50216388702 0.127807453275 9.33538341522
      vertex -11.5813970566 -6.14044523239 9.33538341522
    endloop
  endfacet
  facet normal 0 1 0
    outer loop
      vertex -11.5813970566 -6.14044523239 9.33538341522
      vertex -9.50216388702 0.127807453275 9.33538341522
      vertex -9.52586174011 0.312869220972 9.33538341522
    endloop
  endfacet
  facet normal 0 1 0
    outer loop
      vertex -11.5813970566 -6.14044523239 9.33538341522
      vertex -9.52586174011 0.312869220972 9.33538341522
      vertex -11.5813970566 6.85955429077 9.33538341522
    endloop
  endfacet
  facet normal 0 1 0
    outer loop
      vertex -11.5813970566 6.85955429077 9.33538341522
      vertex -9.52586174011 0.312869220972 9.33538341522
      vertex -9.51794433594 0.499276250601 9.33538341522
    endloop
  endfacet
  facet normal 0 1 0
    outer loop
      vertex -11.5813970566 6.85955429077 9.33538341522
      vertex -9.51794433594 0.499276250601 9.33538341522
      vertex -9.47863769531 0.681659400463 9.33538341522
    endloop
  endfacet
  facet normal 0 1 -0
    outer loop
      vertex -8.06039714813 -0.67761194706 9.33538341522
      vertex -8.24095153809 -0.724623739719 9.33538341522
      vertex -6.12685585022 -6.14044523239 9.33538341522
    endloop
  endfacet
  facet normal 0 1 0
    outer loop
      vertex -6.12685585022 -6.14044523239 9.33538341522
      vertex -8.24095153809 -0.724623739719 9.33538341522
      vertex -8.42685508728 -0.740443825722 9.33538341522
    endloop
  endfacet
  facet normal 0 1 0
    outer loop
      vertex -6.12685585022 -6.14044523239 9.33538341522
      vertex -8.42685508728 -0.740443825722 9.33538341522
      vertex -11.5813970566 -6.14044523239 9.33538341522
    endloop
  endfacet
  facet normal 0 1 0
    outer loop
      vertex -11.5813970566 -6.14044523239 9.33538341522
      vertex -8.42685508728 -0.740443825722 9.33538341522
      vertex -8.61275482178 -0.724623739719 9.33538341522
    endloop
  endfacet
  facet normal 0 1 0
    outer loop
      vertex -11.5813970566 -6.14044523239 9.33538341522
      vertex -8.61275482178 -0.724623739719 9.33538341522
      vertex -8.79330825806 -0.67761194706 9.33538341522
    endloop
  endfacet
  facet normal -0 1 0
    outer loop
      vertex -8.14967727661 1.42406201363 9.33538341522
      vertex -7.97376060486 1.36190664768 9.33538341522
      vertex -6.12685203552 6.85955429077 9.33538341522
    endloop
  endfacet
  facet normal 0 1 0
    outer loop
      vertex -6.12685203552 6.85955429077 9.33538341522
      vertex -7.97376060486 1.36190664768 9.33538341522
      vertex -7.8108830452 1.27091574669 9.33538341522
    endloop
  endfacet
  facet normal 0 1 0
    outer loop
      vertex -6.12685203552 6.85955429077 9.33538341522
      vertex -7.8108830452 1.27091574669 9.33538341522
      vertex -7.66572141647 1.15370476246 9.33538341522
    endloop
  endfacet
  facet normal 0 1 0
    outer loop
      vertex -9.3112487793 1.0136526823 9.33538341522
      vertex -9.18798446655 1.15370476246 9.33538341522
      vertex -11.5813970566 6.85955429077 9.33538341522
    endloop
  endfacet
  facet normal 0 1 0
    outer loop
      vertex -11.5813970566 6.85955429077 9.33538341522
      vertex -9.18798446655 1.15370476246 9.33538341522
      vertex -9.04282665253 1.27091574669 9.33538341522
    endloop
  endfacet
  facet normal 0 1 0
    outer loop
      vertex -11.5813970566 6.85955429077 9.33538341522
      vertex -9.04282665253 1.27091574669 9.33538341522
      vertex -8.879945755 1.36190664768 9.33538341522
    endloop
  endfacet
  facet normal 0 1 0
    outer loop
      vertex -8.879945755 1.36190664768 9.33538341522
      vertex -8.70402908325 1.42406201363 9.33538341522
      vertex -11.5813970566 6.85955429077 9.33538341522
    endloop
  endfacet
  facet normal 0 1 0
    outer loop
      vertex -11.5813970566 6.85955429077 9.33538341522
      vertex -8.70402908325 1.42406201363 9.33538341522
      vertex -8.52013874054 1.45559597015 9.33538341522
    endloop
  endfacet
  facet normal 0 1 0
    outer loop
      vertex -11.5813970566 6.85955429077 9.33538341522
      vertex -8.52013874054 1.45559597015 9.33538341522
      vertex -6.12685203552 6.85955429077 9.33538341522
    endloop
  endfacet
  facet normal 0 1 0
    outer loop
      vertex -6.12685203552 6.85955429077 9.33538341522
      vertex -8.52013874054 1.45559597015 9.33538341522
      vertex -8.33356666565 1.45559597015 9.33538341522
    endloop
  endfacet
  facet normal 0 1 0
    outer loop
      vertex -6.12685203552 6.85955429077 9.33538341522
      vertex -8.33356666565 1.45559597015 9.33538341522
      vertex -8.14967727661 1.42406201363 9.33538341522
    endloop
  endfacet
  facet normal -0 -0 -1
    outer loop
      vertex -6.88134002686 -6.14044523239 40.4343566895
      vertex 16.8731498718 -6.14044523239 9.33538341522
      vertex -8.10479164124 -6.14044523239 40.7288246155
    endloop
  endfacet
  facet normal -0 -0 -1
    outer loop
      vertex -8.10479164124 -6.14044523239 40.7288246155
      vertex 16.8731498718 -6.14044523239 9.33538341522
      vertex -9.26692962646 -6.14044523239 41.2114906311
    endloop
  endfacet
  facet normal 0 0 -1
    outer loop
      vertex 18.8510894775 -6.14044523239 40.7288246155
      vertex 20.0132236481 -6.14044523239 41.2114906311
      vertex 22.3276920319 -6.14044523239 9.33538341522
    endloop
  endfacet
  facet normal -0 0 -1
    outer loop
      vertex 16.8731498718 -6.14044523239 9.33538341522
      vertex 16.8731422424 -6.14044523239 1.33538413048
      vertex -6.12685585022 -6.14044523239 9.33538341522
    endloop
  endfacet
  facet normal 0 0 -1
    outer loop
      vertex -6.12685585022 -6.14044523239 9.33538341522
      vertex 16.8731422424 -6.14044523239 1.33538413048
      vertex 0.0731487050653 -6.14044523239 1.33538413048
    endloop
  endfacet
  facet normal 0 0 -1
    outer loop
      vertex -6.12685585022 -6.14044523239 9.33538341522
      vertex 0.0731487050653 -6.14044523239 1.33538413048
      vertex -6.12685585022 -6.14044523239 1.33538413048
    endloop
  endfacet
  facet normal 0 0 -1
    outer loop
      vertex -13.2428092957 -6.14044523239 45.88646698
      vertex -12.7645730972 -6.14044523239 44.7224998474
      vertex -11.5813970566 -6.14044523239 9.33538341522
    endloop
  endfacet
  facet normal 0 0 -1
    outer loop
      vertex -11.5813970566 -6.14044523239 9.33538341522
      vertex -12.7645730972 -6.14044523239 44.7224998474
      vertex -12.1097316742 -6.14044523239 43.6479225159
    endloop
  endfacet
  facet normal 0 0 -1
    outer loop
      vertex -11.5813970566 -6.14044523239 9.33538341522
      vertex -12.1097316742 -6.14044523239 43.6479225159
      vertex -6.12685585022 -6.14044523239 9.33538341522
    endloop
  endfacet
  facet normal 0 0 -1
    outer loop
      vertex -6.12685585022 -6.14044523239 9.33538341522
      vertex -12.1097316742 -6.14044523239 43.6479225159
      vertex -11.2944822311 -6.14044523239 42.68932724
    endloop
  endfacet
  facet normal 0 0 -1
    outer loop
      vertex -6.12685585022 -6.14044523239 9.33538341522
      vertex -11.2944822311 -6.14044523239 42.68932724
      vertex 16.8731498718 -6.14044523239 9.33538341522
    endloop
  endfacet
  facet normal 0 0 -1
    outer loop
      vertex 16.8731498718 -6.14044523239 9.33538341522
      vertex -11.2944822311 -6.14044523239 42.68932724
      vertex -10.3390007019 -6.14044523239 41.8704376221
    endloop
  endfacet
  facet normal 0 0 -1
    outer loop
      vertex 16.8731498718 -6.14044523239 9.33538341522
      vertex -10.3390007019 -6.14044523239 41.8704376221
      vertex -9.26692962646 -6.14044523239 41.2114906311
    endloop
  endfacet
  facet normal 0 0 -1
    outer loop
      vertex 23.9891033173 -6.14044523239 45.88646698
      vertex 22.3276920319 -6.14044523239 9.33538341522
      vertex 23.5108680725 -6.14044523239 44.7224998474
    endloop
  endfacet
  facet normal 0 0 -1
    outer loop
      vertex 23.5108680725 -6.14044523239 44.7224998474
      vertex 22.3276920319 -6.14044523239 9.33538341522
      vertex 22.8560295105 -6.14044523239 43.6479225159
    endloop
  endfacet
  facet normal 0 0 -1
    outer loop
      vertex -6.88134002686 -6.14044523239 40.4343566895
      vertex -5.62685394287 -6.14044523239 40.3353843689
      vertex 16.8731498718 -6.14044523239 9.33538341522
    endloop
  endfacet
  facet normal 0 0 -1
    outer loop
      vertex 16.8731498718 -6.14044523239 9.33538341522
      vertex -5.62685394287 -6.14044523239 40.3353843689
      vertex 16.3731441498 -6.14044523239 40.3353843689
    endloop
  endfacet
  facet normal 0 0 -1
    outer loop
      vertex 16.8731498718 -6.14044523239 9.33538341522
      vertex 16.3731441498 -6.14044523239 40.3353843689
      vertex 22.3276920319 -6.14044523239 9.33538341522
    endloop
  endfacet
  facet normal 0 0 -1
    outer loop
      vertex 22.3276920319 -6.14044523239 9.33538341522
      vertex 16.3731441498 -6.14044523239 40.3353843689
      vertex 17.6276340485 -6.14044523239 40.4343566895
    endloop
  endfacet
  facet normal 0 0 -1
    outer loop
      vertex 22.3276920319 -6.14044523239 9.33538341522
      vertex 17.6276340485 -6.14044523239 40.4343566895
      vertex 18.8510894775 -6.14044523239 40.7288246155
    endloop
  endfacet
  facet normal 0 0 -1
    outer loop
      vertex 20.0132236481 -6.14044523239 41.2114906311
      vertex 21.0852985382 -6.14044523239 41.8704338074
      vertex 22.3276920319 -6.14044523239 9.33538341522
    endloop
  endfacet
  facet normal 0 0 -1
    outer loop
      vertex 22.3276920319 -6.14044523239 9.33538341522
      vertex 21.0852985382 -6.14044523239 41.8704338074
      vertex 22.0407733917 -6.14044523239 42.6893234253
    endloop
  endfacet
  facet normal 0 0 -1
    outer loop
      vertex 22.3276920319 -6.14044523239 9.33538341522
      vertex 22.0407733917 -6.14044523239 42.6893234253
      vertex 22.8560295105 -6.14044523239 43.6479225159
    endloop
  endfacet
  facet normal -4.4697546997e-08 -1 3.02568025745e-07
    outer loop
      vertex 16.3731441498 -6.14044523239 40.3353843689
      vertex -5.62685394287 -6.14044523239 40.3353843689
      vertex 16.3731441498 6.85955429077 40.3353805542
    endloop
  endfacet
  facet normal -4.46976109458e-08 -1 3.02567912058e-07
    outer loop
      vertex 16.3731441498 6.85955429077 40.3353805542
      vertex -5.62685394287 -6.14044523239 40.3353843689
      vertex -5.62684965134 6.85955810547 40.3353805542
    endloop
  endfacet
  facet normal -1 -9.21886922356e-08 -6.0513605149e-07
    outer loop
      vertex 16.8731498718 6.85955429077 1.33538413048
      vertex 16.8731422424 -6.14044523239 1.33538413048
      vertex 16.8731498718 6.85955429077 9.33538341522
    endloop
  endfacet
  facet normal -1 8.91157355909e-07 0
    outer loop
      vertex 16.8731498718 6.85955429077 9.33538341522
      vertex 16.8731422424 -6.14044523239 1.33538413048
      vertex 16.8731498718 -6.14044523239 9.33538341522
    endloop
  endfacet
  facet normal 1 0 0
    outer loop
      vertex -6.12685203552 6.85955429077 1.33538413048
      vertex -6.12685203552 6.85955429077 9.33538341522
      vertex -6.12685203552 2.31147670746 1.33538413048
    endloop
  endfacet
  facet normal 1 1.72012860844e-07 3.02568025745e-07
    outer loop
      vertex -6.12685203552 2.31147670746 1.33538413048
      vertex -6.12685203552 6.85955429077 9.33538341522
      vertex -6.12685585022 -6.14044523239 9.33538341522
    endloop
  endfacet
  facet normal 1 4.91673006309e-07 -0
    outer loop
      vertex -6.12685203552 2.31147670746 1.33538413048
      vertex -6.12685585022 -6.14044523239 9.33538341522
      vertex -6.12685203552 -1.59236764908 1.33538413048
    endloop
  endfacet
  facet normal 1 0 8.6484538997e-07
    outer loop
      vertex -6.12685203552 -1.59236764908 1.33538413048
      vertex -6.12685585022 -6.14044523239 9.33538341522
      vertex -6.12685585022 -6.14044523239 1.33538413048
    endloop
  endfacet
  facet normal 0 1 0
    outer loop
      vertex -1.02535891533 6.76606178284 1.33538413048
      vertex 0.0731487050653 6.85955429077 1.33538413048
      vertex -6.12685203552 6.85955429077 1.33538413048
    endloop
  endfacet
  facet normal 0 1 0
    outer loop
      vertex -6.12685203552 6.85955429077 1.33538413048
      vertex -6.12685203552 2.31147670746 1.33538413048
      vertex -5.95813322067 2.78312492371 1.33538413048
    endloop
  endfacet
  facet normal 0 1 0
    outer loop
      vertex -5.95813322067 2.78312492371 1.33538413048
      vertex -5.46179151535 3.76755261421 1.33538413048
      vertex -6.12685203552 6.85955429077 1.33538413048
    endloop
  endfacet
  facet normal 0 1 0
    outer loop
      vertex -6.12685203552 6.85955429077 1.33538413048
      vertex -5.46179151535 3.76755261421 1.33538413048
      vertex -4.80622196198 4.65394449234 1.33538413048
    endloop
  endfacet
  facet normal 0 1 0
    outer loop
      vertex -6.12685203552 6.85955429077 1.33538413048
      vertex -4.80622196198 4.65394449234 1.33538413048
      vertex -4.01028203964 5.41678905487 1.33538413048
    endloop
  endfacet
  facet normal 0 1 0
    outer loop
      vertex -4.01028203964 5.41678905487 1.33538413048
      vertex -3.09687161446 6.03414535522 1.33538413048
      vertex -6.12685203552 6.85955429077 1.33538413048
    endloop
  endfacet
  facet normal 0 1 0
    outer loop
      vertex -6.12685203552 6.85955429077 1.33538413048
      vertex -3.09687161446 6.03414535522 1.33538413048
      vertex -2.09226179123 6.48825836182 1.33538413048
    endloop
  endfacet
  facet normal 0 1 0
    outer loop
      vertex -6.12685203552 6.85955429077 1.33538413048
      vertex -2.09226179123 6.48825836182 1.33538413048
      vertex -1.02535891533 6.76606178284 1.33538413048
    endloop
  endfacet
  facet normal 0 -1 0
    outer loop
      vertex -6.12685203552 2.31147670746 1.33538413048
      vertex -6.12685203552 -1.59236764908 1.33538413048
      vertex -6.14193630219 -1.54379034042 1.33538413048
    endloop
  endfacet
  facet normal 0 -1 0
    outer loop
      vertex -6.12685203552 2.31147670746 1.33538413048
      vertex -6.14193630219 -1.54379034042 1.33538413048
      vertex -6.28096199036 1.72897005081 1.33538413048
    endloop
  endfacet
  facet normal 0 -1 0
    outer loop
      vertex -6.28096199036 1.72897005081 1.33538413048
      vertex -6.14193630219 -1.54379034042 1.33538413048
      vertex -6.37420654297 -0.466058820486 1.33538413048
    endloop
  endfacet
  facet normal 0 -1 0
    outer loop
      vertex -6.28096199036 1.72897005081 1.33538413048
      vertex -6.37420654297 -0.466058820486 1.33538413048
      vertex -6.42099809647 0.635422468185 1.33538413048
    endloop
  endfacet
  facet normal 0.927887201309 0.00205777981319 -0.372855275869
    outer loop
      vertex -6.14193630219 -1.54379034042 -0.664615750313
      vertex -6.12685203552 -1.59236764908 1.33538413048
      vertex -5.73087024689 -2.56676912308 -0.664615750313
    endloop
  endfacet
  facet normal 0.92642313242 0 -0.376483976841
    outer loop
      vertex -5.73087024689 -2.56676912308 -0.664615750313
      vertex -6.12685203552 -1.59236764908 1.33538413048
      vertex -5.73087024689 -2.56676912308 1.33538413048
    endloop
  endfacet
  facet normal 0.851529419422 0 -0.524306833744
    outer loop
      vertex -5.73087024689 -2.56676912308 -0.664615750313
      vertex -5.73087024689 -2.56676912308 1.33538413048
      vertex -5.15283584595 -3.5055577755 -0.664615750313
    endloop
  endfacet
  facet normal 0.851529419422 0 -0.524306833744
    outer loop
      vertex -5.15283584595 -3.5055577755 -0.664615750313
      vertex -5.73087024689 -2.56676912308 1.33538413048
      vertex -5.15283584595 -3.5055577755 1.33538413048
    endloop
  endfacet
  facet normal 0.750671982765 0 -0.660675108433
    outer loop
      vertex -5.15283584595 -3.5055577755 -0.664615750313
      vertex -5.15283584595 -3.5055577755 1.33538413048
      vertex -4.4244556427 -4.33315753937 -0.664615750313
    endloop
  endfacet
  facet normal 0.750671982765 0 -0.660675108433
    outer loop
      vertex -4.4244556427 -4.33315753937 -0.664615750313
      vertex -5.15283584595 -3.5055577755 1.33538413048
      vertex -4.4244556427 -4.33315753937 1.33538413048
    endloop
  endfacet
  facet normal 0.62822073698 0 -0.778035163879
    outer loop
      vertex -4.4244556427 -4.33315753937 -0.664615750313
      vertex -4.4244556427 -4.33315753937 1.33538413048
      vertex -3.56669092178 -5.02575540543 -0.664615750313
    endloop
  endfacet
  facet normal 0.62822073698 0 -0.778035163879
    outer loop
      vertex -3.56669092178 -5.02575540543 -0.664615750313
      vertex -4.4244556427 -4.33315753937 1.33538413048
      vertex -3.56669092178 -5.02575540543 1.33538413048
    endloop
  endfacet
  facet normal 0.48769813776 0 -0.873012304306
    outer loop
      vertex -3.56669092178 -5.02575540543 -0.664615750313
      vertex -3.56669092178 -5.02575540543 1.33538413048
      vertex -2.60421133041 -5.56343364716 -0.664615750313
    endloop
  endfacet
  facet normal 0.48769813776 0 -0.873012304306
    outer loop
      vertex -2.60421133041 -5.56343364716 -0.664615750313
      vertex -3.56669092178 -5.02575540543 1.33538413048
      vertex -2.60421133041 -5.56343364716 1.33538413048
    endloop
  endfacet
  facet normal 0.333137720823 0 -0.942878186703
    outer loop
      vertex -2.60421133041 -5.56343364716 -0.664615750313
      vertex -2.60421133041 -5.56343364716 1.33538413048
      vertex -1.5647124052 -5.93070936203 -0.664615750313
    endloop
  endfacet
  facet normal 0.333137720823 0 -0.942878186703
    outer loop
      vertex -1.5647124052 -5.93070936203 -0.664615750313
      vertex -2.60421133041 -5.56343364716 1.33538413048
      vertex -1.5647124052 -5.93070936203 1.33538413048
    endloop
  endfacet
  facet normal 0.168997883797 0 -0.985616385937
    outer loop
      vertex -1.5647124052 -5.93070936203 -0.664615750313
      vertex -1.5647124052 -5.93070936203 1.33538413048
      vertex -0.478091478348 -6.1170258522 -0.664615750313
    endloop
  endfacet
  facet normal 0.956103026867 0.0116066932678 0.292800784111
    outer loop
      vertex -5.95813322067 2.78312492371 -0.664615750313
      vertex -6.12685203552 2.31147670746 1.33538413048
      vertex -6.28096199036 1.72897005081 -0.664615750313
    endloop
  endfacet
  facet normal 0.966739296913 -0 0.255763918161
    outer loop
      vertex -6.28096199036 1.72897005081 -0.664615750313
      vertex -6.12685203552 2.31147670746 1.33538413048
      vertex -6.28096199036 1.72897005081 1.33538413048
    endloop
  endfacet
  facet normal 0.991900205612 -0 0.127019688487
    outer loop
      vertex -6.28096199036 1.72897005081 -0.664615750313
      vertex -6.28096199036 1.72897005081 1.33538413048
      vertex -6.42099809647 0.635422468185 -0.664615750313
    endloop
  endfacet
  facet normal 0.991900205612 -0 0.127019688487
    outer loop
      vertex -6.42099809647 0.635422468185 -0.664615750313
      vertex -6.28096199036 1.72897005081 1.33538413048
      vertex -6.42099809647 0.635422468185 1.33538413048
    endloop
  endfacet
  facet normal 0.99909889698 0 -0.0424422770739
    outer loop
      vertex -6.42099809647 0.635422468185 -0.664615750313
      vertex -6.42099809647 0.635422468185 1.33538413048
      vertex -6.37420654297 -0.466058820486 -0.664615750313
    endloop
  endfacet
  facet normal 0.99909889698 0 -0.0424422770739
    outer loop
      vertex -6.37420654297 -0.466058820486 -0.664615750313
      vertex -6.42099809647 0.635422468185 1.33538413048
      vertex -6.37420654297 -0.466058820486 1.33538413048
    endloop
  endfacet
  facet normal 0.97755497694 0 -0.210680440068
    outer loop
      vertex -6.37420654297 -0.466058820486 -0.664615750313
      vertex -6.37420654297 -0.466058820486 1.33538413048
      vertex -6.14193630219 -1.54379034042 -0.664615750313
    endloop
  endfacet
  facet normal 0.97755497694 0 -0.210680440068
    outer loop
      vertex -6.14193630219 -1.54379034042 -0.664615750313
      vertex -6.37420654297 -0.466058820486 1.33538413048
      vertex -6.14193630219 -1.54379034042 1.33538413048
    endloop
  endfacet
  facet normal 0.955015063286 0 -0.296557307243
    outer loop
      vertex -6.14193630219 -1.54379034042 -0.664615750313
      vertex -6.14193630219 -1.54379034042 1.33538413048
      vertex -6.12685203552 -1.59236764908 1.33538413048
    endloop
  endfacet
  facet normal 0.168997883797 1.58466149777e-17 -0.985616385937
    outer loop
      vertex -1.5647124052 -5.93070936203 1.33538413048
      vertex -0.478091478348 -6.1170258522 1.33538413048
      vertex -0.478091478348 -6.1170258522 -0.664615750313
    endloop
  endfacet
  facet normal 0.0424465835094 0 -0.999098718166
    outer loop
      vertex -0.478091478348 -6.1170258522 -0.664615750313
      vertex -0.478091478348 -6.1170258522 1.33538413048
      vertex 0.0731487050653 -6.14044523239 1.33538413048
    endloop
  endfacet
  facet normal 0 0.011708881706 -0.999931454659
    outer loop
      vertex -0.478091478348 -6.1170258522 -0.664615750313
      vertex 0.0731487050653 -6.14044523239 1.33538413048
      vertex 0.624388873577 -6.1170258522 -0.664615750313
    endloop
  endfacet
  facet normal -0.0424465835094 0 -0.999098718166
    outer loop
      vertex 0.624388873577 -6.1170258522 -0.664615750313
      vertex 0.0731487050653 -6.14044523239 1.33538413048
      vertex 0.624388873577 -6.1170258522 1.33538413048
    endloop
  endfacet
  facet normal -0.16899907589 0 -0.985616207123
    outer loop
      vertex 0.624388873577 -6.1170258522 -0.664615750313
      vertex 0.624388873577 -6.1170258522 1.33538413048
      vertex 1.71100199223 -5.93070936203 -0.664615750313
    endloop
  endfacet
  facet normal -0.16899907589 0 -0.985616207123
    outer loop
      vertex 1.71100199223 -5.93070936203 -0.664615750313
      vertex 0.624388873577 -6.1170258522 1.33538413048
      vertex 1.71100199223 -5.93070936203 1.33538413048
    endloop
  endfacet
  facet normal -0.333137720823 0 -0.942878186703
    outer loop
      vertex 1.71100199223 -5.93070936203 -0.664615750313
      vertex 1.71100199223 -5.93070936203 1.33538413048
      vertex 2.75050091743 -5.56343364716 -0.664615750313
    endloop
  endfacet
  facet normal -0.333137720823 0 -0.942878186703
    outer loop
      vertex 2.75050091743 -5.56343364716 -0.664615750313
      vertex 1.71100199223 -5.93070936203 1.33538413048
      vertex 2.75050091743 -5.56343364716 1.33538413048
    endloop
  endfacet
  facet normal -0.487696617842 0 -0.873013198376
    outer loop
      vertex 2.75050091743 -5.56343364716 -0.664615750313
      vertex 2.75050091743 -5.56343364716 1.33538413048
      vertex 3.7129843235 -5.02575540543 -0.664615750313
    endloop
  endfacet
  facet normal -0.487696617842 0 -0.873013198376
    outer loop
      vertex 3.7129843235 -5.02575540543 -0.664615750313
      vertex 2.75050091743 -5.56343364716 1.33538413048
      vertex 3.7129843235 -5.02575540543 1.33538413048
    endloop
  endfacet
  facet normal -0.628219008446 0 -0.778036534786
    outer loop
      vertex 3.7129843235 -5.02575540543 -0.664615750313
      vertex 3.7129843235 -5.02575540543 1.33538413048
      vertex 4.57075309753 -4.33315753937 -0.664615750313
    endloop
  endfacet
  facet normal -0.628219008446 0 -0.778036534786
    outer loop
      vertex 4.57075309753 -4.33315753937 -0.664615750313
      vertex 3.7129843235 -5.02575540543 1.33538413048
      vertex 4.57075309753 -4.33315753937 1.33538413048
    endloop
  endfacet
  facet normal -0.7506737113 0 -0.660673081875
    outer loop
      vertex 4.57075309753 -4.33315753937 -0.664615750313
      vertex 4.57075309753 -4.33315753937 1.33538413048
      vertex 5.29912948608 -3.5055577755 -0.664615750313
    endloop
  endfacet
  facet normal -0.7506737113 0 -0.660673081875
    outer loop
      vertex 5.29912948608 -3.5055577755 -0.664615750313
      vertex 4.57075309753 -4.33315753937 1.33538413048
      vertex 5.29912948608 -3.5055577755 1.33538413048
    endloop
  endfacet
  facet normal -0.851529419422 0 -0.524306833744
    outer loop
      vertex 5.29912948608 -3.5055577755 -0.664615750313
      vertex 5.29912948608 -3.5055577755 1.33538413048
      vertex 5.87716388702 -2.56676912308 -0.664615750313
    endloop
  endfacet
  facet normal -0.851529419422 0 -0.524306833744
    outer loop
      vertex 5.87716388702 -2.56676912308 -0.664615750313
      vertex 5.29912948608 -3.5055577755 1.33538413048
      vertex 5.87716388702 -2.56676912308 1.33538413048
    endloop
  endfacet
  facet normal -0.92788797617 0 -0.372859150171
    outer loop
      vertex 5.87716388702 -2.56676912308 -0.664615750313
      vertex 5.87716388702 -2.56676912308 1.33538413048
      vertex 6.28823375702 -1.54379034042 -0.664615750313
    endloop
  endfacet
  facet normal -0.92788797617 0 -0.372859150171
    outer loop
      vertex 6.28823375702 -1.54379034042 -0.664615750313
      vertex 5.87716388702 -2.56676912308 1.33538413048
      vertex 6.28823375702 -1.54379034042 1.33538413048
    endloop
  endfacet
  facet normal -0.977555692196 0 -0.210677042603
    outer loop
      vertex 6.28823375702 -1.54379034042 -0.664615750313
      vertex 6.28823375702 -1.54379034042 1.33538413048
      vertex 6.52050018311 -0.466058820486 -0.664615750313
    endloop
  endfacet
  facet normal -0.977555692196 0 -0.210677042603
    outer loop
      vertex 6.52050018311 -0.466058820486 -0.664615750313
      vertex 6.28823375702 -1.54379034042 1.33538413048
      vertex 6.52050018311 -0.466058820486 1.33538413048
    endloop
  endfacet
  facet normal -0.99909889698 0 -0.0424422770739
    outer loop
      vertex 6.52050018311 -0.466058820486 -0.664615750313
      vertex 6.52050018311 -0.466058820486 1.33538413048
      vertex 6.5672917366 0.635422468185 -0.664615750313
    endloop
  endfacet
  facet normal -0.99909889698 0 -0.0424422770739
    outer loop
      vertex 6.5672917366 0.635422468185 -0.664615750313
      vertex 6.52050018311 -0.466058820486 1.33538413048
      vertex 6.5672917366 0.635422468185 1.33538413048
    endloop
  endfacet
  facet normal -0.991900205612 0 0.127019688487
    outer loop
      vertex 6.5672917366 0.635422468185 -0.664615750313
      vertex 6.5672917366 0.635422468185 1.33538413048
      vertex 6.42725515366 1.72897005081 -0.664615750313
    endloop
  endfacet
  facet normal -0.991900205612 0 0.127019688487
    outer loop
      vertex 6.42725515366 1.72897005081 -0.664615750313
      vertex 6.5672917366 0.635422468185 1.33538413048
      vertex 6.42725515366 1.72897005081 1.33538413048
    endloop
  endfacet
  facet normal -0.95616710186 0 0.292821526527
    outer loop
      vertex 6.42725515366 1.72897005081 -0.664615750313
      vertex 6.42725515366 1.72897005081 1.33538413048
      vertex 6.10442686081 2.78312087059 -0.664615750313
    endloop
  endfacet
  facet normal -0.95616710186 0 0.292821526527
    outer loop
      vertex 6.10442686081 2.78312087059 -0.664615750313
      vertex 6.42725515366 1.72897005081 1.33538413048
      vertex 6.10442686081 2.78312087059 1.33538413048
    endloop
  endfacet
  facet normal -0.892925858498 0 0.450203746557
    outer loop
      vertex 6.10442686081 2.78312087059 -0.664615750313
      vertex 6.10442686081 2.78312087059 1.33538413048
      vertex 5.60808897018 3.7675485611 -0.664615750313
    endloop
  endfacet
  facet normal -0.892925858498 0 0.450203746557
    outer loop
      vertex 5.60808897018 3.7675485611 -0.664615750313
      vertex 6.10442686081 2.78312087059 1.33538413048
      vertex 5.60808897018 3.7675485611 1.33538413048
    endloop
  endfacet
  facet normal -0.803998351097 0 0.594631493092
    outer loop
      vertex 5.60808897018 3.7675485611 -0.664615750313
      vertex 5.60808897018 3.7675485611 1.33538413048
      vertex 4.95251941681 4.65394067764 -0.664615750313
    endloop
  endfacet
  facet normal -0.803998351097 0 0.594631493092
    outer loop
      vertex 4.95251941681 4.65394067764 -0.664615750313
      vertex 5.60808897018 3.7675485611 1.33538413048
      vertex 4.95251941681 4.65394067764 1.33538413048
    endloop
  endfacet
  facet normal -0.691936075687 0 0.721958816051
    outer loop
      vertex 4.95251941681 4.65394067764 -0.664615750313
      vertex 4.95251941681 4.65394067764 1.33538413048
      vertex 4.15657567978 5.41678524017 -0.664615750313
    endloop
  endfacet
  facet normal -0.691936075687 0 0.721958816051
    outer loop
      vertex 4.15657567978 5.41678524017 -0.664615750313
      vertex 4.95251941681 4.65394067764 1.33538413048
      vertex 4.15657567978 5.41678524017 1.33538413048
    endloop
  endfacet
  facet normal -0.559976458549 0 0.828508555889
    outer loop
      vertex 4.15657567978 5.41678524017 -0.664615750313
      vertex 4.15657567978 5.41678524017 1.33538413048
      vertex 3.24316525459 6.03414535522 -0.664615750313
    endloop
  endfacet
  facet normal -0.559976458549 0 0.828508555889
    outer loop
      vertex 3.24316525459 6.03414535522 -0.664615750313
      vertex 4.15657567978 5.41678524017 1.33538413048
      vertex 3.24316525459 6.03414535522 1.33538413048
    endloop
  endfacet
  facet normal -0.411901861429 0 0.911228239536
    outer loop
      vertex 3.24316525459 6.03414535522 -0.664615750313
      vertex 3.24316525459 6.03414535522 1.33538413048
      vertex 2.23855519295 6.48825836182 -0.664615750313
    endloop
  endfacet
  facet normal -0.411901861429 0 0.911228239536
    outer loop
      vertex 2.23855519295 6.48825836182 -0.664615750313
      vertex 3.24316525459 6.03414535522 1.33538413048
      vertex 2.23855519295 6.48825836182 1.33538413048
    endloop
  endfacet
  facet normal -0.251981645823 0 0.967732012272
    outer loop
      vertex 2.23855519295 6.48825836182 -0.664615750313
      vertex 2.23855519295 6.48825836182 1.33538413048
      vertex 1.17165637016 6.76606178284 -0.664615750313
    endloop
  endfacet
  facet normal -0.251981645823 0 0.967732012272
    outer loop
      vertex 1.17165637016 6.76606178284 -0.664615750313
      vertex 2.23855519295 6.48825836182 1.33538413048
      vertex 1.17165637016 6.76606178284 1.33538413048
    endloop
  endfacet
  facet normal -0.0848021656275 0 0.996397793293
    outer loop
      vertex 1.17165637016 6.76606178284 -0.664615750313
      vertex 1.17165637016 6.76606178284 1.33538413048
      vertex 0.0731487050653 6.85955429077 -0.664615750313
    endloop
  endfacet
  facet normal -0.0848021656275 0 0.996397793293
    outer loop
      vertex 0.0731487050653 6.85955429077 -0.664615750313
      vertex 1.17165637016 6.76606178284 1.33538413048
      vertex 0.0731487050653 6.85955429077 1.33538413048
    endloop
  endfacet
  facet normal 0.0848021656275 -0 0.996397793293
    outer loop
      vertex 0.0731487050653 6.85955429077 -0.664615750313
      vertex 0.0731487050653 6.85955429077 1.33538413048
      vertex -1.02535891533 6.76606178284 -0.664615750313
    endloop
  endfacet
  facet normal 0.0848021656275 -0 0.996397793293
    outer loop
      vertex -1.02535891533 6.76606178284 -0.664615750313
      vertex 0.0731487050653 6.85955429077 1.33538413048
      vertex -1.02535891533 6.76606178284 1.33538413048
    endloop
  endfacet
  facet normal 0.251980781555 -0 0.96773225069
    outer loop
      vertex -1.02535891533 6.76606178284 -0.664615750313
      vertex -1.02535891533 6.76606178284 1.33538413048
      vertex -2.09226179123 6.48825836182 -0.664615750313
    endloop
  endfacet
  facet normal 0.251980781555 -0 0.96773225069
    outer loop
      vertex -2.09226179123 6.48825836182 -0.664615750313
      vertex -1.02535891533 6.76606178284 1.33538413048
      vertex -2.09226179123 6.48825836182 1.33538413048
    endloop
  endfacet
  facet normal 0.411901861429 -0 0.911228239536
    outer loop
      vertex -2.09226179123 6.48825836182 -0.664615750313
      vertex -2.09226179123 6.48825836182 1.33538413048
      vertex -3.09687161446 6.03414535522 -0.664615750313
    endloop
  endfacet
  facet normal 0.411901861429 -0 0.911228239536
    outer loop
      vertex -3.09687161446 6.03414535522 -0.664615750313
      vertex -2.09226179123 6.48825836182 1.33538413048
      vertex -3.09687161446 6.03414535522 1.33538413048
    endloop
  endfacet
  facet normal 0.559974014759 -0 0.828510165215
    outer loop
      vertex -3.09687161446 6.03414535522 -0.664615750313
      vertex -3.09687161446 6.03414535522 1.33538413048
      vertex -4.01028203964 5.41678905487 -0.664615750313
    endloop
  endfacet
  facet normal 0.559974014759 -0 0.828510165215
    outer loop
      vertex -4.01028203964 5.41678905487 -0.664615750313
      vertex -3.09687161446 6.03414535522 1.33538413048
      vertex -4.01028203964 5.41678905487 1.33538413048
    endloop
  endfacet
  facet normal 0.691937804222 -0 0.721957087517
    outer loop
      vertex -4.01028203964 5.41678905487 -0.664615750313
      vertex -4.01028203964 5.41678905487 1.33538413048
      vertex -4.80622196198 4.65394449234 -0.664615750313
    endloop
  endfacet
  facet normal 0.691937804222 -0 0.721957087517
    outer loop
      vertex -4.80622196198 4.65394449234 -0.664615750313
      vertex -4.01028203964 5.41678905487 1.33538413048
      vertex -4.80622196198 4.65394449234 1.33538413048
    endloop
  endfacet
  facet normal 0.803998351097 -0 0.594631493092
    outer loop
      vertex -4.80622196198 4.65394449234 -0.664615750313
      vertex -4.80622196198 4.65394449234 1.33538413048
      vertex -5.46179151535 3.76755261421 -0.664615750313
    endloop
  endfacet
  facet normal 0.803998351097 -0 0.594631493092
    outer loop
      vertex -5.46179151535 3.76755261421 -0.664615750313
      vertex -4.80622196198 4.65394449234 1.33538413048
      vertex -5.46179151535 3.76755261421 1.33538413048
    endloop
  endfacet
  facet normal 0.892924427986 -0 0.450206577778
    outer loop
      vertex -5.46179151535 3.76755261421 -0.664615750313
      vertex -5.46179151535 3.76755261421 1.33538413048
      vertex -5.95813322067 2.78312492371 -0.664615750313
    endloop
  endfacet
  facet normal 0.892924427986 -0 0.450206577778
    outer loop
      vertex -5.95813322067 2.78312492371 -0.664615750313
      vertex -5.46179151535 3.76755261421 1.33538413048
      vertex -5.95813322067 2.78312492371 1.33538413048
    endloop
  endfacet
  facet normal 0.941569268703 -0 0.336819350719
    outer loop
      vertex -5.95813322067 2.78312492371 -0.664615750313
      vertex -5.95813322067 2.78312492371 1.33538413048
      vertex -6.12685203552 2.31147670746 1.33538413048
    endloop
  endfacet
  facet normal 0 0 1
    outer loop
      vertex 24.2284908295 2.85955452919 51.1529388428
      vertex 21.5546531677 2.85955452919 42.2401275635
      vertex 22.0407810211 2.85955452919 42.6893196106
    endloop
  endfacet
  facet normal 0 0 1
    outer loop
      vertex 22.0407810211 2.85955452919 42.6893196106
      vertex 22.8560295105 2.85955452919 43.6479187012
      vertex 24.2284908295 2.85955452919 51.1529388428
    endloop
  endfacet
  facet normal 0 0 1
    outer loop
      vertex 24.2284908295 2.85955452919 51.1529388428
      vertex 22.8560295105 2.85955452919 43.6479187012
      vertex 23.5108680725 2.85955452919 44.7224960327
    endloop
  endfacet
  facet normal 0 0 1
    outer loop
      vertex 24.2284908295 2.85955452919 51.1529388428
      vertex 23.5108680725 2.85955452919 44.7224960327
      vertex 23.9891033173 2.85955452919 45.88646698
    endloop
  endfacet
  facet normal 0 0 -1
    outer loop
      vertex 24.2284908295 -2.14044523239 51.1529388428
      vertex 23.9891033173 -2.14044523239 45.88646698
      vertex 23.5108680725 -2.14044523239 44.7224998474
    endloop
  endfacet
  facet normal -0 0 -1
    outer loop
      vertex 23.5108680725 -2.14044523239 44.7224998474
      vertex 22.8560295105 -2.14044523239 43.6479225159
      vertex 24.2284908295 -2.14044523239 51.1529388428
    endloop
  endfacet
  facet normal 0 0 -1
    outer loop
      vertex 24.2284908295 -2.14044523239 51.1529388428
      vertex 22.8560295105 -2.14044523239 43.6479225159
      vertex 22.0407733917 -2.14044523239 42.6893234253
    endloop
  endfacet
  facet normal 0 0 -1
    outer loop
      vertex 24.2284908295 -2.14044523239 51.1529388428
      vertex 22.0407733917 -2.14044523239 42.6893234253
      vertex 21.5546531677 -2.14044523239 42.2401313782
    endloop
  endfacet
  facet normal 0 0 -1
    outer loop
      vertex -13.4821958542 -2.14044523239 51.1529388428
      vertex -10.8083553314 -2.14044523239 42.2401351929
      vertex -11.2944822311 -2.14044523239 42.68932724
    endloop
  endfacet
  facet normal 0 0 -1
    outer loop
      vertex -11.2944822311 -2.14044523239 42.68932724
      vertex -12.1097316742 -2.14044523239 43.6479225159
      vertex -13.4821958542 -2.14044523239 51.1529388428
    endloop
  endfacet
  facet normal 0 0 -1
    outer loop
      vertex -13.4821958542 -2.14044523239 51.1529388428
      vertex -12.1097316742 -2.14044523239 43.6479225159
      vertex -12.7645730972 -2.14044523239 44.7224998474
    endloop
  endfacet
  facet normal 0 0 -1
    outer loop
      vertex -13.4821958542 -2.14044523239 51.1529388428
      vertex -12.7645730972 -2.14044523239 44.7224998474
      vertex -13.2428092957 -2.14044523239 45.88646698
    endloop
  endfacet
  facet normal -0 -0 1
    outer loop
      vertex -11.2944822311 2.85955834389 42.6893234253
      vertex -10.8083553314 2.85955834389 42.2401313782
      vertex -13.4821958542 2.85955834389 51.1529388428
    endloop
  endfacet
  facet normal -0 -0 1
    outer loop
      vertex -13.2428092957 2.85955834389 45.88646698
      vertex -12.7645730972 2.85955834389 44.7224960327
      vertex -13.4821958542 2.85955834389 51.1529388428
    endloop
  endfacet
  facet normal 0 0 1
    outer loop
      vertex -13.4821958542 2.85955834389 51.1529388428
      vertex -12.7645730972 2.85955834389 44.7224960327
      vertex -12.1097316742 2.85955834389 43.6479187012
    endloop
  endfacet
  facet normal 0 0 1
    outer loop
      vertex -13.4821958542 2.85955834389 51.1529388428
      vertex -12.1097316742 2.85955834389 43.6479187012
      vertex -11.2944822311 2.85955834389 42.6893234253
    endloop
  endfacet
  facet normal 0.458669930696 -0.888606727123 9.21190723145e-19
    outer loop
      vertex 20.0725879669 2.58818626404 41.2421264648
      vertex 20.0132236481 2.56310319901 41.2114868164
      vertex 20.0132236481 6.85955429077 41.2114868164
    endloop
  endfacet
  facet normal 0.924969851971 -0.38004052639 0
    outer loop
      vertex 23.9891033173 -2.14044523239 45.88646698
      vertex 23.9891033173 -6.14044523239 45.88646698
      vertex 23.5108680725 -6.14044523239 44.7224998474
    endloop
  endfacet
  facet normal 0.924969851971 -0.38004052639 0
    outer loop
      vertex 23.9891033173 -2.14044523239 45.88646698
      vertex 23.5108680725 -6.14044523239 44.7224998474
      vertex 23.5108680725 -2.14044523239 44.7224998474
    endloop
  endfacet
  facet normal 0.853934705257 -0.520380198956 0
    outer loop
      vertex 23.5108680725 -2.14044523239 44.7224998474
      vertex 23.5108680725 -6.14044523239 44.7224998474
      vertex 22.8560295105 -6.14044523239 43.6479225159
    endloop
  endfacet
  facet normal 0.853934705257 -0.520380198956 0
    outer loop
      vertex 23.5108680725 -2.14044523239 44.7224998474
      vertex 22.8560295105 -6.14044523239 43.6479225159
      vertex 22.8560295105 -2.14044523239 43.6479225159
    endloop
  endfacet
  facet normal 0.76176315546 -0.647855639458 0
    outer loop
      vertex 22.8560295105 -2.14044523239 43.6479225159
      vertex 22.8560295105 -6.14044523239 43.6479225159
      vertex 22.0407733917 -6.14044523239 42.6893234253
    endloop
  endfacet
  facet normal 0.76176315546 -0.647855639458 0
    outer loop
      vertex 22.8560295105 -2.14044523239 43.6479225159
      vertex 22.0407733917 -6.14044523239 42.6893234253
      vertex 22.0407733917 -2.14044523239 42.6893234253
    endloop
  endfacet
  facet normal 0.678661108017 -0.734451591969 0
    outer loop
      vertex 22.0407733917 -2.14044523239 42.6893234253
      vertex 22.0407733917 -6.14044523239 42.6893234253
      vertex 21.5546531677 -2.14044523239 42.2401313782
    endloop
  endfacet
  facet normal 0.650739312172 -0.759276092052 0.00618107663468
    outer loop
      vertex 21.5546531677 -2.14044523239 42.2401313782
      vertex 22.0407733917 -6.14044523239 42.6893234253
      vertex 21.0852985382 -6.14044523239 41.8704338074
    endloop
  endfacet
  facet normal 0.618772983551 -0.78556984663 0
    outer loop
      vertex 21.5546531677 -2.14044523239 42.2401313782
      vertex 21.0852985382 -6.14044523239 41.8704338074
      vertex 21.0852985382 -2.11675858498 41.8704338074
    endloop
  endfacet
  facet normal 0.523630321026 -0.851924598217 0.00598252983764
    outer loop
      vertex 20.0132236481 -6.14044523239 41.2114906311
      vertex 20.5252170563 -2.01808571815 41.4972343445
      vertex 21.0852985382 -6.14044523239 41.8704338074
    endloop
  endfacet
  facet normal 0.550530910492 -0.834814429283 0.000778713147156
    outer loop
      vertex 21.0852985382 -6.14044523239 41.8704338074
      vertex 20.5252170563 -2.01808571815 41.4972343445
      vertex 21.025056839 -2.11007165909 41.8269462585
    endloop
  endfacet
  facet normal 0.585303544998 -0.810814261436 0
    outer loop
      vertex 21.0852985382 -6.14044523239 41.8704338074
      vertex 21.025056839 -2.11007165909 41.8269462585
      vertex 21.0852985382 -2.11675858498 41.8704338074
    endloop
  endfacet
  facet normal 0.337459295988 -0.94133991003 0.000619646976702
    outer loop
      vertex 18.8510894775 -6.14044523239 40.7288246155
      vertex 19.0052471161 -1.10990655422 40.7807769775
      vertex 19.1493988037 -1.26601469517 40.8325538635
    endloop
  endfacet
  facet normal 0.355254262686 -0.934767901897 0.0018485293258
    outer loop
      vertex 19.1493988037 -1.26601469517 40.8325538635
      vertex 19.3045463562 -1.40820658207 40.8917999268
      vertex 18.8510894775 -6.14044523239 40.7288246155
    endloop
  endfacet
  facet normal 0.385675370693 -0.922619998455 0.00518192909658
    outer loop
      vertex 18.8510894775 -6.14044523239 40.7288246155
      vertex 19.3045463562 -1.40820658207 40.8917999268
      vertex 19.6611309052 -1.66298758984 41.0422897339
    endloop
  endfacet
  facet normal 0.383556574583 -0.923505246639 0.00473663490266
    outer loop
      vertex 18.8510894775 -6.14044523239 40.7288246155
      vertex 19.6611309052 -1.66298758984 41.0422897339
      vertex 20.0132236481 -6.14044523239 41.2114906311
    endloop
  endfacet
  facet normal 0.436872392893 -0.899523437023 -0.000362196995411
    outer loop
      vertex 20.0132236481 -6.14044523239 41.2114906311
      vertex 19.6611309052 -1.66298758984 41.0422897339
      vertex 20.0698738098 -1.86796402931 41.2407226562
    endloop
  endfacet
  facet normal 0.490678042173 -0.871340751648 0.000544039008673
    outer loop
      vertex 20.0132236481 -6.14044523239 41.2114906311
      vertex 20.0698738098 -1.86796402931 41.2407226562
      vertex 20.5252170563 -2.01808571815 41.4972343445
    endloop
  endfacet
  facet normal 0.254993855953 -0.966919839382 -0.00664232112467
    outer loop
      vertex 18.5953426361 1.13209474087 40.6502075195
      vertex 18.5349807739 0.944869637489 40.6330032349
      vertex 17.6276340485 6.85955429077 40.4343528748
    endloop
  endfacet
  facet normal 0.264443069696 -0.964365303516 -0.00833513122052
    outer loop
      vertex 18.5953426361 1.13209474087 40.6502075195
      vertex 17.6276340485 6.85955429077 40.4343528748
      vertex 18.6734580994 1.31690490246 40.6732254028
    endloop
  endfacet
  facet normal 0.234003707767 -0.972235679626 0
    outer loop
      vertex 18.8510894775 6.85955429077 40.7288208008
      vertex 18.8510894775 1.62636780739 40.7288208008
      vertex 17.6276340485 6.85955429077 40.4343528748
    endloop
  endfacet
  facet normal 0.285980671644 -0.95814794302 -0.0129442922771
    outer loop
      vertex 17.6276340485 6.85955429077 40.4343528748
      vertex 18.8510894775 1.62636780739 40.7288208008
      vertex 18.7676563263 1.49453258514 40.7021369934
    endloop
  endfacet
  facet normal 0.275237292051 -0.961318969727 -0.0105031458661
    outer loop
      vertex 17.6276340485 6.85955429077 40.4343528748
      vertex 18.7676563263 1.49453258514 40.7021369934
      vertex 18.6734580994 1.31690490246 40.6732254028
    endloop
  endfacet
  facet normal 0.24598915875 -0.969258725643 -0.0051823980175
    outer loop
      vertex 18.5349807739 0.944869637489 40.6330032349
      vertex 18.490901947 0.750643074512 40.6207771301
      vertex 17.6276340485 6.85955429077 40.4343528748
    endloop
  endfacet
  facet normal 0.236801221967 -0.971550643444 -0.0038140816614
    outer loop
      vertex 17.6276340485 6.85955429077 40.4343528748
      vertex 18.490901947 0.750643074512 40.6207771301
      vertex 18.4646987915 0.556031048298 40.6136283875
    endloop
  endfacet
  facet normal 0.222391799092 -0.974955737591 -0.00180376914795
    outer loop
      vertex 17.6276340485 6.85955429077 40.4343528748
      vertex 18.4646987915 0.556031048298 40.6136283875
      vertex 18.4559116364 0.359554558992 40.6112594604
    endloop
  endfacet
  facet normal 0.222443535924 -0.974943876266 0.00181127386168
    outer loop
      vertex 17.6276340485 -6.14044523239 40.4343566895
      vertex 18.4559116364 0.359554558992 40.6112594604
      vertex 18.4647541046 0.162452697754 40.6136436462
    endloop
  endfacet
  facet normal 0.236801818013 -0.97155046463 0.00381479295902
    outer loop
      vertex 18.4647541046 0.162452697754 40.6136436462
      vertex 18.490901947 -0.03153000772 40.6207771301
      vertex 17.6276340485 -6.14044523239 40.4343566895
    endloop
  endfacet
  facet normal 0.246009424329 -0.969253540039 0.00518603948876
    outer loop
      vertex 17.6276340485 -6.14044523239 40.4343566895
      vertex 18.490901947 -0.03153000772 40.6207771301
      vertex 18.5344848633 -0.223951160908 40.6328697205
    endloop
  endfacet
  facet normal 0.254900813103 -0.966944515705 0.00662634149194
    outer loop
      vertex 17.6276340485 -6.14044523239 40.4343566895
      vertex 18.5344848633 -0.223951160908 40.6328697205
      vertex 18.5953426361 -0.412989586592 40.6502075195
    endloop
  endfacet
  facet normal 0.2645149827 -0.96434545517 0.00834869407117
    outer loop
      vertex 18.5953426361 -0.412989586592 40.6502075195
      vertex 18.6738986969 -0.598716139793 40.6733627319
      vertex 17.6276340485 -6.14044523239 40.4343566895
    endloop
  endfacet
  facet normal 0.275282621384 -0.961305856705 0.0105126919225
    outer loop
      vertex 17.6276340485 -6.14044523239 40.4343566895
      vertex 18.6738986969 -0.598716139793 40.6733627319
      vertex 18.7682609558 -0.776450037956 40.7023277283
    endloop
  endfacet
  facet normal 0.234003543854 -0.972235023975 0.00118890998419
    outer loop
      vertex 17.6276340485 -6.14044523239 40.4343566895
      vertex 18.7682609558 -0.776450037956 40.7023277283
      vertex 18.8510894775 -6.14044523239 40.7288246155
    endloop
  endfacet
  facet normal 0.30467069149 -0.952457726002 0
    outer loop
      vertex 18.8510894775 -6.14044523239 40.7288246155
      vertex 18.7682609558 -0.776450037956 40.7023277283
      vertex 18.8510894775 -0.907250761986 40.7288246155
    endloop
  endfacet
  facet normal 0.319359660149 -0.947633564472 0
    outer loop
      vertex 18.8510894775 -6.14044523239 40.7288246155
      vertex 18.8510894775 -0.907250761986 40.7288246155
      vertex 19.0052471161 -1.10990655422 40.7807769775
    endloop
  endfacet
  facet normal 0.38356089592 -0.923515617847 0
    outer loop
      vertex 20.0132236481 6.85955429077 41.2114868164
      vertex 20.0132236481 2.56310319901 41.2114868164
      vertex 18.8510894775 6.85955429077 40.7288208008
    endloop
  endfacet
  facet normal 0.427234888077 -0.904032230377 -0.0140020195395
    outer loop
      vertex 18.8510894775 6.85955429077 40.7288208008
      vertex 20.0132236481 2.56310319901 41.2114868164
      vertex 19.6611309052 2.38209676743 41.0422859192
    endloop
  endfacet
  facet normal 0.3856754601 -0.92261993885 -0.00518194725737
    outer loop
      vertex 18.8510894775 6.85955429077 40.7288208008
      vertex 19.6611309052 2.38209676743 41.0422859192
      vertex 19.3045463562 2.12732362747 40.8917961121
    endloop
  endfacet
  facet normal 0.355251193047 -0.934769034386 -0.00184819824062
    outer loop
      vertex 19.3045463562 2.12732362747 40.8917961121
      vertex 19.1491699219 1.98489570618 40.8324661255
      vertex 18.8510894775 6.85955429077 40.7288208008
    endloop
  endfacet
  facet normal 0.337433516979 -0.94134914875 -0.000618761638179
    outer loop
      vertex 18.8510894775 6.85955429077 40.7288208008
      vertex 19.1491699219 1.98489570618 40.8324661255
      vertex 19.0052471161 1.82901966572 40.7807731628
    endloop
  endfacet
  facet normal 0.319359660149 -0.947633564472 0
    outer loop
      vertex 18.8510894775 6.85955429077 40.7288208008
      vertex 19.0052471161 1.82901966572 40.7807731628
      vertex 18.8510894775 1.62636780739 40.7288208008
    endloop
  endfacet
  facet normal 0.678608357906 -0.734406352043 -0.011749772355
    outer loop
      vertex 22.0407810211 2.85955452919 42.6893196106
      vertex 21.5546531677 2.85955452919 42.2401275635
      vertex 21.0852985382 6.85955429077 41.8704299927
    endloop
  endfacet
  facet normal 0.614952981472 -0.788563430309 0.000724917510524
    outer loop
      vertex 21.0852985382 6.85955429077 41.8704299927
      vertex 21.5546531677 2.85955452919 42.2401275635
      vertex 21.0216655731 2.82877969742 41.8245124817
    endloop
  endfacet
  facet normal 0.523639142513 -0.851938962936 -0.00143861153629
    outer loop
      vertex 21.0852985382 6.85955429077 41.8704299927
      vertex 21.0216655731 2.82877969742 41.8245124817
      vertex 20.0132236481 6.85955429077 41.2114868164
    endloop
  endfacet
  facet normal 0.54905962944 -0.835720121861 -0.0102651072666
    outer loop
      vertex 20.0132236481 6.85955429077 41.2114868164
      vertex 21.0216655731 2.82877969742 41.8245124817
      vertex 20.5252246857 2.73719859123 41.4972305298
    endloop
  endfacet
  facet normal 0.490841329098 -0.871248781681 -0.000571630662307
    outer loop
      vertex 20.0132236481 6.85955429077 41.2114868164
      vertex 20.5252246857 2.73719859123 41.4972305298
      vertex 20.0725879669 2.58818626404 41.2421264648
    endloop
  endfacet
  facet normal 0.650748670101 -0.759293198586 0
    outer loop
      vertex 21.0852985382 6.85955429077 41.8704299927
      vertex 22.0407810211 6.85955429077 42.6893196106
      vertex 22.0407810211 2.85955452919 42.6893196106
    endloop
  endfacet
  facet normal 0.761766254902 -0.647852003574 0
    outer loop
      vertex 22.0407810211 2.85955452919 42.6893196106
      vertex 22.0407810211 6.85955429077 42.6893196106
      vertex 22.8560295105 6.85955429077 43.6479187012
    endloop
  endfacet
  facet normal 0.761766254902 -0.647852003574 0
    outer loop
      vertex 22.0407810211 2.85955452919 42.6893196106
      vertex 22.8560295105 6.85955429077 43.6479187012
      vertex 22.8560295105 2.85955452919 43.6479187012
    endloop
  endfacet
  facet normal 0.853934705257 -0.520380198956 0
    outer loop
      vertex 22.8560295105 2.85955452919 43.6479187012
      vertex 22.8560295105 6.85955429077 43.6479187012
      vertex 23.5108680725 6.85955429077 44.7224960327
    endloop
  endfacet
  facet normal 0.853934705257 -0.520380198956 0
    outer loop
      vertex 22.8560295105 2.85955452919 43.6479187012
      vertex 23.5108680725 6.85955429077 44.7224960327
      vertex 23.5108680725 2.85955452919 44.7224960327
    endloop
  endfacet
  facet normal 0.924970269203 -0.380039423704 0
    outer loop
      vertex 23.5108680725 2.85955452919 44.7224960327
      vertex 23.5108680725 6.85955429077 44.7224960327
      vertex 23.9891033173 6.85955429077 45.88646698
    endloop
  endfacet
  facet normal 0.924970269203 -0.380039423704 0
    outer loop
      vertex 23.5108680725 2.85955452919 44.7224960327
      vertex 23.9891033173 6.85955429077 45.88646698
      vertex 23.9891033173 2.85955452919 45.88646698
    endloop
  endfacet
  facet normal 0.208872199059 -0.977942943573 2.9589426731e-07
    outer loop
      vertex 18.4559116364 0.359554558992 40.6112594604
      vertex 17.6276340485 -6.14044523239 40.4343566895
      vertex 17.6276340485 6.85955429077 40.4343528748
    endloop
  endfacet
  facet normal 0.0786489099264 -0.996902406216 3.01630763033e-07
    outer loop
      vertex 17.6276340485 6.85955429077 40.4343528748
      vertex 17.6276340485 -6.14044523239 40.4343566895
      vertex 16.3731441498 -6.14044523239 40.3353843689
    endloop
  endfacet
  facet normal 0.0786489099264 -0.996902406216 3.01630763033e-07
    outer loop
      vertex 17.6276340485 6.85955429077 40.4343528748
      vertex 16.3731441498 -6.14044523239 40.3353843689
      vertex 16.3731441498 6.85955429077 40.3353805542
    endloop
  endfacet
  facet normal -0.458646059036 -0.888619065285 -4.19887896896e-07
    outer loop
      vertex -9.32629203796 -1.86907327175 41.2421340942
      vertex -9.26692581177 -1.8439861536 41.2114906311
      vertex -9.26692962646 -6.14044523239 41.2114906311
    endloop
  endfacet
  facet normal -0.924970388412 -0.38003924489 -0
    outer loop
      vertex -13.2428092957 2.85955834389 45.88646698
      vertex -13.2428092957 6.85955810547 45.88646698
      vertex -12.7645730972 6.85955810547 44.7224960327
    endloop
  endfacet
  facet normal -0.924970388412 -0.38003924489 0
    outer loop
      vertex -13.2428092957 2.85955834389 45.88646698
      vertex -12.7645730972 6.85955810547 44.7224960327
      vertex -12.7645730972 2.85955834389 44.7224960327
    endloop
  endfacet
  facet normal -0.853933274746 -0.520382523537 -0
    outer loop
      vertex -12.7645730972 2.85955834389 44.7224960327
      vertex -12.7645730972 6.85955810547 44.7224960327
      vertex -12.1097316742 6.85955810547 43.6479187012
    endloop
  endfacet
  facet normal -0.853933274746 -0.520382523537 0
    outer loop
      vertex -12.7645730972 2.85955834389 44.7224960327
      vertex -12.1097316742 6.85955810547 43.6479187012
      vertex -12.1097316742 2.85955834389 43.6479187012
    endloop
  endfacet
  facet normal -0.761766254902 -0.647852003574 -0
    outer loop
      vertex -12.1097316742 2.85955834389 43.6479187012
      vertex -12.1097316742 6.85955810547 43.6479187012
      vertex -11.2944822311 6.85955810547 42.6893234253
    endloop
  endfacet
  facet normal -0.761766254902 -0.647852003574 0
    outer loop
      vertex -12.1097316742 2.85955834389 43.6479187012
      vertex -11.2944822311 6.85955810547 42.6893234253
      vertex -11.2944822311 2.85955834389 42.6893234253
    endloop
  endfacet
  facet normal -0.678655207157 -0.734457015991 -0
    outer loop
      vertex -11.2944822311 2.85955834389 42.6893234253
      vertex -11.2944822311 6.85955810547 42.6893234253
      vertex -10.8083553314 2.85955834389 42.2401313782
    endloop
  endfacet
  facet normal -0.65073621273 -0.759278714657 -0.00618046941236
    outer loop
      vertex -10.8083553314 2.85955834389 42.2401313782
      vertex -11.2944822311 6.85955810547 42.6893234253
      vertex -10.3390007019 6.85955810547 41.8704338074
    endloop
  endfacet
  facet normal -0.618772983551 -0.78556984663 0
    outer loop
      vertex -10.8083553314 2.85955834389 42.2401313782
      vertex -10.3390007019 6.85955810547 41.8704338074
      vertex -10.3390007019 2.83587145805 41.8704338074
    endloop
  endfacet
  facet normal -0.523630023003 -0.851924777031 -0.00598348025233
    outer loop
      vertex -9.26692581177 6.85955810547 41.2114868164
      vertex -9.77892589569 2.73720264435 41.4972343445
      vertex -10.3390007019 6.85955810547 41.8704338074
    endloop
  endfacet
  facet normal -0.550533950329 -0.834812402725 -0.000779048423283
    outer loop
      vertex -10.3390007019 6.85955810547 41.8704338074
      vertex -9.77892589569 2.73720264435 41.4972343445
      vertex -10.27876091 2.82918095589 41.8269462585
    endloop
  endfacet
  facet normal -0.585322380066 -0.810800671577 0
    outer loop
      vertex -10.3390007019 6.85955810547 41.8704338074
      vertex -10.27876091 2.82918095589 41.8269462585
      vertex -10.3390007019 2.83587145805 41.8704338074
    endloop
  endfacet
  facet normal -0.337451338768 -0.941342771053 -0.000619373633526
    outer loop
      vertex -8.10479164124 6.85955810547 40.7288208008
      vertex -8.25894832611 1.82901966572 40.7807731628
      vertex -8.40310287476 1.98512780666 40.8325538635
    endloop
  endfacet
  facet normal -0.355253964663 -0.934767961502 -0.00184879766311
    outer loop
      vertex -8.40310287476 1.98512780666 40.8325538635
      vertex -8.55825138092 2.12732744217 40.8917999268
      vertex -8.10479164124 6.85955810547 40.7288208008
    endloop
  endfacet
  facet normal -0.385675311089 -0.922619998455 -0.00518225645646
    outer loop
      vertex -8.10479164124 6.85955810547 40.7288208008
      vertex -8.55825138092 2.12732744217 40.8917999268
      vertex -8.91483688354 2.38209676743 41.0422897339
    endloop
  endfacet
  facet normal -0.383556574583 -0.923505246639 -0.0047369687818
    outer loop
      vertex -8.10479164124 6.85955810547 40.7288208008
      vertex -8.91483688354 2.38209676743 41.0422897339
      vertex -9.26692581177 6.85955810547 41.2114868164
    endloop
  endfacet
  facet normal -0.436872243881 -0.899523496628 0.000361796934158
    outer loop
      vertex -9.26692581177 6.85955810547 41.2114868164
      vertex -8.91483688354 2.38209676743 41.0422897339
      vertex -9.32357788086 2.58707332611 41.2407226562
    endloop
  endfacet
  facet normal -0.490674734116 -0.871342658997 -0.000544433365576
    outer loop
      vertex -9.26692581177 6.85955810547 41.2114868164
      vertex -9.32357788086 2.58707332611 41.2407226562
      vertex -9.77892589569 2.73720264435 41.4972343445
    endloop
  endfacet
  facet normal -0.254993021488 -0.966920077801 0.00664283009246
    outer loop
      vertex -7.84904670715 -0.412981718779 40.6502113342
      vertex -7.78868484497 -0.225760504603 40.6330032349
      vertex -6.88134002686 -6.14044523239 40.4343566895
    endloop
  endfacet
  facet normal -0.264474570751 -0.964356601238 0.00834143534303
    outer loop
      vertex -7.84904670715 -0.412981718779 40.6502113342
      vertex -6.88134002686 -6.14044523239 40.4343566895
      vertex -7.92716360092 -0.597787857056 40.6732330322
    endloop
  endfacet
  facet normal -0.234004437923 -0.972235500813 -0
    outer loop
      vertex -8.10479164124 -6.14044523239 40.7288246155
      vertex -8.10479164124 -0.907250761986 40.7288246155
      vertex -6.88134002686 -6.14044523239 40.4343566895
    endloop
  endfacet
  facet normal -0.285990357399 -0.958145022392 0.0129464855418
    outer loop
      vertex -6.88134002686 -6.14044523239 40.4343566895
      vertex -8.10479164124 -0.907250761986 40.7288246155
      vertex -8.02136039734 -0.775419473648 40.7021408081
    endloop
  endfacet
  facet normal -0.27523702383 -0.961319029331 0.0105030722916
    outer loop
      vertex -6.88134002686 -6.14044523239 40.4343566895
      vertex -8.02136039734 -0.775419473648 40.7021408081
      vertex -7.92716360092 -0.597787857056 40.6732330322
    endloop
  endfacet
  facet normal -0.245975002646 -0.969262301922 0.0051807500422
    outer loop
      vertex -7.78868484497 -0.225760504603 40.6330032349
      vertex -7.74460363388 -0.03153000772 40.6207809448
      vertex -6.88134002686 -6.14044523239 40.4343566895
    endloop
  endfacet
  facet normal -0.236799612641 -0.971551001072 0.00381431286223
    outer loop
      vertex -6.88134002686 -6.14044523239 40.4343566895
      vertex -7.74460363388 -0.03153000772 40.6207809448
      vertex -7.71839952469 0.163082033396 40.6136283875
    endloop
  endfacet
  facet normal -0.222389280796 -0.974956274033 0.00180388824083
    outer loop
      vertex -6.88134002686 -6.14044523239 40.4343566895
      vertex -7.71839952469 0.163082033396 40.6136283875
      vertex -7.70961236954 0.359558492899 40.6112594604
    endloop
  endfacet
  facet normal -0.22244733572 -0.974943041801 -0.00181105686352
    outer loop
      vertex -6.88134002686 6.85955810547 40.4343528748
      vertex -7.70961236954 0.359558492899 40.6112594604
      vertex -7.71845436096 0.556664288044 40.6136436462
    endloop
  endfacet
  facet normal -0.236804738641 -0.971549749374 -0.00381444976665
    outer loop
      vertex -7.71845436096 0.556664288044 40.6136436462
      vertex -7.74460363388 0.750643074512 40.6207809448
      vertex -6.88134002686 6.85955810547 40.4343528748
    endloop
  endfacet
  facet normal -0.245998576283 -0.969256341457 -0.00518364086747
    outer loop
      vertex -6.88134002686 6.85955810547 40.4343528748
      vertex -7.74460363388 0.750643074512 40.6207809448
      vertex -7.78818941116 0.943064212799 40.6328697205
    endloop
  endfacet
  facet normal -0.254902511835 -0.966944038868 -0.00662597408518
    outer loop
      vertex -6.88134002686 6.85955810547 40.4343528748
      vertex -7.78818941116 0.943064212799 40.6328697205
      vertex -7.84904670715 1.13209867477 40.6502113342
    endloop
  endfacet
  facet normal -0.26448366046 -0.964354097843 -0.00834240950644
    outer loop
      vertex -7.84904670715 1.13209867477 40.6502113342
      vertex -7.92760419846 1.31782925129 40.6733627319
      vertex -6.88134002686 6.85955810547 40.4343528748
    endloop
  endfacet
  facet normal -0.275282621384 -0.961305856705 -0.0105126891285
    outer loop
      vertex -6.88134002686 6.85955810547 40.4343528748
      vertex -7.92760419846 1.31782925129 40.6733627319
      vertex -8.02196598053 1.49556303024 40.7023277283
    endloop
  endfacet
  facet normal -0.234004274011 -0.972234845161 -0.0011890695896
    outer loop
      vertex -6.88134002686 6.85955810547 40.4343528748
      vertex -8.02196598053 1.49556303024 40.7023277283
      vertex -8.10479164124 6.85955810547 40.7288208008
    endloop
  endfacet
  facet normal -0.304683804512 -0.952453553677 0
    outer loop
      vertex -8.10479164124 6.85955810547 40.7288208008
      vertex -8.02196598053 1.49556303024 40.7023277283
      vertex -8.10479164124 1.62636780739 40.7288208008
    endloop
  endfacet
  facet normal -0.319359660149 -0.947633564472 0
    outer loop
      vertex -8.10479164124 6.85955810547 40.7288208008
      vertex -8.10479164124 1.62636780739 40.7288208008
      vertex -8.25894832611 1.82901966572 40.7807731628
    endloop
  endfacet
  facet normal -0.383559793234 -0.92351603508 -3.51146809408e-07
    outer loop
      vertex -9.26692962646 -6.14044523239 41.2114906311
      vertex -9.26692581177 -1.8439861536 41.2114906311
      vertex -8.10479164124 -6.14044523239 40.7288246155
    endloop
  endfacet
  facet normal -0.427238553762 -0.904030501842 0.01400318183
    outer loop
      vertex -8.10479164124 -6.14044523239 40.7288246155
      vertex -9.26692581177 -1.8439861536 41.2114906311
      vertex -8.91483688354 -1.66298758984 41.0422935486
    endloop
  endfacet
  facet normal -0.385675191879 -0.92262005806 0.0051822331734
    outer loop
      vertex -8.10479164124 -6.14044523239 40.7288246155
      vertex -8.91483688354 -1.66298758984 41.0422935486
      vertex -8.55825138092 -1.40820658207 40.8918037415
    endloop
  endfacet
  facet normal -0.355243831873 -0.934771835804 0.00184769066982
    outer loop
      vertex -8.55825138092 -1.40820658207 40.8918037415
      vertex -8.4028711319 -1.26578652859 40.8324699402
      vertex -8.10479164124 -6.14044523239 40.7288246155
    endloop
  endfacet
  facet normal -0.337433427572 -0.941349208355 0.000618758553173
    outer loop
      vertex -8.10479164124 -6.14044523239 40.7288246155
      vertex -8.4028711319 -1.26578652859 40.8324699402
      vertex -8.25894832611 -1.10990655422 40.7807769775
    endloop
  endfacet
  facet normal -0.319359660149 -0.947633564472 -0
    outer loop
      vertex -8.10479164124 -6.14044523239 40.7288246155
      vertex -8.25894832611 -1.10990655422 40.7807769775
      vertex -8.10479164124 -0.907250761986 40.7288246155
    endloop
  endfacet
  facet normal -0.678608357906 -0.734406352043 0.011749772355
    outer loop
      vertex -11.2944822311 -2.14044523239 42.68932724
      vertex -10.8083553314 -2.14044523239 42.2401351929
      vertex -10.3390007019 -6.14044523239 41.8704376221
    endloop
  endfacet
  facet normal -0.614949524403 -0.788566172123 -0.000725579913706
    outer loop
      vertex -10.3390007019 -6.14044523239 41.8704376221
      vertex -10.8083553314 -2.14044523239 42.2401351929
      vertex -10.2753629684 -2.10966277122 41.8245162964
    endloop
  endfacet
  facet normal -0.523640215397 -0.851938307285 0.00143794564065
    outer loop
      vertex -10.3390007019 -6.14044523239 41.8704376221
      vertex -10.2753629684 -2.10966277122 41.8245162964
      vertex -9.26692962646 -6.14044523239 41.2114906311
    endloop
  endfacet
  facet normal -0.549062788486 -0.835718035698 0.0102651063353
    outer loop
      vertex -9.26692962646 -6.14044523239 41.2114906311
      vertex -10.2753629684 -2.10966277122 41.8245162964
      vertex -9.77892589569 -2.01808571815 41.4972381592
    endloop
  endfacet
  facet normal -0.490844547749 -0.871246993542 0.000571687938645
    outer loop
      vertex -9.26692962646 -6.14044523239 41.2114906311
      vertex -9.77892589569 -2.01808571815 41.4972381592
      vertex -9.32629203796 -1.86907327175 41.2421340942
    endloop
  endfacet
  facet normal -0.650748670101 -0.759293198586 0
    outer loop
      vertex -10.3390007019 -6.14044523239 41.8704376221
      vertex -11.2944822311 -6.14044523239 42.68932724
      vertex -11.2944822311 -2.14044523239 42.68932724
    endloop
  endfacet
  facet normal -0.761766254902 -0.647852003574 0
    outer loop
      vertex -11.2944822311 -2.14044523239 42.68932724
      vertex -11.2944822311 -6.14044523239 42.68932724
      vertex -12.1097316742 -6.14044523239 43.6479225159
    endloop
  endfacet
  facet normal -0.761766254902 -0.647852003574 0
    outer loop
      vertex -11.2944822311 -2.14044523239 42.68932724
      vertex -12.1097316742 -6.14044523239 43.6479225159
      vertex -12.1097316742 -2.14044523239 43.6479225159
    endloop
  endfacet
  facet normal -0.853933274746 -0.520382523537 0
    outer loop
      vertex -12.1097316742 -2.14044523239 43.6479225159
      vertex -12.1097316742 -6.14044523239 43.6479225159
      vertex -12.7645730972 -6.14044523239 44.7224998474
    endloop
  endfacet
  facet normal -0.853933274746 -0.520382523537 0
    outer loop
      vertex -12.1097316742 -2.14044523239 43.6479225159
      vertex -12.7645730972 -6.14044523239 44.7224998474
      vertex -12.7645730972 -2.14044523239 44.7224998474
    endloop
  endfacet
  facet normal -0.924969911575 -0.380040347576 0
    outer loop
      vertex -12.7645730972 -2.14044523239 44.7224998474
      vertex -12.7645730972 -6.14044523239 44.7224998474
      vertex -13.2428092957 -6.14044523239 45.88646698
    endloop
  endfacet
  facet normal -0.924969911575 -0.380040347576 -1.45483351539e-17
    outer loop
      vertex -12.7645730972 -2.14044523239 44.7224998474
      vertex -13.2428092957 -6.14044523239 45.88646698
      vertex -13.2428092957 -2.14044523239 45.88646698
    endloop
  endfacet
  facet normal -0.208873152733 -0.977942764759 2.9589409678e-07
    outer loop
      vertex -7.70961236954 0.359558492899 40.6112594604
      vertex -6.88134002686 6.85955810547 40.4343528748
      vertex -6.88134002686 -6.14044523239 40.4343566895
    endloop
  endfacet
  facet normal -0.0786496773362 -0.996902287006 3.01630677768e-07
    outer loop
      vertex -6.88134002686 -6.14044523239 40.4343566895
      vertex -6.88134002686 6.85955810547 40.4343528748
      vertex -5.62684965134 6.85955810547 40.3353805542
    endloop
  endfacet
  facet normal -0.0786499232054 -0.996902287006 2.77833720475e-07
    outer loop
      vertex -6.88134002686 -6.14044523239 40.4343566895
      vertex -5.62684965134 6.85955810547 40.3353805542
      vertex -5.62685394287 -6.14044523239 40.3353843689
    endloop
  endfacet
  facet normal 0 0.0784496590495 0.996918082237
    outer loop
      vertex -10.8768520355 -7.14044523239 52.3353843689
      vertex -13.535941124 -7.14044523239 52.3353843689
      vertex -13.4928236008 -7.21430635452 51.3967781067
    endloop
  endfacet
  facet normal 3.63132454347e-18 0.0784579589963 0.996917426586
    outer loop
      vertex 24.239118576 -7.21431398392 51.3967781067
      vertex 24.2822360992 -7.14044523239 52.3353843689
      vertex 21.6231498718 -7.14044523239 52.3353843689
    endloop
  endfacet
  facet normal -0 0.0784496590495 0.996918082237
    outer loop
      vertex -10.8768520355 -7.14044523239 52.3353843689
      vertex -13.4928236008 -7.21430635452 51.3967781067
      vertex 21.6231498718 -7.14044523239 52.3353843689
    endloop
  endfacet
  facet normal -2.07848259492e-07 0.0784573853016 0.996917486191
    outer loop
      vertex 21.6231498718 -7.14044523239 52.3353843689
      vertex -13.4928236008 -7.21430635452 51.3967781067
      vertex 24.239118576 -7.21431398392 51.3967781067
    endloop
  endfacet
  facet normal -2.02729992793e-07 0.23345194757 0.972368359566
    outer loop
      vertex 24.239118576 -7.21431398392 51.3967781067
      vertex -13.4928236008 -7.21430635452 51.3967781067
      vertex -13.4444665909 -7.43410348892 50.4812812805
    endloop
  endfacet
  facet normal 0 0.233444049954 0.97237020731
    outer loop
      vertex 24.239118576 -7.21431398392 51.3967781067
      vertex -13.4444665909 -7.43410348892 50.4812812805
      vertex 24.1907615662 -7.43410348892 50.4812812805
    endloop
  endfacet
  facet normal 0 0.382683366537 0.923879563808
    outer loop
      vertex 24.1907615662 -7.43410348892 50.4812812805
      vertex -13.4444665909 -7.43410348892 50.4812812805
      vertex -13.3763437271 -7.79440164566 49.6114463806
    endloop
  endfacet
  facet normal -1.9381651839e-07 0.382690519094 0.923876583576
    outer loop
      vertex 24.1907615662 -7.43410348892 50.4812812805
      vertex -13.3763437271 -7.79440164566 49.6114463806
      vertex 24.1226425171 -7.79440975189 49.6114463806
    endloop
  endfacet
  facet normal -1.82407646321e-07 0.493944853544 0.869493246078
    outer loop
      vertex 24.1226425171 -7.79440975189 49.6114463806
      vertex -13.3763437271 -7.79440164566 49.6114463806
      vertex -13.3191328049 -8.06332683563 49.138053894
    endloop
  endfacet
  facet normal -3.57946955774e-05 0.49607282877 0.868280887604
    outer loop
      vertex 24.1226425171 -7.79440975189 49.6114463806
      vertex -13.3191328049 -8.06332683563 49.138053894
      vertex 24.061832428 -8.07905292511 49.1132278442
    endloop
  endfacet
  facet normal 2.40226927417e-05 0.560653626919 0.828050434589
    outer loop
      vertex 24.061832428 -8.07905292511 49.1132278442
      vertex -13.3191328049 -8.06332683563 49.138053894
      vertex -13.2650842667 -8.28634262085 48.8086738586
    endloop
  endfacet
  facet normal -7.59369640946e-07 0.562731027603 0.826640069485
    outer loop
      vertex 24.061832428 -8.07905292511 49.1132278442
      vertex -13.2650842667 -8.28634262085 48.8086738586
      vertex 24.0112094879 -8.28700256348 48.8077507019
    endloop
  endfacet
  facet normal 1.37420022384e-06 0.619335234165 0.785126686096
    outer loop
      vertex 24.0112094879 -8.28700256348 48.8077507019
      vertex -13.2650842667 -8.28634262085 48.8086738586
      vertex 23.9297027588 -8.5795841217 48.4368515015
    endloop
  endfacet
  facet normal 1.88206422536e-06 0.619366526604 0.785101950169
    outer loop
      vertex 23.9297027588 -8.5795841217 48.4368515015
      vertex -13.2650842667 -8.28634262085 48.8086738586
      vertex -13.183057785 -8.58073997498 48.4354972839
    endloop
  endfacet
  facet normal -1.87674811514e-06 0.678948640823 0.734185755253
    outer loop
      vertex 23.9297027588 -8.5795841217 48.4368515015
      vertex -13.183057785 -8.58073997498 48.4354972839
      vertex 23.8259868622 -8.89780235291 48.0927429199
    endloop
  endfacet
  facet normal 8.66453888193e-07 0.679108262062 0.734038114548
    outer loop
      vertex -13.183057785 -8.58073997498 48.4354972839
      vertex -13.0794878006 -8.89838504791 48.0921592712
      vertex 23.8259868622 -8.89780235291 48.0927429199
    endloop
  endfacet
  facet normal -2.52827277336e-07 0.715075492859 0.699047207832
    outer loop
      vertex 23.8259868622 -8.89780235291 48.0927429199
      vertex -13.0794878006 -8.89838504791 48.0921592712
      vertex -13.0448303223 -8.99454784393 47.9981498718
    endloop
  endfacet
  facet normal -4.48268457591e-19 0.715027332306 0.699096500874
    outer loop
      vertex 23.8259868622 -8.89780235291 48.0927429199
      vertex -13.0448303223 -8.99454784393 47.9981498718
      vertex 23.7911281586 -8.99454784393 47.9981498718
    endloop
  endfacet
  facet normal 0 0.767683565617 0.640829086304
    outer loop
      vertex 23.7911281586 -8.99454784393 47.9981498718
      vertex -13.0448303223 -8.99454784393 47.9981498718
      vertex -12.7812700272 -9.61373329163 47.4812812805
    endloop
  endfacet
  facet normal 2.03985322855e-07 0.95364010334 0.300949335098
    outer loop
      vertex -11.5159988403 -11.3830871582 46.5985145569
      vertex 22.2628917694 -11.3824977875 46.5986938477
      vertex -11.612071991 -11.2863416672 46.6290435791
    endloop
  endfacet
  facet normal 5.52093730732e-08 0.95362508297 0.300996989012
    outer loop
      vertex -11.612071991 -11.2863416672 46.6290435791
      vertex 22.2628917694 -11.3824977875 46.5986938477
      vertex 22.3583698273 -11.2863416672 46.6290435791
    endloop
  endfacet
  facet normal 5.39864615234e-08 0.932501852512 0.361165225506
    outer loop
      vertex -11.612071991 -11.2863416672 46.6290435791
      vertex 22.3583698273 -11.2863416672 46.6290435791
      vertex -12.1403846741 -10.6671485901 46.8688621521
    endloop
  endfacet
  facet normal -2.8757584758e-08 0.932500302792 0.361169248819
    outer loop
      vertex -12.1403846741 -10.6671485901 46.8688621521
      vertex 22.3583698273 -11.2863416672 46.6290435791
      vertex 22.8866786957 -10.6671562195 46.8688621521
    endloop
  endfacet
  facet normal -4.66918734787e-08 0.901288509369 0.433219343424
    outer loop
      vertex -12.1403846741 -10.6671485901 46.8688621521
      vertex 22.8866786957 -10.6671562195 46.8688621521
      vertex -12.3186101913 -10.4164981842 46.9893417358
    endloop
  endfacet
  facet normal -4.62214835295e-08 0.901288568974 0.433219283819
    outer loop
      vertex -12.3186101913 -10.4164981842 46.9893417358
      vertex 22.8866786957 -10.6671562195 46.8688621521
      vertex 23.0649089813 -10.4165058136 46.9893417358
    endloop
  endfacet
  facet normal -6.32095407127e-08 0.865614771843 0.50071054697
    outer loop
      vertex -12.3186101913 -10.4164981842 46.9893417358
      vertex 23.0649089813 -10.4165058136 46.9893417358
      vertex -12.6528215408 -9.86438465118 47.3087081909
    endloop
  endfacet
  facet normal 4.72208618874e-08 0.865617871284 0.500705182552
    outer loop
      vertex -12.6528215408 -9.86438465118 47.3087081909
      vertex 23.0649089813 -10.4165058136 46.9893417358
      vertex 23.3991203308 -9.86438465118 47.3087081909
    endloop
  endfacet
  facet normal 4.49318307005e-08 0.823657095432 0.567088186741
    outer loop
      vertex -12.6528215408 -9.86438465118 47.3087081909
      vertex 23.3991203308 -9.86438465118 47.3087081909
      vertex -12.7812700272 -9.61373329163 47.4812812805
    endloop
  endfacet
  facet normal 4.46139232224e-08 0.823657035828 0.567088246346
    outer loop
      vertex -12.7812700272 -9.61373329163 47.4812812805
      vertex 23.3991203308 -9.86438465118 47.3087081909
      vertex 23.5275688171 -9.61373329163 47.4812812805
    endloop
  endfacet
  facet normal 4.15820160526e-08 0.767682373524 0.64083057642
    outer loop
      vertex -12.7812700272 -9.61373329163 47.4812812805
      vertex 23.5275688171 -9.61373329163 47.4812812805
      vertex 23.7911281586 -8.99454784393 47.9981498718
    endloop
  endfacet
  facet normal -9.42143833527e-06 0.984781146049 0.173798844218
    outer loop
      vertex -10.485865593 -12.2018375397 46.4092559814
      vertex 21.207195282 -12.2175626755 46.4067802429
      vertex -10.7933139801 -11.9938793182 46.4459533691
    endloop
  endfacet
  facet normal 3.28148786366e-07 0.985019028187 0.172445699573
    outer loop
      vertex -10.7933139801 -11.9938793182 46.4459533691
      vertex 21.207195282 -12.2175626755 46.4067802429
      vertex 21.5386924744 -11.9945478439 46.4458236694
    endloop
  endfacet
  facet normal -4.523294308e-07 0.963843405247 0.266469240189
    outer loop
      vertex -11.5159988403 -11.3830871582 46.5985145569
      vertex -11.1675405502 -11.7012987137 46.5105400085
      vertex 22.2628917694 -11.3824977875 46.5986938477
    endloop
  endfacet
  facet normal -0.000512985221576 0.97635281086 0.216182500124
    outer loop
      vertex 22.2628917694 -11.3824977875 46.5986938477
      vertex -11.1675405502 -11.7012987137 46.5105400085
      vertex -10.7933139801 -11.9938793182 46.4459533691
    endloop
  endfacet
  facet normal 0.000487703538965 0.963663756847 0.267117738724
    outer loop
      vertex 22.2628917694 -11.3824977875 46.5986938477
      vertex -10.7933139801 -11.9938793182 46.4459533691
      vertex 21.9152030945 -11.7001419067 46.5108184814
    endloop
  endfacet
  facet normal -5.97580708472e-07 0.976487100124 0.215575784445
    outer loop
      vertex 21.9152030945 -11.7001419067 46.5108184814
      vertex -10.7933139801 -11.9938793182 46.4459533691
      vertex 21.5386924744 -11.9945478439 46.4458236694
    endloop
  endfacet
  facet normal 0.00405746139586 0.997592866421 0.0692247375846
    outer loop
      vertex -9.98540115356 -12.4864807129 46.3711242676
      vertex -9.11336612701 -12.8467788696 46.3425750732
      vertex -8.87144374847 -12.6696891785 46.3538818359
    endloop
  endfacet
  facet normal -0.00598601298407 0.998437523842 0.0555581636727
    outer loop
      vertex -8.87144374847 -12.6696891785 46.3538818359
      vertex -9.11336612701 -12.8467788696 46.3425750732
      vertex -8.19661617279 -13.0665683746 46.3358421326
    endloop
  endfacet
  facet normal -0.00408821273595 0.997597873211 0.0691506564617
    outer loop
      vertex 19.8596572876 -12.8467788696 46.3425750732
      vertex 20.7316951752 -12.4864807129 46.3711204529
      vertex 19.6052532196 -12.6776189804 46.3532562256
    endloop
  endfacet
  facet normal 0.00938307773322 0.988982319832 0.147736012936
    outer loop
      vertex 19.6052532196 -12.6776189804 46.3532562256
      vertex 20.7316951752 -12.4864807129 46.3711204529
      vertex 21.207195282 -12.2175626755 46.4067802429
    endloop
  endfacet
  facet normal -1.04244090835e-05 0.993303954601 0.115530125797
    outer loop
      vertex 19.6052532196 -12.6776189804 46.3532562256
      vertex 21.207195282 -12.2175626755 46.4067802429
      vertex -8.87144374847 -12.6696891785 46.3538818359
    endloop
  endfacet
  facet normal 1.9173930923e-05 0.993076145649 0.117472559214
    outer loop
      vertex -8.87144374847 -12.6696891785 46.3538818359
      vertex 21.207195282 -12.2175626755 46.4067802429
      vertex -10.485865593 -12.2018375397 46.4092559814
    endloop
  endfacet
  facet normal -0.00911443587393 0.988871574402 0.148492336273
    outer loop
      vertex -8.87144374847 -12.6696891785 46.3538818359
      vertex -10.485865593 -12.2018375397 46.4092559814
      vertex -9.98540115356 -12.4864807129 46.3711242676
    endloop
  endfacet
  facet normal -0.0035598417744 0.998669564724 0.0514434017241
    outer loop
      vertex -8.19661617279 -13.0665683746 46.3358421326
      vertex -7.25702142715 -13.1404447556 46.3353843689
      vertex -8.87144374847 -12.6696891785 46.3538818359
    endloop
  endfacet
  facet normal 7.7796919129e-08 0.999229133129 0.0392568930984
    outer loop
      vertex -8.87144374847 -12.6696891785 46.3538818359
      vertex -7.25702142715 -13.1404447556 46.3353843689
      vertex 18.0033111572 -13.1404447556 46.3353843689
    endloop
  endfacet
  facet normal 1.11203871711e-05 0.999253690243 0.0386274531484
    outer loop
      vertex -8.87144374847 -12.6696891785 46.3538818359
      vertex 18.0033111572 -13.1404447556 46.3353843689
      vertex 19.6052532196 -12.6776189804 46.3532562256
    endloop
  endfacet
  facet normal 0.00349935749546 0.99870878458 0.0506799705327
    outer loop
      vertex 19.6052532196 -12.6776189804 46.3532562256
      vertex 18.0033111572 -13.1404447556 46.3353843689
      vertex 18.9429111481 -13.066576004 46.3358383179
    endloop
  endfacet
  facet normal 0.0057214605622 0.9984998703 0.0544545650482
    outer loop
      vertex 19.6052532196 -12.6776189804 46.3532562256
      vertex 18.9429111481 -13.066576004 46.3358383179
      vertex 19.8596572876 -12.8467788696 46.3425750732
    endloop
  endfacet
  facet normal -0.957080185413 -0.287124097347 0.039462774992
    outer loop
      vertex -7.70961236954 0.359558492899 40.6112594604
      vertex -13.6268491745 0.359558492899 60.3353843689
      vertex -7.71845436096 0.556664288044 40.6136436462
    endloop
  endfacet
  facet normal -0.957696318626 -0.287110447884 0.0196301080287
    outer loop
      vertex -7.71845436096 0.556664288044 40.6136436462
      vertex -13.6268491745 0.359558492899 60.3353843689
      vertex -13.6268491745 0.457704305649 60.3286743164
    endloop
  endfacet
  facet normal -0.95616620779 -0.286848813295 0.0588549487293
    outer loop
      vertex -13.6268491745 0.457704305649 60.3286743164
      vertex -13.6268491745 0.555704593658 60.3085670471
      vertex -7.71845436096 0.556664288044 40.6136436462
    endloop
  endfacet
  facet normal -0.953212916851 -0.285964727402 0.0980272814631
    outer loop
      vertex -7.71845436096 0.556664288044 40.6136436462
      vertex -13.6268491745 0.555704593658 60.3085670471
      vertex -13.6268491745 0.653398036957 60.2750778198
    endloop
  endfacet
  facet normal -0.951191723347 -0.285260409117 0.117731779814
    outer loop
      vertex -7.71845436096 0.556664288044 40.6136436462
      vertex -13.6268491745 0.653398036957 60.2750778198
      vertex -7.74460363388 0.750643074512 40.6207809448
    endloop
  endfacet
  facet normal -0.94879424572 -0.284638226032 0.13700582087
    outer loop
      vertex -7.74460363388 0.750643074512 40.6207809448
      vertex -13.6268491745 0.653398036957 60.2750778198
      vertex -13.6268491745 0.750643074512 60.2282714844
    endloop
  endfacet
  facet normal -0.939423501492 -0.281827002764 0.195082083344
    outer loop
      vertex -7.74460363388 0.750643074512 40.6207809448
      vertex -13.6268491745 0.750643074512 60.2282714844
      vertex -7.78818941116 0.943064212799 40.6328697205
    endloop
  endfacet
  facet normal -0.869846224785 -0.260951191187 0.41865503788
    outer loop
      vertex -13.6268491745 1.49453258514 59.3871154785
      vertex -8.02196598053 1.49556303024 40.7023277283
      vertex -13.6268491745 1.31626367569 59.6731185913
    endloop
  endfacet
  facet normal -0.869614481926 -0.260887652636 0.419175744057
    outer loop
      vertex -13.6268491745 1.31626367569 59.6731185913
      vertex -8.02196598053 1.49556303024 40.7023277283
      vertex -7.92760419846 1.31782925129 40.6733627319
    endloop
  endfacet
  facet normal -0.898627519608 -0.26958450675 0.346110999584
    outer loop
      vertex -13.6268491745 1.31626367569 59.6731185913
      vertex -7.92760419846 1.31782925129 40.6733627319
      vertex -13.6268491745 1.13209867477 59.9095649719
    endloop
  endfacet
  facet normal -0.898510813713 -0.269553095102 0.346438258886
    outer loop
      vertex -13.6268491745 1.13209867477 59.9095649719
      vertex -7.92760419846 1.31782925129 40.6733627319
      vertex -7.84904670715 1.13209867477 40.6502113342
    endloop
  endfacet
  facet normal -0.921863496304 -0.276558876038 0.271445959806
    outer loop
      vertex -13.6268491745 1.13209867477 59.9095649719
      vertex -7.84904670715 1.13209867477 40.6502113342
      vertex -13.6268491745 0.943170428276 60.094997406
    endloop
  endfacet
  facet normal -0.921870946884 -0.276560842991 0.271418601274
    outer loop
      vertex -13.6268491745 0.943170428276 60.094997406
      vertex -7.84904670715 1.13209867477 40.6502113342
      vertex -7.78818941116 0.943064212799 40.6328697205
    endloop
  endfacet
  facet normal -0.935576736927 -0.280672907829 0.2142868191
    outer loop
      vertex -13.6268491745 0.943170428276 60.094997406
      vertex -7.78818941116 0.943064212799 40.6328697205
      vertex -13.6268491745 0.847282409668 60.1682052612
    endloop
  endfacet
  facet normal -0.942980468273 -0.282696515322 0.175700098276
    outer loop
      vertex -13.6268491745 0.847282409668 60.1682052612
      vertex -7.78818941116 0.943064212799 40.6328697205
      vertex -13.6268491745 0.750643074512 60.2282714844
    endloop
  endfacet
  facet normal -0.703068554401 -0.211791813374 0.678851127625
    outer loop
      vertex -8.55825138092 2.12732744217 40.8917999268
      vertex -8.40310287476 1.98512780666 40.8325538635
      vertex -13.6268491745 1.82901966572 58.6737823486
    endloop
  endfacet
  facet normal -0.75189101696 -0.225567266345 0.619499266148
    outer loop
      vertex -13.6268491745 1.82901966572 58.6737823486
      vertex -8.40310287476 1.98512780666 40.8325538635
      vertex -8.25894832611 1.82901966572 40.7807731628
    endloop
  endfacet
  facet normal -0.816679775715 -0.245003893971 0.522500932217
    outer loop
      vertex -13.6268491745 1.82901966572 58.6737823486
      vertex -8.25894832611 1.82901966572 40.7807731628
      vertex -13.6268491745 1.49453258514 59.3871154785
    endloop
  endfacet
  facet normal -0.801214337349 -0.240995168686 0.547701478004
    outer loop
      vertex -13.6268491745 1.49453258514 59.3871154785
      vertex -8.25894832611 1.82901966572 40.7807731628
      vertex -8.10479164124 1.62636780739 40.7288208008
    endloop
  endfacet
  facet normal -0.839868247509 -0.251962125301 0.480766475201
    outer loop
      vertex -13.6268491745 1.49453258514 59.3871154785
      vertex -8.10479164124 1.62636780739 40.7288208008
      vertex -8.02196598053 1.49556303024 40.7023277283
    endloop
  endfacet
  facet normal -0.728343069553 -0.218502700329 0.649440526962
    outer loop
      vertex -13.6268491745 1.82901966572 58.6737823486
      vertex -13.6268491745 2.12732744217 57.7871398926
      vertex -8.55825138092 2.12732744217 40.8917999268
    endloop
  endfacet
  facet normal -0.622049033642 -0.186614528298 0.760414361954
    outer loop
      vertex -8.55825138092 2.12732744217 40.8917999268
      vertex -13.6268491745 2.12732744217 57.7871398926
      vertex -13.6268491745 2.38209676743 56.7490119934
    endloop
  endfacet
  facet normal -0.622050464153 -0.186615005136 0.760413110256
    outer loop
      vertex -8.55825138092 2.12732744217 40.8917999268
      vertex -13.6268491745 2.38209676743 56.7490119934
      vertex -8.91483688354 2.38209676743 41.0422897339
    endloop
  endfacet
  facet normal -0.500468790531 -0.150140523911 0.852636396885
    outer loop
      vertex -8.91483688354 2.38209676743 41.0422897339
      vertex -13.6268491745 2.38209676743 56.7490119934
      vertex -13.6268491745 2.58707332611 55.5849647522
    endloop
  endfacet
  facet normal -0.500470161438 -0.150140985847 0.852635502815
    outer loop
      vertex -8.91483688354 2.38209676743 41.0422897339
      vertex -13.6268491745 2.58707332611 55.5849647522
      vertex -9.32357788086 2.58707332611 41.2407226562
    endloop
  endfacet
  facet normal -0.367172390223 -0.110151678324 0.923607647419
    outer loop
      vertex -9.32357788086 2.58707332611 41.2407226562
      vertex -13.6268491745 2.58707332611 55.5849647522
      vertex -13.6268491745 2.73610138893 54.3353843689
    endloop
  endfacet
  facet normal -0.366539746523 -0.109940618277 0.923884034157
    outer loop
      vertex -9.32357788086 2.58707332611 41.2407226562
      vertex -13.6268491745 2.73610138893 54.3353843689
      vertex -9.77892589569 2.73720264435 41.4972343445
    endloop
  endfacet
  facet normal -0.224178701639 -0.0672755166888 0.972223162651
    outer loop
      vertex -9.77892589569 2.73720264435 41.4972343445
      vertex -13.6268491745 2.73610138893 54.3353843689
      vertex -13.555109024 2.82877969742 52.7569961548
    endloop
  endfacet
  facet normal -0.223092496395 -0.0669090002775 0.972498297691
    outer loop
      vertex -9.77892589569 2.73720264435 41.4972343445
      vertex -13.555109024 2.82877969742 52.7569961548
      vertex -10.27876091 2.82918095589 41.8269462585
    endloop
  endfacet
  facet normal -0.140245229006 -0.0420756489038 0.989222407341
    outer loop
      vertex -10.27876091 2.82918095589 41.8269462585
      vertex -13.555109024 2.82877969742 52.7569961548
      vertex -10.3390007019 2.83587145805 41.8704338074
    endloop
  endfacet
  facet normal -0.0739351958036 -0.0224914178252 0.997009396553
    outer loop
      vertex -10.3390007019 2.83587145805 41.8704338074
      vertex -13.555109024 2.82877969742 52.7569961548
      vertex -13.4821958542 2.85955834389 51.1529388428
    endloop
  endfacet
  facet normal -0.0659254193306 -0.0197776071727 0.997628509998
    outer loop
      vertex -10.3390007019 2.83587145805 41.8704338074
      vertex -13.4821958542 2.85955834389 51.1529388428
      vertex -10.8083553314 2.85955834389 42.2401313782
    endloop
  endfacet
  facet normal -0.0751583129168 -0.0225474834442 -0.996916651726
    outer loop
      vertex -10.8083553314 -2.14044523239 42.2401351929
      vertex -13.4821958542 -2.14044523239 51.1529388428
      vertex -10.2753629684 -2.10966277122 41.8245162964
    endloop
  endfacet
  facet normal -0.0751589685678 -0.0225477088243 -0.996916592121
    outer loop
      vertex -10.2753629684 -2.10966277122 41.8245162964
      vertex -13.4821958542 -2.14044523239 51.1529388428
      vertex -13.555109024 -2.10966277122 52.7569961548
    endloop
  endfacet
  facet normal -0.223594397306 -0.0670783743262 -0.972371339798
    outer loop
      vertex -10.2753629684 -2.10966277122 41.8245162964
      vertex -13.555109024 -2.10966277122 52.7569961548
      vertex -9.77892589569 -2.01808571815 41.4972381592
    endloop
  endfacet
  facet normal -0.224178627133 -0.0672755092382 -0.972223222256
    outer loop
      vertex -9.77892589569 -2.01808571815 41.4972381592
      vertex -13.555109024 -2.10966277122 52.7569961548
      vertex -13.6268491745 -2.01698422432 54.3353843689
    endloop
  endfacet
  facet normal -0.366103798151 -0.109810009599 -0.924072384834
    outer loop
      vertex -9.77892589569 -2.01808571815 41.4972381592
      vertex -13.6268491745 -2.01698422432 54.3353843689
      vertex -9.32629203796 -1.86907327175 41.2421340942
    endloop
  endfacet
  facet normal -0.367134004831 -0.110153473914 -0.923622667789
    outer loop
      vertex -9.32629203796 -1.86907327175 41.2421340942
      vertex -13.6268491745 -2.01698422432 54.3353843689
      vertex -13.6268491745 -1.8679561615 55.5849647522
    endloop
  endfacet
  facet normal -0.44324144721 -0.132970646024 -0.886485099792
    outer loop
      vertex -9.32629203796 -1.86907327175 41.2421340942
      vertex -13.6268491745 -1.8679561615 55.5849647522
      vertex -9.26692581177 -1.8439861536 41.2114906311
    endloop
  endfacet
  facet normal -0.499862015247 -0.150201305747 -0.852981567383
    outer loop
      vertex -9.26692581177 -1.8439861536 41.2114906311
      vertex -13.6268491745 -1.8679561615 55.5849647522
      vertex -13.6268491745 -1.66297972202 56.7490119934
    endloop
  endfacet
  facet normal -0.508880317211 -0.152664452791 -0.847192049026
    outer loop
      vertex -9.26692581177 -1.8439861536 41.2114906311
      vertex -13.6268491745 -1.66297972202 56.7490119934
      vertex -8.91483688354 -1.66298758984 41.0422935486
    endloop
  endfacet
  facet normal -0.622053623199 -0.186616376042 -0.760410189629
    outer loop
      vertex -8.91483688354 -1.66298758984 41.0422935486
      vertex -13.6268491745 -1.66297972202 56.7490119934
      vertex -13.6268491745 -1.40820658207 57.7871398926
    endloop
  endfacet
  facet normal -0.622067093849 -0.186619997025 -0.760398209095
    outer loop
      vertex -8.91483688354 -1.66298758984 41.0422935486
      vertex -13.6268491745 -1.40820658207 57.7871398926
      vertex -8.55825138092 -1.40820658207 40.8918037415
    endloop
  endfacet
  facet normal -0.703040480614 -0.210911989212 -0.679154098034
    outer loop
      vertex -8.55825138092 -1.40820658207 40.8918037415
      vertex -13.6268491745 -1.40820658207 57.7871398926
      vertex -8.4028711319 -1.26578652859 40.8324699402
    endloop
  endfacet
  facet normal -0.727640748024 -0.218735322356 -0.650149047375
    outer loop
      vertex -8.4028711319 -1.26578652859 40.8324699402
      vertex -13.6268491745 -1.40820658207 57.7871398926
      vertex -13.6268491745 -1.10990655422 58.6737823486
    endloop
  endfacet
  facet normal -0.751931786537 -0.225579544902 -0.619445323944
    outer loop
      vertex -8.4028711319 -1.26578652859 40.8324699402
      vertex -13.6268491745 -1.10990655422 58.6737823486
      vertex -8.25894832611 -1.10990655422 40.7807769775
    endloop
  endfacet
  facet normal -0.801269710064 -0.240380913019 -0.547890424728
    outer loop
      vertex -8.25894832611 -1.10990655422 40.7807769775
      vertex -13.6268491745 -1.10990655422 58.6737823486
      vertex -8.10479164124 -0.907250761986 40.7288246155
    endloop
  endfacet
  facet normal -0.816239893436 -0.245267957449 -0.5230640769
    outer loop
      vertex -8.10479164124 -0.907250761986 40.7288246155
      vertex -13.6268491745 -1.10990655422 58.6737823486
      vertex -13.6268491745 -0.775419473648 59.3871154785
    endloop
  endfacet
  facet normal -0.839967668056 -0.251990169287 -0.480578035116
    outer loop
      vertex -8.10479164124 -0.907250761986 40.7288246155
      vertex -13.6268491745 -0.775419473648 59.3871154785
      vertex -8.02136039734 -0.775419473648 40.7021408081
    endloop
  endfacet
  facet normal -0.898579180241 -0.2695735991 -0.346244871616
    outer loop
      vertex -13.6268491745 -0.412981718779 59.9095649719
      vertex -7.84904670715 -0.412981718779 40.6502113342
      vertex -7.92716360092 -0.597787857056 40.6732330322
    endloop
  endfacet
  facet normal -0.869792342186 -0.260937571526 -0.418775379658
    outer loop
      vertex -8.02136039734 -0.775419473648 40.7021408081
      vertex -13.6268491745 -0.775419473648 59.3871154785
      vertex -7.92716360092 -0.597787857056 40.6732330322
    endloop
  endfacet
  facet normal -0.869843065739 -0.260954111814 -0.418659716845
    outer loop
      vertex -7.92716360092 -0.597787857056 40.6732330322
      vertex -13.6268491745 -0.775419473648 59.3871154785
      vertex -13.6268491745 -0.597150623798 59.6731185913
    endloop
  endfacet
  facet normal -0.898628473282 -0.269586861134 -0.346106648445
    outer loop
      vertex -7.92716360092 -0.597787857056 40.6732330322
      vertex -13.6268491745 -0.597150623798 59.6731185913
      vertex -13.6268491745 -0.412981718779 59.9095649719
    endloop
  endfacet
  facet normal -0.942981362343 -0.282691121101 -0.175703898072
    outer loop
      vertex -13.6268491745 -0.128165379167 60.1682052612
      vertex -13.6268491745 -0.03153000772 60.2282714844
      vertex -7.78868484497 -0.225760504603 40.6330032349
    endloop
  endfacet
  facet normal -0.939352750778 -0.28180578351 -0.195453092456
    outer loop
      vertex -7.78868484497 -0.225760504603 40.6330032349
      vertex -13.6268491745 -0.03153000772 60.2282714844
      vertex -7.74460363388 -0.03153000772 40.6207809448
    endloop
  endfacet
  facet normal -0.92177426815 -0.276532113552 -0.271776050329
    outer loop
      vertex -7.84904670715 -0.412981718779 40.6502113342
      vertex -13.6268491745 -0.412981718779 59.9095649719
      vertex -7.78868484497 -0.225760504603 40.6330032349
    endloop
  endfacet
  facet normal -0.921861767769 -0.276561796665 -0.271448820829
    outer loop
      vertex -7.78868484497 -0.225760504603 40.6330032349
      vertex -13.6268491745 -0.412981718779 59.9095649719
      vertex -13.6268491745 -0.224053427577 60.094997406
    endloop
  endfacet
  facet normal -0.935577571392 -0.280671209097 -0.214285537601
    outer loop
      vertex -7.78868484497 -0.225760504603 40.6330032349
      vertex -13.6268491745 -0.224053427577 60.094997406
      vertex -13.6268491745 -0.128165379167 60.1682052612
    endloop
  endfacet
  facet normal -0.95118111372 -0.285354286432 -0.117589883506
    outer loop
      vertex -7.74460363388 -0.03153000772 40.6207809448
      vertex -13.6268491745 -0.03153000772 60.2282714844
      vertex -7.71839952469 0.163082033396 40.6136283875
    endloop
  endfacet
  facet normal -0.948858976364 -0.284462988377 -0.136921480298
    outer loop
      vertex -7.71839952469 0.163082033396 40.6136283875
      vertex -13.6268491745 -0.03153000772 60.2282714844
      vertex -13.6268491745 0.0657150447369 60.2750778198
    endloop
  endfacet
  facet normal -0.953213095665 -0.285964071751 -0.0980270579457
    outer loop
      vertex -7.71839952469 0.163082033396 40.6136283875
      vertex -13.6268491745 0.0657150447369 60.2750778198
      vertex -13.6268491745 0.163408502936 60.3085670471
    endloop
  endfacet
  facet normal -0.956166088581 -0.286849290133 -0.0588550530374
    outer loop
      vertex -13.6268491745 0.163408502936 60.3085670471
      vertex -13.6268491745 0.261408776045 60.3286743164
      vertex -7.71839952469 0.163082033396 40.6136283875
    endloop
  endfacet
  facet normal -0.957695841789 -0.287112116814 -0.0196294356138
    outer loop
      vertex -7.71839952469 0.163082033396 40.6136283875
      vertex -13.6268491745 0.261408776045 60.3286743164
      vertex -13.6268491745 0.359558492899 60.3353843689
    endloop
  endfacet
  facet normal -0.957084655762 -0.287125438452 -0.0393441095948
    outer loop
      vertex -7.71839952469 0.163082033396 40.6136283875
      vertex -13.6268491745 0.359558492899 60.3353843689
      vertex -7.70961236954 0.359558492899 40.6112594604
    endloop
  endfacet
  facet normal 0.0751400738955 -0.0225419662893 0.996918141842
    outer loop
      vertex 21.5546531677 2.85955452919 42.2401275635
      vertex 24.2284908295 2.85955452919 51.1529388428
      vertex 21.0216655731 2.82877969742 41.8245124817
    endloop
  endfacet
  facet normal 0.0751406997442 -0.0225421804935 0.996918141842
    outer loop
      vertex 21.0216655731 2.82877969742 41.8245124817
      vertex 24.2284908295 2.85955452919 51.1529388428
      vertex 24.3014068604 2.82877969742 52.7569961548
    endloop
  endfacet
  facet normal 0.223601251841 -0.0670802891254 0.972369611263
    outer loop
      vertex 21.0216655731 2.82877969742 41.8245124817
      vertex 24.3014068604 2.82877969742 52.7569961548
      vertex 20.5252246857 2.73719859123 41.4972305298
    endloop
  endfacet
  facet normal 0.22417832911 -0.0672750174999 0.97222328186
    outer loop
      vertex 20.5252246857 2.73719859123 41.4972305298
      vertex 24.3014068604 2.82877969742 52.7569961548
      vertex 24.3731441498 2.73610138893 54.3353843689
    endloop
  endfacet
  facet normal 0.366100281477 -0.10980848968 0.924073934555
    outer loop
      vertex 20.5252246857 2.73719859123 41.4972305298
      vertex 24.3731441498 2.73610138893 54.3353843689
      vertex 20.0725879669 2.58818626404 41.2421264648
    endloop
  endfacet
  facet normal 0.36714091897 -0.110155425966 0.923619687557
    outer loop
      vertex 20.0725879669 2.58818626404 41.2421264648
      vertex 24.3731441498 2.73610138893 54.3353843689
      vertex 24.3731517792 2.58707332611 55.5849647522
    endloop
  endfacet
  facet normal 0.443214118481 -0.132962375879 0.886500000954
    outer loop
      vertex 20.0725879669 2.58818626404 41.2421264648
      vertex 24.3731517792 2.58707332611 55.5849647522
      vertex 20.0132236481 2.56310319901 41.2114868164
    endloop
  endfacet
  facet normal 0.499861896038 -0.150201320648 0.852981626987
    outer loop
      vertex 20.0132236481 2.56310319901 41.2114868164
      vertex 24.3731517792 2.58707332611 55.5849647522
      vertex 24.3731517792 2.38209676743 56.7490119934
    endloop
  endfacet
  facet normal 0.50889134407 -0.152667507529 0.847184896469
    outer loop
      vertex 20.0132236481 2.56310319901 41.2114868164
      vertex 24.3731517792 2.38209676743 56.7490119934
      vertex 19.6611309052 2.38209676743 41.0422859192
    endloop
  endfacet
  facet normal 0.622053921223 -0.186616316438 0.760409891605
    outer loop
      vertex 19.6611309052 2.38209676743 41.0422859192
      vertex 24.3731517792 2.38209676743 56.7490119934
      vertex 24.3731517792 2.12732362747 57.7871398926
    endloop
  endfacet
  facet normal 0.622056007385 -0.186616867781 0.760408103466
    outer loop
      vertex 19.6611309052 2.38209676743 41.0422859192
      vertex 24.3731517792 2.12732362747 57.7871398926
      vertex 19.3045463562 2.12732362747 40.8917961121
    endloop
  endfacet
  facet normal 0.703067660332 -0.210920363665 0.679123342037
    outer loop
      vertex 19.3045463562 2.12732362747 40.8917961121
      vertex 24.3731517792 2.12732362747 57.7871398926
      vertex 19.1491699219 1.98489570618 40.8324661255
    endloop
  endfacet
  facet normal 0.727644503117 -0.218736290932 0.650144577026
    outer loop
      vertex 19.1491699219 1.98489570618 40.8324661255
      vertex 24.3731517792 2.12732362747 57.7871398926
      vertex 24.3731517792 1.82901966572 58.6737823486
    endloop
  endfacet
  facet normal 0.751924574375 -0.225577428937 0.619454801083
    outer loop
      vertex 19.1491699219 1.98489570618 40.8324661255
      vertex 24.3731517792 1.82901966572 58.6737823486
      vertex 19.0052471161 1.82901966572 40.7807731628
    endloop
  endfacet
  facet normal 0.801265001297 -0.240379557014 0.547897875309
    outer loop
      vertex 19.0052471161 1.82901966572 40.7807731628
      vertex 24.3731517792 1.82901966572 58.6737823486
      vertex 18.8510894775 1.62636780739 40.7288208008
    endloop
  endfacet
  facet normal 0.816239714622 -0.245268061757 0.523064315319
    outer loop
      vertex 18.8510894775 1.62636780739 40.7288208008
      vertex 24.3731517792 1.82901966572 58.6737823486
      vertex 24.3731517792 1.49453258514 59.3871154785
    endloop
  endfacet
  facet normal 0.839963316917 -0.251989096403 0.480586200953
    outer loop
      vertex 18.8510894775 1.62636780739 40.7288208008
      vertex 24.3731517792 1.49453258514 59.3871154785
      vertex 18.7676563263 1.49453258514 40.7021369934
    endloop
  endfacet
  facet normal 0.898579657078 -0.269574016333 0.346243351698
    outer loop
      vertex 24.3731517792 1.13209474087 59.9095649719
      vertex 18.5953426361 1.13209474087 40.6502075195
      vertex 18.6734580994 1.31690490246 40.6732254028
    endloop
  endfacet
  facet normal 0.869788944721 -0.260936766863 0.41878297925
    outer loop
      vertex 18.7676563263 1.49453258514 40.7021369934
      vertex 24.3731517792 1.49453258514 59.3871154785
      vertex 18.6734580994 1.31690490246 40.6732254028
    endloop
  endfacet
  facet normal 0.86984282732 -0.260954350233 0.418660104275
    outer loop
      vertex 18.6734580994 1.31690490246 40.6732254028
      vertex 24.3731517792 1.49453258514 59.3871154785
      vertex 24.3731517792 1.31626367569 59.6731185913
    endloop
  endfacet
  facet normal 0.898628234863 -0.269587129354 0.346106976271
    outer loop
      vertex 18.6734580994 1.31690490246 40.6732254028
      vertex 24.3731517792 1.31626367569 59.6731185913
      vertex 24.3731517792 1.13209474087 59.9095649719
    endloop
  endfacet
  facet normal 0.942981243134 -0.28269135952 0.175704047084
    outer loop
      vertex 24.3731517792 0.847278475761 60.1682052612
      vertex 24.3731517792 0.750643074512 60.2282714844
      vertex 18.5349807739 0.944869637489 40.6330032349
    endloop
  endfacet
  facet normal 0.939355492592 -0.281806707382 0.195438593626
    outer loop
      vertex 18.5349807739 0.944869637489 40.6330032349
      vertex 24.3731517792 0.750643074512 60.2282714844
      vertex 18.490901947 0.750643074512 40.6207771301
    endloop
  endfacet
  facet normal 0.921775519848 -0.276532799006 0.271770983934
    outer loop
      vertex 18.5953426361 1.13209474087 40.6502075195
      vertex 24.3731517792 1.13209474087 59.9095649719
      vertex 18.5349807739 0.944869637489 40.6330032349
    endloop
  endfacet
  facet normal 0.921860277653 -0.276561528444 0.27145421505
    outer loop
      vertex 18.5349807739 0.944869637489 40.6330032349
      vertex 24.3731517792 1.13209474087 59.9095649719
      vertex 24.3731517792 0.943170428276 60.094997406
    endloop
  endfacet
  facet normal 0.935579240322 -0.280671924353 0.214277282357
    outer loop
      vertex 18.5349807739 0.944869637489 40.6330032349
      vertex 24.3731517792 0.943170428276 60.094997406
      vertex 24.3731517792 0.847278475761 60.1682052612
    endloop
  endfacet
  facet normal 0.95118111372 -0.285354405642 0.117589876056
    outer loop
      vertex 18.490901947 0.750643074512 40.6207771301
      vertex 24.3731517792 0.750643074512 60.2282714844
      vertex 18.4646987915 0.556031048298 40.6136283875
    endloop
  endfacet
  facet normal 0.948858916759 -0.284463077784 0.136921525002
    outer loop
      vertex 18.4646987915 0.556031048298 40.6136283875
      vertex 24.3731517792 0.750643074512 60.2282714844
      vertex 24.3731517792 0.653398036957 60.2750778198
    endloop
  endfacet
  facet normal 0.953213095665 -0.285964161158 0.0980270951986
    outer loop
      vertex 18.4646987915 0.556031048298 40.6136283875
      vertex 24.3731517792 0.653398036957 60.2750778198
      vertex 24.3731517792 0.555704593658 60.3085670471
    endloop
  endfacet
  facet normal 0.956166028976 -0.286849409342 0.0588550716639
    outer loop
      vertex 24.3731517792 0.555704593658 60.3085670471
      vertex 24.3731517792 0.457704305649 60.3286743164
      vertex 18.4646987915 0.556031048298 40.6136283875
    endloop
  endfacet
  facet normal 0.957695782185 -0.287112236023 0.0196294412017
    outer loop
      vertex 18.4646987915 0.556031048298 40.6136283875
      vertex 24.3731517792 0.457704305649 60.3286743164
      vertex 24.3731517792 0.359554558992 60.3353843689
    endloop
  endfacet
  facet normal 0.957084596157 -0.287125527859 0.0393441058695
    outer loop
      vertex 18.4646987915 0.556031048298 40.6136283875
      vertex 24.3731517792 0.359554558992 60.3353843689
      vertex 18.4559116364 0.359554558992 40.6112594604
    endloop
  endfacet
  facet normal 0.957080125809 -0.287124186754 -0.039463557303
    outer loop
      vertex 18.4559116364 0.359554558992 40.6112594604
      vertex 24.3731517792 0.359554558992 60.3353843689
      vertex 18.4647541046 0.162452697754 40.6136436462
    endloop
  endfacet
  facet normal 0.957696318626 -0.287110567093 -0.0196301136166
    outer loop
      vertex 18.4647541046 0.162452697754 40.6136436462
      vertex 24.3731517792 0.359554558992 60.3353843689
      vertex 24.3731517792 0.261408776045 60.3286743164
    endloop
  endfacet
  facet normal 0.95616620779 -0.2868488729 -0.0588549673557
    outer loop
      vertex 24.3731517792 0.261408776045 60.3286743164
      vertex 24.3731517792 0.163408502936 60.3085670471
      vertex 18.4647541046 0.162452697754 40.6136436462
    endloop
  endfacet
  facet normal 0.953213214874 -0.285964906216 -0.0980233997107
    outer loop
      vertex 18.4647541046 0.162452697754 40.6136436462
      vertex 24.3731517792 0.163408502936 60.3085670471
      vertex 24.3731517792 0.0657111108303 60.2750778198
    endloop
  endfacet
  facet normal 0.951191961765 -0.285260558128 -0.11772941798
    outer loop
      vertex 18.4647541046 0.162452697754 40.6136436462
      vertex 24.3731517792 0.0657111108303 60.2750778198
      vertex 18.490901947 -0.03153000772 40.6207771301
    endloop
  endfacet
  facet normal 0.94879347086 -0.284638106823 -0.137011304498
    outer loop
      vertex 18.490901947 -0.03153000772 40.6207771301
      vertex 24.3731517792 0.0657111108303 60.2750778198
      vertex 24.3731517792 -0.03153000772 60.2282714844
    endloop
  endfacet
  facet normal 0.939427018166 -0.281828165054 -0.195063605905
    outer loop
      vertex 18.490901947 -0.03153000772 40.6207771301
      vertex 24.3731517792 -0.03153000772 60.2282714844
      vertex 18.5344848633 -0.223951160908 40.6328697205
    endloop
  endfacet
  facet normal 0.869845926762 -0.260951459408 -0.418655455112
    outer loop
      vertex 24.3731517792 -0.775419473648 59.3871154785
      vertex 18.7682609558 -0.776450037956 40.7023277283
      vertex 24.3731517792 -0.597150623798 59.6731185913
    endloop
  endfacet
  facet normal 0.869614422321 -0.260887980461 -0.41917565465
    outer loop
      vertex 24.3731517792 -0.597150623798 59.6731185913
      vertex 18.7682609558 -0.776450037956 40.7023277283
      vertex 18.6738986969 -0.598716139793 40.6733627319
    endloop
  endfacet
  facet normal 0.898624956608 -0.269584089518 -0.346117883921
    outer loop
      vertex 24.3731517792 -0.597150623798 59.6731185913
      vertex 18.6738986969 -0.598716139793 40.6733627319
      vertex 24.3731517792 -0.412989586592 59.9095649719
    endloop
  endfacet
  facet normal 0.898510217667 -0.269553214312 -0.346439629793
    outer loop
      vertex 24.3731517792 -0.412989586592 59.9095649719
      vertex 18.6738986969 -0.598716139793 40.6733627319
      vertex 18.5953426361 -0.412989586592 40.6502075195
    endloop
  endfacet
  facet normal 0.92186331749 -0.276559144258 -0.271446198225
    outer loop
      vertex 24.3731517792 -0.412989586592 59.9095649719
      vertex 18.5953426361 -0.412989586592 40.6502075195
      vertex 24.3731517792 -0.22406129539 60.094997406
    endloop
  endfacet
  facet normal 0.921872198582 -0.27656146884 -0.271413624287
    outer loop
      vertex 24.3731517792 -0.22406129539 60.094997406
      vertex 18.5953426361 -0.412989586592 40.6502075195
      vertex 18.5344848633 -0.223951160908 40.6328697205
    endloop
  endfacet
  facet normal 0.935580193996 -0.280674189329 -0.214270219207
    outer loop
      vertex 24.3731517792 -0.22406129539 60.094997406
      vertex 18.5344848633 -0.223951160908 40.6328697205
      vertex 24.3731517792 -0.128165379167 60.1682052612
    endloop
  endfacet
  facet normal 0.942979156971 -0.282696485519 -0.175707235932
    outer loop
      vertex 24.3731517792 -0.128165379167 60.1682052612
      vertex 18.5344848633 -0.223951160908 40.6328697205
      vertex 24.3731517792 -0.03153000772 60.2282714844
    endloop
  endfacet
  facet normal 0.703050613403 -0.211787045002 -0.678871154785
    outer loop
      vertex 19.3045463562 -1.40820658207 40.8917999268
      vertex 19.1493988037 -1.26601469517 40.8325538635
      vertex 24.3731517792 -1.10990655422 58.6737823486
    endloop
  endfacet
  facet normal 0.751899898052 -0.225570067763 -0.619487404823
    outer loop
      vertex 24.3731517792 -1.10990655422 58.6737823486
      vertex 19.1493988037 -1.26601469517 40.8325538635
      vertex 19.0052471161 -1.10990655422 40.7807769775
    endloop
  endfacet
  facet normal 0.816679596901 -0.24500399828 -0.522501170635
    outer loop
      vertex 24.3731517792 -1.10990655422 58.6737823486
      vertex 19.0052471161 -1.10990655422 40.7807769775
      vertex 24.3731517792 -0.775419473648 59.3871154785
    endloop
  endfacet
  facet normal 0.801218986511 -0.240996524692 -0.547694027424
    outer loop
      vertex 24.3731517792 -0.775419473648 59.3871154785
      vertex 19.0052471161 -1.10990655422 40.7807769775
      vertex 18.8510894775 -0.907250761986 40.7288246155
    endloop
  endfacet
  facet normal 0.839852154255 -0.251957625151 -0.480796903372
    outer loop
      vertex 24.3731517792 -0.775419473648 59.3871154785
      vertex 18.8510894775 -0.907250761986 40.7288246155
      vertex 18.7682609558 -0.776450037956 40.7023277283
    endloop
  endfacet
  facet normal 0.728343486786 -0.218502834439 -0.64943999052
    outer loop
      vertex 24.3731517792 -1.10990655422 58.6737823486
      vertex 24.3731441498 -1.40820658207 57.7871398926
      vertex 19.3045463562 -1.40820658207 40.8917999268
    endloop
  endfacet
  facet normal 0.622065663338 -0.186619520187 -0.760399520397
    outer loop
      vertex 19.3045463562 -1.40820658207 40.8917999268
      vertex 24.3731441498 -1.40820658207 57.7871398926
      vertex 24.3731441498 -1.66298758984 56.7490119934
    endloop
  endfacet
  facet normal 0.622067093849 -0.186619997025 -0.7603982687
    outer loop
      vertex 19.3045463562 -1.40820658207 40.8917999268
      vertex 24.3731441498 -1.66298758984 56.7490119934
      vertex 19.6611309052 -1.66298758984 41.0422897339
    endloop
  endfacet
  facet normal 0.500468790531 -0.150140523911 -0.852636396885
    outer loop
      vertex 19.6611309052 -1.66298758984 41.0422897339
      vertex 24.3731441498 -1.66298758984 56.7490119934
      vertex 24.3731441498 -1.86796402931 55.5849647522
    endloop
  endfacet
  facet normal 0.500470101833 -0.150140970945 -0.852635502815
    outer loop
      vertex 19.6611309052 -1.66298758984 41.0422897339
      vertex 24.3731441498 -1.86796402931 55.5849647522
      vertex 20.0698738098 -1.86796402931 41.2407226562
    endloop
  endfacet
  facet normal 0.367172390223 -0.110151678324 -0.923607647419
    outer loop
      vertex 20.0698738098 -1.86796402931 41.2407226562
      vertex 24.3731441498 -1.86796402931 55.5849647522
      vertex 24.3731441498 -2.01699209213 54.3353843689
    endloop
  endfacet
  facet normal 0.36652636528 -0.109936155379 -0.923889875412
    outer loop
      vertex 20.0698738098 -1.86796402931 41.2407226562
      vertex 24.3731441498 -2.01699209213 54.3353843689
      vertex 20.5252170563 -2.01808571815 41.4972343445
    endloop
  endfacet
  facet normal 0.224160850048 -0.0672696307302 -0.972227692604
    outer loop
      vertex 20.5252170563 -2.01808571815 41.4972343445
      vertex 24.3731441498 -2.01699209213 54.3353843689
      vertex 24.3014068604 -2.10966277122 52.7569961548
    endloop
  endfacet
  facet normal 0.223109021783 -0.0669147148728 -0.972494125366
    outer loop
      vertex 20.5252170563 -2.01808571815 41.4972343445
      vertex 24.3014068604 -2.10966277122 52.7569961548
      vertex 21.025056839 -2.11007165909 41.8269462585
    endloop
  endfacet
  facet normal 0.140156671405 -0.0420498587191 -0.989236056805
    outer loop
      vertex 21.025056839 -2.11007165909 41.8269462585
      vertex 24.3014068604 -2.10966277122 52.7569961548
      vertex 21.0852985382 -2.11675858498 41.8704338074
    endloop
  endfacet
  facet normal 0.073944106698 -0.0224944129586 -0.997008681297
    outer loop
      vertex 21.0852985382 -2.11675858498 41.8704338074
      vertex 24.3014068604 -2.10966277122 52.7569961548
      vertex 24.2284908295 -2.14044523239 51.1529388428
    endloop
  endfacet
  facet normal 0.0659253969789 -0.0197775773704 -0.997628509998
    outer loop
      vertex 21.0852985382 -2.11675858498 41.8704338074
      vertex 24.2284908295 -2.14044523239 51.1529388428
      vertex 21.5546531677 -2.14044523239 42.2401313782
    endloop
  endfacet
  facet normal -0.996398508549 0.0847935974598 0
    outer loop
      vertex 1.47314822674 4.85955810547 54.8353805542
      vertex 1.47314822674 5.85955810547 54.8353805542
      vertex 1.45732820034 4.85955810547 54.6494789124
    endloop
  endfacet
  facet normal -0.996398508549 0.0847935974598 0
    outer loop
      vertex 1.45732820034 4.85955810547 54.6494789124
      vertex 1.47314822674 5.85955810547 54.8353805542
      vertex 1.45732820034 5.85955810547 54.6494789124
    endloop
  endfacet
  facet normal -0.967732667923 0.251979023218 0
    outer loop
      vertex 1.45732820034 4.85955810547 54.6494789124
      vertex 1.45732820034 5.85955810547 54.6494789124
      vertex 1.41031634808 4.85955810547 54.4689292908
    endloop
  endfacet
  facet normal -0.967732667923 0.251979023218 0
    outer loop
      vertex 1.41031634808 4.85955810547 54.4689292908
      vertex 1.45732820034 5.85955810547 54.6494789124
      vertex 1.41031634808 5.85955810547 54.4689292908
    endloop
  endfacet
  facet normal -0.911232292652 0.411892861128 0
    outer loop
      vertex 1.41031634808 4.85955810547 54.4689292908
      vertex 1.41031634808 5.85955810547 54.4689292908
      vertex 1.3334659338 4.85955810547 54.2989120483
    endloop
  endfacet
  facet normal -0.911232292652 0.411892861128 0
    outer loop
      vertex 1.3334659338 4.85955810547 54.2989120483
      vertex 1.41031634808 5.85955810547 54.4689292908
      vertex 1.3334659338 5.85955810547 54.2989120483
    endloop
  endfacet
  facet normal -0.828498005867 0.559991955757 0
    outer loop
      vertex 1.3334659338 4.85955810547 54.2989120483
      vertex 1.3334659338 5.85955810547 54.2989120483
      vertex 1.22898733616 4.85955810547 54.1443405151
    endloop
  endfacet
  facet normal -0.828498005867 0.559991955757 0
    outer loop
      vertex 1.22898733616 4.85955810547 54.1443405151
      vertex 1.3334659338 5.85955810547 54.2989120483
      vertex 1.22898733616 5.85955810547 54.1443405151
    endloop
  endfacet
  facet normal -0.721958339214 0.69193649292 0
    outer loop
      vertex 1.22898733616 4.85955810547 54.1443405151
      vertex 1.22898733616 5.85955810547 54.1443405151
      vertex 1.09989368916 4.85955810547 54.0096435547
    endloop
  endfacet
  facet normal -0.721958339214 0.69193649292 0
    outer loop
      vertex 1.09989368916 4.85955810547 54.0096435547
      vertex 1.22898733616 5.85955810547 54.1443405151
      vertex 1.09989368916 5.85955810547 54.0096435547
    endloop
  endfacet
  facet normal -0.59464353323 0.803989470005 0
    outer loop
      vertex 1.09989368916 4.85955810547 54.0096435547
      vertex 1.09989368916 5.85955810547 54.0096435547
      vertex 0.949890196323 4.85955810547 53.8987007141
    endloop
  endfacet
  facet normal -0.59464353323 0.803989470005 0
    outer loop
      vertex 0.949890196323 4.85955810547 53.8987007141
      vertex 1.09989368916 5.85955810547 54.0096435547
      vertex 0.949890196323 5.85955810547 53.8987007141
    endloop
  endfacet
  facet normal -0.450196385384 0.892929553986 0
    outer loop
      vertex 0.949890196323 4.85955810547 53.8987007141
      vertex 0.949890196323 5.85955810547 53.8987007141
      vertex 0.783295631409 4.85955810547 53.814704895
    endloop
  endfacet
  facet normal -0.450196385384 0.892929553986 0
    outer loop
      vertex 0.783295631409 4.85955810547 53.814704895
      vertex 0.949890196323 5.85955810547 53.8987007141
      vertex 0.783295631409 5.85955810547 53.814704895
    endloop
  endfacet
  facet normal -0.292820483446 0.956167459488 0
    outer loop
      vertex 0.783295631409 4.85955810547 53.814704895
      vertex 0.783295631409 5.85955810547 53.814704895
      vertex 0.604893088341 4.85955810547 53.7600708008
    endloop
  endfacet
  facet normal -0.292820483446 0.956167459488 0
    outer loop
      vertex 0.604893088341 4.85955810547 53.7600708008
      vertex 0.783295631409 5.85955810547 53.814704895
      vertex 0.604893088341 5.85955810547 53.7600708008
    endloop
  endfacet
  facet normal -0.127002641559 0.991902351379 0
    outer loop
      vertex 0.604893088341 4.85955810547 53.7600708008
      vertex 0.604893088341 5.85955810547 53.7600708008
      vertex 0.419835209846 4.85955810547 53.7363777161
    endloop
  endfacet
  facet normal -0.127002641559 0.991902351379 0
    outer loop
      vertex 0.419835209846 4.85955810547 53.7363777161
      vertex 0.604893088341 5.85955810547 53.7600708008
      vertex 0.419835209846 5.85955810547 53.7363777161
    endloop
  endfacet
  facet normal 0.0424180030823 0.999099969864 0
    outer loop
      vertex 0.419835209846 4.85955810547 53.7363777161
      vertex 0.419835209846 5.85955810547 53.7363777161
      vertex 0.233432143927 4.85955810547 53.7442893982
    endloop
  endfacet
  facet normal 0.0424180030823 0.999099969864 0
    outer loop
      vertex 0.233432143927 4.85955810547 53.7442893982
      vertex 0.419835209846 5.85955810547 53.7363777161
      vertex 0.233432143927 5.85955810547 53.7442893982
    endloop
  endfacet
  facet normal 0.210689350963 0.977553069592 0
    outer loop
      vertex 0.233432143927 4.85955810547 53.7442893982
      vertex 0.233432143927 5.85955810547 53.7442893982
      vertex 0.0510411225259 4.85955810547 53.7835998535
    endloop
  endfacet
  facet normal 0.210689350963 0.977553069592 0
    outer loop
      vertex 0.0510411225259 4.85955810547 53.7835998535
      vertex 0.233432143927 5.85955810547 53.7442893982
      vertex 0.0510411225259 5.85955810547 53.7835998535
    endloop
  endfacet
  facet normal 0.372865974903 0.927885234356 0
    outer loop
      vertex 0.0510411225259 4.85955810547 53.7835998535
      vertex 0.0510411225259 5.85955810547 53.7835998535
      vertex -0.122074976563 4.85955810547 53.8531684875
    endloop
  endfacet
  facet normal 0.372865974903 0.927885234356 0
    outer loop
      vertex -0.122074976563 4.85955810547 53.8531684875
      vertex 0.0510411225259 5.85955810547 53.7835998535
      vertex -0.122074976563 5.85955810547 53.8531684875
    endloop
  endfacet
  facet normal 0.524311482906 0.851526558399 0
    outer loop
      vertex -0.122074976563 4.85955810547 53.8531684875
      vertex -0.122074976563 5.85955810547 53.8531684875
      vertex -0.280948281288 4.85955810547 53.9509887695
    endloop
  endfacet
  facet normal 0.524311482906 0.851526558399 0
    outer loop
      vertex -0.280948281288 4.85955810547 53.9509887695
      vertex -0.122074976563 5.85955810547 53.8531684875
      vertex -0.280948281288 5.85955810547 53.9509887695
    endloop
  endfacet
  facet normal 0.660660207272 0.750685095787 0
    outer loop
      vertex -0.280948281288 4.85955810547 53.9509887695
      vertex -0.280948281288 5.85955810547 53.9509887695
      vertex -0.421000361443 4.85955810547 54.0742454529
    endloop
  endfacet
  facet normal 0.660660207272 0.750685095787 0
    outer loop
      vertex -0.421000361443 4.85955810547 54.0742454529
      vertex -0.280948281288 5.85955810547 53.9509887695
      vertex -0.421000361443 5.85955810547 54.0742454529
    endloop
  endfacet
  facet normal 0.778041064739 0.628213465214 0
    outer loop
      vertex -0.421000361443 4.85955810547 54.0742454529
      vertex -0.421000361443 5.85955810547 54.0742454529
      vertex -0.538211286068 4.85955810547 54.2194137573
    endloop
  endfacet
  facet normal 0.778041064739 0.628213465214 0
    outer loop
      vertex -0.538211286068 4.85955810547 54.2194137573
      vertex -0.421000361443 5.85955810547 54.0742454529
      vertex -0.538211286068 5.85955810547 54.2194137573
    endloop
  endfacet
  facet normal 0.873014211655 0.487694710493 0
    outer loop
      vertex -0.538211286068 4.85955810547 54.2194137573
      vertex -0.538211286068 5.85955810547 54.2194137573
      vertex -0.629202246666 4.85955810547 54.3822937012
    endloop
  endfacet
  facet normal 0.873014211655 0.487694710493 0
    outer loop
      vertex -0.629202246666 4.85955810547 54.3822937012
      vertex -0.538211286068 5.85955810547 54.2194137573
      vertex -0.629202246666 5.85955810547 54.3822937012
    endloop
  endfacet
  facet normal 0.942872703075 0.333153128624 0
    outer loop
      vertex -0.629202246666 4.85955810547 54.3822937012
      vertex -0.629202246666 5.85955810547 54.3822937012
      vertex -0.69135761261 4.85955810547 54.5582008362
    endloop
  endfacet
  facet normal 0.942872703075 0.333153128624 0
    outer loop
      vertex -0.69135761261 4.85955810547 54.5582008362
      vertex -0.629202246666 5.85955810547 54.3822937012
      vertex -0.69135761261 5.85955810547 54.5582008362
    endloop
  endfacet
  facet normal 0.98561745882 0.168991908431 0
    outer loop
      vertex -0.69135761261 4.85955810547 54.5582008362
      vertex -0.69135761261 5.85955810547 54.5582008362
      vertex -0.722887575626 4.85955810547 54.7420959473
    endloop
  endfacet
  facet normal 0.98561745882 0.168991908431 0
    outer loop
      vertex -0.722887575626 4.85955810547 54.7420959473
      vertex -0.69135761261 5.85955810547 54.5582008362
      vertex -0.722887575626 5.85955810547 54.7420959473
    endloop
  endfacet
  facet normal 1 -0 0
    outer loop
      vertex -0.722887575626 4.85955810547 54.7420959473
      vertex -0.722887575626 5.85955810547 54.7420959473
      vertex -0.722887575626 4.85955810547 54.9286727905
    endloop
  endfacet
  facet normal 1 0 0
    outer loop
      vertex -0.722887575626 4.85955810547 54.9286727905
      vertex -0.722887575626 5.85955810547 54.7420959473
      vertex -0.722887575626 5.85955810547 54.9286727905
    endloop
  endfacet
  facet normal 0.985616207123 -0.168998926878 0
    outer loop
      vertex -0.722887575626 4.85955810547 54.9286727905
      vertex -0.722887575626 5.85955810547 54.9286727905
      vertex -0.69135761261 4.85955810547 55.1125564575
    endloop
  endfacet
  facet normal 0.985616207123 -0.168998926878 0
    outer loop
      vertex -0.69135761261 4.85955810547 55.1125564575
      vertex -0.722887575626 5.85955810547 54.9286727905
      vertex -0.69135761261 5.85955810547 55.1125564575
    endloop
  endfacet
  facet normal 0.942877411842 -0.333139896393 0
    outer loop
      vertex -0.69135761261 4.85955810547 55.1125564575
      vertex -0.69135761261 5.85955810547 55.1125564575
      vertex -0.629202246666 4.85955810547 55.2884750366
    endloop
  endfacet
  facet normal 0.942877411842 -0.333139896393 0
    outer loop
      vertex -0.629202246666 4.85955810547 55.2884750366
      vertex -0.69135761261 5.85955810547 55.1125564575
      vertex -0.629202246666 5.85955810547 55.2884750366
    endloop
  endfacet
  facet normal 0.873014211655 -0.487694710493 0
    outer loop
      vertex -0.629202246666 4.85955810547 55.2884750366
      vertex -0.629202246666 5.85955810547 55.2884750366
      vertex -0.538211286068 4.85955810547 55.4513549805
    endloop
  endfacet
  facet normal 0.873014211655 -0.487694710493 0
    outer loop
      vertex -0.538211286068 4.85955810547 55.4513549805
      vertex -0.629202246666 5.85955810547 55.2884750366
      vertex -0.538211286068 5.85955810547 55.4513549805
    endloop
  endfacet
  facet normal 0.778024435043 -0.628234028816 0
    outer loop
      vertex -0.538211286068 4.85955810547 55.4513549805
      vertex -0.538211286068 5.85955810547 55.4513549805
      vertex -0.421000361443 4.85955810547 55.5965118408
    endloop
  endfacet
  facet normal 0.778024435043 -0.628234028816 0
    outer loop
      vertex -0.421000361443 4.85955810547 55.5965118408
      vertex -0.538211286068 5.85955810547 55.4513549805
      vertex -0.421000361443 5.85955810547 55.5965118408
    endloop
  endfacet
  facet normal 0.660683989525 -0.750664174557 0
    outer loop
      vertex -0.421000361443 4.85955810547 55.5965118408
      vertex -0.421000361443 5.85955810547 55.5965118408
      vertex -0.280948281288 4.85955810547 55.7197761536
    endloop
  endfacet
  facet normal 0.660683989525 -0.750664174557 0
    outer loop
      vertex -0.280948281288 4.85955810547 55.7197761536
      vertex -0.421000361443 5.85955810547 55.5965118408
      vertex -0.280948281288 5.85955810547 55.7197761536
    endloop
  endfacet
  facet normal 0.524311482906 -0.851526558399 0
    outer loop
      vertex -0.280948281288 4.85955810547 55.7197761536
      vertex -0.280948281288 5.85955810547 55.7197761536
      vertex -0.122074976563 4.85955810547 55.8176002502
    endloop
  endfacet
  facet normal 0.524311482906 -0.851526558399 0
    outer loop
      vertex -0.122074976563 4.85955810547 55.8176002502
      vertex -0.280948281288 5.85955810547 55.7197761536
      vertex -0.122074976563 5.85955810547 55.8176002502
    endloop
  endfacet
  facet normal 0.372865974903 -0.927885234356 0
    outer loop
      vertex -0.122074976563 4.85955810547 55.8176002502
      vertex -0.122074976563 5.85955810547 55.8176002502
      vertex 0.0510411225259 4.85955810547 55.8871650696
    endloop
  endfacet
  facet normal 0.372865974903 -0.927885234356 0
    outer loop
      vertex 0.0510411225259 4.85955810547 55.8871650696
      vertex -0.122074976563 5.85955810547 55.8176002502
      vertex 0.0510411225259 5.85955810547 55.8871650696
    endloop
  endfacet
  facet normal 0.210649058223 -0.97756177187 0
    outer loop
      vertex 0.0510411225259 4.85955810547 55.8871650696
      vertex 0.0510411225259 5.85955810547 55.8871650696
      vertex 0.233432143927 4.85955810547 55.9264678955
    endloop
  endfacet
  facet normal 0.210649058223 -0.97756177187 0
    outer loop
      vertex 0.233432143927 4.85955810547 55.9264678955
      vertex 0.0510411225259 5.85955810547 55.8871650696
      vertex 0.233432143927 5.85955810547 55.9264678955
    endloop
  endfacet
  facet normal 0.0424600914121 -0.999098181725 0
    outer loop
      vertex 0.233432143927 4.85955810547 55.9264678955
      vertex 0.233432143927 5.85955810547 55.9264678955
      vertex 0.419835209846 4.85955810547 55.9343910217
    endloop
  endfacet
  facet normal 0.0424600914121 -0.999098181725 0
    outer loop
      vertex 0.419835209846 4.85955810547 55.9343910217
      vertex 0.233432143927 5.85955810547 55.9264678955
      vertex 0.419835209846 5.85955810547 55.9343910217
    endloop
  endfacet
  facet normal -0.127002641559 -0.991902351379 -0
    outer loop
      vertex 0.419835209846 4.85955810547 55.9343910217
      vertex 0.419835209846 5.85955810547 55.9343910217
      vertex 0.604893088341 4.85955810547 55.910697937
    endloop
  endfacet
  facet normal -0.127002641559 -0.991902351379 -0
    outer loop
      vertex 0.604893088341 4.85955810547 55.910697937
      vertex 0.419835209846 5.85955810547 55.9343910217
      vertex 0.604893088341 5.85955810547 55.910697937
    endloop
  endfacet
  facet normal -0.292820483446 -0.956167459488 -0
    outer loop
      vertex 0.604893088341 4.85955810547 55.910697937
      vertex 0.604893088341 5.85955810547 55.910697937
      vertex 0.783295631409 4.85955810547 55.8560600281
    endloop
  endfacet
  facet normal -0.292820483446 -0.956167459488 -0
    outer loop
      vertex 0.783295631409 4.85955810547 55.8560600281
      vertex 0.604893088341 5.85955810547 55.910697937
      vertex 0.783295631409 5.85955810547 55.8560600281
    endloop
  endfacet
  facet normal -0.450196385384 -0.892929553986 -0
    outer loop
      vertex 0.783295631409 4.85955810547 55.8560600281
      vertex 0.783295631409 5.85955810547 55.8560600281
      vertex 0.949890196323 4.85955810547 55.7720680237
    endloop
  endfacet
  facet normal -0.450196385384 -0.892929553986 -0
    outer loop
      vertex 0.949890196323 4.85955810547 55.7720680237
      vertex 0.783295631409 5.85955810547 55.8560600281
      vertex 0.949890196323 5.85955810547 55.7720680237
    endloop
  endfacet
  facet normal -0.59464353323 -0.803989470005 -0
    outer loop
      vertex 0.949890196323 4.85955810547 55.7720680237
      vertex 0.949890196323 5.85955810547 55.7720680237
      vertex 1.09989368916 4.85955810547 55.6611213684
    endloop
  endfacet
  facet normal -0.59464353323 -0.803989470005 -0
    outer loop
      vertex 1.09989368916 4.85955810547 55.6611213684
      vertex 0.949890196323 5.85955810547 55.7720680237
      vertex 1.09989368916 5.85955810547 55.6611213684
    endloop
  endfacet
  facet normal -0.721958339214 -0.69193649292 -0
    outer loop
      vertex 1.09989368916 4.85955810547 55.6611213684
      vertex 1.09989368916 5.85955810547 55.6611213684
      vertex 1.22898733616 4.85955810547 55.5264282227
    endloop
  endfacet
  facet normal -0.721958339214 -0.69193649292 -0
    outer loop
      vertex 1.22898733616 4.85955810547 55.5264282227
      vertex 1.09989368916 5.85955810547 55.6611213684
      vertex 1.22898733616 5.85955810547 55.5264282227
    endloop
  endfacet
  facet normal -0.828511238098 -0.559972405434 -0
    outer loop
      vertex 1.22898733616 4.85955810547 55.5264282227
      vertex 1.22898733616 5.85955810547 55.5264282227
      vertex 1.3334659338 4.85955810547 55.3718452454
    endloop
  endfacet
  facet normal -0.828511238098 -0.559972405434 -0
    outer loop
      vertex 1.3334659338 4.85955810547 55.3718452454
      vertex 1.22898733616 5.85955810547 55.5264282227
      vertex 1.3334659338 5.85955810547 55.3718452454
    endloop
  endfacet
  facet normal -0.911225140095 -0.411908686161 -0
    outer loop
      vertex 1.3334659338 4.85955810547 55.3718452454
      vertex 1.3334659338 5.85955810547 55.3718452454
      vertex 1.41031634808 4.85955810547 55.201839447
    endloop
  endfacet
  facet normal -0.911225140095 -0.411908686161 -0
    outer loop
      vertex 1.41031634808 4.85955810547 55.201839447
      vertex 1.3334659338 5.85955810547 55.3718452454
      vertex 1.41031634808 5.85955810547 55.201839447
    endloop
  endfacet
  facet normal -0.967735350132 -0.251968741417 -0
    outer loop
      vertex 1.41031634808 4.85955810547 55.201839447
      vertex 1.41031634808 5.85955810547 55.201839447
      vertex 1.45732820034 4.85955810547 55.0212783813
    endloop
  endfacet
  facet normal -0.967735350132 -0.251968741417 -0
    outer loop
      vertex 1.45732820034 4.85955810547 55.0212783813
      vertex 1.41031634808 5.85955810547 55.201839447
      vertex 1.45732820034 5.85955810547 55.0212783813
    endloop
  endfacet
  facet normal -0.996398508549 -0.0847935974598 -0
    outer loop
      vertex 1.45732820034 4.85955810547 55.0212783813
      vertex 1.45732820034 5.85955810547 55.0212783813
      vertex 1.47314822674 4.85955810547 54.8353805542
    endloop
  endfacet
  facet normal -0.996398508549 -0.0847935974598 -0
    outer loop
      vertex 1.47314822674 4.85955810547 54.8353805542
      vertex 1.45732820034 5.85955810547 55.0212783813
      vertex 1.47314822674 5.85955810547 54.8353805542
    endloop
  endfacet
  facet normal -0.996398508549 0.0847935974598 0
    outer loop
      vertex 11.4731483459 4.85955429077 54.8353805542
      vertex 11.4731483459 5.85955429077 54.8353805542
      vertex 11.4573278427 4.85955429077 54.6494789124
    endloop
  endfacet
  facet normal -0.996398508549 0.0847935974598 0
    outer loop
      vertex 11.4573278427 4.85955429077 54.6494789124
      vertex 11.4731483459 5.85955429077 54.8353805542
      vertex 11.4573278427 5.85955429077 54.6494789124
    endloop
  endfacet
  facet normal -0.967732667923 0.251979023218 0
    outer loop
      vertex 11.4573278427 4.85955429077 54.6494789124
      vertex 11.4573278427 5.85955429077 54.6494789124
      vertex 11.4103164673 4.85955429077 54.4689292908
    endloop
  endfacet
  facet normal -0.967732667923 0.251979023218 0
    outer loop
      vertex 11.4103164673 4.85955429077 54.4689292908
      vertex 11.4573278427 5.85955429077 54.6494789124
      vertex 11.4103164673 5.85955429077 54.4689292908
    endloop
  endfacet
  facet normal -0.911232292652 0.411892861128 0
    outer loop
      vertex 11.4103164673 4.85955429077 54.4689292908
      vertex 11.4103164673 5.85955429077 54.4689292908
      vertex 11.3334655762 4.85955429077 54.2989120483
    endloop
  endfacet
  facet normal -0.911232292652 0.411892861128 0
    outer loop
      vertex 11.3334655762 4.85955429077 54.2989120483
      vertex 11.4103164673 5.85955429077 54.4689292908
      vertex 11.3334655762 5.85955429077 54.2989120483
    endloop
  endfacet
  facet normal -0.828496813774 0.559993803501 0
    outer loop
      vertex 11.3334655762 4.85955429077 54.2989120483
      vertex 11.3334655762 5.85955429077 54.2989120483
      vertex 11.2289867401 4.85955429077 54.1443405151
    endloop
  endfacet
  facet normal -0.828496813774 0.559993803501 0
    outer loop
      vertex 11.2289867401 4.85955429077 54.1443405151
      vertex 11.3334655762 5.85955429077 54.2989120483
      vertex 11.2289867401 5.85955429077 54.1443405151
    endloop
  endfacet
  facet normal -0.721958339214 0.69193649292 0
    outer loop
      vertex 11.2289867401 4.85955429077 54.1443405151
      vertex 11.2289867401 5.85955429077 54.1443405151
      vertex 11.0998935699 4.85955429077 54.0096435547
    endloop
  endfacet
  facet normal -0.721958339214 0.69193649292 0
    outer loop
      vertex 11.0998935699 4.85955429077 54.0096435547
      vertex 11.2289867401 5.85955429077 54.1443405151
      vertex 11.0998935699 5.85955429077 54.0096435547
    endloop
  endfacet
  facet normal -0.59464353323 0.803989470005 0
    outer loop
      vertex 11.0998935699 4.85955429077 54.0096435547
      vertex 11.0998935699 5.85955429077 54.0096435547
      vertex 10.9498901367 4.85955429077 53.8987007141
    endloop
  endfacet
  facet normal -0.59464353323 0.803989470005 0
    outer loop
      vertex 10.9498901367 4.85955429077 53.8987007141
      vertex 11.0998935699 5.85955429077 54.0096435547
      vertex 10.9498901367 5.85955429077 53.8987007141
    endloop
  endfacet
  facet normal -0.450196385384 0.892929553986 0
    outer loop
      vertex 10.9498901367 4.85955429077 53.8987007141
      vertex 10.9498901367 5.85955429077 53.8987007141
      vertex 10.7832956314 4.85955429077 53.814704895
    endloop
  endfacet
  facet normal -0.450196385384 0.892929553986 0
    outer loop
      vertex 10.7832956314 4.85955429077 53.814704895
      vertex 10.9498901367 5.85955429077 53.8987007141
      vertex 10.7832956314 5.85955429077 53.814704895
    endloop
  endfacet
  facet normal -0.292832285166 0.956163823605 0
    outer loop
      vertex 10.7832956314 4.85955429077 53.814704895
      vertex 10.7832956314 5.85955429077 53.814704895
      vertex 10.6049003601 4.85955429077 53.7600708008
    endloop
  endfacet
  facet normal -0.292832285166 0.956163823605 0
    outer loop
      vertex 10.6049003601 4.85955429077 53.7600708008
      vertex 10.7832956314 5.85955429077 53.814704895
      vertex 10.6049003601 5.85955429077 53.7600708008
    endloop
  endfacet
  facet normal -0.126997321844 0.991903066635 0
    outer loop
      vertex 10.6049003601 4.85955429077 53.7600708008
      vertex 10.6049003601 5.85955429077 53.7600708008
      vertex 10.4198350906 4.85955429077 53.7363777161
    endloop
  endfacet
  facet normal -0.126997321844 0.991903066635 0
    outer loop
      vertex 10.4198350906 4.85955429077 53.7363777161
      vertex 10.6049003601 5.85955429077 53.7600708008
      vertex 10.4198350906 5.85955429077 53.7363777161
    endloop
  endfacet
  facet normal 0.0424180030823 0.999099969864 0
    outer loop
      vertex 10.4198350906 4.85955429077 53.7363777161
      vertex 10.4198350906 5.85955429077 53.7363777161
      vertex 10.2334318161 4.85955429077 53.7442893982
    endloop
  endfacet
  facet normal 0.0424180030823 0.999099969864 0
    outer loop
      vertex 10.2334318161 4.85955429077 53.7442893982
      vertex 10.4198350906 5.85955429077 53.7363777161
      vertex 10.2334318161 5.85955429077 53.7442893982
    endloop
  endfacet
  facet normal 0.21069803834 0.977551221848 0
    outer loop
      vertex 10.2334318161 4.85955429077 53.7442893982
      vertex 10.2334318161 5.85955429077 53.7442893982
      vertex 10.0510482788 4.85955429077 53.7835998535
    endloop
  endfacet
  facet normal 0.21069803834 0.977551221848 0
    outer loop
      vertex 10.0510482788 4.85955429077 53.7835998535
      vertex 10.2334318161 5.85955429077 53.7442893982
      vertex 10.0510482788 5.85955429077 53.7835998535
    endloop
  endfacet
  facet normal 0.372851401567 0.927891075611 0
    outer loop
      vertex 10.0510482788 4.85955429077 53.7835998535
      vertex 10.0510482788 5.85955429077 53.7835998535
      vertex 9.87792491913 4.85955429077 53.8531684875
    endloop
  endfacet
  facet normal 0.372851401567 0.927891075611 0
    outer loop
      vertex 9.87792491913 4.85955429077 53.8531684875
      vertex 10.0510482788 5.85955429077 53.7835998535
      vertex 9.87792491913 5.85955429077 53.8531684875
    endloop
  endfacet
  facet normal 0.52432090044 0.851520776749 0
    outer loop
      vertex 9.87792491913 4.85955429077 53.8531684875
      vertex 9.87792491913 5.85955429077 53.8531684875
      vertex 9.71905517578 4.85955429077 53.9509887695
    endloop
  endfacet
  facet normal 0.52432090044 0.851520776749 0
    outer loop
      vertex 9.71905517578 4.85955429077 53.9509887695
      vertex 9.87792491913 5.85955429077 53.8531684875
      vertex 9.71905517578 5.85955429077 53.9509887695
    endloop
  endfacet
  facet normal 0.660639286041 0.750703454018 0
    outer loop
      vertex 9.71905517578 4.85955429077 53.9509887695
      vertex 9.71905517578 5.85955429077 53.9509887695
      vertex 9.57899570465 4.85955429077 54.0742454529
    endloop
  endfacet
  facet normal 0.660639286041 0.750703454018 0
    outer loop
      vertex 9.57899570465 4.85955429077 54.0742454529
      vertex 9.71905517578 5.85955429077 53.9509887695
      vertex 9.57899570465 5.85955429077 54.0742454529
    endloop
  endfacet
  facet normal 0.778051376343 0.628200650215 0
    outer loop
      vertex 9.57899570465 4.85955429077 54.0742454529
      vertex 9.57899570465 5.85955429077 54.0742454529
      vertex 9.46178817749 4.85955429077 54.2194137573
    endloop
  endfacet
  facet normal 0.778051376343 0.628200650215 0
    outer loop
      vertex 9.46178817749 4.85955429077 54.2194137573
      vertex 9.57899570465 5.85955429077 54.0742454529
      vertex 9.46178817749 5.85955429077 54.2194137573
    endloop
  endfacet
  facet normal 0.873023211956 0.487678647041 0
    outer loop
      vertex 9.46178817749 4.85955429077 54.2194137573
      vertex 9.46178817749 5.85955429077 54.2194137573
      vertex 9.37080097198 4.85955429077 54.3822937012
    endloop
  endfacet
  facet normal 0.873023211956 0.487678647041 0
    outer loop
      vertex 9.37080097198 4.85955429077 54.3822937012
      vertex 9.46178817749 5.85955429077 54.2194137573
      vertex 9.37080097198 5.85955429077 54.3822937012
    endloop
  endfacet
  facet normal 0.942872703075 0.333153128624 0
    outer loop
      vertex 9.37080097198 4.85955429077 54.3822937012
      vertex 9.37080097198 5.85955429077 54.3822937012
      vertex 9.30864620209 4.85955429077 54.5582008362
    endloop
  endfacet
  facet normal 0.942872703075 0.333153128624 0
    outer loop
      vertex 9.30864620209 4.85955429077 54.5582008362
      vertex 9.37080097198 5.85955429077 54.3822937012
      vertex 9.30864620209 5.85955429077 54.5582008362
    endloop
  endfacet
  facet normal 0.98561745882 0.168991908431 0
    outer loop
      vertex 9.30864620209 4.85955429077 54.5582008362
      vertex 9.30864620209 5.85955429077 54.5582008362
      vertex 9.27711582184 4.85955429077 54.7420959473
    endloop
  endfacet
  facet normal 0.98561745882 0.168991908431 0
    outer loop
      vertex 9.27711582184 4.85955429077 54.7420959473
      vertex 9.30864620209 5.85955429077 54.5582008362
      vertex 9.27711582184 5.85955429077 54.7420959473
    endloop
  endfacet
  facet normal 1 -0 0
    outer loop
      vertex 9.27711582184 4.85955429077 54.7420959473
      vertex 9.27711582184 5.85955429077 54.7420959473
      vertex 9.27711582184 4.85955429077 54.9286727905
    endloop
  endfacet
  facet normal 1 0 0
    outer loop
      vertex 9.27711582184 4.85955429077 54.9286727905
      vertex 9.27711582184 5.85955429077 54.7420959473
      vertex 9.27711582184 5.85955429077 54.9286727905
    endloop
  endfacet
  facet normal 0.985616207123 -0.168998926878 0
    outer loop
      vertex 9.27711582184 4.85955429077 54.9286727905
      vertex 9.27711582184 5.85955429077 54.9286727905
      vertex 9.30864620209 4.85955429077 55.1125564575
    endloop
  endfacet
  facet normal 0.985616207123 -0.168998926878 0
    outer loop
      vertex 9.30864620209 4.85955429077 55.1125564575
      vertex 9.27711582184 5.85955429077 54.9286727905
      vertex 9.30864620209 5.85955429077 55.1125564575
    endloop
  endfacet
  facet normal 0.942877411842 -0.333139896393 0
    outer loop
      vertex 9.30864620209 4.85955429077 55.1125564575
      vertex 9.30864620209 5.85955429077 55.1125564575
      vertex 9.37080097198 4.85955429077 55.2884750366
    endloop
  endfacet
  facet normal 0.942877411842 -0.333139896393 0
    outer loop
      vertex 9.37080097198 4.85955429077 55.2884750366
      vertex 9.30864620209 5.85955429077 55.1125564575
      vertex 9.37080097198 5.85955429077 55.2884750366
    endloop
  endfacet
  facet normal 0.873023211956 -0.487678647041 0
    outer loop
      vertex 9.37080097198 4.85955429077 55.2884750366
      vertex 9.37080097198 5.85955429077 55.2884750366
      vertex 9.46178817749 4.85955429077 55.4513549805
    endloop
  endfacet
  facet normal 0.873023211956 -0.487678647041 0
    outer loop
      vertex 9.46178817749 4.85955429077 55.4513549805
      vertex 9.37080097198 5.85955429077 55.2884750366
      vertex 9.46178817749 5.85955429077 55.4513549805
    endloop
  endfacet
  facet normal 0.778034687042 -0.628221273422 0
    outer loop
      vertex 9.46178817749 4.85955429077 55.4513549805
      vertex 9.46178817749 5.85955429077 55.4513549805
      vertex 9.57899570465 4.85955429077 55.5965118408
    endloop
  endfacet
  facet normal 0.778034687042 -0.628221273422 0
    outer loop
      vertex 9.57899570465 4.85955429077 55.5965118408
      vertex 9.46178817749 5.85955429077 55.4513549805
      vertex 9.57899570465 5.85955429077 55.5965118408
    endloop
  endfacet
  facet normal 0.660663068295 -0.750682592392 0
    outer loop
      vertex 9.57899570465 4.85955429077 55.5965118408
      vertex 9.57899570465 5.85955429077 55.5965118408
      vertex 9.71905517578 4.85955429077 55.7197761536
    endloop
  endfacet
  facet normal 0.660663068295 -0.750682592392 0
    outer loop
      vertex 9.71905517578 4.85955429077 55.7197761536
      vertex 9.57899570465 5.85955429077 55.5965118408
      vertex 9.71905517578 5.85955429077 55.7197761536
    endloop
  endfacet
  facet normal 0.52432090044 -0.851520776749 0
    outer loop
      vertex 9.71905517578 4.85955429077 55.7197761536
      vertex 9.71905517578 5.85955429077 55.7197761536
      vertex 9.87792491913 4.85955429077 55.8176002502
    endloop
  endfacet
  facet normal 0.52432090044 -0.851520776749 0
    outer loop
      vertex 9.87792491913 4.85955429077 55.8176002502
      vertex 9.71905517578 5.85955429077 55.7197761536
      vertex 9.87792491913 5.85955429077 55.8176002502
    endloop
  endfacet
  facet normal 0.372851401567 -0.927891075611 0
    outer loop
      vertex 9.87792491913 4.85955429077 55.8176002502
      vertex 9.87792491913 5.85955429077 55.8176002502
      vertex 10.0510482788 4.85955429077 55.8871650696
    endloop
  endfacet
  facet normal 0.372851401567 -0.927891075611 0
    outer loop
      vertex 10.0510482788 4.85955429077 55.8871650696
      vertex 9.87792491913 5.85955429077 55.8176002502
      vertex 10.0510482788 5.85955429077 55.8871650696
    endloop
  endfacet
  facet normal 0.2106577456 -0.977559864521 0
    outer loop
      vertex 10.0510482788 4.85955429077 55.8871650696
      vertex 10.0510482788 5.85955429077 55.8871650696
      vertex 10.2334318161 4.85955429077 55.9264678955
    endloop
  endfacet
  facet normal 0.2106577456 -0.977559864521 0
    outer loop
      vertex 10.2334318161 4.85955429077 55.9264678955
      vertex 10.0510482788 5.85955429077 55.8871650696
      vertex 10.2334318161 5.85955429077 55.9264678955
    endloop
  endfacet
  facet normal 0.0424600914121 -0.999098181725 0
    outer loop
      vertex 10.2334318161 4.85955429077 55.9264678955
      vertex 10.2334318161 5.85955429077 55.9264678955
      vertex 10.4198350906 4.85955429077 55.9343910217
    endloop
  endfacet
  facet normal 0.0424600914121 -0.999098181725 0
    outer loop
      vertex 10.4198350906 4.85955429077 55.9343910217
      vertex 10.2334318161 5.85955429077 55.9264678955
      vertex 10.4198350906 5.85955429077 55.9343910217
    endloop
  endfacet
  facet normal -0.126997321844 -0.991903066635 -0
    outer loop
      vertex 10.4198350906 4.85955429077 55.9343910217
      vertex 10.4198350906 5.85955429077 55.9343910217
      vertex 10.6049003601 4.85955429077 55.910697937
    endloop
  endfacet
  facet normal -0.126997321844 -0.991903066635 -0
    outer loop
      vertex 10.6049003601 4.85955429077 55.910697937
      vertex 10.4198350906 5.85955429077 55.9343910217
      vertex 10.6049003601 5.85955429077 55.910697937
    endloop
  endfacet
  facet normal -0.292832285166 -0.956163823605 -0
    outer loop
      vertex 10.6049003601 4.85955429077 55.910697937
      vertex 10.6049003601 5.85955429077 55.910697937
      vertex 10.7832956314 4.85955429077 55.8560600281
    endloop
  endfacet
  facet normal -0.292832285166 -0.956163823605 -0
    outer loop
      vertex 10.7832956314 4.85955429077 55.8560600281
      vertex 10.6049003601 5.85955429077 55.910697937
      vertex 10.7832956314 5.85955429077 55.8560600281
    endloop
  endfacet
  facet normal -0.450196385384 -0.892929553986 -0
    outer loop
      vertex 10.7832956314 4.85955429077 55.8560600281
      vertex 10.7832956314 5.85955429077 55.8560600281
      vertex 10.9498901367 4.85955429077 55.7720680237
    endloop
  endfacet
  facet normal -0.450196385384 -0.892929553986 -0
    outer loop
      vertex 10.9498901367 4.85955429077 55.7720680237
      vertex 10.7832956314 5.85955429077 55.8560600281
      vertex 10.9498901367 5.85955429077 55.7720680237
    endloop
  endfacet
  facet normal -0.59464353323 -0.803989470005 -0
    outer loop
      vertex 10.9498901367 4.85955429077 55.7720680237
      vertex 10.9498901367 5.85955429077 55.7720680237
      vertex 11.0998935699 4.85955429077 55.6611213684
    endloop
  endfacet
  facet normal -0.59464353323 -0.803989470005 -0
    outer loop
      vertex 11.0998935699 4.85955429077 55.6611213684
      vertex 10.9498901367 5.85955429077 55.7720680237
      vertex 11.0998935699 5.85955429077 55.6611213684
    endloop
  endfacet
  facet normal -0.721958339214 -0.69193649292 -0
    outer loop
      vertex 11.0998935699 4.85955429077 55.6611213684
      vertex 11.0998935699 5.85955429077 55.6611213684
      vertex 11.2289867401 4.85955429077 55.5264282227
    endloop
  endfacet
  facet normal -0.721958339214 -0.69193649292 -0
    outer loop
      vertex 11.2289867401 4.85955429077 55.5264282227
      vertex 11.0998935699 5.85955429077 55.6611213684
      vertex 11.2289867401 5.85955429077 55.5264282227
    endloop
  endfacet
  facet normal -0.828510046005 -0.559974193573 -0
    outer loop
      vertex 11.2289867401 4.85955429077 55.5264282227
      vertex 11.2289867401 5.85955429077 55.5264282227
      vertex 11.3334655762 4.85955429077 55.3718452454
    endloop
  endfacet
  facet normal -0.828510046005 -0.559974193573 -0
    outer loop
      vertex 11.3334655762 4.85955429077 55.3718452454
      vertex 11.2289867401 5.85955429077 55.5264282227
      vertex 11.3334655762 5.85955429077 55.3718452454
    endloop
  endfacet
  facet normal -0.911225140095 -0.411908686161 -0
    outer loop
      vertex 11.3334655762 4.85955429077 55.3718452454
      vertex 11.3334655762 5.85955429077 55.3718452454
      vertex 11.4103164673 4.85955429077 55.201839447
    endloop
  endfacet
  facet normal -0.911225140095 -0.411908686161 -0
    outer loop
      vertex 11.4103164673 4.85955429077 55.201839447
      vertex 11.3334655762 5.85955429077 55.3718452454
      vertex 11.4103164673 5.85955429077 55.201839447
    endloop
  endfacet
  facet normal -0.967735350132 -0.251968741417 -0
    outer loop
      vertex 11.4103164673 4.85955429077 55.201839447
      vertex 11.4103164673 5.85955429077 55.201839447
      vertex 11.4573278427 4.85955429077 55.0212783813
    endloop
  endfacet
  facet normal -0.967735350132 -0.251968741417 -0
    outer loop
      vertex 11.4573278427 4.85955429077 55.0212783813
      vertex 11.4103164673 5.85955429077 55.201839447
      vertex 11.4573278427 5.85955429077 55.0212783813
    endloop
  endfacet
  facet normal -0.996398508549 -0.0847935974598 -0
    outer loop
      vertex 11.4573278427 4.85955429077 55.0212783813
      vertex 11.4573278427 5.85955429077 55.0212783813
      vertex 11.4731483459 4.85955429077 54.8353805542
    endloop
  endfacet
  facet normal -0.996398508549 -0.0847935974598 -0
    outer loop
      vertex 11.4731483459 4.85955429077 54.8353805542
      vertex 11.4573278427 5.85955429077 55.0212783813
      vertex 11.4731483459 5.85955429077 54.8353805542
    endloop
  endfacet
  facet normal -0.996395289898 0.0848318934441 0
    outer loop
      vertex 11.473154068 4.85955810547 102.835388184
      vertex 11.473154068 5.85955810547 102.835388184
      vertex 11.4573259354 4.85955810547 102.649475098
    endloop
  endfacet
  facet normal -0.996395289898 0.0848318934441 0
    outer loop
      vertex 11.4573259354 4.85955810547 102.649475098
      vertex 11.473154068 5.85955810547 102.835388184
      vertex 11.4573259354 5.85955810547 102.649475098
    endloop
  endfacet
  facet normal -0.967730045319 0.251989305019 0
    outer loop
      vertex 11.4573259354 4.85955810547 102.649475098
      vertex 11.4573259354 5.85955810547 102.649475098
      vertex 11.4103145599 4.85955810547 102.468933105
    endloop
  endfacet
  facet normal -0.967730045319 0.251989305019 0
    outer loop
      vertex 11.4103145599 4.85955810547 102.468933105
      vertex 11.4573259354 5.85955810547 102.649475098
      vertex 11.4103145599 5.85955810547 102.468933105
    endloop
  endfacet
  facet normal -0.911248087883 0.411857843399 0
    outer loop
      vertex 11.4103145599 4.85955810547 102.468933105
      vertex 11.4103145599 5.85955810547 102.468933105
      vertex 11.3334722519 4.85955810547 102.298919678
    endloop
  endfacet
  facet normal -0.911248087883 0.411857843399 0
    outer loop
      vertex 11.3334722519 4.85955810547 102.298919678
      vertex 11.4103145599 5.85955810547 102.468933105
      vertex 11.3334722519 5.85955810547 102.298919678
    endloop
  endfacet
  facet normal -0.828510046005 0.559974193573 0
    outer loop
      vertex 11.3334722519 4.85955810547 102.298919678
      vertex 11.3334722519 5.85955810547 102.298919678
      vertex 11.2289924622 4.85955810547 102.144340515
    endloop
  endfacet
  facet normal -0.828510046005 0.559974193573 0
    outer loop
      vertex 11.2289924622 4.85955810547 102.144340515
      vertex 11.3334722519 5.85955810547 102.298919678
      vertex 11.2289924622 5.85955810547 102.144340515
    endloop
  endfacet
  facet normal -0.721937298775 0.691958487034 0
    outer loop
      vertex 11.2289924622 4.85955810547 102.144340515
      vertex 11.2289924622 5.85955810547 102.144340515
      vertex 11.0998916626 4.85955810547 102.009643555
    endloop
  endfacet
  facet normal -0.721937298775 0.691958487034 0
    outer loop
      vertex 11.0998916626 4.85955810547 102.009643555
      vertex 11.2289924622 5.85955810547 102.144340515
      vertex 11.0998916626 5.85955810547 102.009643555
    endloop
  endfacet
  facet normal -0.594616293907 0.804009616375 0
    outer loop
      vertex 11.0998916626 4.85955810547 102.009643555
      vertex 11.0998916626 5.85955810547 102.009643555
      vertex 10.9498882294 4.85955810547 101.898704529
    endloop
  endfacet
  facet normal -0.594616293907 0.804009616375 0
    outer loop
      vertex 10.9498882294 4.85955810547 101.898704529
      vertex 11.0998916626 5.85955810547 102.009643555
      vertex 10.9498882294 5.85955810547 101.898704529
    endloop
  endfacet
  facet normal -0.450230002403 0.892912626266 0
    outer loop
      vertex 10.9498882294 4.85955810547 101.898704529
      vertex 10.9498882294 5.85955810547 101.898704529
      vertex 10.7832937241 4.85955810547 101.814704895
    endloop
  endfacet
  facet normal -0.450230002403 0.892912626266 0
    outer loop
      vertex 10.7832937241 4.85955810547 101.814704895
      vertex 10.9498882294 5.85955810547 101.898704529
      vertex 10.7832937241 5.85955810547 101.814704895
    endloop
  endfacet
  facet normal -0.292793750763 0.956175625324 0
    outer loop
      vertex 10.7832937241 4.85955810547 101.814704895
      vertex 10.7832937241 5.85955810547 101.814704895
      vertex 10.6048984528 4.85955810547 101.76007843
    endloop
  endfacet
  facet normal -0.292793750763 0.956175625324 0
    outer loop
      vertex 10.6048984528 4.85955810547 101.76007843
      vertex 10.7832937241 5.85955810547 101.814704895
      vertex 10.6048984528 5.85955810547 101.76007843
    endloop
  endfacet
  facet normal -0.126997321844 0.991903066635 0
    outer loop
      vertex 10.6048984528 4.85955810547 101.76007843
      vertex 10.6048984528 5.85955810547 101.76007843
      vertex 10.4198331833 4.85955810547 101.736381531
    endloop
  endfacet
  facet normal -0.126997321844 0.991903066635 0
    outer loop
      vertex 10.4198331833 4.85955810547 101.736381531
      vertex 10.6048984528 5.85955810547 101.76007843
      vertex 10.4198331833 5.85955810547 101.736381531
    endloop
  endfacet
  facet normal 0.0424180030823 0.999099969864 0
    outer loop
      vertex 10.4198331833 4.85955810547 101.736381531
      vertex 10.4198331833 5.85955810547 101.736381531
      vertex 10.2334299088 4.85955810547 101.744293213
    endloop
  endfacet
  facet normal 0.0424180030823 0.999099969864 0
    outer loop
      vertex 10.2334299088 4.85955810547 101.744293213
      vertex 10.4198331833 5.85955810547 101.736381531
      vertex 10.2334299088 5.85955810547 101.744293213
    endloop
  endfacet
  facet normal 0.2106577456 0.977559864521 0
    outer loop
      vertex 10.2334299088 4.85955810547 101.744293213
      vertex 10.2334299088 5.85955810547 101.744293213
      vertex 10.0510463715 4.85955810547 101.783599854
    endloop
  endfacet
  facet normal 0.2106577456 0.977559864521 0
    outer loop
      vertex 10.0510463715 4.85955810547 101.783599854
      vertex 10.2334299088 5.85955810547 101.744293213
      vertex 10.0510463715 5.85955810547 101.783599854
    endloop
  endfacet
  facet normal 0.372829675674 0.927899777889 0
    outer loop
      vertex 10.0510463715 4.85955810547 101.783599854
      vertex 10.0510463715 5.85955810547 101.783599854
      vertex 9.87793064117 4.85955810547 101.853157043
    endloop
  endfacet
  facet normal 0.372829675674 0.927899777889 0
    outer loop
      vertex 9.87793064117 4.85955810547 101.853157043
      vertex 10.0510463715 5.85955810547 101.783599854
      vertex 9.87793064117 5.85955810547 101.853157043
    endloop
  endfacet
  facet normal 0.524332642555 0.851513504982 0
    outer loop
      vertex 9.87793064117 4.85955810547 101.853157043
      vertex 9.87793064117 5.85955810547 101.853157043
      vertex 9.71905326843 4.85955810547 101.95098877
    endloop
  endfacet
  facet normal 0.524332642555 0.851513504982 0
    outer loop
      vertex 9.71905326843 4.85955810547 101.95098877
      vertex 9.87793064117 5.85955810547 101.853157043
      vertex 9.71905326843 5.85955810547 101.95098877
    endloop
  endfacet
  facet normal 0.660660207272 0.750685095787 0
    outer loop
      vertex 9.71905326843 4.85955810547 101.95098877
      vertex 9.71905326843 5.85955810547 101.95098877
      vertex 9.5790014267 4.85955810547 102.074241638
    endloop
  endfacet
  facet normal 0.660660207272 0.750685095787 0
    outer loop
      vertex 9.5790014267 4.85955810547 102.074241638
      vertex 9.71905326843 5.85955810547 101.95098877
      vertex 9.5790014267 5.85955810547 102.074241638
    endloop
  endfacet
  facet normal 0.778034687042 0.628221273422 0
    outer loop
      vertex 9.5790014267 4.85955810547 102.074241638
      vertex 9.5790014267 5.85955810547 102.074241638
      vertex 9.46179389954 4.85955810547 102.219406128
    endloop
  endfacet
  facet normal 0.778034687042 0.628221273422 0
    outer loop
      vertex 9.46179389954 4.85955810547 102.219406128
      vertex 9.5790014267 5.85955810547 102.074241638
      vertex 9.46179389954 5.85955810547 102.219406128
    endloop
  endfacet
  facet normal 0.873015284538 0.487692832947 0
    outer loop
      vertex 9.46179389954 4.85955810547 102.219406128
      vertex 9.46179389954 5.85955810547 102.219406128
      vertex 9.37079906464 4.85955810547 102.382293701
    endloop
  endfacet
  facet normal 0.873015284538 0.487692832947 0
    outer loop
      vertex 9.37079906464 4.85955810547 102.382293701
      vertex 9.46179389954 5.85955810547 102.219406128
      vertex 9.37079906464 5.85955810547 102.382293701
    endloop
  endfacet
  facet normal 0.942877411842 0.333139896393 0
    outer loop
      vertex 9.37079906464 4.85955810547 102.382293701
      vertex 9.37079906464 5.85955810547 102.382293701
      vertex 9.30864429474 4.85955810547 102.558204651
    endloop
  endfacet
  facet normal 0.942877411842 0.333139896393 0
    outer loop
      vertex 9.30864429474 4.85955810547 102.558204651
      vertex 9.37079906464 5.85955810547 102.382293701
      vertex 9.30864429474 5.85955810547 102.558204651
    endloop
  endfacet
  facet normal 0.98561745882 0.168991908431 0
    outer loop
      vertex 9.30864429474 4.85955810547 102.558204651
      vertex 9.30864429474 5.85955810547 102.558204651
      vertex 9.27711391449 4.85955810547 102.742103577
    endloop
  endfacet
  facet normal 0.98561745882 0.168991908431 0
    outer loop
      vertex 9.27711391449 4.85955810547 102.742103577
      vertex 9.30864429474 5.85955810547 102.558204651
      vertex 9.27711391449 5.85955810547 102.742103577
    endloop
  endfacet
  facet normal 1 -0 0
    outer loop
      vertex 9.27711391449 4.85955810547 102.742103577
      vertex 9.27711391449 5.85955810547 102.742103577
      vertex 9.27711391449 4.85955810547 102.928672791
    endloop
  endfacet
  facet normal 1 0 0
    outer loop
      vertex 9.27711391449 4.85955810547 102.928672791
      vertex 9.27711391449 5.85955810547 102.742103577
      vertex 9.27711391449 5.85955810547 102.928672791
    endloop
  endfacet
  facet normal 0.98561745882 -0.168991908431 0
    outer loop
      vertex 9.27711391449 4.85955810547 102.928672791
      vertex 9.27711391449 5.85955810547 102.928672791
      vertex 9.30864429474 4.85955810547 103.112564087
    endloop
  endfacet
  facet normal 0.98561745882 -0.168991908431 0
    outer loop
      vertex 9.30864429474 4.85955810547 103.112564087
      vertex 9.27711391449 5.85955810547 102.928672791
      vertex 9.30864429474 5.85955810547 103.112564087
    endloop
  endfacet
  facet normal 0.942868053913 -0.333166390657 0
    outer loop
      vertex 9.30864429474 4.85955810547 103.112564087
      vertex 9.30864429474 5.85955810547 103.112564087
      vertex 9.37079906464 4.85955810547 103.288467407
    endloop
  endfacet
  facet normal 0.942868053913 -0.333166390657 0
    outer loop
      vertex 9.37079906464 4.85955810547 103.288467407
      vertex 9.30864429474 5.85955810547 103.112564087
      vertex 9.37079906464 5.85955810547 103.288467407
    endloop
  endfacet
  facet normal 0.873015284538 -0.487692832947 0
    outer loop
      vertex 9.37079906464 4.85955810547 103.288467407
      vertex 9.37079906464 5.85955810547 103.288467407
      vertex 9.46179389954 4.85955810547 103.45135498
    endloop
  endfacet
  facet normal 0.873015284538 -0.487692832947 0
    outer loop
      vertex 9.46179389954 4.85955810547 103.45135498
      vertex 9.37079906464 5.85955810547 103.288467407
      vertex 9.46179389954 5.85955810547 103.45135498
    endloop
  endfacet
  facet normal 0.778034687042 -0.628221273422 0
    outer loop
      vertex 9.46179389954 4.85955810547 103.45135498
      vertex 9.46179389954 5.85955810547 103.45135498
      vertex 9.5790014267 4.85955810547 103.596511841
    endloop
  endfacet
  facet normal 0.778034687042 -0.628221273422 0
    outer loop
      vertex 9.5790014267 4.85955810547 103.596511841
      vertex 9.46179389954 5.85955810547 103.45135498
      vertex 9.5790014267 5.85955810547 103.596511841
    endloop
  endfacet
  facet normal 0.660707712173 -0.750643253326 0
    outer loop
      vertex 9.5790014267 4.85955810547 103.596511841
      vertex 9.5790014267 5.85955810547 103.596511841
      vertex 9.71905326843 4.85955810547 103.719787598
    endloop
  endfacet
  facet normal 0.660707712173 -0.750643253326 0
    outer loop
      vertex 9.71905326843 4.85955810547 103.719787598
      vertex 9.5790014267 5.85955810547 103.596511841
      vertex 9.71905326843 5.85955810547 103.719787598
    endloop
  endfacet
  facet normal 0.52427148819 -0.851551175117 0
    outer loop
      vertex 9.71905326843 4.85955810547 103.719787598
      vertex 9.71905326843 5.85955810547 103.719787598
      vertex 9.87793064117 4.85955810547 103.817596436
    endloop
  endfacet
  facet normal 0.52427148819 -0.851551175117 0
    outer loop
      vertex 9.87793064117 4.85955810547 103.817596436
      vertex 9.71905326843 5.85955810547 103.719787598
      vertex 9.87793064117 5.85955810547 103.817596436
    endloop
  endfacet
  facet normal 0.372902274132 -0.927870631218 0
    outer loop
      vertex 9.87793064117 4.85955810547 103.817596436
      vertex 9.87793064117 5.85955810547 103.817596436
      vertex 10.0510463715 4.85955810547 103.887176514
    endloop
  endfacet
  facet normal 0.372902274132 -0.927870631218 0
    outer loop
      vertex 10.0510463715 4.85955810547 103.887176514
      vertex 9.87793064117 5.85955810547 103.817596436
      vertex 10.0510463715 5.85955810547 103.887176514
    endloop
  endfacet
  facet normal 0.2106577456 -0.977559864521 0
    outer loop
      vertex 10.0510463715 4.85955810547 103.887176514
      vertex 10.0510463715 5.85955810547 103.887176514
      vertex 10.2334299088 4.85955810547 103.926475525
    endloop
  endfacet
  facet normal 0.2106577456 -0.977559864521 0
    outer loop
      vertex 10.2334299088 4.85955810547 103.926475525
      vertex 10.0510463715 5.85955810547 103.887176514
      vertex 10.2334299088 5.85955810547 103.926475525
    endloop
  endfacet
  facet normal 0.0424180030823 -0.999099969864 0
    outer loop
      vertex 10.2334299088 4.85955810547 103.926475525
      vertex 10.2334299088 5.85955810547 103.926475525
      vertex 10.4198331833 4.85955810547 103.934387207
    endloop
  endfacet
  facet normal 0.0424180030823 -0.999099969864 0
    outer loop
      vertex 10.4198331833 4.85955810547 103.934387207
      vertex 10.2334299088 5.85955810547 103.926475525
      vertex 10.4198331833 5.85955810547 103.934387207
    endloop
  endfacet
  facet normal -0.126997321844 -0.991903066635 -0
    outer loop
      vertex 10.4198331833 4.85955810547 103.934387207
      vertex 10.4198331833 5.85955810547 103.934387207
      vertex 10.6048984528 4.85955810547 103.910697937
    endloop
  endfacet
  facet normal -0.126997321844 -0.991903066635 -0
    outer loop
      vertex 10.6048984528 4.85955810547 103.910697937
      vertex 10.4198331833 5.85955810547 103.934387207
      vertex 10.6048984528 5.85955810547 103.910697937
    endloop
  endfacet
  facet normal -0.292793750763 -0.956175625324 -0
    outer loop
      vertex 10.6048984528 4.85955810547 103.910697937
      vertex 10.6048984528 5.85955810547 103.910697937
      vertex 10.7832937241 4.85955810547 103.856071472
    endloop
  endfacet
  facet normal -0.292793750763 -0.956175625324 -0
    outer loop
      vertex 10.7832937241 4.85955810547 103.856071472
      vertex 10.6048984528 5.85955810547 103.910697937
      vertex 10.7832937241 5.85955810547 103.856071472
    endloop
  endfacet
  facet normal -0.450230002403 -0.892912626266 -0
    outer loop
      vertex 10.7832937241 4.85955810547 103.856071472
      vertex 10.7832937241 5.85955810547 103.856071472
      vertex 10.9498882294 4.85955810547 103.772064209
    endloop
  endfacet
  facet normal -0.450230002403 -0.892912626266 -0
    outer loop
      vertex 10.9498882294 4.85955810547 103.772064209
      vertex 10.7832937241 5.85955810547 103.856071472
      vertex 10.9498882294 5.85955810547 103.772064209
    endloop
  endfacet
  facet normal -0.594616293907 -0.804009616375 -0
    outer loop
      vertex 10.9498882294 4.85955810547 103.772064209
      vertex 10.9498882294 5.85955810547 103.772064209
      vertex 11.0998916626 4.85955810547 103.661132812
    endloop
  endfacet
  facet normal -0.594616293907 -0.804009616375 -0
    outer loop
      vertex 11.0998916626 4.85955810547 103.661132812
      vertex 10.9498882294 5.85955810547 103.772064209
      vertex 11.0998916626 5.85955810547 103.661132812
    endloop
  endfacet
  facet normal -0.721977651119 -0.69191634655 -0
    outer loop
      vertex 11.0998916626 4.85955810547 103.661132812
      vertex 11.0998916626 5.85955810547 103.661132812
      vertex 11.2289924622 4.85955810547 103.526420593
    endloop
  endfacet
  facet normal -0.721977651119 -0.69191634655 -0
    outer loop
      vertex 11.2289924622 4.85955810547 103.526420593
      vertex 11.0998916626 5.85955810547 103.661132812
      vertex 11.2289924622 5.85955810547 103.526420593
    endloop
  endfacet
  facet normal -0.828483581543 -0.560013353825 -0
    outer loop
      vertex 11.2289924622 4.85955810547 103.526420593
      vertex 11.2289924622 5.85955810547 103.526420593
      vertex 11.3334722519 4.85955810547 103.37184906
    endloop
  endfacet
  facet normal -0.828483581543 -0.560013353825 -0
    outer loop
      vertex 11.3334722519 4.85955810547 103.37184906
      vertex 11.2289924622 5.85955810547 103.526420593
      vertex 11.3334722519 5.85955810547 103.37184906
    endloop
  endfacet
  facet normal -0.911248087883 -0.411857843399 -0
    outer loop
      vertex 11.3334722519 4.85955810547 103.37184906
      vertex 11.3334722519 5.85955810547 103.37184906
      vertex 11.4103145599 4.85955810547 103.201835632
    endloop
  endfacet
  facet normal -0.911248087883 -0.411857843399 -0
    outer loop
      vertex 11.4103145599 4.85955810547 103.201835632
      vertex 11.3334722519 5.85955810547 103.37184906
      vertex 11.4103145599 5.85955810547 103.201835632
    endloop
  endfacet
  facet normal -0.967735350132 -0.251968741417 -0
    outer loop
      vertex 11.4103145599 4.85955810547 103.201835632
      vertex 11.4103145599 5.85955810547 103.201835632
      vertex 11.4573259354 4.85955810547 103.021278381
    endloop
  endfacet
  facet normal -0.967735350132 -0.251968741417 -0
    outer loop
      vertex 11.4573259354 4.85955810547 103.021278381
      vertex 11.4103145599 5.85955810547 103.201835632
      vertex 11.4573259354 5.85955810547 103.021278381
    endloop
  endfacet
  facet normal -0.996394693851 -0.0848390236497 -0
    outer loop
      vertex 11.4573259354 4.85955810547 103.021278381
      vertex 11.4573259354 5.85955810547 103.021278381
      vertex 11.473154068 4.85955810547 102.835388184
    endloop
  endfacet
  facet normal -0.996394693851 -0.0848390236497 -0
    outer loop
      vertex 11.473154068 4.85955810547 102.835388184
      vertex 11.4573259354 5.85955810547 103.021278381
      vertex 11.473154068 5.85955810547 102.835388184
    endloop
  endfacet
  facet normal -0.996395289898 0.0848318934441 0
    outer loop
      vertex 1.4731541872 4.85955810547 102.835388184
      vertex 1.4731541872 5.85955810547 102.835388184
      vertex 1.45732617378 4.85955810547 102.649475098
    endloop
  endfacet
  facet normal -0.996395289898 0.0848318934441 0
    outer loop
      vertex 1.45732617378 4.85955810547 102.649475098
      vertex 1.4731541872 5.85955810547 102.835388184
      vertex 1.45732617378 5.85955810547 102.649475098
    endloop
  endfacet
  facet normal -0.967730045319 0.251989305019 0
    outer loop
      vertex 1.45732617378 4.85955810547 102.649475098
      vertex 1.45732617378 5.85955810547 102.649475098
      vertex 1.41031444073 4.85955810547 102.468933105
    endloop
  endfacet
  facet normal -0.967730045319 0.251989305019 0
    outer loop
      vertex 1.41031444073 4.85955810547 102.468933105
      vertex 1.45732617378 5.85955810547 102.649475098
      vertex 1.41031444073 5.85955810547 102.468933105
    endloop
  endfacet
  facet normal -0.911232292652 0.411892861128 0
    outer loop
      vertex 1.41031444073 4.85955810547 102.468933105
      vertex 1.41031444073 5.85955810547 102.468933105
      vertex 1.33346390724 4.85955810547 102.298919678
    endloop
  endfacet
  facet normal -0.911232292652 0.411892861128 0
    outer loop
      vertex 1.33346390724 4.85955810547 102.298919678
      vertex 1.41031444073 5.85955810547 102.468933105
      vertex 1.33346390724 5.85955810547 102.298919678
    endloop
  endfacet
  facet normal -0.828530788422 0.559943497181 0
    outer loop
      vertex 1.33346390724 4.85955810547 102.298919678
      vertex 1.33346390724 5.85955810547 102.298919678
      vertex 1.22899329662 4.85955810547 102.144340515
    endloop
  endfacet
  facet normal -0.828530788422 0.559943497181 0
    outer loop
      vertex 1.22899329662 4.85955810547 102.144340515
      vertex 1.33346390724 5.85955810547 102.298919678
      vertex 1.22899329662 5.85955810547 102.144340515
    endloop
  endfacet
  facet normal -0.721937298775 0.691958487034 0
    outer loop
      vertex 1.22899329662 4.85955810547 102.144340515
      vertex 1.22899329662 5.85955810547 102.144340515
      vertex 1.09989178181 4.85955810547 102.009643555
    endloop
  endfacet
  facet normal -0.721937298775 0.691958487034 0
    outer loop
      vertex 1.09989178181 4.85955810547 102.009643555
      vertex 1.22899329662 5.85955810547 102.144340515
      vertex 1.09989178181 5.85955810547 102.009643555
    endloop
  endfacet
  facet normal -0.594616293907 0.804009616375 0
    outer loop
      vertex 1.09989178181 4.85955810547 102.009643555
      vertex 1.09989178181 5.85955810547 102.009643555
      vertex 0.94988822937 4.85955810547 101.898704529
    endloop
  endfacet
  facet normal -0.594616293907 0.804009616375 0
    outer loop
      vertex 0.94988822937 4.85955810547 101.898704529
      vertex 1.09989178181 5.85955810547 102.009643555
      vertex 0.94988822937 5.85955810547 101.898704529
    endloop
  endfacet
  facet normal -0.450230002403 0.892912626266 0
    outer loop
      vertex 0.94988822937 4.85955810547 101.898704529
      vertex 0.94988822937 5.85955810547 101.898704529
      vertex 0.783293664455 4.85955810547 101.814704895
    endloop
  endfacet
  facet normal -0.450230002403 0.892912626266 0
    outer loop
      vertex 0.783293664455 4.85955810547 101.814704895
      vertex 0.94988822937 5.85955810547 101.898704529
      vertex 0.783293664455 5.85955810547 101.814704895
    endloop
  endfacet
  facet normal -0.292793750763 0.956175625324 0
    outer loop
      vertex 0.783293664455 4.85955810547 101.814704895
      vertex 0.783293664455 5.85955810547 101.814704895
      vertex 0.604898989201 4.85955810547 101.76007843
    endloop
  endfacet
  facet normal -0.292793750763 0.956175625324 0
    outer loop
      vertex 0.604898989201 4.85955810547 101.76007843
      vertex 0.783293664455 5.85955810547 101.814704895
      vertex 0.604898989201 5.85955810547 101.76007843
    endloop
  endfacet
  facet normal -0.127002641559 0.991902351379 0
    outer loop
      vertex 0.604898989201 4.85955810547 101.76007843
      vertex 0.604898989201 5.85955810547 101.76007843
      vertex 0.419841110706 4.85955810547 101.736381531
    endloop
  endfacet
  facet normal -0.127002641559 0.991902351379 0
    outer loop
      vertex 0.419841110706 4.85955810547 101.736381531
      vertex 0.604898989201 5.85955810547 101.76007843
      vertex 0.419841110706 5.85955810547 101.736381531
    endloop
  endfacet
  facet normal 0.0424162149429 0.999100029469 0
    outer loop
      vertex 0.419841110706 4.85955810547 101.736381531
      vertex 0.419841110706 5.85955810547 101.736381531
      vertex 0.233430176973 4.85955810547 101.744293213
    endloop
  endfacet
  facet normal 0.0424162149429 0.999100029469 0
    outer loop
      vertex 0.233430176973 4.85955810547 101.744293213
      vertex 0.419841110706 5.85955810547 101.736381531
      vertex 0.233430176973 5.85955810547 101.744293213
    endloop
  endfacet
  facet normal 0.2106577456 0.977559864521 0
    outer loop
      vertex 0.233430176973 4.85955810547 101.744293213
      vertex 0.233430176973 5.85955810547 101.744293213
      vertex 0.0510470233858 4.85955810547 101.783599854
    endloop
  endfacet
  facet normal 0.2106577456 0.977559864521 0
    outer loop
      vertex 0.0510470233858 4.85955810547 101.783599854
      vertex 0.233430176973 5.85955810547 101.744293213
      vertex 0.0510470233858 5.85955810547 101.783599854
    endloop
  endfacet
  facet normal 0.372822374105 0.927902698517 0
    outer loop
      vertex 0.0510470233858 4.85955810547 101.783599854
      vertex 0.0510470233858 5.85955810547 101.783599854
      vertex -0.12207300961 4.85955810547 101.853157043
    endloop
  endfacet
  facet normal 0.372822374105 0.927902698517 0
    outer loop
      vertex -0.12207300961 4.85955810547 101.853157043
      vertex 0.0510470233858 5.85955810547 101.783599854
      vertex -0.12207300961 5.85955810547 101.853157043
    endloop
  endfacet
  facet normal 0.524342060089 0.851507723331 0
    outer loop
      vertex -0.12207300961 4.85955810547 101.853157043
      vertex -0.12207300961 5.85955810547 101.853157043
      vertex -0.280946314335 4.85955810547 101.95098877
    endloop
  endfacet
  facet normal 0.524342060089 0.851507723331 0
    outer loop
      vertex -0.280946314335 4.85955810547 101.95098877
      vertex -0.12207300961 5.85955810547 101.853157043
      vertex -0.280946314335 5.85955810547 101.95098877
    endloop
  endfacet
  facet normal 0.660660207272 0.750685095787 0
    outer loop
      vertex -0.280946314335 4.85955810547 101.95098877
      vertex -0.280946314335 5.85955810547 101.95098877
      vertex -0.420998394489 4.85955810547 102.074241638
    endloop
  endfacet
  facet normal 0.660660207272 0.750685095787 0
    outer loop
      vertex -0.420998394489 4.85955810547 102.074241638
      vertex -0.280946314335 5.85955810547 101.95098877
      vertex -0.420998394489 5.85955810547 102.074241638
    endloop
  endfacet
  facet normal 0.778024435043 0.628234028816 0
    outer loop
      vertex -0.420998394489 4.85955810547 102.074241638
      vertex -0.420998394489 5.85955810547 102.074241638
      vertex -0.538209319115 4.85955810547 102.219406128
    endloop
  endfacet
  facet normal 0.778024435043 0.628234028816 0
    outer loop
      vertex -0.538209319115 4.85955810547 102.219406128
      vertex -0.420998394489 5.85955810547 102.074241638
      vertex -0.538209319115 5.85955810547 102.219406128
    endloop
  endfacet
  facet normal 0.87302428484 0.487676769495 0
    outer loop
      vertex -0.538209319115 4.85955810547 102.219406128
      vertex -0.538209319115 5.85955810547 102.219406128
      vertex -0.629200279713 4.85955810547 102.382293701
    endloop
  endfacet
  facet normal 0.87302428484 0.487676769495 0
    outer loop
      vertex -0.629200279713 4.85955810547 102.382293701
      vertex -0.538209319115 5.85955810547 102.219406128
      vertex -0.629200279713 5.85955810547 102.382293701
    endloop
  endfacet
  facet normal 0.942877411842 0.333139896393 0
    outer loop
      vertex -0.629200279713 4.85955810547 102.382293701
      vertex -0.629200279713 5.85955810547 102.382293701
      vertex -0.691355645657 4.85955810547 102.558204651
    endloop
  endfacet
  facet normal 0.942877411842 0.333139896393 0
    outer loop
      vertex -0.691355645657 4.85955810547 102.558204651
      vertex -0.629200279713 5.85955810547 102.382293701
      vertex -0.691355645657 5.85955810547 102.558204651
    endloop
  endfacet
  facet normal 0.98561745882 0.168991908431 0
    outer loop
      vertex -0.691355645657 4.85955810547 102.558204651
      vertex -0.691355645657 5.85955810547 102.558204651
      vertex -0.722885608673 4.85955810547 102.742103577
    endloop
  endfacet
  facet normal 0.98561745882 0.168991908431 0
    outer loop
      vertex -0.722885608673 4.85955810547 102.742103577
      vertex -0.691355645657 5.85955810547 102.558204651
      vertex -0.722885608673 5.85955810547 102.742103577
    endloop
  endfacet
  facet normal 1 -0 0
    outer loop
      vertex -0.722885608673 4.85955810547 102.742103577
      vertex -0.722885608673 5.85955810547 102.742103577
      vertex -0.722885608673 4.85955810547 102.928672791
    endloop
  endfacet
  facet normal 1 0 0
    outer loop
      vertex -0.722885608673 4.85955810547 102.928672791
      vertex -0.722885608673 5.85955810547 102.742103577
      vertex -0.722885608673 5.85955810547 102.928672791
    endloop
  endfacet
  facet normal 0.98561745882 -0.168991908431 0
    outer loop
      vertex -0.722885608673 4.85955810547 102.928672791
      vertex -0.722885608673 5.85955810547 102.928672791
      vertex -0.691355645657 4.85955810547 103.112564087
    endloop
  endfacet
  facet normal 0.98561745882 -0.168991908431 0
    outer loop
      vertex -0.691355645657 4.85955810547 103.112564087
      vertex -0.722885608673 5.85955810547 102.928672791
      vertex -0.691355645657 5.85955810547 103.112564087
    endloop
  endfacet
  facet normal 0.942868053913 -0.333166390657 0
    outer loop
      vertex -0.691355645657 4.85955810547 103.112564087
      vertex -0.691355645657 5.85955810547 103.112564087
      vertex -0.629200279713 4.85955810547 103.288467407
    endloop
  endfacet
  facet normal 0.942868053913 -0.333166390657 0
    outer loop
      vertex -0.629200279713 4.85955810547 103.288467407
      vertex -0.691355645657 5.85955810547 103.112564087
      vertex -0.629200279713 5.85955810547 103.288467407
    endloop
  endfacet
  facet normal 0.87302428484 -0.487676769495 0
    outer loop
      vertex -0.629200279713 4.85955810547 103.288467407
      vertex -0.629200279713 5.85955810547 103.288467407
      vertex -0.538209319115 4.85955810547 103.45135498
    endloop
  endfacet
  facet normal 0.87302428484 -0.487676769495 0
    outer loop
      vertex -0.538209319115 4.85955810547 103.45135498
      vertex -0.629200279713 5.85955810547 103.288467407
      vertex -0.538209319115 5.85955810547 103.45135498
    endloop
  endfacet
  facet normal 0.778024435043 -0.628234028816 0
    outer loop
      vertex -0.538209319115 4.85955810547 103.45135498
      vertex -0.538209319115 5.85955810547 103.45135498
      vertex -0.420998394489 4.85955810547 103.596511841
    endloop
  endfacet
  facet normal 0.778024435043 -0.628234028816 0
    outer loop
      vertex -0.420998394489 4.85955810547 103.596511841
      vertex -0.538209319115 5.85955810547 103.45135498
      vertex -0.420998394489 5.85955810547 103.596511841
    endloop
  endfacet
  facet normal 0.660707712173 -0.750643253326 0
    outer loop
      vertex -0.420998394489 4.85955810547 103.596511841
      vertex -0.420998394489 5.85955810547 103.596511841
      vertex -0.280946314335 4.85955810547 103.719787598
    endloop
  endfacet
  facet normal 0.660707712173 -0.750643253326 0
    outer loop
      vertex -0.280946314335 4.85955810547 103.719787598
      vertex -0.420998394489 5.85955810547 103.596511841
      vertex -0.280946314335 5.85955810547 103.719787598
    endloop
  endfacet
  facet normal 0.524280905724 -0.851545393467 0
    outer loop
      vertex -0.280946314335 4.85955810547 103.719787598
      vertex -0.280946314335 5.85955810547 103.719787598
      vertex -0.12207300961 4.85955810547 103.817596436
    endloop
  endfacet
  facet normal 0.524280905724 -0.851545393467 0
    outer loop
      vertex -0.12207300961 4.85955810547 103.817596436
      vertex -0.280946314335 5.85955810547 103.719787598
      vertex -0.12207300961 5.85955810547 103.817596436
    endloop
  endfacet
  facet normal 0.372895002365 -0.927873551846 0
    outer loop
      vertex -0.12207300961 4.85955810547 103.817596436
      vertex -0.12207300961 5.85955810547 103.817596436
      vertex 0.0510470233858 4.85955810547 103.887176514
    endloop
  endfacet
  facet normal 0.372895002365 -0.927873551846 0
    outer loop
      vertex 0.0510470233858 4.85955810547 103.887176514
      vertex -0.12207300961 5.85955810547 103.817596436
      vertex 0.0510470233858 5.85955810547 103.887176514
    endloop
  endfacet
  facet normal 0.2106577456 -0.977559864521 0
    outer loop
      vertex 0.0510470233858 4.85955810547 103.887176514
      vertex 0.0510470233858 5.85955810547 103.887176514
      vertex 0.233430176973 4.85955810547 103.926475525
    endloop
  endfacet
  facet normal 0.2106577456 -0.977559864521 0
    outer loop
      vertex 0.233430176973 4.85955810547 103.926475525
      vertex 0.0510470233858 5.85955810547 103.887176514
      vertex 0.233430176973 5.85955810547 103.926475525
    endloop
  endfacet
  facet normal 0.0424162149429 -0.999100029469 0
    outer loop
      vertex 0.233430176973 4.85955810547 103.926475525
      vertex 0.233430176973 5.85955810547 103.926475525
      vertex 0.419841110706 4.85955810547 103.934387207
    endloop
  endfacet
  facet normal 0.0424162149429 -0.999100029469 0
    outer loop
      vertex 0.419841110706 4.85955810547 103.934387207
      vertex 0.233430176973 5.85955810547 103.926475525
      vertex 0.419841110706 5.85955810547 103.934387207
    endloop
  endfacet
  facet normal -0.127002641559 -0.991902351379 -0
    outer loop
      vertex 0.419841110706 4.85955810547 103.934387207
      vertex 0.419841110706 5.85955810547 103.934387207
      vertex 0.604898989201 4.85955810547 103.910697937
    endloop
  endfacet
  facet normal -0.127002641559 -0.991902351379 -0
    outer loop
      vertex 0.604898989201 4.85955810547 103.910697937
      vertex 0.419841110706 5.85955810547 103.934387207
      vertex 0.604898989201 5.85955810547 103.910697937
    endloop
  endfacet
  facet normal -0.292793750763 -0.956175625324 -0
    outer loop
      vertex 0.604898989201 4.85955810547 103.910697937
      vertex 0.604898989201 5.85955810547 103.910697937
      vertex 0.783293664455 4.85955810547 103.856071472
    endloop
  endfacet
  facet normal -0.292793750763 -0.956175625324 -0
    outer loop
      vertex 0.783293664455 4.85955810547 103.856071472
      vertex 0.604898989201 5.85955810547 103.910697937
      vertex 0.783293664455 5.85955810547 103.856071472
    endloop
  endfacet
  facet normal -0.450230002403 -0.892912626266 -0
    outer loop
      vertex 0.783293664455 4.85955810547 103.856071472
      vertex 0.783293664455 5.85955810547 103.856071472
      vertex 0.94988822937 4.85955810547 103.772064209
    endloop
  endfacet
  facet normal -0.450230002403 -0.892912626266 -0
    outer loop
      vertex 0.94988822937 4.85955810547 103.772064209
      vertex 0.783293664455 5.85955810547 103.856071472
      vertex 0.94988822937 5.85955810547 103.772064209
    endloop
  endfacet
  facet normal -0.594616293907 -0.804009616375 -0
    outer loop
      vertex 0.94988822937 4.85955810547 103.772064209
      vertex 0.94988822937 5.85955810547 103.772064209
      vertex 1.09989178181 4.85955810547 103.661132812
    endloop
  endfacet
  facet normal -0.594616293907 -0.804009616375 -0
    outer loop
      vertex 1.09989178181 4.85955810547 103.661132812
      vertex 0.94988822937 5.85955810547 103.772064209
      vertex 1.09989178181 5.85955810547 103.661132812
    endloop
  endfacet
  facet normal -0.721977651119 -0.69191634655 -0
    outer loop
      vertex 1.09989178181 4.85955810547 103.661132812
      vertex 1.09989178181 5.85955810547 103.661132812
      vertex 1.22899329662 4.85955810547 103.526420593
    endloop
  endfacet
  facet normal -0.721977651119 -0.69191634655 -0
    outer loop
      vertex 1.22899329662 4.85955810547 103.526420593
      vertex 1.09989178181 5.85955810547 103.661132812
      vertex 1.22899329662 5.85955810547 103.526420593
    endloop
  endfacet
  facet normal -0.828504383564 -0.559982597828 -0
    outer loop
      vertex 1.22899329662 4.85955810547 103.526420593
      vertex 1.22899329662 5.85955810547 103.526420593
      vertex 1.33346390724 4.85955810547 103.37184906
    endloop
  endfacet
  facet normal -0.828504383564 -0.559982597828 -0
    outer loop
      vertex 1.33346390724 4.85955810547 103.37184906
      vertex 1.22899329662 5.85955810547 103.526420593
      vertex 1.33346390724 5.85955810547 103.37184906
    endloop
  endfacet
  facet normal -0.911232292652 -0.411892861128 -0
    outer loop
      vertex 1.33346390724 4.85955810547 103.37184906
      vertex 1.33346390724 5.85955810547 103.37184906
      vertex 1.41031444073 4.85955810547 103.201835632
    endloop
  endfacet
  facet normal -0.911232292652 -0.411892861128 -0
    outer loop
      vertex 1.41031444073 4.85955810547 103.201835632
      vertex 1.33346390724 5.85955810547 103.37184906
      vertex 1.41031444073 5.85955810547 103.201835632
    endloop
  endfacet
  facet normal -0.967735350132 -0.251968741417 -0
    outer loop
      vertex 1.41031444073 4.85955810547 103.201835632
      vertex 1.41031444073 5.85955810547 103.201835632
      vertex 1.45732617378 4.85955810547 103.021278381
    endloop
  endfacet
  facet normal -0.967735350132 -0.251968741417 -0
    outer loop
      vertex 1.45732617378 4.85955810547 103.021278381
      vertex 1.41031444073 5.85955810547 103.201835632
      vertex 1.45732617378 5.85955810547 103.021278381
    endloop
  endfacet
  facet normal -0.996394693851 -0.0848390236497 -0
    outer loop
      vertex 1.45732617378 4.85955810547 103.021278381
      vertex 1.45732617378 5.85955810547 103.021278381
      vertex 1.4731541872 4.85955810547 102.835388184
    endloop
  endfacet
  facet normal -0.996394693851 -0.0848390236497 -0
    outer loop
      vertex 1.4731541872 4.85955810547 102.835388184
      vertex 1.45732617378 5.85955810547 103.021278381
      vertex 1.4731541872 5.85955810547 102.835388184
    endloop
  endfacet
  facet normal -0.996397316456 0.0848081186414 0
    outer loop
      vertex 1.67315292358 -3.14044523239 54.8353805542
      vertex 1.67315292358 4.85955810547 54.8353805542
      vertex 1.65445363522 -3.14044523239 54.6156845093
    endloop
  endfacet
  facet normal -0.996397316456 0.0848081186414 0
    outer loop
      vertex 1.65445363522 -3.14044523239 54.6156845093
      vertex 1.67315292358 4.85955810547 54.8353805542
      vertex 1.65445363522 4.85955810547 54.6156845093
    endloop
  endfacet
  facet normal -0.967728972435 0.25199341774 0
    outer loop
      vertex 1.65445363522 -3.14044523239 54.6156845093
      vertex 1.65445363522 4.85955810547 54.6156845093
      vertex 1.59889066219 -3.14044523239 54.402305603
    endloop
  endfacet
  facet normal -0.967728972435 0.25199341774 0
    outer loop
      vertex 1.59889066219 -3.14044523239 54.402305603
      vertex 1.65445363522 4.85955810547 54.6156845093
      vertex 1.59889066219 4.85955810547 54.402305603
    endloop
  endfacet
  facet normal -0.911231994629 0.411893546581 0
    outer loop
      vertex 1.59889066219 -3.14044523239 54.402305603
      vertex 1.59889066219 4.85955810547 54.402305603
      vertex 1.50806879997 -3.14044523239 54.2013816833
    endloop
  endfacet
  facet normal -0.911231994629 0.411893546581 0
    outer loop
      vertex 1.50806879997 -3.14044523239 54.2013816833
      vertex 1.59889066219 4.85955810547 54.402305603
      vertex 1.50806879997 4.85955810547 54.2013816833
    endloop
  endfacet
  facet normal -0.828515172005 0.559966623783 0
    outer loop
      vertex 1.50806879997 -3.14044523239 54.2013816833
      vertex 1.50806879997 4.85955810547 54.2013816833
      vertex 1.38459992409 -3.14044523239 54.018699646
    endloop
  endfacet
  facet normal -0.828515172005 0.559966623783 0
    outer loop
      vertex 1.38459992409 -3.14044523239 54.018699646
      vertex 1.50806879997 4.85955810547 54.2013816833
      vertex 1.38459992409 4.85955810547 54.018699646
    endloop
  endfacet
  facet normal -0.721949577332 0.691945672035 0
    outer loop
      vertex 1.38459992409 -3.14044523239 54.018699646
      vertex 1.38459992409 4.85955810547 54.018699646
      vertex 1.23202395439 -3.14044523239 53.8595085144
    endloop
  endfacet
  facet normal -0.721949577332 0.691945672035 0
    outer loop
      vertex 1.23202395439 -3.14044523239 53.8595085144
      vertex 1.38459992409 4.85955810547 54.018699646
      vertex 1.23202395439 4.85955810547 53.8595085144
    endloop
  endfacet
  facet normal -0.594637811184 0.803993701935 0
    outer loop
      vertex 1.23202395439 -3.14044523239 53.8595085144
      vertex 1.23202395439 4.85955810547 53.8595085144
      vertex 1.05474638939 -3.14044523239 53.7283935547
    endloop
  endfacet
  facet normal -0.594637811184 0.803993701935 0
    outer loop
      vertex 1.05474638939 -3.14044523239 53.7283935547
      vertex 1.23202395439 4.85955810547 53.8595085144
      vertex 1.05474638939 4.85955810547 53.7283935547
    endloop
  endfacet
  facet normal -0.450193852186 0.892930865288 0
    outer loop
      vertex 1.05474638939 -3.14044523239 53.7283935547
      vertex 1.05474638939 4.85955810547 53.7283935547
      vertex 0.857864737511 -3.14044523239 53.6291275024
    endloop
  endfacet
  facet normal -0.450193852186 0.892930865288 0
    outer loop
      vertex 0.857864737511 -3.14044523239 53.6291275024
      vertex 1.05474638939 4.85955810547 53.7283935547
      vertex 0.857864737511 4.85955810547 53.6291275024
    endloop
  endfacet
  facet normal -0.29284209013 0.956160843372 0
    outer loop
      vertex 0.857864737511 -3.14044523239 53.6291275024
      vertex 0.857864737511 4.85955810547 53.6291275024
      vertex 0.647035360336 -3.14044523239 53.5645599365
    endloop
  endfacet
  facet normal -0.29284209013 0.956160843372 0
    outer loop
      vertex 0.647035360336 -3.14044523239 53.5645599365
      vertex 0.857864737511 4.85955810547 53.6291275024
      vertex 0.647035360336 4.85955810547 53.5645599365
    endloop
  endfacet
  facet normal -0.127011314034 0.991901278496 0
    outer loop
      vertex 0.647035360336 -3.14044523239 53.5645599365
      vertex 0.647035360336 4.85955810547 53.5645599365
      vertex 0.428323447704 -3.14044523239 53.5365524292
    endloop
  endfacet
  facet normal -0.127011314034 0.991901278496 0
    outer loop
      vertex 0.428323447704 -3.14044523239 53.5365524292
      vertex 0.647035360336 4.85955810547 53.5645599365
      vertex 0.428323447704 4.85955810547 53.5365524292
    endloop
  endfacet
  facet normal 0.0424556136131 0.999098360538 0
    outer loop
      vertex 0.428323447704 -3.14044523239 53.5365524292
      vertex 0.428323447704 4.85955810547 53.5365524292
      vertex 0.208022475243 -3.14044523239 53.5459136963
    endloop
  endfacet
  facet normal 0.0424556136131 0.999098360538 0
    outer loop
      vertex 0.208022475243 -3.14044523239 53.5459136963
      vertex 0.428323447704 4.85955810547 53.5365524292
      vertex 0.208022475243 4.85955810547 53.5459136963
    endloop
  endfacet
  facet normal 0.210681438446 0.977554798126 0
    outer loop
      vertex 0.208022475243 -3.14044523239 53.5459136963
      vertex 0.208022475243 4.85955810547 53.5459136963
      vertex -0.00751909893006 -3.14044523239 53.5923690796
    endloop
  endfacet
  facet normal 0.210681438446 0.977554798126 0
    outer loop
      vertex -0.00751909893006 -3.14044523239 53.5923690796
      vertex 0.208022475243 4.85955810547 53.5459136963
      vertex -0.00751909893006 4.85955810547 53.5923690796
    endloop
  endfacet
  facet normal 0.372866511345 0.927884995937 0
    outer loop
      vertex -0.00751909893006 -3.14044523239 53.5923690796
      vertex -0.00751909893006 4.85955810547 53.5923690796
      vertex -0.212114065886 -3.14044523239 53.6745834351
    endloop
  endfacet
  facet normal 0.372866511345 0.927884995937 0
    outer loop
      vertex -0.212114065886 -3.14044523239 53.6745834351
      vertex -0.00751909893006 4.85955810547 53.5923690796
      vertex -0.212114065886 4.85955810547 53.6745834351
    endloop
  endfacet
  facet normal 0.52428650856 0.851541936398 0
    outer loop
      vertex -0.212114065886 -3.14044523239 53.6745834351
      vertex -0.212114065886 4.85955810547 53.6745834351
      vertex -0.399874150753 -3.14044523239 53.790184021
    endloop
  endfacet
  facet normal 0.52428650856 0.851541936398 0
    outer loop
      vertex -0.399874150753 -3.14044523239 53.790184021
      vertex -0.212114065886 4.85955810547 53.6745834351
      vertex -0.399874150753 4.85955810547 53.790184021
    endloop
  endfacet
  facet normal 0.660675346851 0.750671744347 0
    outer loop
      vertex -0.399874150753 -3.14044523239 53.790184021
      vertex -0.399874150753 4.85955810547 53.790184021
      vertex -0.565394878387 -3.14044523239 53.9358634949
    endloop
  endfacet
  facet normal 0.660675346851 0.750671744347 0
    outer loop
      vertex -0.565394878387 -3.14044523239 53.9358634949
      vertex -0.399874150753 4.85955810547 53.790184021
      vertex -0.565394878387 4.85955810547 53.9358634949
    endloop
  endfacet
  facet normal 0.778034389019 0.628221690655 0
    outer loop
      vertex -0.565394878387 -3.14044523239 53.9358634949
      vertex -0.565394878387 4.85955810547 53.9358634949
      vertex -0.703912973404 -3.14044523239 54.1074142456
    endloop
  endfacet
  facet normal 0.778034389019 0.628221690655 0
    outer loop
      vertex -0.703912973404 -3.14044523239 54.1074142456
      vertex -0.565394878387 4.85955810547 53.9358634949
      vertex -0.703912973404 4.85955810547 54.1074142456
    endloop
  endfacet
  facet normal 0.873018085957 0.487687826157 0
    outer loop
      vertex -0.703912973404 -3.14044523239 54.1074142456
      vertex -0.703912973404 4.85955810547 54.1074142456
      vertex -0.811447739601 -3.14044523239 54.299911499
    endloop
  endfacet
  facet normal 0.873018085957 0.487687826157 0
    outer loop
      vertex -0.811447739601 -3.14044523239 54.299911499
      vertex -0.703912973404 4.85955810547 54.1074142456
      vertex -0.811447739601 4.85955810547 54.299911499
    endloop
  endfacet
  facet normal 0.942874670029 0.333147615194 0
    outer loop
      vertex -0.811447739601 -3.14044523239 54.299911499
      vertex -0.811447739601 4.85955810547 54.299911499
      vertex -0.884903669357 -3.14044523239 54.5078086853
    endloop
  endfacet
  facet normal 0.942874670029 0.333147615194 0
    outer loop
      vertex -0.884903669357 -3.14044523239 54.5078086853
      vertex -0.811447739601 4.85955810547 54.299911499
      vertex -0.884903669357 4.85955810547 54.5078086853
    endloop
  endfacet
  facet normal 0.985615611076 0.169002428651 0
    outer loop
      vertex -0.884903669357 -3.14044523239 54.5078086853
      vertex -0.884903669357 4.85955810547 54.5078086853
      vertex -0.922168552876 -3.14044523239 54.7251358032
    endloop
  endfacet
  facet normal 0.985615611076 0.169002428651 0
    outer loop
      vertex -0.922168552876 -3.14044523239 54.7251358032
      vertex -0.884903669357 4.85955810547 54.5078086853
      vertex -0.922168552876 4.85955810547 54.7251358032
    endloop
  endfacet
  facet normal 1 -0 0
    outer loop
      vertex -0.922168552876 -3.14044523239 54.7251358032
      vertex -0.922168552876 4.85955810547 54.7251358032
      vertex -0.922168552876 -3.14044523239 54.9456329346
    endloop
  endfacet
  facet normal 1 0 0
    outer loop
      vertex -0.922168552876 -3.14044523239 54.9456329346
      vertex -0.922168552876 4.85955810547 54.7251358032
      vertex -0.922168552876 4.85955810547 54.9456329346
    endloop
  endfacet
  facet normal 0.985614597797 -0.169008374214 0
    outer loop
      vertex -0.922168552876 -3.14044523239 54.9456329346
      vertex -0.922168552876 4.85955810547 54.9456329346
      vertex -0.884903669357 -3.14044523239 55.1629524231
    endloop
  endfacet
  facet normal 0.985614597797 -0.169008374214 0
    outer loop
      vertex -0.884903669357 -3.14044523239 55.1629524231
      vertex -0.922168552876 4.85955810547 54.9456329346
      vertex -0.884903669357 4.85955810547 55.1629524231
    endloop
  endfacet
  facet normal 0.94287866354 -0.333136409521 0
    outer loop
      vertex -0.884903669357 -3.14044523239 55.1629524231
      vertex -0.884903669357 4.85955810547 55.1629524231
      vertex -0.811447739601 -3.14044523239 55.3708534241
    endloop
  endfacet
  facet normal 0.94287866354 -0.333136409521 0
    outer loop
      vertex -0.811447739601 -3.14044523239 55.3708534241
      vertex -0.884903669357 4.85955810547 55.1629524231
      vertex -0.811447739601 4.85955810547 55.3708534241
    endloop
  endfacet
  facet normal 0.873018085957 -0.487687826157 0
    outer loop
      vertex -0.811447739601 -3.14044523239 55.3708534241
      vertex -0.811447739601 4.85955810547 55.3708534241
      vertex -0.703912973404 -3.14044523239 55.5633544922
    endloop
  endfacet
  facet normal 0.873018085957 -0.487687826157 0
    outer loop
      vertex -0.703912973404 -3.14044523239 55.5633544922
      vertex -0.811447739601 4.85955810547 55.3708534241
      vertex -0.703912973404 4.85955810547 55.5633544922
    endloop
  endfacet
  facet normal 0.778034389019 -0.628221690655 0
    outer loop
      vertex -0.703912973404 -3.14044523239 55.5633544922
      vertex -0.703912973404 4.85955810547 55.5633544922
      vertex -0.565394878387 -3.14044523239 55.7349052429
    endloop
  endfacet
  facet normal 0.778034389019 -0.628221690655 0
    outer loop
      vertex -0.565394878387 -3.14044523239 55.7349052429
      vertex -0.703912973404 4.85955810547 55.5633544922
      vertex -0.565394878387 4.85955810547 55.7349052429
    endloop
  endfacet
  facet normal 0.660655260086 -0.750689446926 0
    outer loop
      vertex -0.565394878387 -3.14044523239 55.7349052429
      vertex -0.565394878387 4.85955810547 55.7349052429
      vertex -0.399874150753 -3.14044523239 55.8805732727
    endloop
  endfacet
  facet normal 0.660655260086 -0.750689446926 0
    outer loop
      vertex -0.399874150753 -3.14044523239 55.8805732727
      vertex -0.565394878387 4.85955810547 55.7349052429
      vertex -0.399874150753 4.85955810547 55.8805732727
    endloop
  endfacet
  facet normal 0.524312376976 -0.851526021957 0
    outer loop
      vertex -0.399874150753 -3.14044523239 55.8805732727
      vertex -0.399874150753 4.85955810547 55.8805732727
      vertex -0.212114065886 -3.14044523239 55.9961853027
    endloop
  endfacet
  facet normal 0.524312376976 -0.851526021957 0
    outer loop
      vertex -0.212114065886 -3.14044523239 55.9961853027
      vertex -0.399874150753 4.85955810547 55.8805732727
      vertex -0.212114065886 4.85955810547 55.9961853027
    endloop
  endfacet
  facet normal 0.372866511345 -0.927884995937 0
    outer loop
      vertex -0.212114065886 -3.14044523239 55.9961853027
      vertex -0.212114065886 4.85955810547 55.9961853027
      vertex -0.00751909893006 -3.14044523239 56.0783996582
    endloop
  endfacet
  facet normal 0.372866511345 -0.927884995937 0
    outer loop
      vertex -0.00751909893006 -3.14044523239 56.0783996582
      vertex -0.212114065886 4.85955810547 55.9961853027
      vertex -0.00751909893006 4.85955810547 56.0783996582
    endloop
  endfacet
  facet normal 0.210681438446 -0.977554798126 0
    outer loop
      vertex -0.00751909893006 -3.14044523239 56.0783996582
      vertex -0.00751909893006 4.85955810547 56.0783996582
      vertex 0.208022475243 -3.14044523239 56.1248550415
    endloop
  endfacet
  facet normal 0.210681438446 -0.977554798126 0
    outer loop
      vertex 0.208022475243 -3.14044523239 56.1248550415
      vertex -0.00751909893006 4.85955810547 56.0783996582
      vertex 0.208022475243 4.85955810547 56.1248550415
    endloop
  endfacet
  facet normal 0.0424200035632 -0.999099850655 0
    outer loop
      vertex 0.208022475243 -3.14044523239 56.1248550415
      vertex 0.208022475243 4.85955810547 56.1248550415
      vertex 0.428323447704 -3.14044523239 56.1342086792
    endloop
  endfacet
  facet normal 0.0424200035632 -0.999099850655 0
    outer loop
      vertex 0.428323447704 -3.14044523239 56.1342086792
      vertex 0.208022475243 4.85955810547 56.1248550415
      vertex 0.428323447704 4.85955810547 56.1342086792
    endloop
  endfacet
  facet normal -0.126976206899 -0.991905748844 -0
    outer loop
      vertex 0.428323447704 -3.14044523239 56.1342086792
      vertex 0.428323447704 4.85955810547 56.1342086792
      vertex 0.647035360336 -3.14044523239 56.1062088013
    endloop
  endfacet
  facet normal -0.126976206899 -0.991905748844 -0
    outer loop
      vertex 0.647035360336 -3.14044523239 56.1062088013
      vertex 0.428323447704 4.85955810547 56.1342086792
      vertex 0.647035360336 4.85955810547 56.1062088013
    endloop
  endfacet
  facet normal -0.29284209013 -0.956160843372 -0
    outer loop
      vertex 0.647035360336 -3.14044523239 56.1062088013
      vertex 0.647035360336 4.85955810547 56.1062088013
      vertex 0.857864737511 -3.14044523239 56.0416374207
    endloop
  endfacet
  facet normal -0.29284209013 -0.956160843372 -0
    outer loop
      vertex 0.857864737511 -3.14044523239 56.0416374207
      vertex 0.647035360336 4.85955810547 56.1062088013
      vertex 0.857864737511 4.85955810547 56.0416374207
    endloop
  endfacet
  facet normal -0.450193852186 -0.892930865288 -0
    outer loop
      vertex 0.857864737511 -3.14044523239 56.0416374207
      vertex 0.857864737511 4.85955810547 56.0416374207
      vertex 1.05474638939 -3.14044523239 55.9423751831
    endloop
  endfacet
  facet normal -0.450193852186 -0.892930865288 -0
    outer loop
      vertex 1.05474638939 -3.14044523239 55.9423751831
      vertex 0.857864737511 4.85955810547 56.0416374207
      vertex 1.05474638939 4.85955810547 55.9423751831
    endloop
  endfacet
  facet normal -0.594637811184 -0.803993701935 -0
    outer loop
      vertex 1.05474638939 -3.14044523239 55.9423751831
      vertex 1.05474638939 4.85955810547 55.9423751831
      vertex 1.23202395439 -3.14044523239 55.8112602234
    endloop
  endfacet
  facet normal -0.594637811184 -0.803993701935 -0
    outer loop
      vertex 1.23202395439 -3.14044523239 55.8112602234
      vertex 1.05474638939 4.85955810547 55.9423751831
      vertex 1.23202395439 4.85955810547 55.8112602234
    endloop
  endfacet
  facet normal -0.721949577332 -0.691945672035 -0
    outer loop
      vertex 1.23202395439 -3.14044523239 55.8112602234
      vertex 1.23202395439 4.85955810547 55.8112602234
      vertex 1.38459992409 -3.14044523239 55.6520690918
    endloop
  endfacet
  facet normal -0.721949577332 -0.691945672035 -0
    outer loop
      vertex 1.38459992409 -3.14044523239 55.6520690918
      vertex 1.23202395439 4.85955810547 55.8112602234
      vertex 1.38459992409 4.85955810547 55.6520690918
    endloop
  endfacet
  facet normal -0.828515172005 -0.559966623783 -0
    outer loop
      vertex 1.38459992409 -3.14044523239 55.6520690918
      vertex 1.38459992409 4.85955810547 55.6520690918
      vertex 1.50806879997 -3.14044523239 55.4693870544
    endloop
  endfacet
  facet normal -0.828515172005 -0.559966623783 -0
    outer loop
      vertex 1.50806879997 -3.14044523239 55.4693870544
      vertex 1.38459992409 4.85955810547 55.6520690918
      vertex 1.50806879997 4.85955810547 55.4693870544
    endloop
  endfacet
  facet normal -0.911231994629 -0.411893546581 -0
    outer loop
      vertex 1.50806879997 -3.14044523239 55.4693870544
      vertex 1.50806879997 4.85955810547 55.4693870544
      vertex 1.59889066219 -3.14044523239 55.2684631348
    endloop
  endfacet
  facet normal -0.911231994629 -0.411893546581 -0
    outer loop
      vertex 1.59889066219 -3.14044523239 55.2684631348
      vertex 1.50806879997 4.85955810547 55.4693870544
      vertex 1.59889066219 4.85955810547 55.2684631348
    endloop
  endfacet
  facet normal -0.967728972435 -0.25199341774 -0
    outer loop
      vertex 1.59889066219 -3.14044523239 55.2684631348
      vertex 1.59889066219 4.85955810547 55.2684631348
      vertex 1.65445363522 -3.14044523239 55.0550842285
    endloop
  endfacet
  facet normal -0.967728972435 -0.25199341774 -0
    outer loop
      vertex 1.65445363522 -3.14044523239 55.0550842285
      vertex 1.59889066219 4.85955810547 55.2684631348
      vertex 1.65445363522 4.85955810547 55.0550842285
    endloop
  endfacet
  facet normal -0.996397554874 -0.0848051086068 -0
    outer loop
      vertex 1.65445363522 -3.14044523239 55.0550842285
      vertex 1.65445363522 4.85955810547 55.0550842285
      vertex 1.67315292358 -3.14044523239 54.8353805542
    endloop
  endfacet
  facet normal -0.996397554874 -0.0848051086068 -0
    outer loop
      vertex 1.67315292358 -3.14044523239 54.8353805542
      vertex 1.65445363522 4.85955810547 55.0550842285
      vertex 1.67315292358 4.85955810547 54.8353805542
    endloop
  endfacet
  facet normal -0 0 -1
    outer loop
      vertex 1.67315292358 -3.14044523239 54.8353805542
      vertex 1.65445363522 -3.14044523239 54.6156845093
      vertex 0.37314593792 -3.14044523239 54.8353805542
    endloop
  endfacet
  facet normal 0 -0 -1
    outer loop
      vertex 1.50806879997 -3.14044523239 55.4693870544
      vertex 1.59889066219 -3.14044523239 55.2684631348
      vertex 0.37314593792 -3.14044523239 54.8353805542
    endloop
  endfacet
  facet normal 0 0 -1
    outer loop
      vertex 0.37314593792 -3.14044523239 54.8353805542
      vertex 1.59889066219 -3.14044523239 55.2684631348
      vertex 1.65445363522 -3.14044523239 55.0550842285
    endloop
  endfacet
  facet normal 0 0 -1
    outer loop
      vertex 0.37314593792 -3.14044523239 54.8353805542
      vertex 1.65445363522 -3.14044523239 55.0550842285
      vertex 1.67315292358 -3.14044523239 54.8353805542
    endloop
  endfacet
  facet normal 0 -0 -1
    outer loop
      vertex 1.05474638939 -3.14044523239 55.9423751831
      vertex 1.23202395439 -3.14044523239 55.8112602234
      vertex 0.37314593792 -3.14044523239 54.8353805542
    endloop
  endfacet
  facet normal 0 0 -1
    outer loop
      vertex 0.37314593792 -3.14044523239 54.8353805542
      vertex 1.23202395439 -3.14044523239 55.8112602234
      vertex 1.38459992409 -3.14044523239 55.6520690918
    endloop
  endfacet
  facet normal 0 0 -1
    outer loop
      vertex 0.37314593792 -3.14044523239 54.8353805542
      vertex 1.38459992409 -3.14044523239 55.6520690918
      vertex 1.50806879997 -3.14044523239 55.4693870544
    endloop
  endfacet
  facet normal 0 -0 -1
    outer loop
      vertex 0.428323447704 -3.14044523239 56.1342086792
      vertex 0.647035360336 -3.14044523239 56.1062088013
      vertex 0.37314593792 -3.14044523239 54.8353805542
    endloop
  endfacet
  facet normal 0 0 -1
    outer loop
      vertex 0.37314593792 -3.14044523239 54.8353805542
      vertex 0.647035360336 -3.14044523239 56.1062088013
      vertex 0.857864737511 -3.14044523239 56.0416374207
    endloop
  endfacet
  facet normal 0 0 -1
    outer loop
      vertex 0.37314593792 -3.14044523239 54.8353805542
      vertex 0.857864737511 -3.14044523239 56.0416374207
      vertex 1.05474638939 -3.14044523239 55.9423751831
    endloop
  endfacet
  facet normal 0 0 -1
    outer loop
      vertex -0.212114065886 -3.14044523239 55.9961853027
      vertex -0.00751909893006 -3.14044523239 56.0783996582
      vertex 0.37314593792 -3.14044523239 54.8353805542
    endloop
  endfacet
  facet normal 0 0 -1
    outer loop
      vertex 0.37314593792 -3.14044523239 54.8353805542
      vertex -0.00751909893006 -3.14044523239 56.0783996582
      vertex 0.208022475243 -3.14044523239 56.1248550415
    endloop
  endfacet
  facet normal 0 0 -1
    outer loop
      vertex 0.37314593792 -3.14044523239 54.8353805542
      vertex 0.208022475243 -3.14044523239 56.1248550415
      vertex 0.428323447704 -3.14044523239 56.1342086792
    endloop
  endfacet
  facet normal 0 0 -1
    outer loop
      vertex -0.703912973404 -3.14044523239 55.5633544922
      vertex -0.565394878387 -3.14044523239 55.7349052429
      vertex 0.37314593792 -3.14044523239 54.8353805542
    endloop
  endfacet
  facet normal 0 0 -1
    outer loop
      vertex 0.37314593792 -3.14044523239 54.8353805542
      vertex -0.565394878387 -3.14044523239 55.7349052429
      vertex -0.399874150753 -3.14044523239 55.8805732727
    endloop
  endfacet
  facet normal 0 0 -1
    outer loop
      vertex 0.37314593792 -3.14044523239 54.8353805542
      vertex -0.399874150753 -3.14044523239 55.8805732727
      vertex -0.212114065886 -3.14044523239 55.9961853027
    endloop
  endfacet
  facet normal 0 0 -1
    outer loop
      vertex -0.922168552876 -3.14044523239 54.9456329346
      vertex -0.884903669357 -3.14044523239 55.1629524231
      vertex 0.37314593792 -3.14044523239 54.8353805542
    endloop
  endfacet
  facet normal 0 0 -1
    outer loop
      vertex 0.37314593792 -3.14044523239 54.8353805542
      vertex -0.884903669357 -3.14044523239 55.1629524231
      vertex -0.811447739601 -3.14044523239 55.3708534241
    endloop
  endfacet
  facet normal 0 0 -1
    outer loop
      vertex 0.37314593792 -3.14044523239 54.8353805542
      vertex -0.811447739601 -3.14044523239 55.3708534241
      vertex -0.703912973404 -3.14044523239 55.5633544922
    endloop
  endfacet
  facet normal 0 0 -1
    outer loop
      vertex -0.811447739601 -3.14044523239 54.299911499
      vertex -0.884903669357 -3.14044523239 54.5078086853
      vertex 0.37314593792 -3.14044523239 54.8353805542
    endloop
  endfacet
  facet normal 0 0 -1
    outer loop
      vertex 0.37314593792 -3.14044523239 54.8353805542
      vertex -0.884903669357 -3.14044523239 54.5078086853
      vertex -0.922168552876 -3.14044523239 54.7251358032
    endloop
  endfacet
  facet normal -0 0 -1
    outer loop
      vertex 0.37314593792 -3.14044523239 54.8353805542
      vertex -0.922168552876 -3.14044523239 54.7251358032
      vertex -0.922168552876 -3.14044523239 54.9456329346
    endloop
  endfacet
  facet normal 0 0 -1
    outer loop
      vertex -0.399874150753 -3.14044523239 53.790184021
      vertex -0.565394878387 -3.14044523239 53.9358634949
      vertex 0.37314593792 -3.14044523239 54.8353805542
    endloop
  endfacet
  facet normal 0 0 -1
    outer loop
      vertex 0.37314593792 -3.14044523239 54.8353805542
      vertex -0.565394878387 -3.14044523239 53.9358634949
      vertex -0.703912973404 -3.14044523239 54.1074142456
    endloop
  endfacet
  facet normal 0 0 -1
    outer loop
      vertex 0.37314593792 -3.14044523239 54.8353805542
      vertex -0.703912973404 -3.14044523239 54.1074142456
      vertex -0.811447739601 -3.14044523239 54.299911499
    endloop
  endfacet
  facet normal 0 0 -1
    outer loop
      vertex 0.208022475243 -3.14044523239 53.5459136963
      vertex -0.00751909893006 -3.14044523239 53.5923690796
      vertex 0.37314593792 -3.14044523239 54.8353805542
    endloop
  endfacet
  facet normal 0 0 -1
    outer loop
      vertex 0.37314593792 -3.14044523239 54.8353805542
      vertex -0.00751909893006 -3.14044523239 53.5923690796
      vertex -0.212114065886 -3.14044523239 53.6745834351
    endloop
  endfacet
  facet normal 0 0 -1
    outer loop
      vertex 0.37314593792 -3.14044523239 54.8353805542
      vertex -0.212114065886 -3.14044523239 53.6745834351
      vertex -0.399874150753 -3.14044523239 53.790184021
    endloop
  endfacet
  facet normal -0 0 -1
    outer loop
      vertex 0.857864737511 -3.14044523239 53.6291275024
      vertex 0.647035360336 -3.14044523239 53.5645599365
      vertex 0.37314593792 -3.14044523239 54.8353805542
    endloop
  endfacet
  facet normal 0 0 -1
    outer loop
      vertex 0.37314593792 -3.14044523239 54.8353805542
      vertex 0.647035360336 -3.14044523239 53.5645599365
      vertex 0.428323447704 -3.14044523239 53.5365524292
    endloop
  endfacet
  facet normal 0 -0 -1
    outer loop
      vertex 0.37314593792 -3.14044523239 54.8353805542
      vertex 0.428323447704 -3.14044523239 53.5365524292
      vertex 0.208022475243 -3.14044523239 53.5459136963
    endloop
  endfacet
  facet normal -0 0 -1
    outer loop
      vertex 1.38459992409 -3.14044523239 54.018699646
      vertex 1.23202395439 -3.14044523239 53.8595085144
      vertex 0.37314593792 -3.14044523239 54.8353805542
    endloop
  endfacet
  facet normal 0 0 -1
    outer loop
      vertex 0.37314593792 -3.14044523239 54.8353805542
      vertex 1.23202395439 -3.14044523239 53.8595085144
      vertex 1.05474638939 -3.14044523239 53.7283935547
    endloop
  endfacet
  facet normal 0 0 -1
    outer loop
      vertex 0.37314593792 -3.14044523239 54.8353805542
      vertex 1.05474638939 -3.14044523239 53.7283935547
      vertex 0.857864737511 -3.14044523239 53.6291275024
    endloop
  endfacet
  facet normal -0 0 -1
    outer loop
      vertex 1.65445363522 -3.14044523239 54.6156845093
      vertex 1.59889066219 -3.14044523239 54.402305603
      vertex 0.37314593792 -3.14044523239 54.8353805542
    endloop
  endfacet
  facet normal 0 0 -1
    outer loop
      vertex 0.37314593792 -3.14044523239 54.8353805542
      vertex 1.59889066219 -3.14044523239 54.402305603
      vertex 1.50806879997 -3.14044523239 54.2013816833
    endloop
  endfacet
  facet normal 0 0 -1
    outer loop
      vertex 0.37314593792 -3.14044523239 54.8353805542
      vertex 1.50806879997 -3.14044523239 54.2013816833
      vertex 1.38459992409 -3.14044523239 54.018699646
    endloop
  endfacet
  facet normal 0 0 1
    outer loop
      vertex 0.233432143927 4.85955810547 53.7442893982
      vertex 0.208022475243 4.85955810547 53.5459136963
      vertex 0.419835209846 4.85955810547 53.7363777161
    endloop
  endfacet
  facet normal 0 0 1
    outer loop
      vertex 0.419835209846 4.85955810547 53.7363777161
      vertex 0.208022475243 4.85955810547 53.5459136963
      vertex 0.428323447704 4.85955810547 53.5365524292
    endloop
  endfacet
  facet normal -0 0 1
    outer loop
      vertex 0.419835209846 4.85955810547 53.7363777161
      vertex 0.428323447704 4.85955810547 53.5365524292
      vertex 0.604893088341 4.85955810547 53.7600708008
    endloop
  endfacet
  facet normal 0 0 1
    outer loop
      vertex 0.604893088341 4.85955810547 53.7600708008
      vertex 0.428323447704 4.85955810547 53.5365524292
      vertex 0.647035360336 4.85955810547 53.5645599365
    endloop
  endfacet
  facet normal -0 0 1
    outer loop
      vertex 0.604893088341 4.85955810547 53.7600708008
      vertex 0.647035360336 4.85955810547 53.5645599365
      vertex 0.783295631409 4.85955810547 53.814704895
    endloop
  endfacet
  facet normal 0 0 1
    outer loop
      vertex 0.783295631409 4.85955810547 53.814704895
      vertex 0.647035360336 4.85955810547 53.5645599365
      vertex 0.857864737511 4.85955810547 53.6291275024
    endloop
  endfacet
  facet normal -0 0 1
    outer loop
      vertex 0.783295631409 4.85955810547 53.814704895
      vertex 0.857864737511 4.85955810547 53.6291275024
      vertex 0.949890196323 4.85955810547 53.8987007141
    endloop
  endfacet
  facet normal 0 0 1
    outer loop
      vertex 0.949890196323 4.85955810547 53.8987007141
      vertex 0.857864737511 4.85955810547 53.6291275024
      vertex 1.05474638939 4.85955810547 53.7283935547
    endloop
  endfacet
  facet normal -0 0 1
    outer loop
      vertex 0.949890196323 4.85955810547 53.8987007141
      vertex 1.05474638939 4.85955810547 53.7283935547
      vertex 1.09989368916 4.85955810547 54.0096435547
    endloop
  endfacet
  facet normal 0 0 1
    outer loop
      vertex 1.09989368916 4.85955810547 54.0096435547
      vertex 1.05474638939 4.85955810547 53.7283935547
      vertex 1.23202395439 4.85955810547 53.8595085144
    endloop
  endfacet
  facet normal -0 0 1
    outer loop
      vertex 1.09989368916 4.85955810547 54.0096435547
      vertex 1.23202395439 4.85955810547 53.8595085144
      vertex 1.22898733616 4.85955810547 54.1443405151
    endloop
  endfacet
  facet normal 0 0 1
    outer loop
      vertex 1.22898733616 4.85955810547 54.1443405151
      vertex 1.23202395439 4.85955810547 53.8595085144
      vertex 1.38459992409 4.85955810547 54.018699646
    endloop
  endfacet
  facet normal -0 0 1
    outer loop
      vertex 1.22898733616 4.85955810547 54.1443405151
      vertex 1.38459992409 4.85955810547 54.018699646
      vertex 1.3334659338 4.85955810547 54.2989120483
    endloop
  endfacet
  facet normal 0 0 1
    outer loop
      vertex 1.3334659338 4.85955810547 54.2989120483
      vertex 1.38459992409 4.85955810547 54.018699646
      vertex 1.50806879997 4.85955810547 54.2013816833
    endloop
  endfacet
  facet normal -0 0 1
    outer loop
      vertex 1.3334659338 4.85955810547 54.2989120483
      vertex 1.50806879997 4.85955810547 54.2013816833
      vertex 1.41031634808 4.85955810547 54.4689292908
    endloop
  endfacet
  facet normal 0 0 1
    outer loop
      vertex 1.41031634808 4.85955810547 54.4689292908
      vertex 1.50806879997 4.85955810547 54.2013816833
      vertex 1.59889066219 4.85955810547 54.402305603
    endloop
  endfacet
  facet normal -0 0 1
    outer loop
      vertex 1.41031634808 4.85955810547 54.4689292908
      vertex 1.59889066219 4.85955810547 54.402305603
      vertex 1.45732820034 4.85955810547 54.6494789124
    endloop
  endfacet
  facet normal 0 0 1
    outer loop
      vertex 1.45732820034 4.85955810547 54.6494789124
      vertex 1.59889066219 4.85955810547 54.402305603
      vertex 1.65445363522 4.85955810547 54.6156845093
    endloop
  endfacet
  facet normal -0 0 1
    outer loop
      vertex 1.45732820034 4.85955810547 54.6494789124
      vertex 1.65445363522 4.85955810547 54.6156845093
      vertex 1.47314822674 4.85955810547 54.8353805542
    endloop
  endfacet
  facet normal -0 0 1
    outer loop
      vertex 1.47314822674 4.85955810547 54.8353805542
      vertex 1.65445363522 4.85955810547 54.6156845093
      vertex 1.67315292358 4.85955810547 54.8353805542
    endloop
  endfacet
  facet normal 0 -0 1
    outer loop
      vertex 1.47314822674 4.85955810547 54.8353805542
      vertex 1.67315292358 4.85955810547 54.8353805542
      vertex 1.45732820034 4.85955810547 55.0212783813
    endloop
  endfacet
  facet normal -0 0 1
    outer loop
      vertex 1.45732820034 4.85955810547 55.0212783813
      vertex 1.67315292358 4.85955810547 54.8353805542
      vertex 1.65445363522 4.85955810547 55.0550842285
    endloop
  endfacet
  facet normal 0 -0 1
    outer loop
      vertex 1.45732820034 4.85955810547 55.0212783813
      vertex 1.65445363522 4.85955810547 55.0550842285
      vertex 1.41031634808 4.85955810547 55.201839447
    endloop
  endfacet
  facet normal -0 0 1
    outer loop
      vertex 1.41031634808 4.85955810547 55.201839447
      vertex 1.65445363522 4.85955810547 55.0550842285
      vertex 1.59889066219 4.85955810547 55.2684631348
    endloop
  endfacet
  facet normal 0 -0 1
    outer loop
      vertex 1.41031634808 4.85955810547 55.201839447
      vertex 1.59889066219 4.85955810547 55.2684631348
      vertex 1.3334659338 4.85955810547 55.3718452454
    endloop
  endfacet
  facet normal -0 0 1
    outer loop
      vertex 1.3334659338 4.85955810547 55.3718452454
      vertex 1.59889066219 4.85955810547 55.2684631348
      vertex 1.50806879997 4.85955810547 55.4693870544
    endloop
  endfacet
  facet normal 0 -0 1
    outer loop
      vertex 1.3334659338 4.85955810547 55.3718452454
      vertex 1.50806879997 4.85955810547 55.4693870544
      vertex 1.22898733616 4.85955810547 55.5264282227
    endloop
  endfacet
  facet normal -0 0 1
    outer loop
      vertex 1.22898733616 4.85955810547 55.5264282227
      vertex 1.50806879997 4.85955810547 55.4693870544
      vertex 1.38459992409 4.85955810547 55.6520690918
    endloop
  endfacet
  facet normal 0 -0 1
    outer loop
      vertex 1.22898733616 4.85955810547 55.5264282227
      vertex 1.38459992409 4.85955810547 55.6520690918
      vertex 1.09989368916 4.85955810547 55.6611213684
    endloop
  endfacet
  facet normal -0 0 1
    outer loop
      vertex 1.09989368916 4.85955810547 55.6611213684
      vertex 1.38459992409 4.85955810547 55.6520690918
      vertex 1.23202395439 4.85955810547 55.8112602234
    endloop
  endfacet
  facet normal 0 -0 1
    outer loop
      vertex 1.09989368916 4.85955810547 55.6611213684
      vertex 1.23202395439 4.85955810547 55.8112602234
      vertex 0.949890196323 4.85955810547 55.7720680237
    endloop
  endfacet
  facet normal 0 0 1
    outer loop
      vertex 0.949890196323 4.85955810547 55.7720680237
      vertex 1.23202395439 4.85955810547 55.8112602234
      vertex 1.05474638939 4.85955810547 55.9423751831
    endloop
  endfacet
  facet normal 0 -0 1
    outer loop
      vertex 0.949890196323 4.85955810547 55.7720680237
      vertex 1.05474638939 4.85955810547 55.9423751831
      vertex 0.783295631409 4.85955810547 55.8560600281
    endloop
  endfacet
  facet normal 0 0 1
    outer loop
      vertex 0.783295631409 4.85955810547 55.8560600281
      vertex 1.05474638939 4.85955810547 55.9423751831
      vertex 0.857864737511 4.85955810547 56.0416374207
    endloop
  endfacet
  facet normal 0 -0 1
    outer loop
      vertex 0.783295631409 4.85955810547 55.8560600281
      vertex 0.857864737511 4.85955810547 56.0416374207
      vertex 0.604893088341 4.85955810547 55.910697937
    endloop
  endfacet
  facet normal 0 0 1
    outer loop
      vertex 0.604893088341 4.85955810547 55.910697937
      vertex 0.857864737511 4.85955810547 56.0416374207
      vertex 0.647035360336 4.85955810547 56.1062088013
    endloop
  endfacet
  facet normal 0 -0 1
    outer loop
      vertex 0.604893088341 4.85955810547 55.910697937
      vertex 0.647035360336 4.85955810547 56.1062088013
      vertex 0.419835209846 4.85955810547 55.9343910217
    endloop
  endfacet
  facet normal 0 0 1
    outer loop
      vertex 0.419835209846 4.85955810547 55.9343910217
      vertex 0.647035360336 4.85955810547 56.1062088013
      vertex 0.428323447704 4.85955810547 56.1342086792
    endloop
  endfacet
  facet normal 0 -0 1
    outer loop
      vertex 0.419835209846 4.85955810547 55.9343910217
      vertex 0.428323447704 4.85955810547 56.1342086792
      vertex 0.233432143927 4.85955810547 55.9264678955
    endloop
  endfacet
  facet normal 0 -0 1
    outer loop
      vertex 0.233432143927 4.85955810547 55.9264678955
      vertex 0.428323447704 4.85955810547 56.1342086792
      vertex 0.208022475243 4.85955810547 56.1248550415
    endloop
  endfacet
  facet normal 0 0 1
    outer loop
      vertex 0.233432143927 4.85955810547 55.9264678955
      vertex 0.208022475243 4.85955810547 56.1248550415
      vertex 0.0510411225259 4.85955810547 55.8871650696
    endloop
  endfacet
  facet normal 0 -0 1
    outer loop
      vertex 0.0510411225259 4.85955810547 55.8871650696
      vertex 0.208022475243 4.85955810547 56.1248550415
      vertex -0.00751909893006 4.85955810547 56.0783996582
    endloop
  endfacet
  facet normal 0 0 1
    outer loop
      vertex 0.0510411225259 4.85955810547 55.8871650696
      vertex -0.00751909893006 4.85955810547 56.0783996582
      vertex -0.122074976563 4.85955810547 55.8176002502
    endloop
  endfacet
  facet normal 0 -0 1
    outer loop
      vertex -0.122074976563 4.85955810547 55.8176002502
      vertex -0.00751909893006 4.85955810547 56.0783996582
      vertex -0.212114065886 4.85955810547 55.9961853027
    endloop
  endfacet
  facet normal 0 0 1
    outer loop
      vertex -0.122074976563 4.85955810547 55.8176002502
      vertex -0.212114065886 4.85955810547 55.9961853027
      vertex -0.280948281288 4.85955810547 55.7197761536
    endloop
  endfacet
  facet normal 0 -0 1
    outer loop
      vertex -0.280948281288 4.85955810547 55.7197761536
      vertex -0.212114065886 4.85955810547 55.9961853027
      vertex -0.399874150753 4.85955810547 55.8805732727
    endloop
  endfacet
  facet normal 0 0 1
    outer loop
      vertex -0.280948281288 4.85955810547 55.7197761536
      vertex -0.399874150753 4.85955810547 55.8805732727
      vertex -0.421000361443 4.85955810547 55.5965118408
    endloop
  endfacet
  facet normal 0 -0 1
    outer loop
      vertex -0.421000361443 4.85955810547 55.5965118408
      vertex -0.399874150753 4.85955810547 55.8805732727
      vertex -0.565394878387 4.85955810547 55.7349052429
    endloop
  endfacet
  facet normal 0 0 1
    outer loop
      vertex -0.421000361443 4.85955810547 55.5965118408
      vertex -0.565394878387 4.85955810547 55.7349052429
      vertex -0.538211286068 4.85955810547 55.4513549805
    endloop
  endfacet
  facet normal 0 0 1
    outer loop
      vertex -0.538211286068 4.85955810547 55.4513549805
      vertex -0.565394878387 4.85955810547 55.7349052429
      vertex -0.703912973404 4.85955810547 55.5633544922
    endloop
  endfacet
  facet normal 0 0 1
    outer loop
      vertex -0.538211286068 4.85955810547 55.4513549805
      vertex -0.703912973404 4.85955810547 55.5633544922
      vertex -0.629202246666 4.85955810547 55.2884750366
    endloop
  endfacet
  facet normal 0 0 1
    outer loop
      vertex -0.629202246666 4.85955810547 55.2884750366
      vertex -0.703912973404 4.85955810547 55.5633544922
      vertex -0.811447739601 4.85955810547 55.3708534241
    endloop
  endfacet
  facet normal 0 0 1
    outer loop
      vertex -0.629202246666 4.85955810547 55.2884750366
      vertex -0.811447739601 4.85955810547 55.3708534241
      vertex -0.69135761261 4.85955810547 55.1125564575
    endloop
  endfacet
  facet normal 0 0 1
    outer loop
      vertex -0.69135761261 4.85955810547 55.1125564575
      vertex -0.811447739601 4.85955810547 55.3708534241
      vertex -0.884903669357 4.85955810547 55.1629524231
    endloop
  endfacet
  facet normal 0 0 1
    outer loop
      vertex -0.69135761261 4.85955810547 55.1125564575
      vertex -0.884903669357 4.85955810547 55.1629524231
      vertex -0.722887575626 4.85955810547 54.9286727905
    endloop
  endfacet
  facet normal 0 0 1
    outer loop
      vertex -0.722887575626 4.85955810547 54.9286727905
      vertex -0.884903669357 4.85955810547 55.1629524231
      vertex -0.922168552876 4.85955810547 54.9456329346
    endloop
  endfacet
  facet normal 0 0 1
    outer loop
      vertex -0.722887575626 4.85955810547 54.9286727905
      vertex -0.922168552876 4.85955810547 54.9456329346
      vertex -0.722887575626 4.85955810547 54.7420959473
    endloop
  endfacet
  facet normal 0 0 1
    outer loop
      vertex -0.722887575626 4.85955810547 54.7420959473
      vertex -0.922168552876 4.85955810547 54.9456329346
      vertex -0.922168552876 4.85955810547 54.7251358032
    endloop
  endfacet
  facet normal 0 0 1
    outer loop
      vertex -0.722887575626 4.85955810547 54.7420959473
      vertex -0.922168552876 4.85955810547 54.7251358032
      vertex -0.69135761261 4.85955810547 54.5582008362
    endloop
  endfacet
  facet normal 0 0 1
    outer loop
      vertex -0.69135761261 4.85955810547 54.5582008362
      vertex -0.922168552876 4.85955810547 54.7251358032
      vertex -0.884903669357 4.85955810547 54.5078086853
    endloop
  endfacet
  facet normal 0 0 1
    outer loop
      vertex -0.69135761261 4.85955810547 54.5582008362
      vertex -0.884903669357 4.85955810547 54.5078086853
      vertex -0.629202246666 4.85955810547 54.3822937012
    endloop
  endfacet
  facet normal 0 0 1
    outer loop
      vertex -0.629202246666 4.85955810547 54.3822937012
      vertex -0.884903669357 4.85955810547 54.5078086853
      vertex -0.811447739601 4.85955810547 54.299911499
    endloop
  endfacet
  facet normal 0 0 1
    outer loop
      vertex -0.629202246666 4.85955810547 54.3822937012
      vertex -0.811447739601 4.85955810547 54.299911499
      vertex -0.538211286068 4.85955810547 54.2194137573
    endloop
  endfacet
  facet normal 0 0 1
    outer loop
      vertex -0.538211286068 4.85955810547 54.2194137573
      vertex -0.811447739601 4.85955810547 54.299911499
      vertex -0.703912973404 4.85955810547 54.1074142456
    endloop
  endfacet
  facet normal 0 0 1
    outer loop
      vertex -0.538211286068 4.85955810547 54.2194137573
      vertex -0.703912973404 4.85955810547 54.1074142456
      vertex -0.421000361443 4.85955810547 54.0742454529
    endloop
  endfacet
  facet normal 0 0 1
    outer loop
      vertex -0.421000361443 4.85955810547 54.0742454529
      vertex -0.703912973404 4.85955810547 54.1074142456
      vertex -0.565394878387 4.85955810547 53.9358634949
    endloop
  endfacet
  facet normal 0 0 1
    outer loop
      vertex -0.421000361443 4.85955810547 54.0742454529
      vertex -0.565394878387 4.85955810547 53.9358634949
      vertex -0.280948281288 4.85955810547 53.9509887695
    endloop
  endfacet
  facet normal 0 0 1
    outer loop
      vertex -0.280948281288 4.85955810547 53.9509887695
      vertex -0.565394878387 4.85955810547 53.9358634949
      vertex -0.399874150753 4.85955810547 53.790184021
    endloop
  endfacet
  facet normal 0 0 1
    outer loop
      vertex -0.280948281288 4.85955810547 53.9509887695
      vertex -0.399874150753 4.85955810547 53.790184021
      vertex -0.122074976563 4.85955810547 53.8531684875
    endloop
  endfacet
  facet normal 0 0 1
    outer loop
      vertex -0.122074976563 4.85955810547 53.8531684875
      vertex -0.399874150753 4.85955810547 53.790184021
      vertex -0.212114065886 4.85955810547 53.6745834351
    endloop
  endfacet
  facet normal 0 0 1
    outer loop
      vertex -0.122074976563 4.85955810547 53.8531684875
      vertex -0.212114065886 4.85955810547 53.6745834351
      vertex 0.0510411225259 4.85955810547 53.7835998535
    endloop
  endfacet
  facet normal 0 0 1
    outer loop
      vertex 0.0510411225259 4.85955810547 53.7835998535
      vertex -0.212114065886 4.85955810547 53.6745834351
      vertex -0.00751909893006 4.85955810547 53.5923690796
    endloop
  endfacet
  facet normal 0 0 1
    outer loop
      vertex 0.0510411225259 4.85955810547 53.7835998535
      vertex -0.00751909893006 4.85955810547 53.5923690796
      vertex 0.233432143927 4.85955810547 53.7442893982
    endloop
  endfacet
  facet normal 0 0 1
    outer loop
      vertex 0.233432143927 4.85955810547 53.7442893982
      vertex -0.00751909893006 4.85955810547 53.5923690796
      vertex 0.208022475243 4.85955810547 53.5459136963
    endloop
  endfacet
  facet normal -0.996397316456 0.0848081186414 0
    outer loop
      vertex 11.6731529236 -3.14044523239 54.8353805542
      vertex 11.6731529236 4.85955429077 54.8353805542
      vertex 11.6544542313 -3.14044523239 54.6156845093
    endloop
  endfacet
  facet normal -0.996397316456 0.0848081186414 0
    outer loop
      vertex 11.6544542313 -3.14044523239 54.6156845093
      vertex 11.6731529236 4.85955429077 54.8353805542
      vertex 11.6544542313 4.85955429077 54.6156845093
    endloop
  endfacet
  facet normal -0.967728972435 0.25199341774 0
    outer loop
      vertex 11.6544542313 -3.14044523239 54.6156845093
      vertex 11.6544542313 4.85955429077 54.6156845093
      vertex 11.5988903046 -3.14044523239 54.402305603
    endloop
  endfacet
  facet normal -0.967728972435 0.25199341774 0
    outer loop
      vertex 11.5988903046 -3.14044523239 54.402305603
      vertex 11.6544542313 4.85955429077 54.6156845093
      vertex 11.5988903046 4.85955429077 54.402305603
    endloop
  endfacet
  facet normal -0.911231994629 0.411893546581 0
    outer loop
      vertex 11.5988903046 -3.14044523239 54.402305603
      vertex 11.5988903046 4.85955429077 54.402305603
      vertex 11.5080690384 -3.14044523239 54.2013816833
    endloop
  endfacet
  facet normal -0.911231994629 0.411893546581 0
    outer loop
      vertex 11.5080690384 -3.14044523239 54.2013816833
      vertex 11.5988903046 4.85955429077 54.402305603
      vertex 11.5080690384 4.85955429077 54.2013816833
    endloop
  endfacet
  facet normal -0.828515172005 0.559966623783 0
    outer loop
      vertex 11.5080690384 -3.14044523239 54.2013816833
      vertex 11.5080690384 4.85955429077 54.2013816833
      vertex 11.3845996857 -3.14044523239 54.018699646
    endloop
  endfacet
  facet normal -0.828515172005 0.559966623783 0
    outer loop
      vertex 11.3845996857 -3.14044523239 54.018699646
      vertex 11.5080690384 4.85955429077 54.2013816833
      vertex 11.3845996857 4.85955429077 54.018699646
    endloop
  endfacet
  facet normal -0.721948504448 0.691946804523 0
    outer loop
      vertex 11.3845996857 -3.14044523239 54.018699646
      vertex 11.3845996857 4.85955429077 54.018699646
      vertex 11.2320232391 -3.14044523239 53.8595085144
    endloop
  endfacet
  facet normal -0.721948504448 0.691946804523 0
    outer loop
      vertex 11.2320232391 -3.14044523239 53.8595085144
      vertex 11.3845996857 4.85955429077 54.018699646
      vertex 11.2320232391 4.85955429077 53.8595085144
    endloop
  endfacet
  facet normal -0.594637811184 0.803993701935 0
    outer loop
      vertex 11.2320232391 -3.14044523239 53.8595085144
      vertex 11.2320232391 4.85955429077 53.8595085144
      vertex 11.0547456741 -3.14044523239 53.7283935547
    endloop
  endfacet
  facet normal -0.594637811184 0.803993701935 0
    outer loop
      vertex 11.0547456741 -3.14044523239 53.7283935547
      vertex 11.2320232391 4.85955429077 53.8595085144
      vertex 11.0547456741 4.85955429077 53.7283935547
    endloop
  endfacet
  facet normal -0.450193852186 0.892930865288 0
    outer loop
      vertex 11.0547456741 -3.14044523239 53.7283935547
      vertex 11.0547456741 4.85955429077 53.7283935547
      vertex 10.8578643799 -3.14044523239 53.6291275024
    endloop
  endfacet
  facet normal -0.450193852186 0.892930865288 0
    outer loop
      vertex 10.8578643799 -3.14044523239 53.6291275024
      vertex 11.0547456741 4.85955429077 53.7283935547
      vertex 10.8578643799 4.85955429077 53.6291275024
    endloop
  endfacet
  facet normal -0.29284209013 0.956160843372 0
    outer loop
      vertex 10.8578643799 -3.14044523239 53.6291275024
      vertex 10.8578643799 4.85955429077 53.6291275024
      vertex 10.6470346451 -3.14044523239 53.5645599365
    endloop
  endfacet
  facet normal -0.29284209013 0.956160843372 0
    outer loop
      vertex 10.6470346451 -3.14044523239 53.5645599365
      vertex 10.8578643799 4.85955429077 53.6291275024
      vertex 10.6470346451 4.85955429077 53.5645599365
    endloop
  endfacet
  facet normal -0.127011314034 0.991901278496 0
    outer loop
      vertex 10.6470346451 -3.14044523239 53.5645599365
      vertex 10.6470346451 4.85955429077 53.5645599365
      vertex 10.4283227921 -3.14044523239 53.5365524292
    endloop
  endfacet
  facet normal -0.127011314034 0.991901278496 0
    outer loop
      vertex 10.4283227921 -3.14044523239 53.5365524292
      vertex 10.6470346451 4.85955429077 53.5645599365
      vertex 10.4283227921 4.85955429077 53.5365524292
    endloop
  endfacet
  facet normal 0.0424571298063 0.999098300934 0
    outer loop
      vertex 10.4283227921 -3.14044523239 53.5365524292
      vertex 10.4283227921 4.85955429077 53.5365524292
      vertex 10.208029747 -3.14044523239 53.5459136963
    endloop
  endfacet
  facet normal 0.0424571298063 0.999098300934 0
    outer loop
      vertex 10.208029747 -3.14044523239 53.5459136963
      vertex 10.4283227921 4.85955429077 53.5365524292
      vertex 10.208029747 4.85955429077 53.5459136963
    endloop
  endfacet
  facet normal 0.210674092174 0.977556347847 0
    outer loop
      vertex 10.208029747 -3.14044523239 53.5459136963
      vertex 10.208029747 4.85955429077 53.5459136963
      vertex 9.99248027802 -3.14044523239 53.5923690796
    endloop
  endfacet
  facet normal 0.210674092174 0.977556347847 0
    outer loop
      vertex 9.99248027802 -3.14044523239 53.5923690796
      vertex 10.208029747 4.85955429077 53.5459136963
      vertex 9.99248027802 4.85955429077 53.5923690796
    endloop
  endfacet
  facet normal 0.372860342264 0.927887499332 0
    outer loop
      vertex 9.99248027802 -3.14044523239 53.5923690796
      vertex 9.99248027802 4.85955429077 53.5923690796
      vertex 9.7878818512 -3.14044523239 53.6745834351
    endloop
  endfacet
  facet normal 0.372872680426 0.927882492542 3.66662902707e-07
    outer loop
      vertex 9.7878818512 -3.14044523239 53.6745834351
      vertex 9.99248027802 4.85955429077 53.5923690796
      vertex 9.78788948059 4.85955429077 53.6745834351
    endloop
  endfacet
  facet normal 0.524294495583 0.851536989212 5.15562931014e-07
    outer loop
      vertex 9.7878818512 -3.14044523239 53.6745834351
      vertex 9.78788948059 4.85955429077 53.6745834351
      vertex 9.60012531281 -3.14044523239 53.790184021
    endloop
  endfacet
  facet normal 0.524278581142 0.851546823978 0
    outer loop
      vertex 9.60012531281 -3.14044523239 53.790184021
      vertex 9.78788948059 4.85955429077 53.6745834351
      vertex 9.60012531281 4.85955429077 53.790184021
    endloop
  endfacet
  facet normal 0.660684168339 0.750663995743 0
    outer loop
      vertex 9.60012531281 -3.14044523239 53.790184021
      vertex 9.60012531281 4.85955429077 53.790184021
      vertex 9.43460845947 -3.14044523239 53.9358634949
    endloop
  endfacet
  facet normal 0.660684168339 0.750663995743 0
    outer loop
      vertex 9.43460845947 -3.14044523239 53.9358634949
      vertex 9.60012531281 4.85955429077 53.790184021
      vertex 9.43460845947 4.85955429077 53.9358634949
    endloop
  endfacet
  facet normal 0.778034389019 0.628221690655 0
    outer loop
      vertex 9.43460845947 -3.14044523239 53.9358634949
      vertex 9.43460845947 4.85955429077 53.9358634949
      vertex 9.29609012604 -3.14044523239 54.1074142456
    endloop
  endfacet
  facet normal 0.778034389019 0.628221690655 0
    outer loop
      vertex 9.29609012604 -3.14044523239 54.1074142456
      vertex 9.43460845947 4.85955429077 53.9358634949
      vertex 9.29609012604 4.85955429077 54.1074142456
    endloop
  endfacet
  facet normal 0.873010516167 0.487701416016 0
    outer loop
      vertex 9.29609012604 -3.14044523239 54.1074142456
      vertex 9.29609012604 4.85955429077 54.1074142456
      vertex 9.18855190277 -3.14044523239 54.299911499
    endloop
  endfacet
  facet normal 0.873010516167 0.487701416016 0
    outer loop
      vertex 9.18855190277 -3.14044523239 54.299911499
      vertex 9.29609012604 4.85955429077 54.1074142456
      vertex 9.18855190277 4.85955429077 54.299911499
    endloop
  endfacet
  facet normal 0.942880272865 0.333131760359 0
    outer loop
      vertex 9.18855190277 -3.14044523239 54.299911499
      vertex 9.18855190277 4.85955429077 54.299911499
      vertex 9.11509990692 -3.14044523239 54.5078086853
    endloop
  endfacet
  facet normal 0.942880272865 0.333131760359 0
    outer loop
      vertex 9.11509990692 -3.14044523239 54.5078086853
      vertex 9.18855190277 4.85955429077 54.299911499
      vertex 9.11509990692 4.85955429077 54.5078086853
    endloop
  endfacet
  facet normal 0.985615611076 0.169002428651 0
    outer loop
      vertex 9.11509990692 -3.14044523239 54.5078086853
      vertex 9.11509990692 4.85955429077 54.5078086853
      vertex 9.07783508301 -3.14044523239 54.7251358032
    endloop
  endfacet
  facet normal 0.985615611076 0.169002428651 0
    outer loop
      vertex 9.07783508301 -3.14044523239 54.7251358032
      vertex 9.11509990692 4.85955429077 54.5078086853
      vertex 9.07783508301 4.85955429077 54.7251358032
    endloop
  endfacet
  facet normal 1 -0 0
    outer loop
      vertex 9.07783508301 -3.14044523239 54.7251358032
      vertex 9.07783508301 4.85955429077 54.7251358032
      vertex 9.07783508301 -3.14044523239 54.9456329346
    endloop
  endfacet
  facet normal 1 0 0
    outer loop
      vertex 9.07783508301 -3.14044523239 54.9456329346
      vertex 9.07783508301 4.85955429077 54.7251358032
      vertex 9.07783508301 4.85955429077 54.9456329346
    endloop
  endfacet
  facet normal 0.985614597797 -0.169008374214 0
    outer loop
      vertex 9.07783508301 -3.14044523239 54.9456329346
      vertex 9.07783508301 4.85955429077 54.9456329346
      vertex 9.11509990692 -3.14044523239 55.1629524231
    endloop
  endfacet
  facet normal 0.985614597797 -0.169008374214 0
    outer loop
      vertex 9.11509990692 -3.14044523239 55.1629524231
      vertex 9.07783508301 4.85955429077 54.9456329346
      vertex 9.11509990692 4.85955429077 55.1629524231
    endloop
  endfacet
  facet normal 0.942884266376 -0.333120554686 0
    outer loop
      vertex 9.11509990692 -3.14044523239 55.1629524231
      vertex 9.11509990692 4.85955429077 55.1629524231
      vertex 9.18855190277 -3.14044523239 55.3708534241
    endloop
  endfacet
  facet normal 0.942884266376 -0.333120554686 0
    outer loop
      vertex 9.18855190277 -3.14044523239 55.3708534241
      vertex 9.11509990692 4.85955429077 55.1629524231
      vertex 9.18855190277 4.85955429077 55.3708534241
    endloop
  endfacet
  facet normal 0.873010516167 -0.487701416016 0
    outer loop
      vertex 9.18855190277 -3.14044523239 55.3708534241
      vertex 9.18855190277 4.85955429077 55.3708534241
      vertex 9.29609012604 -3.14044523239 55.5633544922
    endloop
  endfacet
  facet normal 0.873010516167 -0.487701416016 0
    outer loop
      vertex 9.29609012604 -3.14044523239 55.5633544922
      vertex 9.18855190277 4.85955429077 55.3708534241
      vertex 9.29609012604 4.85955429077 55.5633544922
    endloop
  endfacet
  facet normal 0.778034389019 -0.628221690655 0
    outer loop
      vertex 9.29609012604 -3.14044523239 55.5633544922
      vertex 9.29609012604 4.85955429077 55.5633544922
      vertex 9.43460845947 -3.14044523239 55.7349052429
    endloop
  endfacet
  facet normal 0.778034389019 -0.628221690655 0
    outer loop
      vertex 9.43460845947 -3.14044523239 55.7349052429
      vertex 9.29609012604 4.85955429077 55.5633544922
      vertex 9.43460845947 4.85955429077 55.7349052429
    endloop
  endfacet
  facet normal 0.660664081573 -0.750681638718 0
    outer loop
      vertex 9.43460845947 -3.14044523239 55.7349052429
      vertex 9.43460845947 4.85955429077 55.7349052429
      vertex 9.60012531281 -3.14044523239 55.8805732727
    endloop
  endfacet
  facet normal 0.660664081573 -0.750681638718 0
    outer loop
      vertex 9.60012531281 -3.14044523239 55.8805732727
      vertex 9.43460845947 4.85955429077 55.7349052429
      vertex 9.60012531281 4.85955429077 55.8805732727
    endloop
  endfacet
  facet normal 0.524320363998 -0.851521074772 0
    outer loop
      vertex 9.60012531281 -3.14044523239 55.8805732727
      vertex 9.60012531281 4.85955429077 55.8805732727
      vertex 9.7878818512 -3.14044523239 55.9961853027
    endloop
  endfacet
  facet normal 0.524304449558 -0.851530909538 5.15572708082e-07
    outer loop
      vertex 9.7878818512 -3.14044523239 55.9961853027
      vertex 9.60012531281 4.85955429077 55.8805732727
      vertex 9.78788948059 4.85955429077 55.9961853027
    endloop
  endfacet
  facet normal 0.372860342264 -0.927887499332 3.66650738215e-07
    outer loop
      vertex 9.7878818512 -3.14044523239 55.9961853027
      vertex 9.78788948059 4.85955429077 55.9961853027
      vertex 9.99248027802 -3.14044523239 56.0783996582
    endloop
  endfacet
  facet normal 0.372872680426 -0.927882492542 0
    outer loop
      vertex 9.99248027802 -3.14044523239 56.0783996582
      vertex 9.78788948059 4.85955429077 55.9961853027
      vertex 9.99248027802 4.85955429077 56.0783996582
    endloop
  endfacet
  facet normal 0.210674092174 -0.977556347847 0
    outer loop
      vertex 9.99248027802 -3.14044523239 56.0783996582
      vertex 9.99248027802 4.85955429077 56.0783996582
      vertex 10.208029747 -3.14044523239 56.1248550415
    endloop
  endfacet
  facet normal 0.210674092174 -0.977556347847 0
    outer loop
      vertex 10.208029747 -3.14044523239 56.1248550415
      vertex 9.99248027802 4.85955429077 56.0783996582
      vertex 10.208029747 4.85955429077 56.1248550415
    endloop
  endfacet
  facet normal 0.042421516031 -0.99909979105 0
    outer loop
      vertex 10.208029747 -3.14044523239 56.1248550415
      vertex 10.208029747 4.85955429077 56.1248550415
      vertex 10.4283227921 -3.14044523239 56.1342086792
    endloop
  endfacet
  facet normal 0.042421516031 -0.99909979105 0
    outer loop
      vertex 10.4283227921 -3.14044523239 56.1342086792
      vertex 10.208029747 4.85955429077 56.1248550415
      vertex 10.4283227921 4.85955429077 56.1342086792
    endloop
  endfacet
  facet normal -0.126976206899 -0.991905748844 -0
    outer loop
      vertex 10.4283227921 -3.14044523239 56.1342086792
      vertex 10.4283227921 4.85955429077 56.1342086792
      vertex 10.6470346451 -3.14044523239 56.1062088013
    endloop
  endfacet
  facet normal -0.126976206899 -0.991905748844 -0
    outer loop
      vertex 10.6470346451 -3.14044523239 56.1062088013
      vertex 10.4283227921 4.85955429077 56.1342086792
      vertex 10.6470346451 4.85955429077 56.1062088013
    endloop
  endfacet
  facet normal -0.29284209013 -0.956160843372 -0
    outer loop
      vertex 10.6470346451 -3.14044523239 56.1062088013
      vertex 10.6470346451 4.85955429077 56.1062088013
      vertex 10.8578643799 -3.14044523239 56.0416374207
    endloop
  endfacet
  facet normal -0.29284209013 -0.956160843372 -0
    outer loop
      vertex 10.8578643799 -3.14044523239 56.0416374207
      vertex 10.6470346451 4.85955429077 56.1062088013
      vertex 10.8578643799 4.85955429077 56.0416374207
    endloop
  endfacet
  facet normal -0.450193852186 -0.892930865288 -0
    outer loop
      vertex 10.8578643799 -3.14044523239 56.0416374207
      vertex 10.8578643799 4.85955429077 56.0416374207
      vertex 11.0547456741 -3.14044523239 55.9423751831
    endloop
  endfacet
  facet normal -0.450193852186 -0.892930865288 -0
    outer loop
      vertex 11.0547456741 -3.14044523239 55.9423751831
      vertex 10.8578643799 4.85955429077 56.0416374207
      vertex 11.0547456741 4.85955429077 55.9423751831
    endloop
  endfacet
  facet normal -0.594637811184 -0.803993701935 -0
    outer loop
      vertex 11.0547456741 -3.14044523239 55.9423751831
      vertex 11.0547456741 4.85955429077 55.9423751831
      vertex 11.2320232391 -3.14044523239 55.8112602234
    endloop
  endfacet
  facet normal -0.594637811184 -0.803993701935 -0
    outer loop
      vertex 11.2320232391 -3.14044523239 55.8112602234
      vertex 11.0547456741 4.85955429077 55.9423751831
      vertex 11.2320232391 4.85955429077 55.8112602234
    endloop
  endfacet
  facet normal -0.721948504448 -0.691946804523 -0
    outer loop
      vertex 11.2320232391 -3.14044523239 55.8112602234
      vertex 11.2320232391 4.85955429077 55.8112602234
      vertex 11.3845996857 -3.14044523239 55.6520690918
    endloop
  endfacet
  facet normal -0.721948504448 -0.691946804523 -0
    outer loop
      vertex 11.3845996857 -3.14044523239 55.6520690918
      vertex 11.2320232391 4.85955429077 55.8112602234
      vertex 11.3845996857 4.85955429077 55.6520690918
    endloop
  endfacet
  facet normal -0.828515172005 -0.559966623783 -0
    outer loop
      vertex 11.3845996857 -3.14044523239 55.6520690918
      vertex 11.3845996857 4.85955429077 55.6520690918
      vertex 11.5080690384 -3.14044523239 55.4693870544
    endloop
  endfacet
  facet normal -0.828515172005 -0.559966623783 -0
    outer loop
      vertex 11.5080690384 -3.14044523239 55.4693870544
      vertex 11.3845996857 4.85955429077 55.6520690918
      vertex 11.5080690384 4.85955429077 55.4693870544
    endloop
  endfacet
  facet normal -0.911231994629 -0.411893546581 -0
    outer loop
      vertex 11.5080690384 -3.14044523239 55.4693870544
      vertex 11.5080690384 4.85955429077 55.4693870544
      vertex 11.5988903046 -3.14044523239 55.2684631348
    endloop
  endfacet
  facet normal -0.911231994629 -0.411893546581 -0
    outer loop
      vertex 11.5988903046 -3.14044523239 55.2684631348
      vertex 11.5080690384 4.85955429077 55.4693870544
      vertex 11.5988903046 4.85955429077 55.2684631348
    endloop
  endfacet
  facet normal -0.967728972435 -0.25199341774 -0
    outer loop
      vertex 11.5988903046 -3.14044523239 55.2684631348
      vertex 11.5988903046 4.85955429077 55.2684631348
      vertex 11.6544542313 -3.14044523239 55.0550842285
    endloop
  endfacet
  facet normal -0.967728972435 -0.25199341774 -0
    outer loop
      vertex 11.6544542313 -3.14044523239 55.0550842285
      vertex 11.5988903046 4.85955429077 55.2684631348
      vertex 11.6544542313 4.85955429077 55.0550842285
    endloop
  endfacet
  facet normal -0.996397554874 -0.0848051086068 -0
    outer loop
      vertex 11.6544542313 -3.14044523239 55.0550842285
      vertex 11.6544542313 4.85955429077 55.0550842285
      vertex 11.6731529236 -3.14044523239 54.8353805542
    endloop
  endfacet
  facet normal -0.996397554874 -0.0848051086068 -0
    outer loop
      vertex 11.6731529236 -3.14044523239 54.8353805542
      vertex 11.6544542313 4.85955429077 55.0550842285
      vertex 11.6731529236 4.85955429077 54.8353805542
    endloop
  endfacet
  facet normal -0 0 -1
    outer loop
      vertex 11.6731529236 -3.14044523239 54.8353805542
      vertex 11.6544542313 -3.14044523239 54.6156845093
      vertex 10.3731536865 -3.14044523239 54.8353805542
    endloop
  endfacet
  facet normal 0 -0 -1
    outer loop
      vertex 11.5080690384 -3.14044523239 55.4693870544
      vertex 11.5988903046 -3.14044523239 55.2684631348
      vertex 10.3731536865 -3.14044523239 54.8353805542
    endloop
  endfacet
  facet normal 0 0 -1
    outer loop
      vertex 10.3731536865 -3.14044523239 54.8353805542
      vertex 11.5988903046 -3.14044523239 55.2684631348
      vertex 11.6544542313 -3.14044523239 55.0550842285
    endloop
  endfacet
  facet normal 0 0 -1
    outer loop
      vertex 10.3731536865 -3.14044523239 54.8353805542
      vertex 11.6544542313 -3.14044523239 55.0550842285
      vertex 11.6731529236 -3.14044523239 54.8353805542
    endloop
  endfacet
  facet normal 0 -0 -1
    outer loop
      vertex 11.0547456741 -3.14044523239 55.9423751831
      vertex 11.2320232391 -3.14044523239 55.8112602234
      vertex 10.3731536865 -3.14044523239 54.8353805542
    endloop
  endfacet
  facet normal 0 0 -1
    outer loop
      vertex 10.3731536865 -3.14044523239 54.8353805542
      vertex 11.2320232391 -3.14044523239 55.8112602234
      vertex 11.3845996857 -3.14044523239 55.6520690918
    endloop
  endfacet
  facet normal 0 0 -1
    outer loop
      vertex 10.3731536865 -3.14044523239 54.8353805542
      vertex 11.3845996857 -3.14044523239 55.6520690918
      vertex 11.5080690384 -3.14044523239 55.4693870544
    endloop
  endfacet
  facet normal 0 -0 -1
    outer loop
      vertex 10.4283227921 -3.14044523239 56.1342086792
      vertex 10.6470346451 -3.14044523239 56.1062088013
      vertex 10.3731536865 -3.14044523239 54.8353805542
    endloop
  endfacet
  facet normal 0 0 -1
    outer loop
      vertex 10.3731536865 -3.14044523239 54.8353805542
      vertex 10.6470346451 -3.14044523239 56.1062088013
      vertex 10.8578643799 -3.14044523239 56.0416374207
    endloop
  endfacet
  facet normal 0 0 -1
    outer loop
      vertex 10.3731536865 -3.14044523239 54.8353805542
      vertex 10.8578643799 -3.14044523239 56.0416374207
      vertex 11.0547456741 -3.14044523239 55.9423751831
    endloop
  endfacet
  facet normal 0 0 -1
    outer loop
      vertex 9.7878818512 -3.14044523239 55.9961853027
      vertex 9.99248027802 -3.14044523239 56.0783996582
      vertex 10.3731536865 -3.14044523239 54.8353805542
    endloop
  endfacet
  facet normal 0 0 -1
    outer loop
      vertex 10.3731536865 -3.14044523239 54.8353805542
      vertex 9.99248027802 -3.14044523239 56.0783996582
      vertex 10.208029747 -3.14044523239 56.1248550415
    endloop
  endfacet
  facet normal 0 0 -1
    outer loop
      vertex 10.3731536865 -3.14044523239 54.8353805542
      vertex 10.208029747 -3.14044523239 56.1248550415
      vertex 10.4283227921 -3.14044523239 56.1342086792
    endloop
  endfacet
  facet normal 0 0 -1
    outer loop
      vertex 9.29609012604 -3.14044523239 55.5633544922
      vertex 9.43460845947 -3.14044523239 55.7349052429
      vertex 10.3731536865 -3.14044523239 54.8353805542
    endloop
  endfacet
  facet normal 0 0 -1
    outer loop
      vertex 10.3731536865 -3.14044523239 54.8353805542
      vertex 9.43460845947 -3.14044523239 55.7349052429
      vertex 9.60012531281 -3.14044523239 55.8805732727
    endloop
  endfacet
  facet normal 0 0 -1
    outer loop
      vertex 10.3731536865 -3.14044523239 54.8353805542
      vertex 9.60012531281 -3.14044523239 55.8805732727
      vertex 9.7878818512 -3.14044523239 55.9961853027
    endloop
  endfacet
  facet normal 0 0 -1
    outer loop
      vertex 9.07783508301 -3.14044523239 54.9456329346
      vertex 9.11509990692 -3.14044523239 55.1629524231
      vertex 10.3731536865 -3.14044523239 54.8353805542
    endloop
  endfacet
  facet normal 0 0 -1
    outer loop
      vertex 10.3731536865 -3.14044523239 54.8353805542
      vertex 9.11509990692 -3.14044523239 55.1629524231
      vertex 9.18855190277 -3.14044523239 55.3708534241
    endloop
  endfacet
  facet normal 0 0 -1
    outer loop
      vertex 10.3731536865 -3.14044523239 54.8353805542
      vertex 9.18855190277 -3.14044523239 55.3708534241
      vertex 9.29609012604 -3.14044523239 55.5633544922
    endloop
  endfacet
  facet normal 0 0 -1
    outer loop
      vertex 9.18855190277 -3.14044523239 54.299911499
      vertex 9.11509990692 -3.14044523239 54.5078086853
      vertex 10.3731536865 -3.14044523239 54.8353805542
    endloop
  endfacet
  facet normal 0 0 -1
    outer loop
      vertex 10.3731536865 -3.14044523239 54.8353805542
      vertex 9.11509990692 -3.14044523239 54.5078086853
      vertex 9.07783508301 -3.14044523239 54.7251358032
    endloop
  endfacet
  facet normal -0 0 -1
    outer loop
      vertex 10.3731536865 -3.14044523239 54.8353805542
      vertex 9.07783508301 -3.14044523239 54.7251358032
      vertex 9.07783508301 -3.14044523239 54.9456329346
    endloop
  endfacet
  facet normal 0 0 -1
    outer loop
      vertex 9.60012531281 -3.14044523239 53.790184021
      vertex 9.43460845947 -3.14044523239 53.9358634949
      vertex 10.3731536865 -3.14044523239 54.8353805542
    endloop
  endfacet
  facet normal 0 0 -1
    outer loop
      vertex 10.3731536865 -3.14044523239 54.8353805542
      vertex 9.43460845947 -3.14044523239 53.9358634949
      vertex 9.29609012604 -3.14044523239 54.1074142456
    endloop
  endfacet
  facet normal 0 0 -1
    outer loop
      vertex 10.3731536865 -3.14044523239 54.8353805542
      vertex 9.29609012604 -3.14044523239 54.1074142456
      vertex 9.18855190277 -3.14044523239 54.299911499
    endloop
  endfacet
  facet normal 0 0 -1
    outer loop
      vertex 10.208029747 -3.14044523239 53.5459136963
      vertex 9.99248027802 -3.14044523239 53.5923690796
      vertex 10.3731536865 -3.14044523239 54.8353805542
    endloop
  endfacet
  facet normal 0 0 -1
    outer loop
      vertex 10.3731536865 -3.14044523239 54.8353805542
      vertex 9.99248027802 -3.14044523239 53.5923690796
      vertex 9.7878818512 -3.14044523239 53.6745834351
    endloop
  endfacet
  facet normal 0 0 -1
    outer loop
      vertex 10.3731536865 -3.14044523239 54.8353805542
      vertex 9.7878818512 -3.14044523239 53.6745834351
      vertex 9.60012531281 -3.14044523239 53.790184021
    endloop
  endfacet
  facet normal -0 0 -1
    outer loop
      vertex 10.8578643799 -3.14044523239 53.6291275024
      vertex 10.6470346451 -3.14044523239 53.5645599365
      vertex 10.3731536865 -3.14044523239 54.8353805542
    endloop
  endfacet
  facet normal 0 0 -1
    outer loop
      vertex 10.3731536865 -3.14044523239 54.8353805542
      vertex 10.6470346451 -3.14044523239 53.5645599365
      vertex 10.4283227921 -3.14044523239 53.5365524292
    endloop
  endfacet
  facet normal 0 -0 -1
    outer loop
      vertex 10.3731536865 -3.14044523239 54.8353805542
      vertex 10.4283227921 -3.14044523239 53.5365524292
      vertex 10.208029747 -3.14044523239 53.5459136963
    endloop
  endfacet
  facet normal -0 0 -1
    outer loop
      vertex 11.3845996857 -3.14044523239 54.018699646
      vertex 11.2320232391 -3.14044523239 53.8595085144
      vertex 10.3731536865 -3.14044523239 54.8353805542
    endloop
  endfacet
  facet normal 0 0 -1
    outer loop
      vertex 10.3731536865 -3.14044523239 54.8353805542
      vertex 11.2320232391 -3.14044523239 53.8595085144
      vertex 11.0547456741 -3.14044523239 53.7283935547
    endloop
  endfacet
  facet normal 0 0 -1
    outer loop
      vertex 10.3731536865 -3.14044523239 54.8353805542
      vertex 11.0547456741 -3.14044523239 53.7283935547
      vertex 10.8578643799 -3.14044523239 53.6291275024
    endloop
  endfacet
  facet normal -0 0 -1
    outer loop
      vertex 11.6544542313 -3.14044523239 54.6156845093
      vertex 11.5988903046 -3.14044523239 54.402305603
      vertex 10.3731536865 -3.14044523239 54.8353805542
    endloop
  endfacet
  facet normal 0 0 -1
    outer loop
      vertex 10.3731536865 -3.14044523239 54.8353805542
      vertex 11.5988903046 -3.14044523239 54.402305603
      vertex 11.5080690384 -3.14044523239 54.2013816833
    endloop
  endfacet
  facet normal 0 0 -1
    outer loop
      vertex 10.3731536865 -3.14044523239 54.8353805542
      vertex 11.5080690384 -3.14044523239 54.2013816833
      vertex 11.3845996857 -3.14044523239 54.018699646
    endloop
  endfacet
  facet normal 0 0 1
    outer loop
      vertex 10.2334318161 4.85955429077 53.7442893982
      vertex 10.208029747 4.85955429077 53.5459136963
      vertex 10.4198350906 4.85955429077 53.7363777161
    endloop
  endfacet
  facet normal 0 0 1
    outer loop
      vertex 10.4198350906 4.85955429077 53.7363777161
      vertex 10.208029747 4.85955429077 53.5459136963
      vertex 10.4283227921 4.85955429077 53.5365524292
    endloop
  endfacet
  facet normal -0 0 1
    outer loop
      vertex 10.4198350906 4.85955429077 53.7363777161
      vertex 10.4283227921 4.85955429077 53.5365524292
      vertex 10.6049003601 4.85955429077 53.7600708008
    endloop
  endfacet
  facet normal 0 0 1
    outer loop
      vertex 10.6049003601 4.85955429077 53.7600708008
      vertex 10.4283227921 4.85955429077 53.5365524292
      vertex 10.6470346451 4.85955429077 53.5645599365
    endloop
  endfacet
  facet normal -0 0 1
    outer loop
      vertex 10.6049003601 4.85955429077 53.7600708008
      vertex 10.6470346451 4.85955429077 53.5645599365
      vertex 10.7832956314 4.85955429077 53.814704895
    endloop
  endfacet
  facet normal 0 0 1
    outer loop
      vertex 10.7832956314 4.85955429077 53.814704895
      vertex 10.6470346451 4.85955429077 53.5645599365
      vertex 10.8578643799 4.85955429077 53.6291275024
    endloop
  endfacet
  facet normal -0 0 1
    outer loop
      vertex 10.7832956314 4.85955429077 53.814704895
      vertex 10.8578643799 4.85955429077 53.6291275024
      vertex 10.9498901367 4.85955429077 53.8987007141
    endloop
  endfacet
  facet normal 0 0 1
    outer loop
      vertex 10.9498901367 4.85955429077 53.8987007141
      vertex 10.8578643799 4.85955429077 53.6291275024
      vertex 11.0547456741 4.85955429077 53.7283935547
    endloop
  endfacet
  facet normal -0 0 1
    outer loop
      vertex 10.9498901367 4.85955429077 53.8987007141
      vertex 11.0547456741 4.85955429077 53.7283935547
      vertex 11.0998935699 4.85955429077 54.0096435547
    endloop
  endfacet
  facet normal 0 0 1
    outer loop
      vertex 11.0998935699 4.85955429077 54.0096435547
      vertex 11.0547456741 4.85955429077 53.7283935547
      vertex 11.2320232391 4.85955429077 53.8595085144
    endloop
  endfacet
  facet normal -0 0 1
    outer loop
      vertex 11.0998935699 4.85955429077 54.0096435547
      vertex 11.2320232391 4.85955429077 53.8595085144
      vertex 11.2289867401 4.85955429077 54.1443405151
    endloop
  endfacet
  facet normal 0 0 1
    outer loop
      vertex 11.2289867401 4.85955429077 54.1443405151
      vertex 11.2320232391 4.85955429077 53.8595085144
      vertex 11.3845996857 4.85955429077 54.018699646
    endloop
  endfacet
  facet normal -0 0 1
    outer loop
      vertex 11.2289867401 4.85955429077 54.1443405151
      vertex 11.3845996857 4.85955429077 54.018699646
      vertex 11.3334655762 4.85955429077 54.2989120483
    endloop
  endfacet
  facet normal 0 0 1
    outer loop
      vertex 11.3334655762 4.85955429077 54.2989120483
      vertex 11.3845996857 4.85955429077 54.018699646
      vertex 11.5080690384 4.85955429077 54.2013816833
    endloop
  endfacet
  facet normal -0 0 1
    outer loop
      vertex 11.3334655762 4.85955429077 54.2989120483
      vertex 11.5080690384 4.85955429077 54.2013816833
      vertex 11.4103164673 4.85955429077 54.4689292908
    endloop
  endfacet
  facet normal 0 0 1
    outer loop
      vertex 11.4103164673 4.85955429077 54.4689292908
      vertex 11.5080690384 4.85955429077 54.2013816833
      vertex 11.5988903046 4.85955429077 54.402305603
    endloop
  endfacet
  facet normal -0 0 1
    outer loop
      vertex 11.4103164673 4.85955429077 54.4689292908
      vertex 11.5988903046 4.85955429077 54.402305603
      vertex 11.4573278427 4.85955429077 54.6494789124
    endloop
  endfacet
  facet normal 0 0 1
    outer loop
      vertex 11.4573278427 4.85955429077 54.6494789124
      vertex 11.5988903046 4.85955429077 54.402305603
      vertex 11.6544542313 4.85955429077 54.6156845093
    endloop
  endfacet
  facet normal -0 0 1
    outer loop
      vertex 11.4573278427 4.85955429077 54.6494789124
      vertex 11.6544542313 4.85955429077 54.6156845093
      vertex 11.4731483459 4.85955429077 54.8353805542
    endloop
  endfacet
  facet normal -0 0 1
    outer loop
      vertex 11.4731483459 4.85955429077 54.8353805542
      vertex 11.6544542313 4.85955429077 54.6156845093
      vertex 11.6731529236 4.85955429077 54.8353805542
    endloop
  endfacet
  facet normal 0 -0 1
    outer loop
      vertex 11.4731483459 4.85955429077 54.8353805542
      vertex 11.6731529236 4.85955429077 54.8353805542
      vertex 11.4573278427 4.85955429077 55.0212783813
    endloop
  endfacet
  facet normal -0 0 1
    outer loop
      vertex 11.4573278427 4.85955429077 55.0212783813
      vertex 11.6731529236 4.85955429077 54.8353805542
      vertex 11.6544542313 4.85955429077 55.0550842285
    endloop
  endfacet
  facet normal 0 -0 1
    outer loop
      vertex 11.4573278427 4.85955429077 55.0212783813
      vertex 11.6544542313 4.85955429077 55.0550842285
      vertex 11.4103164673 4.85955429077 55.201839447
    endloop
  endfacet
  facet normal -0 0 1
    outer loop
      vertex 11.4103164673 4.85955429077 55.201839447
      vertex 11.6544542313 4.85955429077 55.0550842285
      vertex 11.5988903046 4.85955429077 55.2684631348
    endloop
  endfacet
  facet normal 0 -0 1
    outer loop
      vertex 11.4103164673 4.85955429077 55.201839447
      vertex 11.5988903046 4.85955429077 55.2684631348
      vertex 11.3334655762 4.85955429077 55.3718452454
    endloop
  endfacet
  facet normal -0 0 1
    outer loop
      vertex 11.3334655762 4.85955429077 55.3718452454
      vertex 11.5988903046 4.85955429077 55.2684631348
      vertex 11.5080690384 4.85955429077 55.4693870544
    endloop
  endfacet
  facet normal 0 -0 1
    outer loop
      vertex 11.3334655762 4.85955429077 55.3718452454
      vertex 11.5080690384 4.85955429077 55.4693870544
      vertex 11.2289867401 4.85955429077 55.5264282227
    endloop
  endfacet
  facet normal -0 0 1
    outer loop
      vertex 11.2289867401 4.85955429077 55.5264282227
      vertex 11.5080690384 4.85955429077 55.4693870544
      vertex 11.3845996857 4.85955429077 55.6520690918
    endloop
  endfacet
  facet normal 0 -0 1
    outer loop
      vertex 11.2289867401 4.85955429077 55.5264282227
      vertex 11.3845996857 4.85955429077 55.6520690918
      vertex 11.0998935699 4.85955429077 55.6611213684
    endloop
  endfacet
  facet normal -0 0 1
    outer loop
      vertex 11.0998935699 4.85955429077 55.6611213684
      vertex 11.3845996857 4.85955429077 55.6520690918
      vertex 11.2320232391 4.85955429077 55.8112602234
    endloop
  endfacet
  facet normal 0 -0 1
    outer loop
      vertex 11.0998935699 4.85955429077 55.6611213684
      vertex 11.2320232391 4.85955429077 55.8112602234
      vertex 10.9498901367 4.85955429077 55.7720680237
    endloop
  endfacet
  facet normal 0 0 1
    outer loop
      vertex 10.9498901367 4.85955429077 55.7720680237
      vertex 11.2320232391 4.85955429077 55.8112602234
      vertex 11.0547456741 4.85955429077 55.9423751831
    endloop
  endfacet
  facet normal 0 -0 1
    outer loop
      vertex 10.9498901367 4.85955429077 55.7720680237
      vertex 11.0547456741 4.85955429077 55.9423751831
      vertex 10.7832956314 4.85955429077 55.8560600281
    endloop
  endfacet
  facet normal 0 0 1
    outer loop
      vertex 10.7832956314 4.85955429077 55.8560600281
      vertex 11.0547456741 4.85955429077 55.9423751831
      vertex 10.8578643799 4.85955429077 56.0416374207
    endloop
  endfacet
  facet normal 0 -0 1
    outer loop
      vertex 10.7832956314 4.85955429077 55.8560600281
      vertex 10.8578643799 4.85955429077 56.0416374207
      vertex 10.6049003601 4.85955429077 55.910697937
    endloop
  endfacet
  facet normal 0 0 1
    outer loop
      vertex 10.6049003601 4.85955429077 55.910697937
      vertex 10.8578643799 4.85955429077 56.0416374207
      vertex 10.6470346451 4.85955429077 56.1062088013
    endloop
  endfacet
  facet normal 0 -0 1
    outer loop
      vertex 10.6049003601 4.85955429077 55.910697937
      vertex 10.6470346451 4.85955429077 56.1062088013
      vertex 10.4198350906 4.85955429077 55.9343910217
    endloop
  endfacet
  facet normal 0 0 1
    outer loop
      vertex 10.4198350906 4.85955429077 55.9343910217
      vertex 10.6470346451 4.85955429077 56.1062088013
      vertex 10.4283227921 4.85955429077 56.1342086792
    endloop
  endfacet
  facet normal 0 -0 1
    outer loop
      vertex 10.4198350906 4.85955429077 55.9343910217
      vertex 10.4283227921 4.85955429077 56.1342086792
      vertex 10.2334318161 4.85955429077 55.9264678955
    endloop
  endfacet
  facet normal 0 -0 1
    outer loop
      vertex 10.2334318161 4.85955429077 55.9264678955
      vertex 10.4283227921 4.85955429077 56.1342086792
      vertex 10.208029747 4.85955429077 56.1248550415
    endloop
  endfacet
  facet normal 0 0 1
    outer loop
      vertex 10.2334318161 4.85955429077 55.9264678955
      vertex 10.208029747 4.85955429077 56.1248550415
      vertex 10.0510482788 4.85955429077 55.8871650696
    endloop
  endfacet
  facet normal 0 -0 1
    outer loop
      vertex 10.0510482788 4.85955429077 55.8871650696
      vertex 10.208029747 4.85955429077 56.1248550415
      vertex 9.99248027802 4.85955429077 56.0783996582
    endloop
  endfacet
  facet normal 0 0 1
    outer loop
      vertex 10.0510482788 4.85955429077 55.8871650696
      vertex 9.99248027802 4.85955429077 56.0783996582
      vertex 9.87792491913 4.85955429077 55.8176002502
    endloop
  endfacet
  facet normal 0 -0 1
    outer loop
      vertex 9.87792491913 4.85955429077 55.8176002502
      vertex 9.99248027802 4.85955429077 56.0783996582
      vertex 9.78788948059 4.85955429077 55.9961853027
    endloop
  endfacet
  facet normal 0 0 1
    outer loop
      vertex 9.87792491913 4.85955429077 55.8176002502
      vertex 9.78788948059 4.85955429077 55.9961853027
      vertex 9.71905517578 4.85955429077 55.7197761536
    endloop
  endfacet
  facet normal 0 -0 1
    outer loop
      vertex 9.71905517578 4.85955429077 55.7197761536
      vertex 9.78788948059 4.85955429077 55.9961853027
      vertex 9.60012531281 4.85955429077 55.8805732727
    endloop
  endfacet
  facet normal 0 0 1
    outer loop
      vertex 9.71905517578 4.85955429077 55.7197761536
      vertex 9.60012531281 4.85955429077 55.8805732727
      vertex 9.57899570465 4.85955429077 55.5965118408
    endloop
  endfacet
  facet normal 0 -0 1
    outer loop
      vertex 9.57899570465 4.85955429077 55.5965118408
      vertex 9.60012531281 4.85955429077 55.8805732727
      vertex 9.43460845947 4.85955429077 55.7349052429
    endloop
  endfacet
  facet normal 0 0 1
    outer loop
      vertex 9.57899570465 4.85955429077 55.5965118408
      vertex 9.43460845947 4.85955429077 55.7349052429
      vertex 9.46178817749 4.85955429077 55.4513549805
    endloop
  endfacet
  facet normal 0 0 1
    outer loop
      vertex 9.46178817749 4.85955429077 55.4513549805
      vertex 9.43460845947 4.85955429077 55.7349052429
      vertex 9.29609012604 4.85955429077 55.5633544922
    endloop
  endfacet
  facet normal 0 0 1
    outer loop
      vertex 9.46178817749 4.85955429077 55.4513549805
      vertex 9.29609012604 4.85955429077 55.5633544922
      vertex 9.37080097198 4.85955429077 55.2884750366
    endloop
  endfacet
  facet normal 0 0 1
    outer loop
      vertex 9.37080097198 4.85955429077 55.2884750366
      vertex 9.29609012604 4.85955429077 55.5633544922
      vertex 9.18855190277 4.85955429077 55.3708534241
    endloop
  endfacet
  facet normal 0 0 1
    outer loop
      vertex 9.37080097198 4.85955429077 55.2884750366
      vertex 9.18855190277 4.85955429077 55.3708534241
      vertex 9.30864620209 4.85955429077 55.1125564575
    endloop
  endfacet
  facet normal 0 0 1
    outer loop
      vertex 9.30864620209 4.85955429077 55.1125564575
      vertex 9.18855190277 4.85955429077 55.3708534241
      vertex 9.11509990692 4.85955429077 55.1629524231
    endloop
  endfacet
  facet normal 0 0 1
    outer loop
      vertex 9.30864620209 4.85955429077 55.1125564575
      vertex 9.11509990692 4.85955429077 55.1629524231
      vertex 9.27711582184 4.85955429077 54.9286727905
    endloop
  endfacet
  facet normal 0 0 1
    outer loop
      vertex 9.27711582184 4.85955429077 54.9286727905
      vertex 9.11509990692 4.85955429077 55.1629524231
      vertex 9.07783508301 4.85955429077 54.9456329346
    endloop
  endfacet
  facet normal 0 0 1
    outer loop
      vertex 9.27711582184 4.85955429077 54.9286727905
      vertex 9.07783508301 4.85955429077 54.9456329346
      vertex 9.27711582184 4.85955429077 54.7420959473
    endloop
  endfacet
  facet normal 0 0 1
    outer loop
      vertex 9.27711582184 4.85955429077 54.7420959473
      vertex 9.07783508301 4.85955429077 54.9456329346
      vertex 9.07783508301 4.85955429077 54.7251358032
    endloop
  endfacet
  facet normal 0 0 1
    outer loop
      vertex 9.27711582184 4.85955429077 54.7420959473
      vertex 9.07783508301 4.85955429077 54.7251358032
      vertex 9.30864620209 4.85955429077 54.5582008362
    endloop
  endfacet
  facet normal 0 0 1
    outer loop
      vertex 9.30864620209 4.85955429077 54.5582008362
      vertex 9.07783508301 4.85955429077 54.7251358032
      vertex 9.11509990692 4.85955429077 54.5078086853
    endloop
  endfacet
  facet normal 0 0 1
    outer loop
      vertex 9.30864620209 4.85955429077 54.5582008362
      vertex 9.11509990692 4.85955429077 54.5078086853
      vertex 9.37080097198 4.85955429077 54.3822937012
    endloop
  endfacet
  facet normal 0 0 1
    outer loop
      vertex 9.37080097198 4.85955429077 54.3822937012
      vertex 9.11509990692 4.85955429077 54.5078086853
      vertex 9.18855190277 4.85955429077 54.299911499
    endloop
  endfacet
  facet normal 0 0 1
    outer loop
      vertex 9.37080097198 4.85955429077 54.3822937012
      vertex 9.18855190277 4.85955429077 54.299911499
      vertex 9.46178817749 4.85955429077 54.2194137573
    endloop
  endfacet
  facet normal 0 0 1
    outer loop
      vertex 9.46178817749 4.85955429077 54.2194137573
      vertex 9.18855190277 4.85955429077 54.299911499
      vertex 9.29609012604 4.85955429077 54.1074142456
    endloop
  endfacet
  facet normal 0 0 1
    outer loop
      vertex 9.46178817749 4.85955429077 54.2194137573
      vertex 9.29609012604 4.85955429077 54.1074142456
      vertex 9.57899570465 4.85955429077 54.0742454529
    endloop
  endfacet
  facet normal 0 0 1
    outer loop
      vertex 9.57899570465 4.85955429077 54.0742454529
      vertex 9.29609012604 4.85955429077 54.1074142456
      vertex 9.43460845947 4.85955429077 53.9358634949
    endloop
  endfacet
  facet normal 0 0 1
    outer loop
      vertex 9.57899570465 4.85955429077 54.0742454529
      vertex 9.43460845947 4.85955429077 53.9358634949
      vertex 9.71905517578 4.85955429077 53.9509887695
    endloop
  endfacet
  facet normal 0 0 1
    outer loop
      vertex 9.71905517578 4.85955429077 53.9509887695
      vertex 9.43460845947 4.85955429077 53.9358634949
      vertex 9.60012531281 4.85955429077 53.790184021
    endloop
  endfacet
  facet normal 0 0 1
    outer loop
      vertex 9.71905517578 4.85955429077 53.9509887695
      vertex 9.60012531281 4.85955429077 53.790184021
      vertex 9.87792491913 4.85955429077 53.8531684875
    endloop
  endfacet
  facet normal 0 0 1
    outer loop
      vertex 9.87792491913 4.85955429077 53.8531684875
      vertex 9.60012531281 4.85955429077 53.790184021
      vertex 9.78788948059 4.85955429077 53.6745834351
    endloop
  endfacet
  facet normal 0 0 1
    outer loop
      vertex 9.87792491913 4.85955429077 53.8531684875
      vertex 9.78788948059 4.85955429077 53.6745834351
      vertex 10.0510482788 4.85955429077 53.7835998535
    endloop
  endfacet
  facet normal 0 0 1
    outer loop
      vertex 10.0510482788 4.85955429077 53.7835998535
      vertex 9.78788948059 4.85955429077 53.6745834351
      vertex 9.99248027802 4.85955429077 53.5923690796
    endloop
  endfacet
  facet normal 0 0 1
    outer loop
      vertex 10.0510482788 4.85955429077 53.7835998535
      vertex 9.99248027802 4.85955429077 53.5923690796
      vertex 10.2334318161 4.85955429077 53.7442893982
    endloop
  endfacet
  facet normal 0 0 1
    outer loop
      vertex 10.2334318161 4.85955429077 53.7442893982
      vertex 9.99248027802 4.85955429077 53.5923690796
      vertex 10.208029747 4.85955429077 53.5459136963
    endloop
  endfacet
  facet normal -0.996397554874 0.0848051086068 0
    outer loop
      vertex 11.6731510162 -3.14044523239 102.835388184
      vertex 11.6731510162 4.85955810547 102.835388184
      vertex 11.6544513702 -3.14044523239 102.615684509
    endloop
  endfacet
  facet normal -0.996397554874 0.0848051086068 0
    outer loop
      vertex 11.6544513702 -3.14044523239 102.615684509
      vertex 11.6731510162 4.85955810547 102.835388184
      vertex 11.6544513702 4.85955810547 102.615684509
    endloop
  endfacet
  facet normal -0.967728972435 0.25199341774 0
    outer loop
      vertex 11.6544513702 -3.14044523239 102.615684509
      vertex 11.6544513702 4.85955810547 102.615684509
      vertex 11.5988883972 -3.14044523239 102.402305603
    endloop
  endfacet
  facet normal -0.967737674713 0.251960009336 -9.51620506839e-07
    outer loop
      vertex 11.5988883972 -3.14044523239 102.402305603
      vertex 11.6544513702 4.85955810547 102.615684509
      vertex 11.5988969803 4.85955810547 102.402305603
    endloop
  endfacet
  facet normal -0.911238014698 0.411880165339 -8.96061862932e-07
    outer loop
      vertex 11.5988883972 -3.14044523239 102.402305603
      vertex 11.5988969803 4.85955810547 102.402305603
      vertex 11.508067131 -3.14044523239 102.201370239
    endloop
  endfacet
  facet normal -0.911224603653 0.411909788847 0
    outer loop
      vertex 11.508067131 -3.14044523239 102.201370239
      vertex 11.5988969803 4.85955810547 102.402305603
      vertex 11.508067131 4.85955810547 102.201370239
    endloop
  endfacet
  facet normal -0.828492760658 0.559999763966 0
    outer loop
      vertex 11.508067131 -3.14044523239 102.201370239
      vertex 11.508067131 4.85955810547 102.201370239
      vertex 11.3845977783 -3.14044523239 102.018707275
    endloop
  endfacet
  facet normal -0.828492760658 0.559999763966 0
    outer loop
      vertex 11.3845977783 -3.14044523239 102.018707275
      vertex 11.508067131 4.85955810547 102.201370239
      vertex 11.3845977783 4.85955810547 102.018707275
    endloop
  endfacet
  facet normal -0.721966326237 0.691928207874 0
    outer loop
      vertex 11.3845977783 -3.14044523239 102.018707275
      vertex 11.3845977783 4.85955810547 102.018707275
      vertex 11.2320299149 -3.14044523239 101.859512329
    endloop
  endfacet
  facet normal -0.721966326237 0.691928207874 0
    outer loop
      vertex 11.2320299149 -3.14044523239 101.859512329
      vertex 11.3845977783 4.85955810547 102.018707275
      vertex 11.2320299149 4.85955810547 101.859512329
    endloop
  endfacet
  facet normal -0.594660878181 0.803976655006 0
    outer loop
      vertex 11.2320299149 -3.14044523239 101.859512329
      vertex 11.2320299149 4.85955810547 101.859512329
      vertex 11.0547513962 -3.14044523239 101.728393555
    endloop
  endfacet
  facet normal -0.594660878181 0.803976655006 0
    outer loop
      vertex 11.0547513962 -3.14044523239 101.728393555
      vertex 11.2320299149 4.85955810547 101.859512329
      vertex 11.0547513962 4.85955810547 101.728393555
    endloop
  endfacet
  facet normal -0.450179517269 0.89293807745 0
    outer loop
      vertex 11.0547513962 -3.14044523239 101.728393555
      vertex 11.0547513962 4.85955810547 101.728393555
      vertex 10.8578624725 -3.14044523239 101.629127502
    endloop
  endfacet
  facet normal -0.450179517269 0.89293807745 0
    outer loop
      vertex 10.8578624725 -3.14044523239 101.629127502
      vertex 11.0547513962 4.85955810547 101.728393555
      vertex 10.8578624725 4.85955810547 101.629127502
    endloop
  endfacet
  facet normal -0.29284209013 0.956160843372 0
    outer loop
      vertex 10.8578624725 -3.14044523239 101.629127502
      vertex 10.8578624725 4.85955810547 101.629127502
      vertex 10.6470327377 -3.14044523239 101.564559937
    endloop
  endfacet
  facet normal -0.29284209013 0.956160843372 0
    outer loop
      vertex 10.6470327377 -3.14044523239 101.564559937
      vertex 10.8578624725 4.85955810547 101.629127502
      vertex 10.6470327377 4.85955810547 101.564559937
    endloop
  endfacet
  facet normal -0.127015814185 0.991900682449 0
    outer loop
      vertex 10.6470327377 -3.14044523239 101.564559937
      vertex 10.6470327377 4.85955810547 101.564559937
      vertex 10.4283285141 -3.14044523239 101.536552429
    endloop
  endfacet
  facet normal -0.127015814185 0.991900682449 0
    outer loop
      vertex 10.4283285141 -3.14044523239 101.536552429
      vertex 10.6470327377 4.85955810547 101.564559937
      vertex 10.4283285141 4.85955810547 101.536552429
    endloop
  endfacet
  facet normal 0.0424556136131 0.999098360538 0
    outer loop
      vertex 10.4283285141 -3.14044523239 101.536552429
      vertex 10.4283285141 4.85955810547 101.536552429
      vertex 10.2080278397 -3.14044523239 101.545913696
    endloop
  endfacet
  facet normal 0.0424556136131 0.999098360538 0
    outer loop
      vertex 10.2080278397 -3.14044523239 101.545913696
      vertex 10.4283285141 4.85955810547 101.536552429
      vertex 10.2080278397 4.85955810547 101.545913696
    endloop
  endfacet
  facet normal 0.210639998317 0.977563679218 0
    outer loop
      vertex 10.2080278397 -3.14044523239 101.545913696
      vertex 10.2080278397 4.85955810547 101.545913696
      vertex 9.99247837067 -3.14044523239 101.59236145
    endloop
  endfacet
  facet normal 0.210639998317 0.977563679218 0
    outer loop
      vertex 9.99247837067 -3.14044523239 101.59236145
      vertex 10.2080278397 4.85955810547 101.545913696
      vertex 9.99247837067 4.85955810547 101.59236145
    endloop
  endfacet
  facet normal 0.37290340662 0.927870154381 0
    outer loop
      vertex 9.99247837067 -3.14044523239 101.59236145
      vertex 9.99247837067 4.85955810547 101.59236145
      vertex 9.78788757324 -3.14044523239 101.674583435
    endloop
  endfacet
  facet normal 0.37290340662 0.927870154381 0
    outer loop
      vertex 9.78788757324 -3.14044523239 101.674583435
      vertex 9.99247837067 4.85955810547 101.59236145
      vertex 9.78788757324 4.85955810547 101.674583435
    endloop
  endfacet
  facet normal 0.524320363998 0.851521074772 0
    outer loop
      vertex 9.78788757324 -3.14044523239 101.674583435
      vertex 9.78788757324 4.85955810547 101.674583435
      vertex 9.60013103485 -3.14044523239 101.79019165
    endloop
  endfacet
  facet normal 0.524320363998 0.851521074772 0
    outer loop
      vertex 9.60013103485 -3.14044523239 101.79019165
      vertex 9.78788757324 4.85955810547 101.674583435
      vertex 9.60013103485 4.85955810547 101.79019165
    endloop
  endfacet
  facet normal 0.660626292229 0.750714957714 0
    outer loop
      vertex 9.60013103485 -3.14044523239 101.79019165
      vertex 9.60013103485 4.85955810547 101.79019165
      vertex 9.43460655212 -3.14044523239 101.935852051
    endloop
  endfacet
  facet normal 0.660626292229 0.750714957714 0
    outer loop
      vertex 9.43460655212 -3.14044523239 101.935852051
      vertex 9.60013103485 4.85955810547 101.79019165
      vertex 9.43460655212 4.85955810547 101.935852051
    endloop
  endfacet
  facet normal 0.77804851532 0.628204226494 0
    outer loop
      vertex 9.43460655212 -3.14044523239 101.935852051
      vertex 9.43460655212 4.85955810547 101.935852051
      vertex 9.29608821869 -3.14044523239 102.107414246
    endloop
  endfacet
  facet normal 0.77804851532 0.628204226494 0
    outer loop
      vertex 9.29608821869 -3.14044523239 102.107414246
      vertex 9.43460655212 4.85955810547 101.935852051
      vertex 9.29608821869 4.85955810547 102.107414246
    endloop
  endfacet
  facet normal 0.873025715351 0.487674206495 0
    outer loop
      vertex 9.29608821869 -3.14044523239 102.107414246
      vertex 9.29608821869 4.85955810547 102.107414246
      vertex 9.18855762482 -3.14044523239 102.299911499
    endloop
  endfacet
  facet normal 0.873025715351 0.487674206495 0
    outer loop
      vertex 9.18855762482 -3.14044523239 102.299911499
      vertex 9.29608821869 4.85955810547 102.107414246
      vertex 9.18855762482 4.85955810547 102.299911499
    endloop
  endfacet
  facet normal 0.942873060703 0.333152264357 0
    outer loop
      vertex 9.18855762482 -3.14044523239 102.299911499
      vertex 9.18855762482 4.85955810547 102.299911499
      vertex 9.11509799957 -3.14044523239 102.5078125
    endloop
  endfacet
  facet normal 0.942873060703 0.333152264357 0
    outer loop
      vertex 9.11509799957 -3.14044523239 102.5078125
      vertex 9.18855762482 4.85955810547 102.299911499
      vertex 9.11509799957 4.85955810547 102.5078125
    endloop
  endfacet
  facet normal 0.985615611076 0.169002428651 0
    outer loop
      vertex 9.11509799957 -3.14044523239 102.5078125
      vertex 9.11509799957 4.85955810547 102.5078125
      vertex 9.07783317566 -3.14044523239 102.725143433
    endloop
  endfacet
  facet normal 0.985615611076 0.169002428651 0
    outer loop
      vertex 9.07783317566 -3.14044523239 102.725143433
      vertex 9.11509799957 4.85955810547 102.5078125
      vertex 9.07783317566 4.85955810547 102.725143433
    endloop
  endfacet
  facet normal 1 -0 0
    outer loop
      vertex 9.07783317566 -3.14044523239 102.725143433
      vertex 9.07783317566 4.85955810547 102.725143433
      vertex 9.07783317566 -3.14044523239 102.945632935
    endloop
  endfacet
  facet normal 1 0 0
    outer loop
      vertex 9.07783317566 -3.14044523239 102.945632935
      vertex 9.07783317566 4.85955810547 102.725143433
      vertex 9.07783317566 4.85955810547 102.945632935
    endloop
  endfacet
  facet normal 0.985615611076 -0.169002428651 0
    outer loop
      vertex 9.07783317566 -3.14044523239 102.945632935
      vertex 9.07783317566 4.85955810547 102.945632935
      vertex 9.11509799957 -3.14044523239 103.162956238
    endloop
  endfacet
  facet normal 0.985615611076 -0.169002428651 0
    outer loop
      vertex 9.11509799957 -3.14044523239 103.162956238
      vertex 9.07783317566 4.85955810547 102.945632935
      vertex 9.11509799957 4.85955810547 103.162956238
    endloop
  endfacet
  facet normal 0.942865133286 -0.333174705505 0
    outer loop
      vertex 9.11509799957 -3.14044523239 103.162956238
      vertex 9.11509799957 4.85955810547 103.162956238
      vertex 9.18855762482 -3.14044523239 103.37084198
    endloop
  endfacet
  facet normal 0.942865133286 -0.333174705505 0
    outer loop
      vertex 9.18855762482 -3.14044523239 103.37084198
      vertex 9.11509799957 4.85955810547 103.162956238
      vertex 9.18855762482 4.85955810547 103.37084198
    endloop
  endfacet
  facet normal 0.873025715351 -0.487674206495 0
    outer loop
      vertex 9.18855762482 -3.14044523239 103.37084198
      vertex 9.18855762482 4.85955810547 103.37084198
      vertex 9.29608821869 -3.14044523239 103.563346863
    endloop
  endfacet
  facet normal 0.873025715351 -0.487674206495 0
    outer loop
      vertex 9.29608821869 -3.14044523239 103.563346863
      vertex 9.18855762482 4.85955810547 103.37084198
      vertex 9.29608821869 4.85955810547 103.563346863
    endloop
  endfacet
  facet normal 0.77804851532 -0.628204226494 0
    outer loop
      vertex 9.29608821869 -3.14044523239 103.563346863
      vertex 9.29608821869 4.85955810547 103.563346863
      vertex 9.43460655212 -3.14044523239 103.734901428
    endloop
  endfacet
  facet normal 0.77804851532 -0.628204226494 0
    outer loop
      vertex 9.43460655212 -3.14044523239 103.734901428
      vertex 9.29608821869 4.85955810547 103.563346863
      vertex 9.43460655212 4.85955810547 103.734901428
    endloop
  endfacet
  facet normal 0.660666525364 -0.750679552555 0
    outer loop
      vertex 9.43460655212 -3.14044523239 103.734901428
      vertex 9.43460655212 4.85955810547 103.734901428
      vertex 9.60013103485 -3.14044523239 103.880577087
    endloop
  endfacet
  facet normal 0.660666525364 -0.750679552555 0
    outer loop
      vertex 9.60013103485 -3.14044523239 103.880577087
      vertex 9.43460655212 4.85955810547 103.734901428
      vertex 9.60013103485 4.85955810547 103.880577087
    endloop
  endfacet
  facet normal 0.524320363998 -0.851521074772 0
    outer loop
      vertex 9.60013103485 -3.14044523239 103.880577087
      vertex 9.60013103485 4.85955810547 103.880577087
      vertex 9.78788757324 -3.14044523239 103.996192932
    endloop
  endfacet
  facet normal 0.524320363998 -0.851521074772 0
    outer loop
      vertex 9.78788757324 -3.14044523239 103.996192932
      vertex 9.60013103485 4.85955810547 103.880577087
      vertex 9.78788757324 4.85955810547 103.996192932
    endloop
  endfacet
  facet normal 0.372841984034 -0.927894830704 0
    outer loop
      vertex 9.78788757324 -3.14044523239 103.996192932
      vertex 9.78788757324 4.85955810547 103.996192932
      vertex 9.99247837067 -3.14044523239 104.078399658
    endloop
  endfacet
  facet normal 0.372841984034 -0.927894830704 0
    outer loop
      vertex 9.99247837067 -3.14044523239 104.078399658
      vertex 9.78788757324 4.85955810547 103.996192932
      vertex 9.99247837067 4.85955810547 104.078399658
    endloop
  endfacet
  facet normal 0.21070818603 -0.977549016476 0
    outer loop
      vertex 9.99247837067 -3.14044523239 104.078399658
      vertex 9.99247837067 4.85955810547 104.078399658
      vertex 10.2080278397 -3.14044523239 104.124862671
    endloop
  endfacet
  facet normal 0.21070818603 -0.977549016476 0
    outer loop
      vertex 10.2080278397 -3.14044523239 104.124862671
      vertex 9.99247837067 4.85955810547 104.078399658
      vertex 10.2080278397 4.85955810547 104.124862671
    endloop
  endfacet
  facet normal 0.0423843897879 -0.999101400375 0
    outer loop
      vertex 10.2080278397 -3.14044523239 104.124862671
      vertex 10.2080278397 4.85955810547 104.124862671
      vertex 10.4283285141 -3.14044523239 104.134208679
    endloop
  endfacet
  facet normal 0.0423843897879 -0.999101400375 0
    outer loop
      vertex 10.4283285141 -3.14044523239 104.134208679
      vertex 10.2080278397 4.85955810547 104.124862671
      vertex 10.4283285141 4.85955810547 104.134208679
    endloop
  endfacet
  facet normal -0.127015814185 -0.991900682449 -0
    outer loop
      vertex 10.4283285141 -3.14044523239 104.134208679
      vertex 10.4283285141 4.85955810547 104.134208679
      vertex 10.6470327377 -3.14044523239 104.106201172
    endloop
  endfacet
  facet normal -0.127015814185 -0.991900682449 -0
    outer loop
      vertex 10.6470327377 -3.14044523239 104.106201172
      vertex 10.4283285141 4.85955810547 104.134208679
      vertex 10.6470327377 4.85955810547 104.106201172
    endloop
  endfacet
  facet normal -0.29284209013 -0.956160843372 -0
    outer loop
      vertex 10.6470327377 -3.14044523239 104.106201172
      vertex 10.6470327377 4.85955810547 104.106201172
      vertex 10.8578624725 -3.14044523239 104.041625977
    endloop
  endfacet
  facet normal -0.29284209013 -0.956160843372 -0
    outer loop
      vertex 10.8578624725 -3.14044523239 104.041625977
      vertex 10.6470327377 4.85955810547 104.106201172
      vertex 10.8578624725 4.85955810547 104.041625977
    endloop
  endfacet
  facet normal -0.450179517269 -0.89293807745 -0
    outer loop
      vertex 10.8578624725 -3.14044523239 104.041625977
      vertex 10.8578624725 4.85955810547 104.041625977
      vertex 11.0547513962 -3.14044523239 103.942367554
    endloop
  endfacet
  facet normal -0.450179517269 -0.89293807745 -0
    outer loop
      vertex 11.0547513962 -3.14044523239 103.942367554
      vertex 10.8578624725 4.85955810547 104.041625977
      vertex 11.0547513962 4.85955810547 103.942367554
    endloop
  endfacet
  facet normal -0.594614744186 -0.804010748863 -0
    outer loop
      vertex 11.0547513962 -3.14044523239 103.942367554
      vertex 11.0547513962 4.85955810547 103.942367554
      vertex 11.2320299149 -3.14044523239 103.811256409
    endloop
  endfacet
  facet normal -0.594614744186 -0.804010748863 -0
    outer loop
      vertex 11.2320299149 -3.14044523239 103.811256409
      vertex 11.0547513962 4.85955810547 103.942367554
      vertex 11.2320299149 4.85955810547 103.811256409
    endloop
  endfacet
  facet normal -0.721966326237 -0.691928207874 -0
    outer loop
      vertex 11.2320299149 -3.14044523239 103.811256409
      vertex 11.2320299149 4.85955810547 103.811256409
      vertex 11.3845977783 -3.14044523239 103.652069092
    endloop
  endfacet
  facet normal -0.721966326237 -0.691928207874 -0
    outer loop
      vertex 11.3845977783 -3.14044523239 103.652069092
      vertex 11.2320299149 4.85955810547 103.811256409
      vertex 11.3845977783 4.85955810547 103.652069092
    endloop
  endfacet
  facet normal -0.828515172005 -0.559966623783 -0
    outer loop
      vertex 11.3845977783 -3.14044523239 103.652069092
      vertex 11.3845977783 4.85955810547 103.652069092
      vertex 11.508067131 -3.14044523239 103.46938324
    endloop
  endfacet
  facet normal -0.828515172005 -0.559966623783 -0
    outer loop
      vertex 11.508067131 -3.14044523239 103.46938324
      vertex 11.3845977783 4.85955810547 103.652069092
      vertex 11.508067131 4.85955810547 103.46938324
    endloop
  endfacet
  facet normal -0.911225914955 -0.411906927824 -0
    outer loop
      vertex 11.508067131 -3.14044523239 103.46938324
      vertex 11.508067131 4.85955810547 103.46938324
      vertex 11.5988883972 -3.14044523239 103.268470764
    endloop
  endfacet
  facet normal -0.91121250391 -0.411936551332 -8.96036794984e-07
    outer loop
      vertex 11.5988883972 -3.14044523239 103.268470764
      vertex 11.508067131 4.85955810547 103.46938324
      vertex 11.5988969803 4.85955810547 103.268470764
    endloop
  endfacet
  facet normal -0.967728972435 -0.25199341774 -9.51611980327e-07
    outer loop
      vertex 11.5988883972 -3.14044523239 103.268470764
      vertex 11.5988969803 4.85955810547 103.268470764
      vertex 11.6544513702 -3.14044523239 103.055091858
    endloop
  endfacet
  facet normal -0.967737674713 -0.251960009336 -0
    outer loop
      vertex 11.6544513702 -3.14044523239 103.055091858
      vertex 11.5988969803 4.85955810547 103.268470764
      vertex 11.6544513702 4.85955810547 103.055091858
    endloop
  endfacet
  facet normal -0.996397554874 -0.0848051086068 -0
    outer loop
      vertex 11.6544513702 -3.14044523239 103.055091858
      vertex 11.6544513702 4.85955810547 103.055091858
      vertex 11.6731510162 -3.14044523239 102.835388184
    endloop
  endfacet
  facet normal -0.996397554874 -0.0848051086068 -0
    outer loop
      vertex 11.6731510162 -3.14044523239 102.835388184
      vertex 11.6544513702 4.85955810547 103.055091858
      vertex 11.6731510162 4.85955810547 102.835388184
    endloop
  endfacet
  facet normal -0 0 -1
    outer loop
      vertex 11.6731510162 -3.14044523239 102.835388184
      vertex 11.6544513702 -3.14044523239 102.615684509
      vertex 10.3731517792 -3.14044523239 102.835388184
    endloop
  endfacet
  facet normal 0 -0 -1
    outer loop
      vertex 11.508067131 -3.14044523239 103.46938324
      vertex 11.5988883972 -3.14044523239 103.268470764
      vertex 10.3731517792 -3.14044523239 102.835388184
    endloop
  endfacet
  facet normal 0 0 -1
    outer loop
      vertex 10.3731517792 -3.14044523239 102.835388184
      vertex 11.5988883972 -3.14044523239 103.268470764
      vertex 11.6544513702 -3.14044523239 103.055091858
    endloop
  endfacet
  facet normal 0 0 -1
    outer loop
      vertex 10.3731517792 -3.14044523239 102.835388184
      vertex 11.6544513702 -3.14044523239 103.055091858
      vertex 11.6731510162 -3.14044523239 102.835388184
    endloop
  endfacet
  facet normal 0 -0 -1
    outer loop
      vertex 11.0547513962 -3.14044523239 103.942367554
      vertex 11.2320299149 -3.14044523239 103.811256409
      vertex 10.3731517792 -3.14044523239 102.835388184
    endloop
  endfacet
  facet normal 0 0 -1
    outer loop
      vertex 10.3731517792 -3.14044523239 102.835388184
      vertex 11.2320299149 -3.14044523239 103.811256409
      vertex 11.3845977783 -3.14044523239 103.652069092
    endloop
  endfacet
  facet normal 0 0 -1
    outer loop
      vertex 10.3731517792 -3.14044523239 102.835388184
      vertex 11.3845977783 -3.14044523239 103.652069092
      vertex 11.508067131 -3.14044523239 103.46938324
    endloop
  endfacet
  facet normal 0 -0 -1
    outer loop
      vertex 10.4283285141 -3.14044523239 104.134208679
      vertex 10.6470327377 -3.14044523239 104.106201172
      vertex 10.3731517792 -3.14044523239 102.835388184
    endloop
  endfacet
  facet normal 0 0 -1
    outer loop
      vertex 10.3731517792 -3.14044523239 102.835388184
      vertex 10.6470327377 -3.14044523239 104.106201172
      vertex 10.8578624725 -3.14044523239 104.041625977
    endloop
  endfacet
  facet normal 0 0 -1
    outer loop
      vertex 10.3731517792 -3.14044523239 102.835388184
      vertex 10.8578624725 -3.14044523239 104.041625977
      vertex 11.0547513962 -3.14044523239 103.942367554
    endloop
  endfacet
  facet normal 0 0 -1
    outer loop
      vertex 9.78788757324 -3.14044523239 103.996192932
      vertex 9.99247837067 -3.14044523239 104.078399658
      vertex 10.3731517792 -3.14044523239 102.835388184
    endloop
  endfacet
  facet normal 0 0 -1
    outer loop
      vertex 10.3731517792 -3.14044523239 102.835388184
      vertex 9.99247837067 -3.14044523239 104.078399658
      vertex 10.2080278397 -3.14044523239 104.124862671
    endloop
  endfacet
  facet normal 0 0 -1
    outer loop
      vertex 10.3731517792 -3.14044523239 102.835388184
      vertex 10.2080278397 -3.14044523239 104.124862671
      vertex 10.4283285141 -3.14044523239 104.134208679
    endloop
  endfacet
  facet normal 0 0 -1
    outer loop
      vertex 9.29608821869 -3.14044523239 103.563346863
      vertex 9.43460655212 -3.14044523239 103.734901428
      vertex 10.3731517792 -3.14044523239 102.835388184
    endloop
  endfacet
  facet normal 0 0 -1
    outer loop
      vertex 10.3731517792 -3.14044523239 102.835388184
      vertex 9.43460655212 -3.14044523239 103.734901428
      vertex 9.60013103485 -3.14044523239 103.880577087
    endloop
  endfacet
  facet normal 0 0 -1
    outer loop
      vertex 10.3731517792 -3.14044523239 102.835388184
      vertex 9.60013103485 -3.14044523239 103.880577087
      vertex 9.78788757324 -3.14044523239 103.996192932
    endloop
  endfacet
  facet normal 0 0 -1
    outer loop
      vertex 9.07783317566 -3.14044523239 102.945632935
      vertex 9.11509799957 -3.14044523239 103.162956238
      vertex 10.3731517792 -3.14044523239 102.835388184
    endloop
  endfacet
  facet normal 0 0 -1
    outer loop
      vertex 10.3731517792 -3.14044523239 102.835388184
      vertex 9.11509799957 -3.14044523239 103.162956238
      vertex 9.18855762482 -3.14044523239 103.37084198
    endloop
  endfacet
  facet normal 0 0 -1
    outer loop
      vertex 10.3731517792 -3.14044523239 102.835388184
      vertex 9.18855762482 -3.14044523239 103.37084198
      vertex 9.29608821869 -3.14044523239 103.563346863
    endloop
  endfacet
  facet normal 0 0 -1
    outer loop
      vertex 9.18855762482 -3.14044523239 102.299911499
      vertex 9.11509799957 -3.14044523239 102.5078125
      vertex 10.3731517792 -3.14044523239 102.835388184
    endloop
  endfacet
  facet normal 0 0 -1
    outer loop
      vertex 10.3731517792 -3.14044523239 102.835388184
      vertex 9.11509799957 -3.14044523239 102.5078125
      vertex 9.07783317566 -3.14044523239 102.725143433
    endloop
  endfacet
  facet normal -0 0 -1
    outer loop
      vertex 10.3731517792 -3.14044523239 102.835388184
      vertex 9.07783317566 -3.14044523239 102.725143433
      vertex 9.07783317566 -3.14044523239 102.945632935
    endloop
  endfacet
  facet normal 0 0 -1
    outer loop
      vertex 9.60013103485 -3.14044523239 101.79019165
      vertex 9.43460655212 -3.14044523239 101.935852051
      vertex 10.3731517792 -3.14044523239 102.835388184
    endloop
  endfacet
  facet normal 0 0 -1
    outer loop
      vertex 10.3731517792 -3.14044523239 102.835388184
      vertex 9.43460655212 -3.14044523239 101.935852051
      vertex 9.29608821869 -3.14044523239 102.107414246
    endloop
  endfacet
  facet normal 0 0 -1
    outer loop
      vertex 10.3731517792 -3.14044523239 102.835388184
      vertex 9.29608821869 -3.14044523239 102.107414246
      vertex 9.18855762482 -3.14044523239 102.299911499
    endloop
  endfacet
  facet normal 0 0 -1
    outer loop
      vertex 10.2080278397 -3.14044523239 101.545913696
      vertex 9.99247837067 -3.14044523239 101.59236145
      vertex 10.3731517792 -3.14044523239 102.835388184
    endloop
  endfacet
  facet normal 0 0 -1
    outer loop
      vertex 10.3731517792 -3.14044523239 102.835388184
      vertex 9.99247837067 -3.14044523239 101.59236145
      vertex 9.78788757324 -3.14044523239 101.674583435
    endloop
  endfacet
  facet normal 0 0 -1
    outer loop
      vertex 10.3731517792 -3.14044523239 102.835388184
      vertex 9.78788757324 -3.14044523239 101.674583435
      vertex 9.60013103485 -3.14044523239 101.79019165
    endloop
  endfacet
  facet normal -0 0 -1
    outer loop
      vertex 10.8578624725 -3.14044523239 101.629127502
      vertex 10.6470327377 -3.14044523239 101.564559937
      vertex 10.3731517792 -3.14044523239 102.835388184
    endloop
  endfacet
  facet normal 0 0 -1
    outer loop
      vertex 10.3731517792 -3.14044523239 102.835388184
      vertex 10.6470327377 -3.14044523239 101.564559937
      vertex 10.4283285141 -3.14044523239 101.536552429
    endloop
  endfacet
  facet normal 0 -0 -1
    outer loop
      vertex 10.3731517792 -3.14044523239 102.835388184
      vertex 10.4283285141 -3.14044523239 101.536552429
      vertex 10.2080278397 -3.14044523239 101.545913696
    endloop
  endfacet
  facet normal -0 0 -1
    outer loop
      vertex 11.3845977783 -3.14044523239 102.018707275
      vertex 11.2320299149 -3.14044523239 101.859512329
      vertex 10.3731517792 -3.14044523239 102.835388184
    endloop
  endfacet
  facet normal 0 0 -1
    outer loop
      vertex 10.3731517792 -3.14044523239 102.835388184
      vertex 11.2320299149 -3.14044523239 101.859512329
      vertex 11.0547513962 -3.14044523239 101.728393555
    endloop
  endfacet
  facet normal 0 0 -1
    outer loop
      vertex 10.3731517792 -3.14044523239 102.835388184
      vertex 11.0547513962 -3.14044523239 101.728393555
      vertex 10.8578624725 -3.14044523239 101.629127502
    endloop
  endfacet
  facet normal -0 0 -1
    outer loop
      vertex 11.6544513702 -3.14044523239 102.615684509
      vertex 11.5988883972 -3.14044523239 102.402305603
      vertex 10.3731517792 -3.14044523239 102.835388184
    endloop
  endfacet
  facet normal 0 0 -1
    outer loop
      vertex 10.3731517792 -3.14044523239 102.835388184
      vertex 11.5988883972 -3.14044523239 102.402305603
      vertex 11.508067131 -3.14044523239 102.201370239
    endloop
  endfacet
  facet normal 0 0 -1
    outer loop
      vertex 10.3731517792 -3.14044523239 102.835388184
      vertex 11.508067131 -3.14044523239 102.201370239
      vertex 11.3845977783 -3.14044523239 102.018707275
    endloop
  endfacet
  facet normal 0 0 1
    outer loop
      vertex 9.46179389954 4.85955810547 102.219406128
      vertex 9.29608821869 4.85955810547 102.107414246
      vertex 9.5790014267 4.85955810547 102.074241638
    endloop
  endfacet
  facet normal 0 0 1
    outer loop
      vertex 9.5790014267 4.85955810547 102.074241638
      vertex 9.29608821869 4.85955810547 102.107414246
      vertex 9.43460655212 4.85955810547 101.935852051
    endloop
  endfacet
  facet normal 0 0 1
    outer loop
      vertex 9.5790014267 4.85955810547 102.074241638
      vertex 9.43460655212 4.85955810547 101.935852051
      vertex 9.71905326843 4.85955810547 101.95098877
    endloop
  endfacet
  facet normal 0 0 1
    outer loop
      vertex 9.71905326843 4.85955810547 101.95098877
      vertex 9.43460655212 4.85955810547 101.935852051
      vertex 9.60013103485 4.85955810547 101.79019165
    endloop
  endfacet
  facet normal 0 0 1
    outer loop
      vertex 9.71905326843 4.85955810547 101.95098877
      vertex 9.60013103485 4.85955810547 101.79019165
      vertex 9.87793064117 4.85955810547 101.853157043
    endloop
  endfacet
  facet normal 0 0 1
    outer loop
      vertex 9.87793064117 4.85955810547 101.853157043
      vertex 9.60013103485 4.85955810547 101.79019165
      vertex 9.78788757324 4.85955810547 101.674583435
    endloop
  endfacet
  facet normal 0 0 1
    outer loop
      vertex 9.87793064117 4.85955810547 101.853157043
      vertex 9.78788757324 4.85955810547 101.674583435
      vertex 10.0510463715 4.85955810547 101.783599854
    endloop
  endfacet
  facet normal 0 0 1
    outer loop
      vertex 10.0510463715 4.85955810547 101.783599854
      vertex 9.78788757324 4.85955810547 101.674583435
      vertex 9.99247837067 4.85955810547 101.59236145
    endloop
  endfacet
  facet normal 0 0 1
    outer loop
      vertex 10.0510463715 4.85955810547 101.783599854
      vertex 9.99247837067 4.85955810547 101.59236145
      vertex 10.2334299088 4.85955810547 101.744293213
    endloop
  endfacet
  facet normal 0 0 1
    outer loop
      vertex 10.2334299088 4.85955810547 101.744293213
      vertex 9.99247837067 4.85955810547 101.59236145
      vertex 10.2080278397 4.85955810547 101.545913696
    endloop
  endfacet
  facet normal 0 0 1
    outer loop
      vertex 10.2334299088 4.85955810547 101.744293213
      vertex 10.2080278397 4.85955810547 101.545913696
      vertex 10.4198331833 4.85955810547 101.736381531
    endloop
  endfacet
  facet normal 0 0 1
    outer loop
      vertex 10.4198331833 4.85955810547 101.736381531
      vertex 10.2080278397 4.85955810547 101.545913696
      vertex 10.4283285141 4.85955810547 101.536552429
    endloop
  endfacet
  facet normal -0 0 1
    outer loop
      vertex 10.4198331833 4.85955810547 101.736381531
      vertex 10.4283285141 4.85955810547 101.536552429
      vertex 10.6048984528 4.85955810547 101.76007843
    endloop
  endfacet
  facet normal 0 0 1
    outer loop
      vertex 10.6048984528 4.85955810547 101.76007843
      vertex 10.4283285141 4.85955810547 101.536552429
      vertex 10.6470327377 4.85955810547 101.564559937
    endloop
  endfacet
  facet normal -0 0 1
    outer loop
      vertex 10.6048984528 4.85955810547 101.76007843
      vertex 10.6470327377 4.85955810547 101.564559937
      vertex 10.7832937241 4.85955810547 101.814704895
    endloop
  endfacet
  facet normal 0 0 1
    outer loop
      vertex 10.7832937241 4.85955810547 101.814704895
      vertex 10.6470327377 4.85955810547 101.564559937
      vertex 10.8578624725 4.85955810547 101.629127502
    endloop
  endfacet
  facet normal -0 0 1
    outer loop
      vertex 10.7832937241 4.85955810547 101.814704895
      vertex 10.8578624725 4.85955810547 101.629127502
      vertex 10.9498882294 4.85955810547 101.898704529
    endloop
  endfacet
  facet normal 0 0 1
    outer loop
      vertex 10.9498882294 4.85955810547 101.898704529
      vertex 10.8578624725 4.85955810547 101.629127502
      vertex 11.0547513962 4.85955810547 101.728393555
    endloop
  endfacet
  facet normal -0 0 1
    outer loop
      vertex 10.9498882294 4.85955810547 101.898704529
      vertex 11.0547513962 4.85955810547 101.728393555
      vertex 11.0998916626 4.85955810547 102.009643555
    endloop
  endfacet
  facet normal 0 0 1
    outer loop
      vertex 11.0998916626 4.85955810547 102.009643555
      vertex 11.0547513962 4.85955810547 101.728393555
      vertex 11.2320299149 4.85955810547 101.859512329
    endloop
  endfacet
  facet normal -0 0 1
    outer loop
      vertex 11.0998916626 4.85955810547 102.009643555
      vertex 11.2320299149 4.85955810547 101.859512329
      vertex 11.2289924622 4.85955810547 102.144340515
    endloop
  endfacet
  facet normal 0 0 1
    outer loop
      vertex 11.2289924622 4.85955810547 102.144340515
      vertex 11.2320299149 4.85955810547 101.859512329
      vertex 11.3845977783 4.85955810547 102.018707275
    endloop
  endfacet
  facet normal -0 0 1
    outer loop
      vertex 11.2289924622 4.85955810547 102.144340515
      vertex 11.3845977783 4.85955810547 102.018707275
      vertex 11.3334722519 4.85955810547 102.298919678
    endloop
  endfacet
  facet normal 0 0 1
    outer loop
      vertex 11.3334722519 4.85955810547 102.298919678
      vertex 11.3845977783 4.85955810547 102.018707275
      vertex 11.508067131 4.85955810547 102.201370239
    endloop
  endfacet
  facet normal -0 0 1
    outer loop
      vertex 11.3334722519 4.85955810547 102.298919678
      vertex 11.508067131 4.85955810547 102.201370239
      vertex 11.4103145599 4.85955810547 102.468933105
    endloop
  endfacet
  facet normal 0 0 1
    outer loop
      vertex 11.4103145599 4.85955810547 102.468933105
      vertex 11.508067131 4.85955810547 102.201370239
      vertex 11.5988969803 4.85955810547 102.402305603
    endloop
  endfacet
  facet normal -0 0 1
    outer loop
      vertex 11.4103145599 4.85955810547 102.468933105
      vertex 11.5988969803 4.85955810547 102.402305603
      vertex 11.4573259354 4.85955810547 102.649475098
    endloop
  endfacet
  facet normal 0 0 1
    outer loop
      vertex 11.4573259354 4.85955810547 102.649475098
      vertex 11.5988969803 4.85955810547 102.402305603
      vertex 11.6544513702 4.85955810547 102.615684509
    endloop
  endfacet
  facet normal -0 0 1
    outer loop
      vertex 11.4573259354 4.85955810547 102.649475098
      vertex 11.6544513702 4.85955810547 102.615684509
      vertex 11.473154068 4.85955810547 102.835388184
    endloop
  endfacet
  facet normal -0 0 1
    outer loop
      vertex 11.473154068 4.85955810547 102.835388184
      vertex 11.6544513702 4.85955810547 102.615684509
      vertex 11.6731510162 4.85955810547 102.835388184
    endloop
  endfacet
  facet normal 0 -0 1
    outer loop
      vertex 11.473154068 4.85955810547 102.835388184
      vertex 11.6731510162 4.85955810547 102.835388184
      vertex 11.4573259354 4.85955810547 103.021278381
    endloop
  endfacet
  facet normal -0 0 1
    outer loop
      vertex 11.4573259354 4.85955810547 103.021278381
      vertex 11.6731510162 4.85955810547 102.835388184
      vertex 11.6544513702 4.85955810547 103.055091858
    endloop
  endfacet
  facet normal 0 -0 1
    outer loop
      vertex 11.4573259354 4.85955810547 103.021278381
      vertex 11.6544513702 4.85955810547 103.055091858
      vertex 11.4103145599 4.85955810547 103.201835632
    endloop
  endfacet
  facet normal -0 0 1
    outer loop
      vertex 11.4103145599 4.85955810547 103.201835632
      vertex 11.6544513702 4.85955810547 103.055091858
      vertex 11.5988969803 4.85955810547 103.268470764
    endloop
  endfacet
  facet normal 0 -0 1
    outer loop
      vertex 11.4103145599 4.85955810547 103.201835632
      vertex 11.5988969803 4.85955810547 103.268470764
      vertex 11.3334722519 4.85955810547 103.37184906
    endloop
  endfacet
  facet normal -0 0 1
    outer loop
      vertex 11.3334722519 4.85955810547 103.37184906
      vertex 11.5988969803 4.85955810547 103.268470764
      vertex 11.508067131 4.85955810547 103.46938324
    endloop
  endfacet
  facet normal 0 -0 1
    outer loop
      vertex 11.3334722519 4.85955810547 103.37184906
      vertex 11.508067131 4.85955810547 103.46938324
      vertex 11.2289924622 4.85955810547 103.526420593
    endloop
  endfacet
  facet normal -0 0 1
    outer loop
      vertex 11.2289924622 4.85955810547 103.526420593
      vertex 11.508067131 4.85955810547 103.46938324
      vertex 11.3845977783 4.85955810547 103.652069092
    endloop
  endfacet
  facet normal 0 -0 1
    outer loop
      vertex 11.2289924622 4.85955810547 103.526420593
      vertex 11.3845977783 4.85955810547 103.652069092
      vertex 11.0998916626 4.85955810547 103.661132812
    endloop
  endfacet
  facet normal -0 0 1
    outer loop
      vertex 11.0998916626 4.85955810547 103.661132812
      vertex 11.3845977783 4.85955810547 103.652069092
      vertex 11.2320299149 4.85955810547 103.811256409
    endloop
  endfacet
  facet normal 0 -0 1
    outer loop
      vertex 11.0998916626 4.85955810547 103.661132812
      vertex 11.2320299149 4.85955810547 103.811256409
      vertex 10.9498882294 4.85955810547 103.772064209
    endloop
  endfacet
  facet normal 0 0 1
    outer loop
      vertex 10.9498882294 4.85955810547 103.772064209
      vertex 11.2320299149 4.85955810547 103.811256409
      vertex 11.0547513962 4.85955810547 103.942367554
    endloop
  endfacet
  facet normal 0 -0 1
    outer loop
      vertex 10.9498882294 4.85955810547 103.772064209
      vertex 11.0547513962 4.85955810547 103.942367554
      vertex 10.7832937241 4.85955810547 103.856071472
    endloop
  endfacet
  facet normal 0 0 1
    outer loop
      vertex 10.7832937241 4.85955810547 103.856071472
      vertex 11.0547513962 4.85955810547 103.942367554
      vertex 10.8578624725 4.85955810547 104.041625977
    endloop
  endfacet
  facet normal 0 -0 1
    outer loop
      vertex 10.7832937241 4.85955810547 103.856071472
      vertex 10.8578624725 4.85955810547 104.041625977
      vertex 10.6048984528 4.85955810547 103.910697937
    endloop
  endfacet
  facet normal 0 0 1
    outer loop
      vertex 10.6048984528 4.85955810547 103.910697937
      vertex 10.8578624725 4.85955810547 104.041625977
      vertex 10.6470327377 4.85955810547 104.106201172
    endloop
  endfacet
  facet normal 0 -0 1
    outer loop
      vertex 10.6048984528 4.85955810547 103.910697937
      vertex 10.6470327377 4.85955810547 104.106201172
      vertex 10.4198331833 4.85955810547 103.934387207
    endloop
  endfacet
  facet normal 0 0 1
    outer loop
      vertex 10.4198331833 4.85955810547 103.934387207
      vertex 10.6470327377 4.85955810547 104.106201172
      vertex 10.4283285141 4.85955810547 104.134208679
    endloop
  endfacet
  facet normal 0 -0 1
    outer loop
      vertex 10.4198331833 4.85955810547 103.934387207
      vertex 10.4283285141 4.85955810547 104.134208679
      vertex 10.2334299088 4.85955810547 103.926475525
    endloop
  endfacet
  facet normal 0 -0 1
    outer loop
      vertex 10.2334299088 4.85955810547 103.926475525
      vertex 10.4283285141 4.85955810547 104.134208679
      vertex 10.2080278397 4.85955810547 104.124862671
    endloop
  endfacet
  facet normal 0 0 1
    outer loop
      vertex 10.2334299088 4.85955810547 103.926475525
      vertex 10.2080278397 4.85955810547 104.124862671
      vertex 10.0510463715 4.85955810547 103.887176514
    endloop
  endfacet
  facet normal 0 -0 1
    outer loop
      vertex 10.0510463715 4.85955810547 103.887176514
      vertex 10.2080278397 4.85955810547 104.124862671
      vertex 9.99247837067 4.85955810547 104.078399658
    endloop
  endfacet
  facet normal 0 0 1
    outer loop
      vertex 10.0510463715 4.85955810547 103.887176514
      vertex 9.99247837067 4.85955810547 104.078399658
      vertex 9.87793064117 4.85955810547 103.817596436
    endloop
  endfacet
  facet normal 0 -0 1
    outer loop
      vertex 9.87793064117 4.85955810547 103.817596436
      vertex 9.99247837067 4.85955810547 104.078399658
      vertex 9.78788757324 4.85955810547 103.996192932
    endloop
  endfacet
  facet normal 0 0 1
    outer loop
      vertex 9.87793064117 4.85955810547 103.817596436
      vertex 9.78788757324 4.85955810547 103.996192932
      vertex 9.71905326843 4.85955810547 103.719787598
    endloop
  endfacet
  facet normal 0 -0 1
    outer loop
      vertex 9.71905326843 4.85955810547 103.719787598
      vertex 9.78788757324 4.85955810547 103.996192932
      vertex 9.60013103485 4.85955810547 103.880577087
    endloop
  endfacet
  facet normal 0 0 1
    outer loop
      vertex 9.71905326843 4.85955810547 103.719787598
      vertex 9.60013103485 4.85955810547 103.880577087
      vertex 9.5790014267 4.85955810547 103.596511841
    endloop
  endfacet
  facet normal 0 -0 1
    outer loop
      vertex 9.5790014267 4.85955810547 103.596511841
      vertex 9.60013103485 4.85955810547 103.880577087
      vertex 9.43460655212 4.85955810547 103.734901428
    endloop
  endfacet
  facet normal 0 0 1
    outer loop
      vertex 9.5790014267 4.85955810547 103.596511841
      vertex 9.43460655212 4.85955810547 103.734901428
      vertex 9.46179389954 4.85955810547 103.45135498
    endloop
  endfacet
  facet normal 0 0 1
    outer loop
      vertex 9.46179389954 4.85955810547 103.45135498
      vertex 9.43460655212 4.85955810547 103.734901428
      vertex 9.29608821869 4.85955810547 103.563346863
    endloop
  endfacet
  facet normal 0 0 1
    outer loop
      vertex 9.46179389954 4.85955810547 103.45135498
      vertex 9.29608821869 4.85955810547 103.563346863
      vertex 9.37079906464 4.85955810547 103.288467407
    endloop
  endfacet
  facet normal 0 0 1
    outer loop
      vertex 9.37079906464 4.85955810547 103.288467407
      vertex 9.29608821869 4.85955810547 103.563346863
      vertex 9.18855762482 4.85955810547 103.37084198
    endloop
  endfacet
  facet normal 0 0 1
    outer loop
      vertex 9.37079906464 4.85955810547 103.288467407
      vertex 9.18855762482 4.85955810547 103.37084198
      vertex 9.30864429474 4.85955810547 103.112564087
    endloop
  endfacet
  facet normal 0 0 1
    outer loop
      vertex 9.30864429474 4.85955810547 103.112564087
      vertex 9.18855762482 4.85955810547 103.37084198
      vertex 9.11509799957 4.85955810547 103.162956238
    endloop
  endfacet
  facet normal 0 0 1
    outer loop
      vertex 9.30864429474 4.85955810547 103.112564087
      vertex 9.11509799957 4.85955810547 103.162956238
      vertex 9.27711391449 4.85955810547 102.928672791
    endloop
  endfacet
  facet normal 0 0 1
    outer loop
      vertex 9.27711391449 4.85955810547 102.928672791
      vertex 9.11509799957 4.85955810547 103.162956238
      vertex 9.07783317566 4.85955810547 102.945632935
    endloop
  endfacet
  facet normal 0 0 1
    outer loop
      vertex 9.27711391449 4.85955810547 102.928672791
      vertex 9.07783317566 4.85955810547 102.945632935
      vertex 9.27711391449 4.85955810547 102.742103577
    endloop
  endfacet
  facet normal 0 0 1
    outer loop
      vertex 9.27711391449 4.85955810547 102.742103577
      vertex 9.07783317566 4.85955810547 102.945632935
      vertex 9.07783317566 4.85955810547 102.725143433
    endloop
  endfacet
  facet normal 0 0 1
    outer loop
      vertex 9.27711391449 4.85955810547 102.742103577
      vertex 9.07783317566 4.85955810547 102.725143433
      vertex 9.30864429474 4.85955810547 102.558204651
    endloop
  endfacet
  facet normal 0 0 1
    outer loop
      vertex 9.30864429474 4.85955810547 102.558204651
      vertex 9.07783317566 4.85955810547 102.725143433
      vertex 9.11509799957 4.85955810547 102.5078125
    endloop
  endfacet
  facet normal 0 0 1
    outer loop
      vertex 9.30864429474 4.85955810547 102.558204651
      vertex 9.11509799957 4.85955810547 102.5078125
      vertex 9.37079906464 4.85955810547 102.382293701
    endloop
  endfacet
  facet normal 0 0 1
    outer loop
      vertex 9.37079906464 4.85955810547 102.382293701
      vertex 9.11509799957 4.85955810547 102.5078125
      vertex 9.18855762482 4.85955810547 102.299911499
    endloop
  endfacet
  facet normal 0 0 1
    outer loop
      vertex 9.37079906464 4.85955810547 102.382293701
      vertex 9.18855762482 4.85955810547 102.299911499
      vertex 9.46179389954 4.85955810547 102.219406128
    endloop
  endfacet
  facet normal 0 0 1
    outer loop
      vertex 9.46179389954 4.85955810547 102.219406128
      vertex 9.18855762482 4.85955810547 102.299911499
      vertex 9.29608821869 4.85955810547 102.107414246
    endloop
  endfacet
  facet normal -0.996397554874 0.0848051086068 0
    outer loop
      vertex 1.67315101624 -3.14043736458 102.835388184
      vertex 1.67315101624 4.85955810547 102.835388184
      vertex 1.65445172787 -3.14043736458 102.615684509
    endloop
  endfacet
  facet normal -0.996397554874 0.0848051086068 0
    outer loop
      vertex 1.65445172787 -3.14043736458 102.615684509
      vertex 1.67315101624 4.85955810547 102.835388184
      vertex 1.65445172787 4.85955810547 102.615684509
    endloop
  endfacet
  facet normal -0.967728972435 0.25199341774 0
    outer loop
      vertex 1.65445172787 -3.14043736458 102.615684509
      vertex 1.65445172787 4.85955810547 102.615684509
      vertex 1.59888875484 -3.14043736458 102.402305603
    endloop
  endfacet
  facet normal -0.967728972435 0.25199341774 0
    outer loop
      vertex 1.59888875484 -3.14043736458 102.402305603
      vertex 1.65445172787 4.85955810547 102.615684509
      vertex 1.59888875484 4.85955810547 102.402305603
    endloop
  endfacet
  facet normal -0.911238014698 0.411880165339 0
    outer loop
      vertex 1.59888875484 -3.14043736458 102.402305603
      vertex 1.59888875484 4.85955810547 102.402305603
      vertex 1.50806689262 -3.14043736458 102.201370239
    endloop
  endfacet
  facet normal -0.911238014698 0.411880165339 0
    outer loop
      vertex 1.50806689262 -3.14043736458 102.201370239
      vertex 1.59888875484 4.85955810547 102.402305603
      vertex 1.50806689262 4.85955810547 102.201370239
    endloop
  endfacet
  facet normal -0.828492760658 0.559999763966 0
    outer loop
      vertex 1.50806689262 -3.14043736458 102.201370239
      vertex 1.50806689262 4.85955810547 102.201370239
      vertex 1.38459789753 -3.14043736458 102.018707275
    endloop
  endfacet
  facet normal -0.828492760658 0.559999763966 0
    outer loop
      vertex 1.38459789753 -3.14043736458 102.018707275
      vertex 1.50806689262 4.85955810547 102.201370239
      vertex 1.38459789753 4.85955810547 102.018707275
    endloop
  endfacet
  facet normal -0.72196739912 0.691927075386 0
    outer loop
      vertex 1.38459789753 -3.14043736458 102.018707275
      vertex 1.38459789753 4.85955810547 102.018707275
      vertex 1.23202979565 -3.14043736458 101.859512329
    endloop
  endfacet
  facet normal -0.72196739912 0.691927075386 0
    outer loop
      vertex 1.23202979565 -3.14043736458 101.859512329
      vertex 1.38459789753 4.85955810547 102.018707275
      vertex 1.23202979565 4.85955810547 101.859512329
    endloop
  endfacet
  facet normal -0.594660878181 0.803976655006 0
    outer loop
      vertex 1.23202979565 -3.14043736458 101.859512329
      vertex 1.23202979565 4.85955810547 101.859512329
      vertex 1.05475223064 -3.14043736458 101.728393555
    endloop
  endfacet
  facet normal -0.594660878181 0.803976655006 0
    outer loop
      vertex 1.05475223064 -3.14043736458 101.728393555
      vertex 1.23202979565 4.85955810547 101.859512329
      vertex 1.05475223064 4.85955810547 101.728393555
    endloop
  endfacet
  facet normal -0.450179517269 0.89293807745 0
    outer loop
      vertex 1.05475223064 -3.14043736458 101.728393555
      vertex 1.05475223064 4.85955810547 101.728393555
      vertex 0.857862770557 -3.14043736458 101.629127502
    endloop
  endfacet
  facet normal -0.450179517269 0.89293807745 0
    outer loop
      vertex 0.857862770557 -3.14043736458 101.629127502
      vertex 1.05475223064 4.85955810547 101.728393555
      vertex 0.857862770557 4.85955810547 101.629127502
    endloop
  endfacet
  facet normal -0.29284209013 0.956160843372 0
    outer loop
      vertex 0.857862770557 -3.14043736458 101.629127502
      vertex 0.857862770557 4.85955810547 101.629127502
      vertex 0.647033393383 -3.14043736458 101.564559937
    endloop
  endfacet
  facet normal -0.29284209013 0.956160843372 0
    outer loop
      vertex 0.647033393383 -3.14043736458 101.564559937
      vertex 0.857862770557 4.85955810547 101.629127502
      vertex 0.647033393383 4.85955810547 101.564559937
    endloop
  endfacet
  facet normal -0.127011314034 0.991901278496 0
    outer loop
      vertex 0.647033393383 -3.14043736458 101.564559937
      vertex 0.647033393383 4.85955810547 101.564559937
      vertex 0.428321480751 -3.14043736458 101.536552429
    endloop
  endfacet
  facet normal -0.127011314034 0.991901278496 0
    outer loop
      vertex 0.428321480751 -3.14043736458 101.536552429
      vertex 0.647033393383 4.85955810547 101.564559937
      vertex 0.428321480751 4.85955810547 101.536552429
    endloop
  endfacet
  facet normal 0.0424571298063 0.999098300934 0
    outer loop
      vertex 0.428321480751 -3.14043736458 101.536552429
      vertex 0.428321480751 4.85955810547 101.536552429
      vertex 0.208028376102 -3.14043736458 101.545913696
    endloop
  endfacet
  facet normal 0.0424571298063 0.999098300934 0
    outer loop
      vertex 0.208028376102 -3.14043736458 101.545913696
      vertex 0.428321480751 4.85955810547 101.536552429
      vertex 0.208028376102 4.85955810547 101.545913696
    endloop
  endfacet
  facet normal 0.210639998317 0.977563679218 0
    outer loop
      vertex 0.208028376102 -3.14043736458 101.545913696
      vertex 0.208028376102 4.85955810547 101.545913696
      vertex -0.00752106588334 -3.14043736458 101.59236145
    endloop
  endfacet
  facet normal 0.210639998317 0.977563679218 0
    outer loop
      vertex -0.00752106588334 -3.14043736458 101.59236145
      vertex 0.208028376102 4.85955810547 101.545913696
      vertex -0.00752106588334 4.85955810547 101.59236145
    endloop
  endfacet
  facet normal 0.37290340662 0.927870154381 0
    outer loop
      vertex -0.00752106588334 -3.14043736458 101.59236145
      vertex -0.00752106588334 4.85955810547 101.59236145
      vertex -0.212112098932 -3.14043736458 101.674583435
    endloop
  endfacet
  facet normal 0.37290340662 0.927870154381 0
    outer loop
      vertex -0.212112098932 -3.14043736458 101.674583435
      vertex -0.00752106588334 4.85955810547 101.59236145
      vertex -0.212112098932 4.85955810547 101.674583435
    endloop
  endfacet
  facet normal 0.524312376976 0.851526021957 0
    outer loop
      vertex -0.212112098932 -3.14043736458 101.674583435
      vertex -0.212112098932 4.85955810547 101.674583435
      vertex -0.3998721838 -3.14043736458 101.79019165
    endloop
  endfacet
  facet normal 0.524312376976 0.851526021957 0
    outer loop
      vertex -0.3998721838 -3.14043736458 101.79019165
      vertex -0.212112098932 4.85955810547 101.674583435
      vertex -0.3998721838 4.85955810547 101.79019165
    endloop
  endfacet
  facet normal 0.660635113716 0.750707149506 0
    outer loop
      vertex -0.3998721838 -3.14043736458 101.79019165
      vertex -0.3998721838 4.85955810547 101.79019165
      vertex -0.565392911434 -3.14043736458 101.935852051
    endloop
  endfacet
  facet normal 0.660635113716 0.750707149506 0
    outer loop
      vertex -0.565392911434 -3.14043736458 101.935852051
      vertex -0.3998721838 4.85955810547 101.79019165
      vertex -0.565392911434 4.85955810547 101.935852051
    endloop
  endfacet
  facet normal 0.77804851532 0.628204226494 0
    outer loop
      vertex -0.565392911434 -3.14043736458 101.935852051
      vertex -0.565392911434 4.85955810547 101.935852051
      vertex -0.703911006451 -3.14043736458 102.107414246
    endloop
  endfacet
  facet normal 0.77804851532 0.628204226494 0
    outer loop
      vertex -0.703911006451 -3.14043736458 102.107414246
      vertex -0.565392911434 4.85955810547 101.935852051
      vertex -0.703911006451 4.85955810547 102.107414246
    endloop
  endfacet
  facet normal 0.873018085957 0.487687826157 0
    outer loop
      vertex -0.703911006451 -3.14043736458 102.107414246
      vertex -0.703911006451 4.85955810547 102.107414246
      vertex -0.811445772648 -3.14043736458 102.299911499
    endloop
  endfacet
  facet normal 0.873018085957 0.487687826157 0
    outer loop
      vertex -0.811445772648 -3.14043736458 102.299911499
      vertex -0.703911006451 4.85955810547 102.107414246
      vertex -0.811445772648 4.85955810547 102.299911499
    endloop
  endfacet
  facet normal 0.94287866354 0.333136409521 0
    outer loop
      vertex -0.811445772648 -3.14043736458 102.299911499
      vertex -0.811445772648 4.85955810547 102.299911499
      vertex -0.884901702404 -3.14043736458 102.5078125
    endloop
  endfacet
  facet normal 0.94287866354 0.333136409521 0
    outer loop
      vertex -0.884901702404 -3.14043736458 102.5078125
      vertex -0.811445772648 4.85955810547 102.299911499
      vertex -0.884901702404 4.85955810547 102.5078125
    endloop
  endfacet
  facet normal 0.985615611076 0.169002428651 0
    outer loop
      vertex -0.884901702404 -3.14043736458 102.5078125
      vertex -0.884901702404 4.85955810547 102.5078125
      vertex -0.922166585922 -3.14043736458 102.725143433
    endloop
  endfacet
  facet normal 0.985615611076 0.169002428651 0
    outer loop
      vertex -0.922166585922 -3.14043736458 102.725143433
      vertex -0.884901702404 4.85955810547 102.5078125
      vertex -0.922166585922 4.85955810547 102.725143433
    endloop
  endfacet
  facet normal 1 -0 0
    outer loop
      vertex -0.922166585922 -3.14043736458 102.725143433
      vertex -0.922166585922 4.85955810547 102.725143433
      vertex -0.922166585922 -3.14043736458 102.945632935
    endloop
  endfacet
  facet normal 1 0 0
    outer loop
      vertex -0.922166585922 -3.14043736458 102.945632935
      vertex -0.922166585922 4.85955810547 102.725143433
      vertex -0.922166585922 4.85955810547 102.945632935
    endloop
  endfacet
  facet normal 0.985615611076 -0.169002428651 0
    outer loop
      vertex -0.922166585922 -3.14043736458 102.945632935
      vertex -0.922166585922 4.85955810547 102.945632935
      vertex -0.884901702404 -3.14043736458 103.162956238
    endloop
  endfacet
  facet normal 0.985615611076 -0.169002428651 0
    outer loop
      vertex -0.884901702404 -3.14043736458 103.162956238
      vertex -0.922166585922 4.85955810547 102.945632935
      vertex -0.884901702404 4.85955810547 103.162956238
    endloop
  endfacet
  facet normal 0.942870736122 -0.333158820868 0
    outer loop
      vertex -0.884901702404 -3.14043736458 103.162956238
      vertex -0.884901702404 4.85955810547 103.162956238
      vertex -0.811445772648 -3.14043736458 103.37084198
    endloop
  endfacet
  facet normal 0.942870736122 -0.333158820868 0
    outer loop
      vertex -0.811445772648 -3.14043736458 103.37084198
      vertex -0.884901702404 4.85955810547 103.162956238
      vertex -0.811445772648 4.85955810547 103.37084198
    endloop
  endfacet
  facet normal 0.873018085957 -0.487687826157 0
    outer loop
      vertex -0.811445772648 -3.14043736458 103.37084198
      vertex -0.811445772648 4.85955810547 103.37084198
      vertex -0.703911006451 -3.14043736458 103.563346863
    endloop
  endfacet
  facet normal 0.873018085957 -0.487687826157 0
    outer loop
      vertex -0.703911006451 -3.14043736458 103.563346863
      vertex -0.811445772648 4.85955810547 103.37084198
      vertex -0.703911006451 4.85955810547 103.563346863
    endloop
  endfacet
  facet normal 0.77804851532 -0.628204226494 0
    outer loop
      vertex -0.703911006451 -3.14043736458 103.563346863
      vertex -0.703911006451 4.85955810547 103.563346863
      vertex -0.565392911434 -3.14043736458 103.734901428
    endloop
  endfacet
  facet normal 0.77804851532 -0.628204226494 0
    outer loop
      vertex -0.565392911434 -3.14043736458 103.734901428
      vertex -0.703911006451 4.85955810547 103.563346863
      vertex -0.565392911434 4.85955810547 103.734901428
    endloop
  endfacet
  facet normal 0.660675346851 -0.750671744347 0
    outer loop
      vertex -0.565392911434 -3.14043736458 103.734901428
      vertex -0.565392911434 4.85955810547 103.734901428
      vertex -0.3998721838 -3.14043736458 103.880577087
    endloop
  endfacet
  facet normal 0.660675346851 -0.750671744347 0
    outer loop
      vertex -0.3998721838 -3.14043736458 103.880577087
      vertex -0.565392911434 4.85955810547 103.734901428
      vertex -0.3998721838 4.85955810547 103.880577087
    endloop
  endfacet
  facet normal 0.524312376976 -0.851526021957 0
    outer loop
      vertex -0.3998721838 -3.14043736458 103.880577087
      vertex -0.3998721838 4.85955810547 103.880577087
      vertex -0.212112098932 -3.14043736458 103.996192932
    endloop
  endfacet
  facet normal 0.524312376976 -0.851526021957 0
    outer loop
      vertex -0.212112098932 -3.14043736458 103.996192932
      vertex -0.3998721838 4.85955810547 103.880577087
      vertex -0.212112098932 4.85955810547 103.996192932
    endloop
  endfacet
  facet normal 0.372841984034 -0.927894830704 0
    outer loop
      vertex -0.212112098932 -3.14043736458 103.996192932
      vertex -0.212112098932 4.85955810547 103.996192932
      vertex -0.00752106588334 -3.14043736458 104.078399658
    endloop
  endfacet
  facet normal 0.372841984034 -0.927894830704 0
    outer loop
      vertex -0.00752106588334 -3.14043736458 104.078399658
      vertex -0.212112098932 4.85955810547 103.996192932
      vertex -0.00752106588334 4.85955810547 104.078399658
    endloop
  endfacet
  facet normal 0.21070818603 -0.977549016476 0
    outer loop
      vertex -0.00752106588334 -3.14043736458 104.078399658
      vertex -0.00752106588334 4.85955810547 104.078399658
      vertex 0.208028376102 -3.14043736458 104.124862671
    endloop
  endfacet
  facet normal 0.21070818603 -0.977549016476 0
    outer loop
      vertex 0.208028376102 -3.14043736458 104.124862671
      vertex -0.00752106588334 4.85955810547 104.078399658
      vertex 0.208028376102 4.85955810547 104.124862671
    endloop
  endfacet
  facet normal 0.0423858985305 -0.999101340771 0
    outer loop
      vertex 0.208028376102 -3.14043736458 104.124862671
      vertex 0.208028376102 4.85955810547 104.124862671
      vertex 0.428321480751 -3.14043736458 104.134208679
    endloop
  endfacet
  facet normal 0.0423858985305 -0.999101340771 0
    outer loop
      vertex 0.428321480751 -3.14043736458 104.134208679
      vertex 0.208028376102 4.85955810547 104.124862671
      vertex 0.428321480751 4.85955810547 104.134208679
    endloop
  endfacet
  facet normal -0.127011314034 -0.991901278496 -0
    outer loop
      vertex 0.428321480751 -3.14043736458 104.134208679
      vertex 0.428321480751 4.85955810547 104.134208679
      vertex 0.647033393383 -3.14043736458 104.106201172
    endloop
  endfacet
  facet normal -0.127011314034 -0.991901278496 -0
    outer loop
      vertex 0.647033393383 -3.14043736458 104.106201172
      vertex 0.428321480751 4.85955810547 104.134208679
      vertex 0.647033393383 4.85955810547 104.106201172
    endloop
  endfacet
  facet normal -0.29284209013 -0.956160843372 -0
    outer loop
      vertex 0.647033393383 -3.14043736458 104.106201172
      vertex 0.647033393383 4.85955810547 104.106201172
      vertex 0.857862770557 -3.14043736458 104.041625977
    endloop
  endfacet
  facet normal -0.29284209013 -0.956160843372 -0
    outer loop
      vertex 0.857862770557 -3.14043736458 104.041625977
      vertex 0.647033393383 4.85955810547 104.106201172
      vertex 0.857862770557 4.85955810547 104.041625977
    endloop
  endfacet
  facet normal -0.450179517269 -0.89293807745 -0
    outer loop
      vertex 0.857862770557 -3.14043736458 104.041625977
      vertex 0.857862770557 4.85955810547 104.041625977
      vertex 1.05475223064 -3.14043736458 103.942367554
    endloop
  endfacet
  facet normal -0.450179517269 -0.89293807745 -0
    outer loop
      vertex 1.05475223064 -3.14043736458 103.942367554
      vertex 0.857862770557 4.85955810547 104.041625977
      vertex 1.05475223064 4.85955810547 103.942367554
    endloop
  endfacet
  facet normal -0.594614744186 -0.804010748863 -0
    outer loop
      vertex 1.05475223064 -3.14043736458 103.942367554
      vertex 1.05475223064 4.85955810547 103.942367554
      vertex 1.23202979565 -3.14043736458 103.811256409
    endloop
  endfacet
  facet normal -0.594614744186 -0.804010748863 -0
    outer loop
      vertex 1.23202979565 -3.14043736458 103.811256409
      vertex 1.05475223064 4.85955810547 103.942367554
      vertex 1.23202979565 4.85955810547 103.811256409
    endloop
  endfacet
  facet normal -0.72196739912 -0.691927075386 -0
    outer loop
      vertex 1.23202979565 -3.14043736458 103.811256409
      vertex 1.23202979565 4.85955810547 103.811256409
      vertex 1.38459789753 -3.14043736458 103.652069092
    endloop
  endfacet
  facet normal -0.72196739912 -0.691927075386 -0
    outer loop
      vertex 1.38459789753 -3.14043736458 103.652069092
      vertex 1.23202979565 4.85955810547 103.811256409
      vertex 1.38459789753 4.85955810547 103.652069092
    endloop
  endfacet
  facet normal -0.828515172005 -0.559966623783 -0
    outer loop
      vertex 1.38459789753 -3.14043736458 103.652069092
      vertex 1.38459789753 4.85955810547 103.652069092
      vertex 1.50806689262 -3.14043736458 103.46938324
    endloop
  endfacet
  facet normal -0.828515172005 -0.559966623783 -0
    outer loop
      vertex 1.50806689262 -3.14043736458 103.46938324
      vertex 1.38459789753 4.85955810547 103.652069092
      vertex 1.50806689262 4.85955810547 103.46938324
    endloop
  endfacet
  facet normal -0.911225914955 -0.411906927824 -0
    outer loop
      vertex 1.50806689262 -3.14043736458 103.46938324
      vertex 1.50806689262 4.85955810547 103.46938324
      vertex 1.59888875484 -3.14043736458 103.268470764
    endloop
  endfacet
  facet normal -0.911225914955 -0.411906927824 -0
    outer loop
      vertex 1.59888875484 -3.14043736458 103.268470764
      vertex 1.50806689262 4.85955810547 103.46938324
      vertex 1.59888875484 4.85955810547 103.268470764
    endloop
  endfacet
  facet normal -0.967728972435 -0.25199341774 -0
    outer loop
      vertex 1.59888875484 -3.14043736458 103.268470764
      vertex 1.59888875484 4.85955810547 103.268470764
      vertex 1.65445172787 -3.14043736458 103.055091858
    endloop
  endfacet
  facet normal -0.967728972435 -0.25199341774 -0
    outer loop
      vertex 1.65445172787 -3.14043736458 103.055091858
      vertex 1.59888875484 4.85955810547 103.268470764
      vertex 1.65445172787 4.85955810547 103.055091858
    endloop
  endfacet
  facet normal -0.996397554874 -0.0848051086068 -0
    outer loop
      vertex 1.65445172787 -3.14043736458 103.055091858
      vertex 1.65445172787 4.85955810547 103.055091858
      vertex 1.67315101624 -3.14043736458 102.835388184
    endloop
  endfacet
  facet normal -0.996397554874 -0.0848051086068 -0
    outer loop
      vertex 1.67315101624 -3.14043736458 102.835388184
      vertex 1.65445172787 4.85955810547 103.055091858
      vertex 1.67315101624 4.85955810547 102.835388184
    endloop
  endfacet
  facet normal -0 0 -1
    outer loop
      vertex 1.67315101624 -3.14043736458 102.835388184
      vertex 1.65445172787 -3.14043736458 102.615684509
      vertex 0.373151838779 -3.14043736458 102.835388184
    endloop
  endfacet
  facet normal 0 -0 -1
    outer loop
      vertex 1.50806689262 -3.14043736458 103.46938324
      vertex 1.59888875484 -3.14043736458 103.268470764
      vertex 0.373151838779 -3.14043736458 102.835388184
    endloop
  endfacet
  facet normal 0 0 -1
    outer loop
      vertex 0.373151838779 -3.14043736458 102.835388184
      vertex 1.59888875484 -3.14043736458 103.268470764
      vertex 1.65445172787 -3.14043736458 103.055091858
    endloop
  endfacet
  facet normal 0 0 -1
    outer loop
      vertex 0.373151838779 -3.14043736458 102.835388184
      vertex 1.65445172787 -3.14043736458 103.055091858
      vertex 1.67315101624 -3.14043736458 102.835388184
    endloop
  endfacet
  facet normal 0 -0 -1
    outer loop
      vertex 1.05475223064 -3.14043736458 103.942367554
      vertex 1.23202979565 -3.14043736458 103.811256409
      vertex 0.373151838779 -3.14043736458 102.835388184
    endloop
  endfacet
  facet normal 0 0 -1
    outer loop
      vertex 0.373151838779 -3.14043736458 102.835388184
      vertex 1.23202979565 -3.14043736458 103.811256409
      vertex 1.38459789753 -3.14043736458 103.652069092
    endloop
  endfacet
  facet normal 0 0 -1
    outer loop
      vertex 0.373151838779 -3.14043736458 102.835388184
      vertex 1.38459789753 -3.14043736458 103.652069092
      vertex 1.50806689262 -3.14043736458 103.46938324
    endloop
  endfacet
  facet normal 0 -0 -1
    outer loop
      vertex 0.428321480751 -3.14043736458 104.134208679
      vertex 0.647033393383 -3.14043736458 104.106201172
      vertex 0.373151838779 -3.14043736458 102.835388184
    endloop
  endfacet
  facet normal 0 0 -1
    outer loop
      vertex 0.373151838779 -3.14043736458 102.835388184
      vertex 0.647033393383 -3.14043736458 104.106201172
      vertex 0.857862770557 -3.14043736458 104.041625977
    endloop
  endfacet
  facet normal 0 0 -1
    outer loop
      vertex 0.373151838779 -3.14043736458 102.835388184
      vertex 0.857862770557 -3.14043736458 104.041625977
      vertex 1.05475223064 -3.14043736458 103.942367554
    endloop
  endfacet
  facet normal 0 0 -1
    outer loop
      vertex -0.212112098932 -3.14043736458 103.996192932
      vertex -0.00752106588334 -3.14043736458 104.078399658
      vertex 0.373151838779 -3.14043736458 102.835388184
    endloop
  endfacet
  facet normal 0 0 -1
    outer loop
      vertex 0.373151838779 -3.14043736458 102.835388184
      vertex -0.00752106588334 -3.14043736458 104.078399658
      vertex 0.208028376102 -3.14043736458 104.124862671
    endloop
  endfacet
  facet normal 0 0 -1
    outer loop
      vertex 0.373151838779 -3.14043736458 102.835388184
      vertex 0.208028376102 -3.14043736458 104.124862671
      vertex 0.428321480751 -3.14043736458 104.134208679
    endloop
  endfacet
  facet normal 0 0 -1
    outer loop
      vertex -0.703911006451 -3.14043736458 103.563346863
      vertex -0.565392911434 -3.14043736458 103.734901428
      vertex 0.373151838779 -3.14043736458 102.835388184
    endloop
  endfacet
  facet normal 0 0 -1
    outer loop
      vertex 0.373151838779 -3.14043736458 102.835388184
      vertex -0.565392911434 -3.14043736458 103.734901428
      vertex -0.3998721838 -3.14043736458 103.880577087
    endloop
  endfacet
  facet normal 0 0 -1
    outer loop
      vertex 0.373151838779 -3.14043736458 102.835388184
      vertex -0.3998721838 -3.14043736458 103.880577087
      vertex -0.212112098932 -3.14043736458 103.996192932
    endloop
  endfacet
  facet normal 0 0 -1
    outer loop
      vertex -0.922166585922 -3.14043736458 102.945632935
      vertex -0.884901702404 -3.14043736458 103.162956238
      vertex 0.373151838779 -3.14043736458 102.835388184
    endloop
  endfacet
  facet normal 0 0 -1
    outer loop
      vertex 0.373151838779 -3.14043736458 102.835388184
      vertex -0.884901702404 -3.14043736458 103.162956238
      vertex -0.811445772648 -3.14043736458 103.37084198
    endloop
  endfacet
  facet normal 0 0 -1
    outer loop
      vertex 0.373151838779 -3.14043736458 102.835388184
      vertex -0.811445772648 -3.14043736458 103.37084198
      vertex -0.703911006451 -3.14043736458 103.563346863
    endloop
  endfacet
  facet normal 0 0 -1
    outer loop
      vertex -0.811445772648 -3.14043736458 102.299911499
      vertex -0.884901702404 -3.14043736458 102.5078125
      vertex 0.373151838779 -3.14043736458 102.835388184
    endloop
  endfacet
  facet normal 0 0 -1
    outer loop
      vertex 0.373151838779 -3.14043736458 102.835388184
      vertex -0.884901702404 -3.14043736458 102.5078125
      vertex -0.922166585922 -3.14043736458 102.725143433
    endloop
  endfacet
  facet normal -0 0 -1
    outer loop
      vertex 0.373151838779 -3.14043736458 102.835388184
      vertex -0.922166585922 -3.14043736458 102.725143433
      vertex -0.922166585922 -3.14043736458 102.945632935
    endloop
  endfacet
  facet normal 0 0 -1
    outer loop
      vertex -0.3998721838 -3.14043736458 101.79019165
      vertex -0.565392911434 -3.14043736458 101.935852051
      vertex 0.373151838779 -3.14043736458 102.835388184
    endloop
  endfacet
  facet normal 0 0 -1
    outer loop
      vertex 0.373151838779 -3.14043736458 102.835388184
      vertex -0.565392911434 -3.14043736458 101.935852051
      vertex -0.703911006451 -3.14043736458 102.107414246
    endloop
  endfacet
  facet normal 0 0 -1
    outer loop
      vertex 0.373151838779 -3.14043736458 102.835388184
      vertex -0.703911006451 -3.14043736458 102.107414246
      vertex -0.811445772648 -3.14043736458 102.299911499
    endloop
  endfacet
  facet normal 0 0 -1
    outer loop
      vertex 0.208028376102 -3.14043736458 101.545913696
      vertex -0.00752106588334 -3.14043736458 101.59236145
      vertex 0.373151838779 -3.14043736458 102.835388184
    endloop
  endfacet
  facet normal 0 0 -1
    outer loop
      vertex 0.373151838779 -3.14043736458 102.835388184
      vertex -0.00752106588334 -3.14043736458 101.59236145
      vertex -0.212112098932 -3.14043736458 101.674583435
    endloop
  endfacet
  facet normal 0 0 -1
    outer loop
      vertex 0.373151838779 -3.14043736458 102.835388184
      vertex -0.212112098932 -3.14043736458 101.674583435
      vertex -0.3998721838 -3.14043736458 101.79019165
    endloop
  endfacet
  facet normal -0 0 -1
    outer loop
      vertex 0.857862770557 -3.14043736458 101.629127502
      vertex 0.647033393383 -3.14043736458 101.564559937
      vertex 0.373151838779 -3.14043736458 102.835388184
    endloop
  endfacet
  facet normal 0 0 -1
    outer loop
      vertex 0.373151838779 -3.14043736458 102.835388184
      vertex 0.647033393383 -3.14043736458 101.564559937
      vertex 0.428321480751 -3.14043736458 101.536552429
    endloop
  endfacet
  facet normal 0 -0 -1
    outer loop
      vertex 0.373151838779 -3.14043736458 102.835388184
      vertex 0.428321480751 -3.14043736458 101.536552429
      vertex 0.208028376102 -3.14043736458 101.545913696
    endloop
  endfacet
  facet normal -0 0 -1
    outer loop
      vertex 1.38459789753 -3.14043736458 102.018707275
      vertex 1.23202979565 -3.14043736458 101.859512329
      vertex 0.373151838779 -3.14043736458 102.835388184
    endloop
  endfacet
  facet normal 0 0 -1
    outer loop
      vertex 0.373151838779 -3.14043736458 102.835388184
      vertex 1.23202979565 -3.14043736458 101.859512329
      vertex 1.05475223064 -3.14043736458 101.728393555
    endloop
  endfacet
  facet normal 0 0 -1
    outer loop
      vertex 0.373151838779 -3.14043736458 102.835388184
      vertex 1.05475223064 -3.14043736458 101.728393555
      vertex 0.857862770557 -3.14043736458 101.629127502
    endloop
  endfacet
  facet normal -0 0 -1
    outer loop
      vertex 1.65445172787 -3.14043736458 102.615684509
      vertex 1.59888875484 -3.14043736458 102.402305603
      vertex 0.373151838779 -3.14043736458 102.835388184
    endloop
  endfacet
  facet normal 0 0 -1
    outer loop
      vertex 0.373151838779 -3.14043736458 102.835388184
      vertex 1.59888875484 -3.14043736458 102.402305603
      vertex 1.50806689262 -3.14043736458 102.201370239
    endloop
  endfacet
  facet normal 0 0 -1
    outer loop
      vertex 0.373151838779 -3.14043736458 102.835388184
      vertex 1.50806689262 -3.14043736458 102.201370239
      vertex 1.38459789753 -3.14043736458 102.018707275
    endloop
  endfacet
  facet normal 0 0 1
    outer loop
      vertex -0.538209319115 4.85955810547 102.219406128
      vertex -0.703911006451 4.85955810547 102.107414246
      vertex -0.420998394489 4.85955810547 102.074241638
    endloop
  endfacet
  facet normal 0 0 1
    outer loop
      vertex -0.420998394489 4.85955810547 102.074241638
      vertex -0.703911006451 4.85955810547 102.107414246
      vertex -0.565392911434 4.85955810547 101.935852051
    endloop
  endfacet
  facet normal 0 0 1
    outer loop
      vertex -0.420998394489 4.85955810547 102.074241638
      vertex -0.565392911434 4.85955810547 101.935852051
      vertex -0.280946314335 4.85955810547 101.95098877
    endloop
  endfacet
  facet normal 0 0 1
    outer loop
      vertex -0.280946314335 4.85955810547 101.95098877
      vertex -0.565392911434 4.85955810547 101.935852051
      vertex -0.3998721838 4.85955810547 101.79019165
    endloop
  endfacet
  facet normal 0 0 1
    outer loop
      vertex -0.280946314335 4.85955810547 101.95098877
      vertex -0.3998721838 4.85955810547 101.79019165
      vertex -0.12207300961 4.85955810547 101.853157043
    endloop
  endfacet
  facet normal 0 0 1
    outer loop
      vertex -0.12207300961 4.85955810547 101.853157043
      vertex -0.3998721838 4.85955810547 101.79019165
      vertex -0.212112098932 4.85955810547 101.674583435
    endloop
  endfacet
  facet normal 0 0 1
    outer loop
      vertex -0.12207300961 4.85955810547 101.853157043
      vertex -0.212112098932 4.85955810547 101.674583435
      vertex 0.0510470233858 4.85955810547 101.783599854
    endloop
  endfacet
  facet normal 0 0 1
    outer loop
      vertex 0.0510470233858 4.85955810547 101.783599854
      vertex -0.212112098932 4.85955810547 101.674583435
      vertex -0.00752106588334 4.85955810547 101.59236145
    endloop
  endfacet
  facet normal 0 0 1
    outer loop
      vertex 0.0510470233858 4.85955810547 101.783599854
      vertex -0.00752106588334 4.85955810547 101.59236145
      vertex 0.233430176973 4.85955810547 101.744293213
    endloop
  endfacet
  facet normal 0 0 1
    outer loop
      vertex 0.233430176973 4.85955810547 101.744293213
      vertex -0.00752106588334 4.85955810547 101.59236145
      vertex 0.208028376102 4.85955810547 101.545913696
    endloop
  endfacet
  facet normal 0 0 1
    outer loop
      vertex 0.233430176973 4.85955810547 101.744293213
      vertex 0.208028376102 4.85955810547 101.545913696
      vertex 0.419841110706 4.85955810547 101.736381531
    endloop
  endfacet
  facet normal 0 0 1
    outer loop
      vertex 0.419841110706 4.85955810547 101.736381531
      vertex 0.208028376102 4.85955810547 101.545913696
      vertex 0.428321480751 4.85955810547 101.536552429
    endloop
  endfacet
  facet normal -0 0 1
    outer loop
      vertex 0.419841110706 4.85955810547 101.736381531
      vertex 0.428321480751 4.85955810547 101.536552429
      vertex 0.604898989201 4.85955810547 101.76007843
    endloop
  endfacet
  facet normal 0 0 1
    outer loop
      vertex 0.604898989201 4.85955810547 101.76007843
      vertex 0.428321480751 4.85955810547 101.536552429
      vertex 0.647033393383 4.85955810547 101.564559937
    endloop
  endfacet
  facet normal -0 0 1
    outer loop
      vertex 0.604898989201 4.85955810547 101.76007843
      vertex 0.647033393383 4.85955810547 101.564559937
      vertex 0.783293664455 4.85955810547 101.814704895
    endloop
  endfacet
  facet normal 0 0 1
    outer loop
      vertex 0.783293664455 4.85955810547 101.814704895
      vertex 0.647033393383 4.85955810547 101.564559937
      vertex 0.857862770557 4.85955810547 101.629127502
    endloop
  endfacet
  facet normal -0 0 1
    outer loop
      vertex 0.783293664455 4.85955810547 101.814704895
      vertex 0.857862770557 4.85955810547 101.629127502
      vertex 0.94988822937 4.85955810547 101.898704529
    endloop
  endfacet
  facet normal 0 0 1
    outer loop
      vertex 0.94988822937 4.85955810547 101.898704529
      vertex 0.857862770557 4.85955810547 101.629127502
      vertex 1.05475223064 4.85955810547 101.728393555
    endloop
  endfacet
  facet normal -0 0 1
    outer loop
      vertex 0.94988822937 4.85955810547 101.898704529
      vertex 1.05475223064 4.85955810547 101.728393555
      vertex 1.09989178181 4.85955810547 102.009643555
    endloop
  endfacet
  facet normal 0 0 1
    outer loop
      vertex 1.09989178181 4.85955810547 102.009643555
      vertex 1.05475223064 4.85955810547 101.728393555
      vertex 1.23202979565 4.85955810547 101.859512329
    endloop
  endfacet
  facet normal -0 0 1
    outer loop
      vertex 1.09989178181 4.85955810547 102.009643555
      vertex 1.23202979565 4.85955810547 101.859512329
      vertex 1.22899329662 4.85955810547 102.144340515
    endloop
  endfacet
  facet normal 0 0 1
    outer loop
      vertex 1.22899329662 4.85955810547 102.144340515
      vertex 1.23202979565 4.85955810547 101.859512329
      vertex 1.38459789753 4.85955810547 102.018707275
    endloop
  endfacet
  facet normal -0 0 1
    outer loop
      vertex 1.22899329662 4.85955810547 102.144340515
      vertex 1.38459789753 4.85955810547 102.018707275
      vertex 1.33346390724 4.85955810547 102.298919678
    endloop
  endfacet
  facet normal 0 0 1
    outer loop
      vertex 1.33346390724 4.85955810547 102.298919678
      vertex 1.38459789753 4.85955810547 102.018707275
      vertex 1.50806689262 4.85955810547 102.201370239
    endloop
  endfacet
  facet normal -0 0 1
    outer loop
      vertex 1.33346390724 4.85955810547 102.298919678
      vertex 1.50806689262 4.85955810547 102.201370239
      vertex 1.41031444073 4.85955810547 102.468933105
    endloop
  endfacet
  facet normal 0 0 1
    outer loop
      vertex 1.41031444073 4.85955810547 102.468933105
      vertex 1.50806689262 4.85955810547 102.201370239
      vertex 1.59888875484 4.85955810547 102.402305603
    endloop
  endfacet
  facet normal -0 0 1
    outer loop
      vertex 1.41031444073 4.85955810547 102.468933105
      vertex 1.59888875484 4.85955810547 102.402305603
      vertex 1.45732617378 4.85955810547 102.649475098
    endloop
  endfacet
  facet normal 0 0 1
    outer loop
      vertex 1.45732617378 4.85955810547 102.649475098
      vertex 1.59888875484 4.85955810547 102.402305603
      vertex 1.65445172787 4.85955810547 102.615684509
    endloop
  endfacet
  facet normal -0 0 1
    outer loop
      vertex 1.45732617378 4.85955810547 102.649475098
      vertex 1.65445172787 4.85955810547 102.615684509
      vertex 1.4731541872 4.85955810547 102.835388184
    endloop
  endfacet
  facet normal -0 0 1
    outer loop
      vertex 1.4731541872 4.85955810547 102.835388184
      vertex 1.65445172787 4.85955810547 102.615684509
      vertex 1.67315101624 4.85955810547 102.835388184
    endloop
  endfacet
  facet normal 0 -0 1
    outer loop
      vertex 1.4731541872 4.85955810547 102.835388184
      vertex 1.67315101624 4.85955810547 102.835388184
      vertex 1.45732617378 4.85955810547 103.021278381
    endloop
  endfacet
  facet normal -0 0 1
    outer loop
      vertex 1.45732617378 4.85955810547 103.021278381
      vertex 1.67315101624 4.85955810547 102.835388184
      vertex 1.65445172787 4.85955810547 103.055091858
    endloop
  endfacet
  facet normal 0 -0 1
    outer loop
      vertex 1.45732617378 4.85955810547 103.021278381
      vertex 1.65445172787 4.85955810547 103.055091858
      vertex 1.41031444073 4.85955810547 103.201835632
    endloop
  endfacet
  facet normal -0 0 1
    outer loop
      vertex 1.41031444073 4.85955810547 103.201835632
      vertex 1.65445172787 4.85955810547 103.055091858
      vertex 1.59888875484 4.85955810547 103.268470764
    endloop
  endfacet
  facet normal 0 -0 1
    outer loop
      vertex 1.41031444073 4.85955810547 103.201835632
      vertex 1.59888875484 4.85955810547 103.268470764
      vertex 1.33346390724 4.85955810547 103.37184906
    endloop
  endfacet
  facet normal -0 0 1
    outer loop
      vertex 1.33346390724 4.85955810547 103.37184906
      vertex 1.59888875484 4.85955810547 103.268470764
      vertex 1.50806689262 4.85955810547 103.46938324
    endloop
  endfacet
  facet normal 0 -0 1
    outer loop
      vertex 1.33346390724 4.85955810547 103.37184906
      vertex 1.50806689262 4.85955810547 103.46938324
      vertex 1.22899329662 4.85955810547 103.526420593
    endloop
  endfacet
  facet normal -0 0 1
    outer loop
      vertex 1.22899329662 4.85955810547 103.526420593
      vertex 1.50806689262 4.85955810547 103.46938324
      vertex 1.38459789753 4.85955810547 103.652069092
    endloop
  endfacet
  facet normal 0 -0 1
    outer loop
      vertex 1.22899329662 4.85955810547 103.526420593
      vertex 1.38459789753 4.85955810547 103.652069092
      vertex 1.09989178181 4.85955810547 103.661132812
    endloop
  endfacet
  facet normal -0 0 1
    outer loop
      vertex 1.09989178181 4.85955810547 103.661132812
      vertex 1.38459789753 4.85955810547 103.652069092
      vertex 1.23202979565 4.85955810547 103.811256409
    endloop
  endfacet
  facet normal 0 -0 1
    outer loop
      vertex 1.09989178181 4.85955810547 103.661132812
      vertex 1.23202979565 4.85955810547 103.811256409
      vertex 0.94988822937 4.85955810547 103.772064209
    endloop
  endfacet
  facet normal 0 0 1
    outer loop
      vertex 0.94988822937 4.85955810547 103.772064209
      vertex 1.23202979565 4.85955810547 103.811256409
      vertex 1.05475223064 4.85955810547 103.942367554
    endloop
  endfacet
  facet normal 0 -0 1
    outer loop
      vertex 0.94988822937 4.85955810547 103.772064209
      vertex 1.05475223064 4.85955810547 103.942367554
      vertex 0.783293664455 4.85955810547 103.856071472
    endloop
  endfacet
  facet normal 0 0 1
    outer loop
      vertex 0.783293664455 4.85955810547 103.856071472
      vertex 1.05475223064 4.85955810547 103.942367554
      vertex 0.857862770557 4.85955810547 104.041625977
    endloop
  endfacet
  facet normal 0 -0 1
    outer loop
      vertex 0.783293664455 4.85955810547 103.856071472
      vertex 0.857862770557 4.85955810547 104.041625977
      vertex 0.604898989201 4.85955810547 103.910697937
    endloop
  endfacet
  facet normal 0 0 1
    outer loop
      vertex 0.604898989201 4.85955810547 103.910697937
      vertex 0.857862770557 4.85955810547 104.041625977
      vertex 0.647033393383 4.85955810547 104.106201172
    endloop
  endfacet
  facet normal 0 -0 1
    outer loop
      vertex 0.604898989201 4.85955810547 103.910697937
      vertex 0.647033393383 4.85955810547 104.106201172
      vertex 0.419841110706 4.85955810547 103.934387207
    endloop
  endfacet
  facet normal 0 0 1
    outer loop
      vertex 0.419841110706 4.85955810547 103.934387207
      vertex 0.647033393383 4.85955810547 104.106201172
      vertex 0.428321480751 4.85955810547 104.134208679
    endloop
  endfacet
  facet normal 0 -0 1
    outer loop
      vertex 0.419841110706 4.85955810547 103.934387207
      vertex 0.428321480751 4.85955810547 104.134208679
      vertex 0.233430176973 4.85955810547 103.926475525
    endloop
  endfacet
  facet normal 0 -0 1
    outer loop
      vertex 0.233430176973 4.85955810547 103.926475525
      vertex 0.428321480751 4.85955810547 104.134208679
      vertex 0.208028376102 4.85955810547 104.124862671
    endloop
  endfacet
  facet normal 0 0 1
    outer loop
      vertex 0.233430176973 4.85955810547 103.926475525
      vertex 0.208028376102 4.85955810547 104.124862671
      vertex 0.0510470233858 4.85955810547 103.887176514
    endloop
  endfacet
  facet normal 0 -0 1
    outer loop
      vertex 0.0510470233858 4.85955810547 103.887176514
      vertex 0.208028376102 4.85955810547 104.124862671
      vertex -0.00752106588334 4.85955810547 104.078399658
    endloop
  endfacet
  facet normal 0 0 1
    outer loop
      vertex 0.0510470233858 4.85955810547 103.887176514
      vertex -0.00752106588334 4.85955810547 104.078399658
      vertex -0.12207300961 4.85955810547 103.817596436
    endloop
  endfacet
  facet normal 0 -0 1
    outer loop
      vertex -0.12207300961 4.85955810547 103.817596436
      vertex -0.00752106588334 4.85955810547 104.078399658
      vertex -0.212112098932 4.85955810547 103.996192932
    endloop
  endfacet
  facet normal 0 0 1
    outer loop
      vertex -0.12207300961 4.85955810547 103.817596436
      vertex -0.212112098932 4.85955810547 103.996192932
      vertex -0.280946314335 4.85955810547 103.719787598
    endloop
  endfacet
  facet normal 0 -0 1
    outer loop
      vertex -0.280946314335 4.85955810547 103.719787598
      vertex -0.212112098932 4.85955810547 103.996192932
      vertex -0.3998721838 4.85955810547 103.880577087
    endloop
  endfacet
  facet normal 0 0 1
    outer loop
      vertex -0.280946314335 4.85955810547 103.719787598
      vertex -0.3998721838 4.85955810547 103.880577087
      vertex -0.420998394489 4.85955810547 103.596511841
    endloop
  endfacet
  facet normal 0 -0 1
    outer loop
      vertex -0.420998394489 4.85955810547 103.596511841
      vertex -0.3998721838 4.85955810547 103.880577087
      vertex -0.565392911434 4.85955810547 103.734901428
    endloop
  endfacet
  facet normal 0 0 1
    outer loop
      vertex -0.420998394489 4.85955810547 103.596511841
      vertex -0.565392911434 4.85955810547 103.734901428
      vertex -0.538209319115 4.85955810547 103.45135498
    endloop
  endfacet
  facet normal 0 0 1
    outer loop
      vertex -0.538209319115 4.85955810547 103.45135498
      vertex -0.565392911434 4.85955810547 103.734901428
      vertex -0.703911006451 4.85955810547 103.563346863
    endloop
  endfacet
  facet normal 0 0 1
    outer loop
      vertex -0.538209319115 4.85955810547 103.45135498
      vertex -0.703911006451 4.85955810547 103.563346863
      vertex -0.629200279713 4.85955810547 103.288467407
    endloop
  endfacet
  facet normal 0 0 1
    outer loop
      vertex -0.629200279713 4.85955810547 103.288467407
      vertex -0.703911006451 4.85955810547 103.563346863
      vertex -0.811445772648 4.85955810547 103.37084198
    endloop
  endfacet
  facet normal 0 0 1
    outer loop
      vertex -0.629200279713 4.85955810547 103.288467407
      vertex -0.811445772648 4.85955810547 103.37084198
      vertex -0.691355645657 4.85955810547 103.112564087
    endloop
  endfacet
  facet normal 0 0 1
    outer loop
      vertex -0.691355645657 4.85955810547 103.112564087
      vertex -0.811445772648 4.85955810547 103.37084198
      vertex -0.884901702404 4.85955810547 103.162956238
    endloop
  endfacet
  facet normal 0 0 1
    outer loop
      vertex -0.691355645657 4.85955810547 103.112564087
      vertex -0.884901702404 4.85955810547 103.162956238
      vertex -0.722885608673 4.85955810547 102.928672791
    endloop
  endfacet
  facet normal 0 0 1
    outer loop
      vertex -0.722885608673 4.85955810547 102.928672791
      vertex -0.884901702404 4.85955810547 103.162956238
      vertex -0.922166585922 4.85955810547 102.945632935
    endloop
  endfacet
  facet normal 0 0 1
    outer loop
      vertex -0.722885608673 4.85955810547 102.928672791
      vertex -0.922166585922 4.85955810547 102.945632935
      vertex -0.722885608673 4.85955810547 102.742103577
    endloop
  endfacet
  facet normal 0 0 1
    outer loop
      vertex -0.722885608673 4.85955810547 102.742103577
      vertex -0.922166585922 4.85955810547 102.945632935
      vertex -0.922166585922 4.85955810547 102.725143433
    endloop
  endfacet
  facet normal 0 0 1
    outer loop
      vertex -0.722885608673 4.85955810547 102.742103577
      vertex -0.922166585922 4.85955810547 102.725143433
      vertex -0.691355645657 4.85955810547 102.558204651
    endloop
  endfacet
  facet normal 0 0 1
    outer loop
      vertex -0.691355645657 4.85955810547 102.558204651
      vertex -0.922166585922 4.85955810547 102.725143433
      vertex -0.884901702404 4.85955810547 102.5078125
    endloop
  endfacet
  facet normal 0 0 1
    outer loop
      vertex -0.691355645657 4.85955810547 102.558204651
      vertex -0.884901702404 4.85955810547 102.5078125
      vertex -0.629200279713 4.85955810547 102.382293701
    endloop
  endfacet
  facet normal 0 0 1
    outer loop
      vertex -0.629200279713 4.85955810547 102.382293701
      vertex -0.884901702404 4.85955810547 102.5078125
      vertex -0.811445772648 4.85955810547 102.299911499
    endloop
  endfacet
  facet normal 0 0 1
    outer loop
      vertex -0.629200279713 4.85955810547 102.382293701
      vertex -0.811445772648 4.85955810547 102.299911499
      vertex -0.538209319115 4.85955810547 102.219406128
    endloop
  endfacet
  facet normal 0 0 1
    outer loop
      vertex -0.538209319115 4.85955810547 102.219406128
      vertex -0.811445772648 4.85955810547 102.299911499
      vertex -0.703911006451 4.85955810547 102.107414246
    endloop
  endfacet
  facet normal -0.084791816771 0 -0.996398687363
    outer loop
      vertex -8.42685508728 -0.740443825722 1.33538413048
      vertex -8.42685508728 -0.740443825722 9.33538341522
      vertex -8.24095153809 -0.724623739719 1.33538413048
    endloop
  endfacet
  facet normal -0.084791816771 0 -0.996398687363
    outer loop
      vertex -8.24095153809 -0.724623739719 1.33538413048
      vertex -8.42685508728 -0.740443825722 9.33538341522
      vertex -8.24095153809 -0.724623739719 9.33538341522
    endloop
  endfacet
  facet normal -0.251973897219 0 -0.96773403883
    outer loop
      vertex -8.24095153809 -0.724623739719 1.33538413048
      vertex -8.24095153809 -0.724623739719 9.33538341522
      vertex -8.06039714813 -0.67761194706 1.33538413048
    endloop
  endfacet
  facet normal -0.251973897219 0 -0.96773403883
    outer loop
      vertex -8.06039714813 -0.67761194706 1.33538413048
      vertex -8.24095153809 -0.724623739719 9.33538341522
      vertex -8.06039714813 -0.67761194706 9.33538341522
    endloop
  endfacet
  facet normal -0.411908686161 0 -0.911225140095
    outer loop
      vertex -8.06039714813 -0.67761194706 1.33538413048
      vertex -8.06039714813 -0.67761194706 9.33538341522
      vertex -7.89038848877 -0.600761473179 1.33538413048
    endloop
  endfacet
  facet normal -0.411908686161 0 -0.911225140095
    outer loop
      vertex -7.89038848877 -0.600761473179 1.33538413048
      vertex -8.06039714813 -0.67761194706 9.33538341522
      vertex -7.89038848877 -0.600761473179 9.33538341522
    endloop
  endfacet
  facet normal -0.559982180595 0 -0.828504621983
    outer loop
      vertex -7.89038848877 -0.600761473179 1.33538413048
      vertex -7.89038848877 -0.600761473179 9.33538341522
      vertex -7.73581027985 -0.496282935143 1.33538413048
    endloop
  endfacet
  facet normal -0.559982180595 0 -0.828504621983
    outer loop
      vertex -7.73581027985 -0.496282935143 1.33538413048
      vertex -7.89038848877 -0.600761473179 9.33538341522
      vertex -7.73581027985 -0.496282935143 9.33538341522
    endloop
  endfacet
  facet normal -0.69193649292 0 -0.721958339214
    outer loop
      vertex -7.73581027985 -0.496282935143 1.33538413048
      vertex -7.73581027985 -0.496282935143 9.33538341522
      vertex -7.60111570358 -0.367189258337 1.33538413048
    endloop
  endfacet
  facet normal -0.69193649292 0 -0.721958339214
    outer loop
      vertex -7.60111570358 -0.367189258337 1.33538413048
      vertex -7.73581027985 -0.496282935143 9.33538341522
      vertex -7.60111570358 -0.367189258337 9.33538341522
    endloop
  endfacet
  facet normal -0.804004371166 0 -0.59462338686
    outer loop
      vertex -7.60111570358 -0.367189258337 1.33538413048
      vertex -7.60111570358 -0.367189258337 9.33538341522
      vertex -7.49017047882 -0.217177867889 1.33538413048
    endloop
  endfacet
  facet normal -0.804004371166 0 -0.59462338686
    outer loop
      vertex -7.49017047882 -0.217177867889 1.33538413048
      vertex -7.60111570358 -0.367189258337 9.33538341522
      vertex -7.49017047882 -0.217177867889 9.33538341522
    endloop
  endfacet
  facet normal -0.892929553986 0 -0.450196385384
    outer loop
      vertex -7.49017047882 -0.217177867889 1.33538413048
      vertex -7.49017047882 -0.217177867889 9.33538341522
      vertex -7.40617704391 -0.0505833178759 1.33538413048
    endloop
  endfacet
  facet normal -0.892929553986 0 -0.450196385384
    outer loop
      vertex -7.40617704391 -0.0505833178759 1.33538413048
      vertex -7.49017047882 -0.217177867889 9.33538341522
      vertex -7.40617704391 -0.0505833178759 9.33538341522
    endloop
  endfacet
  facet normal -0.956162035465 0 -0.292838186026
    outer loop
      vertex -7.40617704391 -0.0505833178759 1.33538413048
      vertex -7.40617704391 -0.0505833178759 9.33538341522
      vertex -7.35154247284 0.127807453275 1.33538413048
    endloop
  endfacet
  facet normal -0.956162035465 0 -0.292838186026
    outer loop
      vertex -7.35154247284 0.127807453275 1.33538413048
      vertex -7.40617704391 -0.0505833178759 9.33538341522
      vertex -7.35154247284 0.127807453275 9.33538341522
    endloop
  endfacet
  facet normal -0.991900086403 0 -0.127020716667
    outer loop
      vertex -7.35154247284 0.127807453275 1.33538413048
      vertex -7.35154247284 0.127807453275 9.33538341522
      vertex -7.32784366608 0.312869220972 1.33538413048
    endloop
  endfacet
  facet normal -0.991900086403 0 -0.127020716667
    outer loop
      vertex -7.32784366608 0.312869220972 1.33538413048
      vertex -7.35154247284 0.127807453275 9.33538341522
      vertex -7.32784366608 0.312869220972 9.33538341522
    endloop
  endfacet
  facet normal -0.999099075794 0 0.0424381531775
    outer loop
      vertex -7.32784366608 0.312869220972 1.33538413048
      vertex -7.32784366608 0.312869220972 9.33538341522
      vertex -7.33576154709 0.499276250601 1.33538413048
    endloop
  endfacet
  facet normal -0.999099075794 0 0.0424381531775
    outer loop
      vertex -7.33576154709 0.499276250601 1.33538413048
      vertex -7.32784366608 0.312869220972 9.33538341522
      vertex -7.33576154709 0.499276250601 9.33538341522
    endloop
  endfacet
  facet normal -0.977555513382 0 0.21067789197
    outer loop
      vertex -7.33576154709 0.499276250601 1.33538413048
      vertex -7.33576154709 0.499276250601 9.33538341522
      vertex -7.37506818771 0.681659400463 1.33538413048
    endloop
  endfacet
  facet normal -0.977555513382 0 0.21067789197
    outer loop
      vertex -7.37506818771 0.681659400463 1.33538413048
      vertex -7.33576154709 0.499276250601 9.33538341522
      vertex -7.37506818771 0.681659400463 9.33538341522
    endloop
  endfacet
  facet normal -0.927888154984 0 0.372858703136
    outer loop
      vertex -7.37506818771 0.681659400463 1.33538413048
      vertex -7.37506818771 0.681659400463 9.33538341522
      vertex -7.44463396072 0.854779422283 1.33538413048
    endloop
  endfacet
  facet normal -0.927888154984 0 0.372858703136
    outer loop
      vertex -7.44463396072 0.854779422283 1.33538413048
      vertex -7.37506818771 0.681659400463 9.33538341522
      vertex -7.44463396072 0.854779422283 9.33538341522
    endloop
  endfacet
  facet normal -0.851526558399 0 0.524311482906
    outer loop
      vertex -7.44463396072 0.854779422283 1.33538413048
      vertex -7.44463396072 0.854779422283 9.33538341522
      vertex -7.54245710373 1.0136526823 1.33538413048
    endloop
  endfacet
  facet normal -0.851526558399 0 0.524311482906
    outer loop
      vertex -7.54245710373 1.0136526823 1.33538413048
      vertex -7.44463396072 0.854779422283 9.33538341522
      vertex -7.54245710373 1.0136526823 9.33538341522
    endloop
  endfacet
  facet normal -0.750664174557 0 0.660683989525
    outer loop
      vertex -7.54245710373 1.0136526823 1.33538413048
      vertex -7.54245710373 1.0136526823 9.33538341522
      vertex -7.66572141647 1.15370476246 1.33538413048
    endloop
  endfacet
  facet normal -0.750664174557 0 0.660683989525
    outer loop
      vertex -7.66572141647 1.15370476246 1.33538413048
      vertex -7.54245710373 1.0136526823 9.33538341522
      vertex -7.66572141647 1.15370476246 9.33538341522
    endloop
  endfacet
  facet normal -0.628223717213 0 0.778032720089
    outer loop
      vertex -7.66572141647 1.15370476246 1.33538413048
      vertex -7.66572141647 1.15370476246 9.33538341522
      vertex -7.8108830452 1.27091574669 1.33538413048
    endloop
  endfacet
  facet normal -0.628223717213 0 0.778032720089
    outer loop
      vertex -7.8108830452 1.27091574669 1.33538413048
      vertex -7.66572141647 1.15370476246 9.33538341522
      vertex -7.8108830452 1.27091574669 9.33538341522
    endloop
  endfacet
  facet normal -0.487703710794 0 0.873009204865
    outer loop
      vertex -7.8108830452 1.27091574669 1.33538413048
      vertex -7.8108830452 1.27091574669 9.33538341522
      vertex -7.97376060486 1.36190664768 1.33538413048
    endloop
  endfacet
  facet normal -0.487703710794 0 0.873009204865
    outer loop
      vertex -7.97376060486 1.36190664768 1.33538413048
      vertex -7.8108830452 1.27091574669 9.33538341522
      vertex -7.97376060486 1.36190664768 9.33538341522
    endloop
  endfacet
  facet normal -0.333139896393 0 0.942877411842
    outer loop
      vertex -7.97376060486 1.36190664768 1.33538413048
      vertex -7.97376060486 1.36190664768 9.33538341522
      vertex -8.14967727661 1.42406201363 1.33538413048
    endloop
  endfacet
  facet normal -0.333139896393 0 0.942877411842
    outer loop
      vertex -8.14967727661 1.42406201363 1.33538413048
      vertex -7.97376060486 1.36190664768 9.33538341522
      vertex -8.14967727661 1.42406201363 9.33538341522
    endloop
  endfacet
  facet normal -0.169015899301 0 0.9856133461
    outer loop
      vertex -8.14967727661 1.42406201363 1.33538413048
      vertex -8.14967727661 1.42406201363 9.33538341522
      vertex -8.33356666565 1.45559597015 1.33538413048
    endloop
  endfacet
  facet normal -0.169015899301 0 0.9856133461
    outer loop
      vertex -8.33356666565 1.45559597015 1.33538413048
      vertex -8.14967727661 1.42406201363 9.33538341522
      vertex -8.33356666565 1.45559597015 9.33538341522
    endloop
  endfacet
  facet normal 0 -0 1
    outer loop
      vertex -8.33356666565 1.45559597015 1.33538413048
      vertex -8.33356666565 1.45559597015 9.33538341522
      vertex -8.52013874054 1.45559597015 1.33538413048
    endloop
  endfacet
  facet normal 0 0 1
    outer loop
      vertex -8.52013874054 1.45559597015 1.33538413048
      vertex -8.33356666565 1.45559597015 9.33538341522
      vertex -8.52013874054 1.45559597015 9.33538341522
    endloop
  endfacet
  facet normal 0.169015899301 -0 0.9856133461
    outer loop
      vertex -8.52013874054 1.45559597015 1.33538413048
      vertex -8.52013874054 1.45559597015 9.33538341522
      vertex -8.70402908325 1.42406201363 1.33538413048
    endloop
  endfacet
  facet normal 0.169015899301 -0 0.9856133461
    outer loop
      vertex -8.70402908325 1.42406201363 1.33538413048
      vertex -8.52013874054 1.45559597015 9.33538341522
      vertex -8.70402908325 1.42406201363 9.33538341522
    endloop
  endfacet
  facet normal 0.333139896393 -0 0.942877411842
    outer loop
      vertex -8.70402908325 1.42406201363 1.33538413048
      vertex -8.70402908325 1.42406201363 9.33538341522
      vertex -8.879945755 1.36190664768 1.33538413048
    endloop
  endfacet
  facet normal 0.333139896393 -0 0.942877411842
    outer loop
      vertex -8.879945755 1.36190664768 1.33538413048
      vertex -8.70402908325 1.42406201363 9.33538341522
      vertex -8.879945755 1.36190664768 9.33538341522
    endloop
  endfacet
  facet normal 0.487694710493 -0 0.873014211655
    outer loop
      vertex -8.879945755 1.36190664768 1.33538413048
      vertex -8.879945755 1.36190664768 9.33538341522
      vertex -9.04282665253 1.27091574669 1.33538413048
    endloop
  endfacet
  facet normal 0.487694710493 -0 0.873014211655
    outer loop
      vertex -9.04282665253 1.27091574669 1.33538413048
      vertex -8.879945755 1.36190664768 9.33538341522
      vertex -9.04282665253 1.27091574669 9.33538341522
    endloop
  endfacet
  facet normal 0.628234028816 -0 0.778024435043
    outer loop
      vertex -9.04282665253 1.27091574669 1.33538413048
      vertex -9.04282665253 1.27091574669 9.33538341522
      vertex -9.18798446655 1.15370476246 1.33538413048
    endloop
  endfacet
  facet normal 0.628234028816 -0 0.778024435043
    outer loop
      vertex -9.18798446655 1.15370476246 1.33538413048
      vertex -9.04282665253 1.27091574669 9.33538341522
      vertex -9.18798446655 1.15370476246 9.33538341522
    endloop
  endfacet
  facet normal 0.750664174557 -0 0.660683989525
    outer loop
      vertex -9.18798446655 1.15370476246 1.33538413048
      vertex -9.18798446655 1.15370476246 9.33538341522
      vertex -9.3112487793 1.0136526823 1.33538413048
    endloop
  endfacet
  facet normal 0.750664174557 -0 0.660683989525
    outer loop
      vertex -9.3112487793 1.0136526823 1.33538413048
      vertex -9.18798446655 1.15370476246 9.33538341522
      vertex -9.3112487793 1.0136526823 9.33538341522
    endloop
  endfacet
  facet normal 0.851526558399 -0 0.524311482906
    outer loop
      vertex -9.3112487793 1.0136526823 1.33538413048
      vertex -9.3112487793 1.0136526823 9.33538341522
      vertex -9.4090719223 0.854779422283 1.33538413048
    endloop
  endfacet
  facet normal 0.851526558399 -0 0.524311482906
    outer loop
      vertex -9.4090719223 0.854779422283 1.33538413048
      vertex -9.3112487793 1.0136526823 9.33538341522
      vertex -9.4090719223 0.854779422283 9.33538341522
    endloop
  endfacet
  facet normal 0.927888154984 -0 0.372858703136
    outer loop
      vertex -9.4090719223 0.854779422283 1.33538413048
      vertex -9.4090719223 0.854779422283 9.33538341522
      vertex -9.47863769531 0.681659400463 1.33538413048
    endloop
  endfacet
  facet normal 0.927888154984 -0 0.372858703136
    outer loop
      vertex -9.47863769531 0.681659400463 1.33538413048
      vertex -9.4090719223 0.854779422283 9.33538341522
      vertex -9.47863769531 0.681659400463 9.33538341522
    endloop
  endfacet
  facet normal 0.977555513382 -0 0.21067789197
    outer loop
      vertex -9.47863769531 0.681659400463 1.33538413048
      vertex -9.47863769531 0.681659400463 9.33538341522
      vertex -9.51794433594 0.499276250601 1.33538413048
    endloop
  endfacet
  facet normal 0.977555513382 -0 0.21067789197
    outer loop
      vertex -9.51794433594 0.499276250601 1.33538413048
      vertex -9.47863769531 0.681659400463 9.33538341522
      vertex -9.51794433594 0.499276250601 9.33538341522
    endloop
  endfacet
  facet normal 0.999099075794 -0 0.0424381531775
    outer loop
      vertex -9.51794433594 0.499276250601 1.33538413048
      vertex -9.51794433594 0.499276250601 9.33538341522
      vertex -9.52586174011 0.312869220972 1.33538413048
    endloop
  endfacet
  facet normal 0.999099075794 -0 0.0424381531775
    outer loop
      vertex -9.52586174011 0.312869220972 1.33538413048
      vertex -9.51794433594 0.499276250601 9.33538341522
      vertex -9.52586174011 0.312869220972 9.33538341522
    endloop
  endfacet
  facet normal 0.991900086403 0 -0.127020716667
    outer loop
      vertex -9.52586174011 0.312869220972 1.33538413048
      vertex -9.52586174011 0.312869220972 9.33538341522
      vertex -9.50216388702 0.127807453275 1.33538413048
    endloop
  endfacet
  facet normal 0.991900086403 0 -0.127020716667
    outer loop
      vertex -9.50216388702 0.127807453275 1.33538413048
      vertex -9.52586174011 0.312869220972 9.33538341522
      vertex -9.50216388702 0.127807453275 9.33538341522
    endloop
  endfacet
  facet normal 0.956167936325 0 -0.292818903923
    outer loop
      vertex -9.50216388702 0.127807453275 1.33538413048
      vertex -9.50216388702 0.127807453275 9.33538341522
      vertex -9.44753265381 -0.0505833178759 1.33538413048
    endloop
  endfacet
  facet normal 0.956167936325 0 -0.292818903923
    outer loop
      vertex -9.44753265381 -0.0505833178759 1.33538413048
      vertex -9.50216388702 0.127807453275 9.33538341522
      vertex -9.44753265381 -0.0505833178759 9.33538341522
    endloop
  endfacet
  facet normal 0.892921090126 0 -0.450213193893
    outer loop
      vertex -9.44753265381 -0.0505833178759 1.33538413048
      vertex -9.44753265381 -0.0505833178759 9.33538341522
      vertex -9.36353492737 -0.217177867889 1.33538413048
    endloop
  endfacet
  facet normal 0.892921090126 0 -0.450213193893
    outer loop
      vertex -9.36353492737 -0.217177867889 1.33538413048
      vertex -9.44753265381 -0.0505833178759 9.33538341522
      vertex -9.36353492737 -0.217177867889 9.33538341522
    endloop
  endfacet
  facet normal 0.804014444351 0 -0.594609797001
    outer loop
      vertex -9.36353492737 -0.217177867889 1.33538413048
      vertex -9.36353492737 -0.217177867889 9.33538341522
      vertex -9.25259399414 -0.367189258337 1.33538413048
    endloop
  endfacet
  facet normal 0.804014444351 0 -0.594609797001
    outer loop
      vertex -9.25259399414 -0.367189258337 1.33538413048
      vertex -9.36353492737 -0.217177867889 9.33538341522
      vertex -9.25259399414 -0.367189258337 9.33538341522
    endloop
  endfacet
  facet normal 0.691925942898 0 -0.721968472004
    outer loop
      vertex -9.25259399414 -0.367189258337 1.33538413048
      vertex -9.25259399414 -0.367189258337 9.33538341522
      vertex -9.11789512634 -0.496282935143 1.33538413048
    endloop
  endfacet
  facet normal 0.691925942898 0 -0.721968472004
    outer loop
      vertex -9.11789512634 -0.496282935143 1.33538413048
      vertex -9.25259399414 -0.367189258337 9.33538341522
      vertex -9.11789512634 -0.496282935143 9.33538341522
    endloop
  endfacet
  facet normal 0.559982180595 0 -0.828504621983
    outer loop
      vertex -9.11789512634 -0.496282935143 1.33538413048
      vertex -9.11789512634 -0.496282935143 9.33538341522
      vertex -8.96331691742 -0.600761473179 1.33538413048
    endloop
  endfacet
  facet normal 0.559982180595 0 -0.828504621983
    outer loop
      vertex -8.96331691742 -0.600761473179 1.33538413048
      vertex -9.11789512634 -0.496282935143 9.33538341522
      vertex -8.96331691742 -0.600761473179 9.33538341522
    endloop
  endfacet
  facet normal 0.411908686161 0 -0.911225140095
    outer loop
      vertex -8.96331691742 -0.600761473179 1.33538413048
      vertex -8.96331691742 -0.600761473179 9.33538341522
      vertex -8.79330825806 -0.67761194706 1.33538413048
    endloop
  endfacet
  facet normal 0.411908686161 0 -0.911225140095
    outer loop
      vertex -8.79330825806 -0.67761194706 1.33538413048
      vertex -8.96331691742 -0.600761473179 9.33538341522
      vertex -8.79330825806 -0.67761194706 9.33538341522
    endloop
  endfacet
  facet normal 0.251973897219 0 -0.96773403883
    outer loop
      vertex -8.79330825806 -0.67761194706 1.33538413048
      vertex -8.79330825806 -0.67761194706 9.33538341522
      vertex -8.61275482178 -0.724623739719 1.33538413048
    endloop
  endfacet
  facet normal 0.251973897219 0 -0.96773403883
    outer loop
      vertex -8.61275482178 -0.724623739719 1.33538413048
      vertex -8.79330825806 -0.67761194706 9.33538341522
      vertex -8.61275482178 -0.724623739719 9.33538341522
    endloop
  endfacet
  facet normal 0.0847935974598 0 -0.996398508549
    outer loop
      vertex -8.61275482178 -0.724623739719 1.33538413048
      vertex -8.61275482178 -0.724623739719 9.33538341522
      vertex -8.42685508728 -0.740443825722 1.33538413048
    endloop
  endfacet
  facet normal 0.0847935974598 0 -0.996398508549
    outer loop
      vertex -8.42685508728 -0.740443825722 1.33538413048
      vertex -8.61275482178 -0.724623739719 9.33538341522
      vertex -8.42685508728 -0.740443825722 9.33538341522
    endloop
  endfacet
  facet normal 0 1 0
    outer loop
      vertex -8.42685508728 -0.740443825722 1.33538413048
      vertex -8.24095153809 -0.724623739719 1.33538413048
      vertex -8.42685508728 0.359554558992 1.33538413048
    endloop
  endfacet
  facet normal -0 1 0
    outer loop
      vertex -8.96331691742 -0.600761473179 1.33538413048
      vertex -8.79330825806 -0.67761194706 1.33538413048
      vertex -8.42685508728 0.359554558992 1.33538413048
    endloop
  endfacet
  facet normal 0 1 0
    outer loop
      vertex -8.42685508728 0.359554558992 1.33538413048
      vertex -8.79330825806 -0.67761194706 1.33538413048
      vertex -8.61275482178 -0.724623739719 1.33538413048
    endloop
  endfacet
  facet normal 0 1 -0
    outer loop
      vertex -8.42685508728 0.359554558992 1.33538413048
      vertex -8.61275482178 -0.724623739719 1.33538413048
      vertex -8.42685508728 -0.740443825722 1.33538413048
    endloop
  endfacet
  facet normal -0 1 0
    outer loop
      vertex -9.36353492737 -0.217177867889 1.33538413048
      vertex -9.25259399414 -0.367189258337 1.33538413048
      vertex -8.42685508728 0.359554558992 1.33538413048
    endloop
  endfacet
  facet normal 0 1 0
    outer loop
      vertex -8.42685508728 0.359554558992 1.33538413048
      vertex -9.25259399414 -0.367189258337 1.33538413048
      vertex -9.11789512634 -0.496282935143 1.33538413048
    endloop
  endfacet
  facet normal 0 1 0
    outer loop
      vertex -8.42685508728 0.359554558992 1.33538413048
      vertex -9.11789512634 -0.496282935143 1.33538413048
      vertex -8.96331691742 -0.600761473179 1.33538413048
    endloop
  endfacet
  facet normal -0 1 0
    outer loop
      vertex -9.52586174011 0.312869220972 1.33538413048
      vertex -9.50216388702 0.127807453275 1.33538413048
      vertex -8.42685508728 0.359554558992 1.33538413048
    endloop
  endfacet
  facet normal 0 1 0
    outer loop
      vertex -8.42685508728 0.359554558992 1.33538413048
      vertex -9.50216388702 0.127807453275 1.33538413048
      vertex -9.44753265381 -0.0505833178759 1.33538413048
    endloop
  endfacet
  facet normal 0 1 0
    outer loop
      vertex -8.42685508728 0.359554558992 1.33538413048
      vertex -9.44753265381 -0.0505833178759 1.33538413048
      vertex -9.36353492737 -0.217177867889 1.33538413048
    endloop
  endfacet
  facet normal 0 1 -0
    outer loop
      vertex -9.4090719223 0.854779422283 1.33538413048
      vertex -9.47863769531 0.681659400463 1.33538413048
      vertex -8.42685508728 0.359554558992 1.33538413048
    endloop
  endfacet
  facet normal 0 1 0
    outer loop
      vertex -8.42685508728 0.359554558992 1.33538413048
      vertex -9.47863769531 0.681659400463 1.33538413048
      vertex -9.51794433594 0.499276250601 1.33538413048
    endloop
  endfacet
  facet normal 0 1 0
    outer loop
      vertex -8.42685508728 0.359554558992 1.33538413048
      vertex -9.51794433594 0.499276250601 1.33538413048
      vertex -9.52586174011 0.312869220972 1.33538413048
    endloop
  endfacet
  facet normal 0 1 -0
    outer loop
      vertex -9.04282665253 1.27091574669 1.33538413048
      vertex -9.18798446655 1.15370476246 1.33538413048
      vertex -8.42685508728 0.359554558992 1.33538413048
    endloop
  endfacet
  facet normal 0 1 0
    outer loop
      vertex -8.42685508728 0.359554558992 1.33538413048
      vertex -9.18798446655 1.15370476246 1.33538413048
      vertex -9.3112487793 1.0136526823 1.33538413048
    endloop
  endfacet
  facet normal 0 1 0
    outer loop
      vertex -8.42685508728 0.359554558992 1.33538413048
      vertex -9.3112487793 1.0136526823 1.33538413048
      vertex -9.4090719223 0.854779422283 1.33538413048
    endloop
  endfacet
  facet normal 0 1 -0
    outer loop
      vertex -8.52013874054 1.45559597015 1.33538413048
      vertex -8.70402908325 1.42406201363 1.33538413048
      vertex -8.42685508728 0.359554558992 1.33538413048
    endloop
  endfacet
  facet normal 0 1 0
    outer loop
      vertex -8.42685508728 0.359554558992 1.33538413048
      vertex -8.70402908325 1.42406201363 1.33538413048
      vertex -8.879945755 1.36190664768 1.33538413048
    endloop
  endfacet
  facet normal 0 1 0
    outer loop
      vertex -8.42685508728 0.359554558992 1.33538413048
      vertex -8.879945755 1.36190664768 1.33538413048
      vertex -9.04282665253 1.27091574669 1.33538413048
    endloop
  endfacet
  facet normal 0 1 0
    outer loop
      vertex -7.97376060486 1.36190664768 1.33538413048
      vertex -8.14967727661 1.42406201363 1.33538413048
      vertex -8.42685508728 0.359554558992 1.33538413048
    endloop
  endfacet
  facet normal 0 1 0
    outer loop
      vertex -8.42685508728 0.359554558992 1.33538413048
      vertex -8.14967727661 1.42406201363 1.33538413048
      vertex -8.33356666565 1.45559597015 1.33538413048
    endloop
  endfacet
  facet normal 0 1 0
    outer loop
      vertex -8.42685508728 0.359554558992 1.33538413048
      vertex -8.33356666565 1.45559597015 1.33538413048
      vertex -8.52013874054 1.45559597015 1.33538413048
    endloop
  endfacet
  facet normal 0 1 0
    outer loop
      vertex -7.54245710373 1.0136526823 1.33538413048
      vertex -7.66572141647 1.15370476246 1.33538413048
      vertex -8.42685508728 0.359554558992 1.33538413048
    endloop
  endfacet
  facet normal 0 1 0
    outer loop
      vertex -8.42685508728 0.359554558992 1.33538413048
      vertex -7.66572141647 1.15370476246 1.33538413048
      vertex -7.8108830452 1.27091574669 1.33538413048
    endloop
  endfacet
  facet normal 0 1 0
    outer loop
      vertex -8.42685508728 0.359554558992 1.33538413048
      vertex -7.8108830452 1.27091574669 1.33538413048
      vertex -7.97376060486 1.36190664768 1.33538413048
    endloop
  endfacet
  facet normal 0 1 0
    outer loop
      vertex -7.33576154709 0.499276250601 1.33538413048
      vertex -7.37506818771 0.681659400463 1.33538413048
      vertex -8.42685508728 0.359554558992 1.33538413048
    endloop
  endfacet
  facet normal 0 1 0
    outer loop
      vertex -8.42685508728 0.359554558992 1.33538413048
      vertex -7.37506818771 0.681659400463 1.33538413048
      vertex -7.44463396072 0.854779422283 1.33538413048
    endloop
  endfacet
  facet normal 0 1 0
    outer loop
      vertex -8.42685508728 0.359554558992 1.33538413048
      vertex -7.44463396072 0.854779422283 1.33538413048
      vertex -7.54245710373 1.0136526823 1.33538413048
    endloop
  endfacet
  facet normal 0 1 0
    outer loop
      vertex -7.40617704391 -0.0505833178759 1.33538413048
      vertex -7.35154247284 0.127807453275 1.33538413048
      vertex -8.42685508728 0.359554558992 1.33538413048
    endloop
  endfacet
  facet normal 0 1 0
    outer loop
      vertex -8.42685508728 0.359554558992 1.33538413048
      vertex -7.35154247284 0.127807453275 1.33538413048
      vertex -7.32784366608 0.312869220972 1.33538413048
    endloop
  endfacet
  facet normal -0 1 0
    outer loop
      vertex -8.42685508728 0.359554558992 1.33538413048
      vertex -7.32784366608 0.312869220972 1.33538413048
      vertex -7.33576154709 0.499276250601 1.33538413048
    endloop
  endfacet
  facet normal 0 1 0
    outer loop
      vertex -7.73581027985 -0.496282935143 1.33538413048
      vertex -7.60111570358 -0.367189258337 1.33538413048
      vertex -8.42685508728 0.359554558992 1.33538413048
    endloop
  endfacet
  facet normal 0 1 0
    outer loop
      vertex -8.42685508728 0.359554558992 1.33538413048
      vertex -7.60111570358 -0.367189258337 1.33538413048
      vertex -7.49017047882 -0.217177867889 1.33538413048
    endloop
  endfacet
  facet normal 0 1 0
    outer loop
      vertex -8.42685508728 0.359554558992 1.33538413048
      vertex -7.49017047882 -0.217177867889 1.33538413048
      vertex -7.40617704391 -0.0505833178759 1.33538413048
    endloop
  endfacet
  facet normal 0 1 0
    outer loop
      vertex -8.24095153809 -0.724623739719 1.33538413048
      vertex -8.06039714813 -0.67761194706 1.33538413048
      vertex -8.42685508728 0.359554558992 1.33538413048
    endloop
  endfacet
  facet normal 0 1 0
    outer loop
      vertex -8.42685508728 0.359554558992 1.33538413048
      vertex -8.06039714813 -0.67761194706 1.33538413048
      vertex -7.89038848877 -0.600761473179 1.33538413048
    endloop
  endfacet
  facet normal 0 1 0
    outer loop
      vertex -8.42685508728 0.359554558992 1.33538413048
      vertex -7.89038848877 -0.600761473179 1.33538413048
      vertex -7.73581027985 -0.496282935143 1.33538413048
    endloop
  endfacet
  facet normal -0.0847900360823 7.68640404658e-08 -0.996398866177
    outer loop
      vertex 19.1731414795 -0.740443825722 1.33538413048
      vertex 19.1731491089 -0.740443825722 9.33538341522
      vertex 19.3590488434 -0.724623739719 1.33538413048
    endloop
  endfacet
  facet normal -0.0847936049104 -6.67703048407e-09 -0.996398508549
    outer loop
      vertex 19.3590488434 -0.724623739719 1.33538413048
      vertex 19.1731491089 -0.740443825722 9.33538341522
      vertex 19.3590488434 -0.724623739719 9.33538341522
    endloop
  endfacet
  facet normal -0.251979023218 -1.98419645159e-08 -0.967732667923
    outer loop
      vertex 19.3590488434 -0.724623739719 1.33538413048
      vertex 19.3590488434 -0.724623739719 9.33538341522
      vertex 19.539598465 -0.67761194706 1.33538413048
    endloop
  endfacet
  facet normal -0.251979023218 -1.99629521802e-08 -0.967732667923
    outer loop
      vertex 19.539598465 -0.67761194706 1.33538413048
      vertex 19.3590488434 -0.724623739719 9.33538341522
      vertex 19.539598465 -0.67761194706 9.33538341522
    endloop
  endfacet
  facet normal -0.411908656359 -3.26333235989e-08 -0.911225140095
    outer loop
      vertex 19.539598465 -0.67761194706 1.33538413048
      vertex 19.539598465 -0.67761194706 9.33538341522
      vertex 19.709608078 -0.600761473179 1.33538413048
    endloop
  endfacet
  facet normal -0.411908686161 -3.28310996167e-08 -0.911225140095
    outer loop
      vertex 19.709608078 -0.600761473179 1.33538413048
      vertex 19.539598465 -0.67761194706 9.33538341522
      vertex 19.709608078 -0.600761473179 9.33538341522
    endloop
  endfacet
  facet normal -0.559972405434 -4.46324932568e-08 -0.828511238098
    outer loop
      vertex 19.709608078 -0.600761473179 1.33538413048
      vertex 19.709608078 -0.600761473179 9.33538341522
      vertex 19.8641891479 -0.496282935143 1.33538413048
    endloop
  endfacet
  facet normal -0.559972405434 -4.30192663714e-08 -0.828511297703
    outer loop
      vertex 19.8641891479 -0.496282935143 1.33538413048
      vertex 19.709608078 -0.600761473179 9.33538341522
      vertex 19.8641891479 -0.496282935143 9.33538341522
    endloop
  endfacet
  facet normal -0.69193649292 -5.31572688089e-08 -0.721958339214
    outer loop
      vertex 19.8641891479 -0.496282935143 1.33538413048
      vertex 19.8641891479 -0.496282935143 9.33538341522
      vertex 19.998884201 -0.367189258337 1.33538413048
    endloop
  endfacet
  facet normal -0.69193649292 -5.31572688089e-08 -0.721958339214
    outer loop
      vertex 19.998884201 -0.367189258337 1.33538413048
      vertex 19.8641891479 -0.496282935143 9.33538341522
      vertex 19.998884201 -0.367189258337 9.33538341522
    endloop
  endfacet
  facet normal -0.803989350796 -6.17656041868e-08 -0.594643652439
    outer loop
      vertex 19.998884201 -0.367189258337 1.33538413048
      vertex 19.998884201 -0.367189258337 9.33538341522
      vertex 20.109828949 -0.217185735703 1.33538413048
    endloop
  endfacet
  facet normal -0.80398952961 -6.79421816585e-08 -0.594643473625
    outer loop
      vertex 20.109828949 -0.217185735703 1.33538413048
      vertex 19.998884201 -0.367189258337 9.33538341522
      vertex 20.109828949 -0.217185735703 9.33538341522
    endloop
  endfacet
  facet normal -0.892929553986 -7.54581748197e-08 -0.450196385384
    outer loop
      vertex 20.109828949 -0.217185735703 1.33538413048
      vertex 20.109828949 -0.217185735703 9.33538341522
      vertex 20.1938228607 -0.050591185689 1.33538413048
    endloop
  endfacet
  facet normal -0.892929553986 -7.54581748197e-08 -0.450196385384
    outer loop
      vertex 20.1938228607 -0.050591185689 1.33538413048
      vertex 20.109828949 -0.217185735703 9.33538341522
      vertex 20.1938228607 -0.050591185689 9.33538341522
    endloop
  endfacet
  facet normal -0.956165611744 -8.08020175214e-08 -0.292826384306
    outer loop
      vertex 20.1938228607 -0.050591185689 1.33538413048
      vertex 20.1938228607 -0.050591185689 9.33538341522
      vertex 20.248456955 0.127807453275 1.33538413048
    endloop
  endfacet
  facet normal -0.956165611744 -8.08020175214e-08 -0.292826384306
    outer loop
      vertex 20.248456955 0.127807453275 1.33538413048
      vertex 20.1938228607 -0.050591185689 9.33538341522
      vertex 20.248456955 0.127807453275 9.33538341522
    endloop
  endfacet
  facet normal -0.991902709007 -8.38220302057e-08 -0.126999974251
    outer loop
      vertex 20.248456955 0.127807453275 1.33538413048
      vertex 20.248456955 0.127807453275 9.33538341522
      vertex 20.272151947 0.312869220972 1.33538413048
    endloop
  endfacet
  facet normal -0.991897404194 8.91556794613e-07 -0.127041459084
    outer loop
      vertex 20.272151947 0.312869220972 1.33538413048
      vertex 20.248456955 0.127807453275 9.33538341522
      vertex 20.2721595764 0.312869220972 9.33538341522
    endloop
  endfacet
  facet normal -0.999099969864 8.98030748431e-07 0.0424180030823
    outer loop
      vertex 20.272151947 0.312869220972 1.33538413048
      vertex 20.2721595764 0.312869220972 9.33538341522
      vertex 20.2642383575 0.499272316694 1.33538413048
    endloop
  endfacet
  facet normal -0.999098181725 -8.44300913627e-08 0.0424600914121
    outer loop
      vertex 20.2642383575 0.499272316694 1.33538413048
      vertex 20.2721595764 0.312869220972 9.33538341522
      vertex 20.2642383575 0.499272316694 9.33538341522
    endloop
  endfacet
  facet normal -0.977552115917 -8.26093113915e-08 0.210693702102
    outer loop
      vertex 20.2642383575 0.499272316694 1.33538413048
      vertex 20.2642383575 0.499272316694 9.33538341522
      vertex 20.2249279022 0.681659400463 1.33538413048
    endloop
  endfacet
  facet normal -0.977552115917 -8.26093113915e-08 0.210693702102
    outer loop
      vertex 20.2249279022 0.681659400463 1.33538413048
      vertex 20.2642383575 0.499272316694 9.33538341522
      vertex 20.2249279022 0.681659400463 9.33538341522
    endloop
  endfacet
  facet normal -0.927885234356 -7.84121496622e-08 0.372865974903
    outer loop
      vertex 20.2249279022 0.681659400463 1.33538413048
      vertex 20.2249279022 0.681659400463 9.33538341522
      vertex 20.1553630829 0.854775488377 1.33538413048
    endloop
  endfacet
  facet normal -0.927885234356 -7.84121496622e-08 0.372865974903
    outer loop
      vertex 20.1553630829 0.854775488377 1.33538413048
      vertex 20.2249279022 0.681659400463 9.33538341522
      vertex 20.1553611755 0.854775488377 9.33538341522
    endloop
  endfacet
  facet normal -0.851532280445 -7.19598460819e-08 0.524302184582
    outer loop
      vertex 20.1553630829 0.854775488377 1.33538413048
      vertex 20.1553611755 0.854775488377 9.33538341522
      vertex 20.0575389862 1.0136526823 1.33538413048
    endloop
  endfacet
  facet normal -0.851532399654 -6.5418049644e-08 0.524301946163
    outer loop
      vertex 20.0575389862 1.0136526823 1.33538413048
      vertex 20.1553611755 0.854775488377 9.33538341522
      vertex 20.0575389862 1.0136526823 9.33538341522
    endloop
  endfacet
  facet normal -0.750664174557 -5.76689558329e-08 0.660683989525
    outer loop
      vertex 20.0575389862 1.0136526823 1.33538413048
      vertex 20.0575389862 1.0136526823 9.33538341522
      vertex 19.9342746735 1.15370476246 1.33538413048
    endloop
  endfacet
  facet normal -0.750664174557 -5.76689558329e-08 0.660683989525
    outer loop
      vertex 19.9342746735 1.15370476246 1.33538413048
      vertex 20.0575389862 1.0136526823 9.33538341522
      vertex 19.9342746735 1.15370476246 9.33538341522
    endloop
  endfacet
  facet normal -0.628234028816 -4.82633950583e-08 0.778024435043
    outer loop
      vertex 19.9342746735 1.15370476246 1.33538413048
      vertex 19.9342746735 1.15370476246 9.33538341522
      vertex 19.7891178131 1.27091574669 1.33538413048
    endloop
  endfacet
  facet normal -0.628234028816 -4.9469978336e-08 0.778024435043
    outer loop
      vertex 19.7891178131 1.27091574669 1.33538413048
      vertex 19.9342746735 1.15370476246 9.33538341522
      vertex 19.7891159058 1.27091574669 9.33538341522
    endloop
  endfacet
  facet normal -0.487678647041 -3.84020175659e-08 0.873023211956
    outer loop
      vertex 19.7891178131 1.27091574669 1.33538413048
      vertex 19.7891159058 1.27091574669 9.33538341522
      vertex 19.6262359619 1.36190271378 1.33538413048
    endloop
  endfacet
  facet normal -0.487678647041 -3.86361733717e-08 0.873023211956
    outer loop
      vertex 19.6262359619 1.36190271378 1.33538413048
      vertex 19.7891159058 1.27091574669 9.33538341522
      vertex 19.6262359619 1.36190271378 9.33538341522
    endloop
  endfacet
  facet normal -0.333139896393 -2.63928932043e-08 0.942877411842
    outer loop
      vertex 19.6262359619 1.36190271378 1.33538413048
      vertex 19.6262359619 1.36190271378 9.33538341522
      vertex 19.4503192902 1.42405807972 1.33538413048
    endloop
  endfacet
  facet normal -0.333139896393 -2.62329376e-08 0.942877411842
    outer loop
      vertex 19.4503192902 1.42405807972 1.33538413048
      vertex 19.6262359619 1.36190271378 9.33538341522
      vertex 19.4503192902 1.42405807972 9.33538341522
    endloop
  endfacet
  facet normal -0.169019401073 -1.33093500665e-08 0.985612750053
    outer loop
      vertex 19.4503192902 1.42405807972 1.33538413048
      vertex 19.4503192902 1.42405807972 9.33538341522
      vertex 19.2664337158 1.45559203625 1.33538413048
    endloop
  endfacet
  facet normal -0.169019415975 -1.29847324004e-08 0.985612750053
    outer loop
      vertex 19.2664337158 1.45559203625 1.33538413048
      vertex 19.4503192902 1.42405807972 9.33538341522
      vertex 19.2664337158 1.45559203625 9.33538341522
    endloop
  endfacet
  facet normal 0 0 1
    outer loop
      vertex 19.2664337158 1.45559203625 1.33538413048
      vertex 19.2664337158 1.45559203625 9.33538341522
      vertex 19.0798568726 1.45559203625 1.33538413048
    endloop
  endfacet
  facet normal 0 0 1
    outer loop
      vertex 19.0798568726 1.45559203625 1.33538413048
      vertex 19.2664337158 1.45559203625 9.33538341522
      vertex 19.079864502 1.45559203625 9.33538341522
    endloop
  endfacet
  facet normal 0.169019430876 -1.53219858134e-07 0.985612690449
    outer loop
      vertex 19.0798568726 1.45559203625 1.33538413048
      vertex 19.079864502 1.45559203625 9.33538341522
      vertex 18.8959712982 1.42405807972 1.33538413048
    endloop
  endfacet
  facet normal 0.169012352824 1.42826088734e-08 0.985613942146
    outer loop
      vertex 18.8959712982 1.42405807972 1.33538413048
      vertex 19.079864502 1.45559203625 9.33538341522
      vertex 18.8959712982 1.42405807972 9.33538341522
    endloop
  endfacet
  facet normal 0.333139896393 2.8152420839e-08 0.942877411842
    outer loop
      vertex 18.8959712982 1.42405807972 1.33538413048
      vertex 18.8959712982 1.42405807972 9.33538341522
      vertex 18.7200546265 1.36190271378 1.33538413048
    endloop
  endfacet
  facet normal 0.333139896393 2.8152420839e-08 0.942877411842
    outer loop
      vertex 18.7200546265 1.36190271378 1.33538413048
      vertex 18.8959712982 1.42405807972 9.33538341522
      vertex 18.7200546265 1.36190271378 9.33538341522
    endloop
  endfacet
  facet normal 0.487678647041 4.12119192106e-08 0.873023211956
    outer loop
      vertex 18.7200546265 1.36190271378 1.33538413048
      vertex 18.7200546265 1.36190271378 9.33538341522
      vertex 18.5571727753 1.27091574669 1.33538413048
    endloop
  endfacet
  facet normal 0.487678647041 4.12119192106e-08 0.873023211956
    outer loop
      vertex 18.5571727753 1.27091574669 1.33538413048
      vertex 18.7200546265 1.36190271378 9.33538341522
      vertex 18.5571727753 1.27091574669 9.33538341522
    endloop
  endfacet
  facet normal 0.628233909607 5.30897210638e-08 0.778024554253
    outer loop
      vertex 18.5571727753 1.27091574669 1.33538413048
      vertex 18.5571727753 1.27091574669 9.33538341522
      vertex 18.4120159149 1.15370476246 1.33538413048
    endloop
  endfacet
  facet normal 0.628234028816 4.82633950583e-08 0.778024435043
    outer loop
      vertex 18.4120159149 1.15370476246 1.33538413048
      vertex 18.5571727753 1.27091574669 9.33538341522
      vertex 18.4120159149 1.15370476246 9.33538341522
    endloop
  endfacet
  facet normal 0.750664174557 5.76689558329e-08 0.660683989525
    outer loop
      vertex 18.4120159149 1.15370476246 1.33538413048
      vertex 18.4120159149 1.15370476246 9.33538341522
      vertex 18.2887516022 1.0136526823 1.33538413048
    endloop
  endfacet
  facet normal 0.750664174557 5.76689558329e-08 0.660683989525
    outer loop
      vertex 18.2887516022 1.0136526823 1.33538413048
      vertex 18.4120159149 1.15370476246 9.33538341522
      vertex 18.2887516022 1.0136526823 9.33538341522
    endloop
  endfacet
  facet normal 0.85153234005 6.54180425386e-08 0.524302065372
    outer loop
      vertex 18.2887516022 1.0136526823 1.33538413048
      vertex 18.2887516022 1.0136526823 9.33538341522
      vertex 18.1909275055 0.854775488377 1.33538413048
    endloop
  endfacet
  facet normal 0.85153234005 6.54180425386e-08 0.524302065372
    outer loop
      vertex 18.1909275055 0.854775488377 1.33538413048
      vertex 18.2887516022 1.0136526823 9.33538341522
      vertex 18.1909275055 0.854775488377 9.33538341522
    endloop
  endfacet
  facet normal 0.927885234356 7.12837717742e-08 0.372865974903
    outer loop
      vertex 18.1909275055 0.854775488377 1.33538413048
      vertex 18.1909275055 0.854775488377 9.33538341522
      vertex 18.1213626862 0.681659400463 1.33538413048
    endloop
  endfacet
  facet normal 0.927885234356 7.12837717742e-08 0.372865974903
    outer loop
      vertex 18.1213626862 0.681659400463 1.33538413048
      vertex 18.1909275055 0.854775488377 9.33538341522
      vertex 18.1213607788 0.681659400463 9.33538341522
    endloop
  endfacet
  facet normal 0.977552115917 7.50993791598e-08 0.210693702102
    outer loop
      vertex 18.1213626862 0.681659400463 1.33538413048
      vertex 18.1213607788 0.681659400463 9.33538341522
      vertex 18.0820522308 0.499272316694 1.33538413048
    endloop
  endfacet
  facet normal 0.977560818195 -8.86180544057e-07 0.210653409362
    outer loop
      vertex 18.0820522308 0.499272316694 1.33538413048
      vertex 18.1213607788 0.681659400463 9.33538341522
      vertex 18.0820598602 0.499272316694 9.33538341522
    endloop
  endfacet
  facet normal 0.999099969864 -9.05706201593e-07 0.0424180030823
    outer loop
      vertex 18.0820522308 0.499272316694 1.33538413048
      vertex 18.0820598602 0.499272316694 9.33538341522
      vertex 18.0741386414 0.312869220972 1.33538413048
    endloop
  endfacet
  facet normal 0.999098181725 7.67546310954e-08 0.0424600914121
    outer loop
      vertex 18.0741386414 0.312869220972 1.33538413048
      vertex 18.0820598602 0.499272316694 9.33538341522
      vertex 18.074136734 0.312869220972 9.33538341522
    endloop
  endfacet
  facet normal 0.991902709007 7.62018430578e-08 -0.126999974251
    outer loop
      vertex 18.0741386414 0.312869220972 1.33538413048
      vertex 18.074136734 0.312869220972 9.33538341522
      vertex 18.0978336334 0.127807453275 1.33538413048
    endloop
  endfacet
  facet normal 0.991902709007 7.62018430578e-08 -0.126999974251
    outer loop
      vertex 18.0978336334 0.127807453275 1.33538413048
      vertex 18.074136734 0.312869220972 9.33538341522
      vertex 18.0978317261 0.127807453275 9.33538341522
    endloop
  endfacet
  facet normal 0.956165611744 7.34563840865e-08 -0.292826384306
    outer loop
      vertex 18.0978336334 0.127807453275 1.33538413048
      vertex 18.0978317261 0.127807453275 9.33538341522
      vertex 18.1524677277 -0.050591185689 1.33538413048
    endloop
  endfacet
  facet normal 0.956165611744 7.34563840865e-08 -0.292826384306
    outer loop
      vertex 18.1524677277 -0.050591185689 1.33538413048
      vertex 18.0978317261 0.127807453275 9.33538341522
      vertex 18.1524677277 -0.050591185689 9.33538341522
    endloop
  endfacet
  facet normal 0.892929553986 6.85983394533e-08 -0.450196385384
    outer loop
      vertex 18.1524677277 -0.050591185689 1.33538413048
      vertex 18.1524677277 -0.050591185689 9.33538341522
      vertex 18.2364616394 -0.217185735703 1.33538413048
    endloop
  endfacet
  facet normal 0.892929553986 6.85983394533e-08 -0.450196385384
    outer loop
      vertex 18.2364616394 -0.217185735703 1.33538413048
      vertex 18.1524677277 -0.050591185689 9.33538341522
      vertex 18.2364597321 -0.217185735703 9.33538341522
    endloop
  endfacet
  facet normal 0.803989470005 6.17656112922e-08 -0.59464353323
    outer loop
      vertex 18.2364616394 -0.217185735703 1.33538413048
      vertex 18.2364597321 -0.217185735703 9.33538341522
      vertex 18.3474063873 -0.367189258337 1.33538413048
    endloop
  endfacet
  facet normal 0.803989470005 6.17656112922e-08 -0.59464353323
    outer loop
      vertex 18.3474063873 -0.367189258337 1.33538413048
      vertex 18.2364597321 -0.217185735703 9.33538341522
      vertex 18.34740448 -0.367189258337 9.33538341522
    endloop
  endfacet
  facet normal 0.69191545248 5.31556487715e-08 -0.721978545189
    outer loop
      vertex 18.3474063873 -0.367189258337 1.33538413048
      vertex 18.34740448 -0.367189258337 9.33538341522
      vertex 18.4821090698 -0.496282935143 1.33538413048
    endloop
  endfacet
  facet normal 0.69191545248 5.31556487715e-08 -0.721978545189
    outer loop
      vertex 18.4821090698 -0.496282935143 1.33538413048
      vertex 18.34740448 -0.367189258337 9.33538341522
      vertex 18.4821071625 -0.496282935143 9.33538341522
    endloop
  endfacet
  facet normal 0.559991836548 4.30207620639e-08 -0.828498125076
    outer loop
      vertex 18.4821090698 -0.496282935143 1.33538413048
      vertex 18.4821071625 -0.496282935143 9.33538341522
      vertex 18.6366825104 -0.600761473179 1.33538413048
    endloop
  endfacet
  facet normal 0.559991955757 4.73228496389e-08 -0.828498005867
    outer loop
      vertex 18.6366825104 -0.600761473179 1.33538413048
      vertex 18.4821071625 -0.496282935143 9.33538341522
      vertex 18.6366825104 -0.600761473179 9.33538341522
    endloop
  endfacet
  facet normal 0.411908686161 3.48088775581e-08 -0.911225140095
    outer loop
      vertex 18.6366825104 -0.600761473179 1.33538413048
      vertex 18.6366825104 -0.600761473179 9.33538341522
      vertex 18.8066921234 -0.67761194706 1.33538413048
    endloop
  endfacet
  facet normal 0.411908686161 3.48088775581e-08 -0.911225140095
    outer loop
      vertex 18.8066921234 -0.67761194706 1.33538413048
      vertex 18.6366825104 -0.600761473179 9.33538341522
      vertex 18.8066902161 -0.67761194706 9.33538341522
    endloop
  endfacet
  facet normal 0.251979023218 2.12938147115e-08 -0.967732667923
    outer loop
      vertex 18.8066921234 -0.67761194706 1.33538413048
      vertex 18.8066902161 -0.67761194706 9.33538341522
      vertex 18.987241745 -0.724623739719 1.33538413048
    endloop
  endfacet
  facet normal 0.251979023218 2.12938147115e-08 -0.967732667923
    outer loop
      vertex 18.987241745 -0.724623739719 1.33538413048
      vertex 18.8066902161 -0.67761194706 9.33538341522
      vertex 18.987241745 -0.724623739719 9.33538341522
    endloop
  endfacet
  facet normal 0.084793612361 7.16559434011e-09 -0.996398508549
    outer loop
      vertex 18.987241745 -0.724623739719 1.33538413048
      vertex 18.987241745 -0.724623739719 9.33538341522
      vertex 19.1731414795 -0.740443825722 1.33538413048
    endloop
  endfacet
  facet normal 0.0847900211811 -7.68640333604e-08 -0.996398866177
    outer loop
      vertex 19.1731414795 -0.740443825722 1.33538413048
      vertex 18.987241745 -0.724623739719 9.33538341522
      vertex 19.1731491089 -0.740443825722 9.33538341522
    endloop
  endfacet
  facet normal 0 1 0
    outer loop
      vertex 19.1731414795 -0.740443825722 1.33538413048
      vertex 19.3590488434 -0.724623739719 1.33538413048
      vertex 19.1731414795 0.359554558992 1.33538413048
    endloop
  endfacet
  facet normal -0 1 0
    outer loop
      vertex 18.6366825104 -0.600761473179 1.33538413048
      vertex 18.8066921234 -0.67761194706 1.33538413048
      vertex 19.1731414795 0.359554558992 1.33538413048
    endloop
  endfacet
  facet normal 0 1 0
    outer loop
      vertex 19.1731414795 0.359554558992 1.33538413048
      vertex 18.8066921234 -0.67761194706 1.33538413048
      vertex 18.987241745 -0.724623739719 1.33538413048
    endloop
  endfacet
  facet normal 0 1 -0
    outer loop
      vertex 19.1731414795 0.359554558992 1.33538413048
      vertex 18.987241745 -0.724623739719 1.33538413048
      vertex 19.1731414795 -0.740443825722 1.33538413048
    endloop
  endfacet
  facet normal -0 1 0
    outer loop
      vertex 18.2364616394 -0.217185735703 1.33538413048
      vertex 18.3474063873 -0.367189258337 1.33538413048
      vertex 19.1731414795 0.359554558992 1.33538413048
    endloop
  endfacet
  facet normal 0 1 0
    outer loop
      vertex 19.1731414795 0.359554558992 1.33538413048
      vertex 18.3474063873 -0.367189258337 1.33538413048
      vertex 18.4821090698 -0.496282935143 1.33538413048
    endloop
  endfacet
  facet normal 0 1 0
    outer loop
      vertex 19.1731414795 0.359554558992 1.33538413048
      vertex 18.4821090698 -0.496282935143 1.33538413048
      vertex 18.6366825104 -0.600761473179 1.33538413048
    endloop
  endfacet
  facet normal -0 1 0
    outer loop
      vertex 18.0741386414 0.312869220972 1.33538413048
      vertex 18.0978336334 0.127807453275 1.33538413048
      vertex 19.1731414795 0.359554558992 1.33538413048
    endloop
  endfacet
  facet normal 0 1 0
    outer loop
      vertex 19.1731414795 0.359554558992 1.33538413048
      vertex 18.0978336334 0.127807453275 1.33538413048
      vertex 18.1524677277 -0.050591185689 1.33538413048
    endloop
  endfacet
  facet normal 0 1 0
    outer loop
      vertex 19.1731414795 0.359554558992 1.33538413048
      vertex 18.1524677277 -0.050591185689 1.33538413048
      vertex 18.2364616394 -0.217185735703 1.33538413048
    endloop
  endfacet
  facet normal 0 1 -0
    outer loop
      vertex 18.1909275055 0.854775488377 1.33538413048
      vertex 18.1213626862 0.681659400463 1.33538413048
      vertex 19.1731414795 0.359554558992 1.33538413048
    endloop
  endfacet
  facet normal 0 1 0
    outer loop
      vertex 19.1731414795 0.359554558992 1.33538413048
      vertex 18.1213626862 0.681659400463 1.33538413048
      vertex 18.0820522308 0.499272316694 1.33538413048
    endloop
  endfacet
  facet normal 0 1 0
    outer loop
      vertex 19.1731414795 0.359554558992 1.33538413048
      vertex 18.0820522308 0.499272316694 1.33538413048
      vertex 18.0741386414 0.312869220972 1.33538413048
    endloop
  endfacet
  facet normal 0 1 -0
    outer loop
      vertex 18.5571727753 1.27091574669 1.33538413048
      vertex 18.4120159149 1.15370476246 1.33538413048
      vertex 19.1731414795 0.359554558992 1.33538413048
    endloop
  endfacet
  facet normal 0 1 0
    outer loop
      vertex 19.1731414795 0.359554558992 1.33538413048
      vertex 18.4120159149 1.15370476246 1.33538413048
      vertex 18.2887516022 1.0136526823 1.33538413048
    endloop
  endfacet
  facet normal 0 1 0
    outer loop
      vertex 19.1731414795 0.359554558992 1.33538413048
      vertex 18.2887516022 1.0136526823 1.33538413048
      vertex 18.1909275055 0.854775488377 1.33538413048
    endloop
  endfacet
  facet normal 0 1 -0
    outer loop
      vertex 19.0798568726 1.45559203625 1.33538413048
      vertex 18.8959712982 1.42405807972 1.33538413048
      vertex 19.1731414795 0.359554558992 1.33538413048
    endloop
  endfacet
  facet normal 0 1 0
    outer loop
      vertex 19.1731414795 0.359554558992 1.33538413048
      vertex 18.8959712982 1.42405807972 1.33538413048
      vertex 18.7200546265 1.36190271378 1.33538413048
    endloop
  endfacet
  facet normal 0 1 0
    outer loop
      vertex 19.1731414795 0.359554558992 1.33538413048
      vertex 18.7200546265 1.36190271378 1.33538413048
      vertex 18.5571727753 1.27091574669 1.33538413048
    endloop
  endfacet
  facet normal 0 1 0
    outer loop
      vertex 19.6262359619 1.36190271378 1.33538413048
      vertex 19.4503192902 1.42405807972 1.33538413048
      vertex 19.1731414795 0.359554558992 1.33538413048
    endloop
  endfacet
  facet normal 0 1 0
    outer loop
      vertex 19.1731414795 0.359554558992 1.33538413048
      vertex 19.4503192902 1.42405807972 1.33538413048
      vertex 19.2664337158 1.45559203625 1.33538413048
    endloop
  endfacet
  facet normal 0 1 0
    outer loop
      vertex 19.1731414795 0.359554558992 1.33538413048
      vertex 19.2664337158 1.45559203625 1.33538413048
      vertex 19.0798568726 1.45559203625 1.33538413048
    endloop
  endfacet
  facet normal 0 1 0
    outer loop
      vertex 20.0575389862 1.0136526823 1.33538413048
      vertex 19.9342746735 1.15370476246 1.33538413048
      vertex 19.1731414795 0.359554558992 1.33538413048
    endloop
  endfacet
  facet normal 0 1 0
    outer loop
      vertex 19.1731414795 0.359554558992 1.33538413048
      vertex 19.9342746735 1.15370476246 1.33538413048
      vertex 19.7891178131 1.27091574669 1.33538413048
    endloop
  endfacet
  facet normal 0 1 0
    outer loop
      vertex 19.1731414795 0.359554558992 1.33538413048
      vertex 19.7891178131 1.27091574669 1.33538413048
      vertex 19.6262359619 1.36190271378 1.33538413048
    endloop
  endfacet
  facet normal 0 1 0
    outer loop
      vertex 20.2642383575 0.499272316694 1.33538413048
      vertex 20.2249279022 0.681659400463 1.33538413048
      vertex 19.1731414795 0.359554558992 1.33538413048
    endloop
  endfacet
  facet normal 0 1 0
    outer loop
      vertex 19.1731414795 0.359554558992 1.33538413048
      vertex 20.2249279022 0.681659400463 1.33538413048
      vertex 20.1553630829 0.854775488377 1.33538413048
    endloop
  endfacet
  facet normal 0 1 0
    outer loop
      vertex 19.1731414795 0.359554558992 1.33538413048
      vertex 20.1553630829 0.854775488377 1.33538413048
      vertex 20.0575389862 1.0136526823 1.33538413048
    endloop
  endfacet
  facet normal 0 1 0
    outer loop
      vertex 20.1938228607 -0.050591185689 1.33538413048
      vertex 20.248456955 0.127807453275 1.33538413048
      vertex 19.1731414795 0.359554558992 1.33538413048
    endloop
  endfacet
  facet normal 0 1 0
    outer loop
      vertex 19.1731414795 0.359554558992 1.33538413048
      vertex 20.248456955 0.127807453275 1.33538413048
      vertex 20.272151947 0.312869220972 1.33538413048
    endloop
  endfacet
  facet normal -0 1 0
    outer loop
      vertex 19.1731414795 0.359554558992 1.33538413048
      vertex 20.272151947 0.312869220972 1.33538413048
      vertex 20.2642383575 0.499272316694 1.33538413048
    endloop
  endfacet
  facet normal 0 1 0
    outer loop
      vertex 19.8641891479 -0.496282935143 1.33538413048
      vertex 19.998884201 -0.367189258337 1.33538413048
      vertex 19.1731414795 0.359554558992 1.33538413048
    endloop
  endfacet
  facet normal 0 1 0
    outer loop
      vertex 19.1731414795 0.359554558992 1.33538413048
      vertex 19.998884201 -0.367189258337 1.33538413048
      vertex 20.109828949 -0.217185735703 1.33538413048
    endloop
  endfacet
  facet normal 0 1 0
    outer loop
      vertex 19.1731414795 0.359554558992 1.33538413048
      vertex 20.109828949 -0.217185735703 1.33538413048
      vertex 20.1938228607 -0.050591185689 1.33538413048
    endloop
  endfacet
  facet normal 0 1 0
    outer loop
      vertex 19.3590488434 -0.724623739719 1.33538413048
      vertex 19.539598465 -0.67761194706 1.33538413048
      vertex 19.1731414795 0.359554558992 1.33538413048
    endloop
  endfacet
  facet normal 0 1 0
    outer loop
      vertex 19.1731414795 0.359554558992 1.33538413048
      vertex 19.539598465 -0.67761194706 1.33538413048
      vertex 19.709608078 -0.600761473179 1.33538413048
    endloop
  endfacet
  facet normal 0 1 0
    outer loop
      vertex 19.1731414795 0.359554558992 1.33538413048
      vertex 19.709608078 -0.600761473179 1.33538413048
      vertex 19.8641891479 -0.496282935143 1.33538413048
    endloop
  endfacet
  facet normal -0.998968660831 -0.0454051755369 -1.78844637522e-18
    outer loop
      vertex -13.555109024 2.82877969742 52.7569961548
      vertex -13.6268491745 2.73610138893 54.3353843689
      vertex -13.6268491745 7.85955810547 54.3353843689
    endloop
  endfacet
  facet normal -0.998968541622 -0.0454073026776 0
    outer loop
      vertex -13.535941124 -7.14044523239 52.3353843689
      vertex -13.6268491745 -7.14044523239 54.3353843689
      vertex -13.6268491745 -2.01698422432 54.3353843689
    endloop
  endfacet
  facet normal -0.998968541622 -0.045407641679 9.08811614408e-07
    outer loop
      vertex -13.535941124 -7.14044523239 52.3353843689
      vertex -13.2428092957 -6.14044523239 45.88646698
      vertex -11.5813970566 -6.14044523239 9.33538341522
    endloop
  endfacet
  facet normal -0.998968541622 -0.0454078055918 0
    outer loop
      vertex -13.2428092957 -2.14044523239 45.88646698
      vertex -13.2428092957 -6.14044523239 45.88646698
      vertex -13.4821958542 -2.14044523239 51.1529388428
    endloop
  endfacet
  facet normal -0.998968541622 -0.0454075522721 3.31715284574e-07
    outer loop
      vertex -13.4821958542 -2.14044523239 51.1529388428
      vertex -13.2428092957 -6.14044523239 45.88646698
      vertex -13.535941124 -7.14044523239 52.3353843689
    endloop
  endfacet
  facet normal -0.998968482018 -0.045408539474 5.65303423627e-07
    outer loop
      vertex -13.4821958542 -2.14044523239 51.1529388428
      vertex -13.535941124 -7.14044523239 52.3353843689
      vertex -13.555109024 -2.10966277122 52.7569961548
    endloop
  endfacet
  facet normal -0.998968660831 -0.0454051271081 8.51870709084e-07
    outer loop
      vertex -13.555109024 -2.10966277122 52.7569961548
      vertex -13.535941124 -7.14044523239 52.3353843689
      vertex -13.6268491745 -2.01698422432 54.3353843689
    endloop
  endfacet
  facet normal -0.998968541622 -0.045407641679 -1.58658758664e-06
    outer loop
      vertex -13.2428092957 6.85955810547 45.88646698
      vertex -13.6268491745 7.85955810547 54.3353843689
      vertex -11.5813970566 6.85955429077 9.33538341522
    endloop
  endfacet
  facet normal -0.998968541622 -0.0454076230526 -7.30659451165e-07
    outer loop
      vertex -11.5813970566 6.85955429077 9.33538341522
      vertex -13.6268491745 7.85955810547 54.3353843689
      vertex -11.1268520355 7.85955429077 -0.664615750313
    endloop
  endfacet
  facet normal -0.998968541622 -0.0454076975584 0
    outer loop
      vertex -11.5813970566 6.85955429077 9.33538341522
      vertex -11.1268520355 7.85955429077 -0.664615750313
      vertex -11.5813970566 -6.14044523239 9.33538341522
    endloop
  endfacet
  facet normal -0.998968541622 -0.0454076975584 4.00057672814e-18
    outer loop
      vertex -11.5813970566 -6.14044523239 9.33538341522
      vertex -11.1268520355 7.85955429077 -0.664615750313
      vertex -11.1268520355 -7.14044523239 -0.664615750313
    endloop
  endfacet
  facet normal -0.998968541622 -0.0454076342285 6.09955577602e-07
    outer loop
      vertex -11.5813970566 -6.14044523239 9.33538341522
      vertex -11.1268520355 -7.14044523239 -0.664615750313
      vertex -13.535941124 -7.14044523239 52.3353843689
    endloop
  endfacet
  facet normal -0.998968541622 -0.0454074554145 0
    outer loop
      vertex -13.2428092957 6.85955810547 45.88646698
      vertex -13.2428092957 2.85955834389 45.88646698
      vertex -13.6268491745 7.85955810547 54.3353843689
    endloop
  endfacet
  facet normal -0.998968541622 -0.0454078055918 -5.91835544128e-07
    outer loop
      vertex -13.6268491745 7.85955810547 54.3353843689
      vertex -13.2428092957 2.85955834389 45.88646698
      vertex -13.4821958542 2.85955834389 51.1529388428
    endloop
  endfacet
  facet normal -0.998968482018 -0.0454085282981 -1.05418678231e-06
    outer loop
      vertex -13.6268491745 7.85955810547 54.3353843689
      vertex -13.4821958542 2.85955834389 51.1529388428
      vertex -13.555109024 2.82877969742 52.7569961548
    endloop
  endfacet
  facet normal -0.521957576275 -0.0237253084779 0.852641403675
    outer loop
      vertex -8.65101051331 -11.9945478439 -0.664615750313
      vertex -7.84741640091 -12.4864807129 -0.664615750313
      vertex -9.98540115356 -12.4864807129 46.3711242676
    endloop
  endfacet
  facet normal -0.382286190987 -0.0173766203225 0.923880577087
    outer loop
      vertex -9.98540115356 -12.4864807129 46.3711242676
      vertex -7.84741640091 -12.4864807129 -0.664615750313
      vertex -6.97667503357 -12.8467788696 -0.664615750313
    endloop
  endfacet
  facet normal -0.382287532091 -0.0173767097294 0.923880040646
    outer loop
      vertex -9.98540115356 -12.4864807129 46.3711242676
      vertex -6.97667503357 -12.8467788696 -0.664615750313
      vertex -9.11336612701 -12.8467788696 46.3425750732
    endloop
  endfacet
  facet normal -0.233211457729 -0.0106005230919 0.972368240356
    outer loop
      vertex -9.11336612701 -12.8467788696 46.3425750732
      vertex -6.97667503357 -12.8467788696 -0.664615750313
      vertex -6.06023597717 -13.066576004 -0.664615750313
    endloop
  endfacet
  facet normal -0.233202457428 -0.0105999279767 0.972370445728
    outer loop
      vertex -9.11336612701 -12.8467788696 46.3425750732
      vertex -6.06023597717 -13.066576004 -0.664615750313
      vertex -8.19661617279 -13.0665683746 46.3358421326
    endloop
  endfacet
  facet normal -0.0783771574497 -0.0035624243319 0.996917426586
    outer loop
      vertex -8.19661617279 -13.0665683746 46.3358421326
      vertex -6.06023597717 -13.066576004 -0.664615750313
      vertex -5.12066078186 -13.1404447556 -0.664615750313
    endloop
  endfacet
  facet normal -0.0783855468035 -0.00356297404505 0.996916770935
    outer loop
      vertex -8.19661617279 -13.0665683746 46.3358421326
      vertex -5.12066078186 -13.1404447556 -0.664615750313
      vertex -7.25702142715 -13.1404447556 46.3353843689
    endloop
  endfacet
  facet normal -0.495587527752 -0.0231404397637 0.86824965477
    outer loop
      vertex -9.98540115356 -12.4864807129 46.3711242676
      vertex -10.485865593 -12.2018375397 46.4092559814
      vertex -8.65101051331 -11.9945478439 -0.664615750313
    endloop
  endfacet
  facet normal -0.56217622757 -0.025552643463 0.826622605324
    outer loop
      vertex -8.65101051331 -11.9945478439 -0.664615750313
      vertex -10.485865593 -12.2018375397 46.4092559814
      vertex -10.7933139801 -11.9938793182 46.4459533691
    endloop
  endfacet
  facet normal -0.648776471615 -0.0294916369021 0.76040738821
    outer loop
      vertex -8.65101051331 -11.9945478439 -0.664615750313
      vertex -10.7933139801 -11.9938793182 46.4459533691
      vertex -9.36768054962 -11.3830871582 -0.664615750313
    endloop
  endfacet
  facet normal -0.618761062622 -0.0289027877152 0.785047352314
    outer loop
      vertex -10.7933139801 -11.9938793182 46.4459533691
      vertex -11.1675405502 -11.7012987137 46.5105400085
      vertex -9.36768054962 -11.3830871582 -0.664615750313
    endloop
  endfacet
  facet normal -0.678243041039 -0.0308291427791 0.734190702438
    outer loop
      vertex -9.36768054962 -11.3830871582 -0.664615750313
      vertex -11.1675405502 -11.7012987137 46.5105400085
      vertex -11.5159988403 -11.3830871582 46.5985145569
    endloop
  endfacet
  facet normal -0.759621977806 -0.0345281735063 0.64944767952
    outer loop
      vertex -9.36768054962 -11.3830871582 -0.664615750313
      vertex -11.5159988403 -11.3830871582 46.5985145569
      vertex -9.9797744751 -10.6671562195 -0.664615750313
    endloop
  endfacet
  facet normal -0.714477658272 -0.03380901739 0.698840916157
    outer loop
      vertex -11.5159988403 -11.3830871582 46.5985145569
      vertex -11.612071991 -11.2863416672 46.6290435791
      vertex -9.9797744751 -10.6671562195 -0.664615750313
    endloop
  endfacet
  facet normal -0.766890406609 -0.0348585061729 0.640830695629
    outer loop
      vertex -9.9797744751 -10.6671562195 -0.664615750313
      vertex -11.612071991 -11.2863416672 46.6290435791
      vertex -12.1403846741 -10.6671485901 46.8688621521
    endloop
  endfacet
  facet normal -0.851762354374 -0.0387163311243 0.522495925426
    outer loop
      vertex -9.9797744751 -10.6671562195 -0.664615750313
      vertex -12.1403846741 -10.6671485901 46.8688621521
      vertex -10.4722185135 -9.86438465118 -0.664615750313
    endloop
  endfacet
  facet normal -0.823012530804 -0.0384542457759 0.566720068455
    outer loop
      vertex -12.1403846741 -10.6671485901 46.8688621521
      vertex -12.3186101913 -10.4164981842 46.9893417358
      vertex -10.4722185135 -9.86438465118 -0.664615750313
    endloop
  endfacet
  facet normal -0.864723205566 -0.0393055565655 0.500708341599
    outer loop
      vertex -10.4722185135 -9.86438465118 -0.664615750313
      vertex -12.3186101913 -10.4164981842 46.9893417358
      vertex -12.6528215408 -9.86438465118 47.3087081909
    endloop
  endfacet
  facet normal -0.922926008701 -0.0419511348009 0.382684886456
    outer loop
      vertex -10.4722185135 -9.86438465118 -0.664615750313
      vertex -12.6528215408 -9.86438465118 47.3087081909
      vertex -10.8328905106 -8.99454784393 -0.664615750313
    endloop
  endfacet
  facet normal -0.900606155396 -0.0420094653964 0.432601094246
    outer loop
      vertex -12.6528215408 -9.86438465118 47.3087081909
      vertex -12.7812700272 -9.61373329163 47.4812812805
      vertex -10.8328905106 -8.99454784393 -0.664615750313
    endloop
  endfacet
  facet normal -0.931538283825 -0.0423425845802 0.361169606447
    outer loop
      vertex -10.8328905106 -8.99454784393 -0.664615750313
      vertex -12.7812700272 -9.61373329163 47.4812812805
      vertex -13.0448303223 -8.99454784393 47.9981498718
    endloop
  endfacet
  facet normal -0.971367001534 -0.0441529750824 0.233445256948
    outer loop
      vertex -10.8328905106 -8.99454784393 -0.664615750313
      vertex -13.0448303223 -8.99454784393 47.9981498718
      vertex -11.0529079437 -8.07905292511 -0.664615750313
    endloop
  endfacet
  facet normal -0.952957749367 -0.0446477010846 0.29979673028
    outer loop
      vertex -11.0529079437 -8.07905292511 -0.664615750313
      vertex -13.0448303223 -8.99454784393 47.9981498718
      vertex -13.0794878006 -8.89838504791 48.0921592712
    endloop
  endfacet
  facet normal -0.962975740433 -0.044494330883 0.265890985727
    outer loop
      vertex -11.0529079437 -8.07905292511 -0.664615750313
      vertex -13.0794878006 -8.89838504791 48.0921592712
      vertex -13.183057785 -8.58073997498 48.4354972839
    endloop
  endfacet
  facet normal -0.975517451763 -0.0445222146809 0.215368106961
    outer loop
      vertex -13.183057785 -8.58073997498 48.4354972839
      vertex -13.2650842667 -8.28634262085 48.8086738586
      vertex -11.0529079437 -8.07905292511 -0.664615750313
    endloop
  endfacet
  facet normal -0.984006643295 -0.0447218827903 0.17242628336
    outer loop
      vertex -11.0529079437 -8.07905292511 -0.664615750313
      vertex -13.2650842667 -8.28634262085 48.8086738586
      vertex -13.3191328049 -8.06332683563 49.138053894
    endloop
  endfacet
  facet normal -0.99588817358 -0.0452922098339 0.0784562528133
    outer loop
      vertex -11.0529079437 -8.07905292511 -0.664615750313
      vertex -13.3191328049 -8.06332683563 49.138053894
      vertex -11.1268520355 -7.14044523239 -0.664615750313
    endloop
  endfacet
  facet normal -0.990481197834 -0.0460043922067 0.129732757807
    outer loop
      vertex -11.1268520355 -7.14044523239 -0.664615750313
      vertex -13.3191328049 -8.06332683563 49.138053894
      vertex -13.3763437271 -7.79440164566 49.6114463806
    endloop
  endfacet
  facet normal -0.995890438557 -0.0455769263208 0.0782625898719
    outer loop
      vertex -13.3763437271 -7.79440164566 49.6114463806
      vertex -13.4444665909 -7.43410348892 50.4812812805
      vertex -11.1268520355 -7.14044523239 -0.664615750313
    endloop
  endfacet
  facet normal -0.998502492905 -0.0454210080206 0.0304912347347
    outer loop
      vertex -11.1268520355 -7.14044523239 -0.664615750313
      vertex -13.4444665909 -7.43410348892 50.4812812805
      vertex -13.4928236008 -7.21430635452 51.3967781067
    endloop
  endfacet
  facet normal -0.998949706554 -0.045406781137 0.00613742182031
    outer loop
      vertex -11.1268520355 -7.14044523239 -0.664615750313
      vertex -13.4928236008 -7.21430635452 51.3967781067
      vertex -13.535941124 -7.14044523239 52.3353843689
    endloop
  endfacet
  facet normal -0.730277657509 -0.0361222177744 -0.682194769382
    outer loop
      vertex -13.6268491745 11.6416959763 83.8934326172
      vertex -13.6268491745 11.8862142563 88.5113525391
      vertex -13.380405426 12.0998210907 87.5631408691
    endloop
  endfacet
  facet normal -0.366900861263 -0.0140115637332 -0.930154502392
    outer loop
      vertex -11.4626207352 13.2634220123 81.4377441406
      vertex -10.6268472672 13.559094429 79.1806945801
      vertex -10.6268472672 13.5497922897 78.5631484985
    endloop
  endfacet
  facet normal -0.371909171343 -0.0156686976552 -0.928136885166
    outer loop
      vertex -10.6268472672 13.5497922897 78.5631484985
      vertex -10.6268501282 13.4109477997 70.3387298584
      vertex -11.4626207352 13.2634220123 81.4377441406
    endloop
  endfacet
  facet normal -0.408406555653 -0.0186233781278 -0.912610113621
    outer loop
      vertex -11.4626207352 13.2634220123 81.4377441406
      vertex -10.6268501282 13.4109477997 70.3387298584
      vertex -10.6268501282 13.247625351 62.3353843689
    endloop
  endfacet
  facet normal -0.443908691406 -0.0201628133655 -0.895845174789
    outer loop
      vertex -11.4626207352 13.2634220123 81.4377441406
      vertex -10.6268501282 13.247625351 62.3353843689
      vertex -11.5980825424 13.204916954 81.8206863403
    endloop
  endfacet
  facet normal -0.382287025452 -0.0174756571651 -0.923878371716
    outer loop
      vertex -10.5770998001 13.2439203262 61.0746154785
      vertex -6.97667503357 13.5658912659 -0.664615750313
      vertex -7.84741258621 13.2055931091 -0.664615750313
    endloop
  endfacet
  facet normal -0.444886445999 -0.0212751030922 -0.895334243774
    outer loop
      vertex -10.5770998001 13.2439203262 61.0746154785
      vertex -10.4298620224 13.2875652313 59.8324279785
      vertex -6.97667503357 13.5658912659 -0.664615750313
    endloop
  endfacet
  facet normal -0.413405299187 -0.0194091144949 -0.910340249538
    outer loop
      vertex -6.97667503357 13.5658912659 -0.664615750313
      vertex -10.4298620224 13.2875652313 59.8324279785
      vertex -10.1854143143 13.3723611832 58.6029548645
    endloop
  endfacet
  facet normal -0.371297687292 -0.0170705821365 -0.928356945515
    outer loop
      vertex -6.97667503357 13.5658912659 -0.664615750313
      vertex -10.1854143143 13.3723611832 58.6029548645
      vertex -9.84375572205 13.4867238998 57.3911132812
    endloop
  endfacet
  facet normal -0.442860633135 -0.0201094355434 -0.896364927292
    outer loop
      vertex -10.6268501282 13.247625351 62.3353843689
      vertex -10.5770998001 13.2439203262 61.0746154785
      vertex -11.5980825424 13.204916954 81.8206863403
    endloop
  endfacet
  facet normal -0.447230517864 -0.0203285831958 -0.894187688828
    outer loop
      vertex -11.5980825424 13.204916954 81.8206863403
      vertex -10.5770998001 13.2439203262 61.0746154785
      vertex -7.84741258621 13.2055931091 -0.664615750313
    endloop
  endfacet
  facet normal -0.500261604786 -0.0227401833981 -0.865575671196
    outer loop
      vertex -11.5980825424 13.204916954 81.8206863403
      vertex -7.84741258621 13.2055931091 -0.664615750313
      vertex -12.2344017029 12.886548996 83.7008132935
    endloop
  endfacet
  facet normal -0.521956384182 -0.0239172391593 -0.852636814117
    outer loop
      vertex -12.2344017029 12.886548996 83.7008132935
      vertex -7.84741258621 13.2055931091 -0.664615750313
      vertex -8.65101051331 12.7136573792 -0.664615750313
    endloop
  endfacet
  facet normal -0.566663622856 -0.0257565472275 -0.823546588421
    outer loop
      vertex -12.2344017029 12.886548996 83.7008132935
      vertex -8.65101051331 12.7136573792 -0.664615750313
      vertex -12.5304603577 12.7118988037 84.6300048828
    endloop
  endfacet
  facet normal -0.648778498173 -0.0294926743954 -0.760405600071
    outer loop
      vertex -12.5304603577 12.7118988037 84.6300048828
      vertex -8.65101051331 12.7136573792 -0.664615750313
      vertex -9.36767673492 12.1021966934 -0.664615750313
    endloop
  endfacet
  facet normal -0.620238900185 -0.0286022871733 -0.783891320229
    outer loop
      vertex -12.5304603577 12.7118988037 84.6300048828
      vertex -9.36767673492 12.1021966934 -0.664615750313
      vertex -12.9722070694 12.4159393311 86.0979995728
    endloop
  endfacet
  facet normal -0.698936760426 -0.0421897731721 -0.713937997818
    outer loop
      vertex -13.6268491745 11.6416959763 83.8934326172
      vertex -13.380405426 12.0998210907 87.5631408691
      vertex -13.6268491745 11.3862733841 79.5711669922
    endloop
  endfacet
  facet normal -0.840607404709 -0.0383249744773 -0.540287315845
    outer loop
      vertex -13.6268491745 10.9945516586 73.8069610596
      vertex -13.6268491745 11.1929836273 76.6043548584
      vertex -9.9797706604 11.3862695694 -0.664615750313
    endloop
  endfacet
  facet normal -0.819555222988 -0.0372525155544 -0.571787953377
    outer loop
      vertex -9.9797706604 11.3862695694 -0.664615750313
      vertex -13.6268491745 11.1929836273 76.6043548584
      vertex -13.6268491745 11.3862733841 79.5711669922
    endloop
  endfacet
  facet normal -0.759620189667 -0.0345282033086 -0.649449765682
    outer loop
      vertex -9.9797706604 11.3862695694 -0.664615750313
      vertex -13.6268491745 11.3862733841 79.5711669922
      vertex -9.36767673492 12.1021966934 -0.664615750313
    endloop
  endfacet
  facet normal -0.759783923626 -0.0345386080444 -0.649257659912
    outer loop
      vertex -9.36767673492 12.1021966934 -0.664615750313
      vertex -13.6268491745 11.3862733841 79.5711669922
      vertex -13.380405426 12.0998210907 87.5631408691
    endloop
  endfacet
  facet normal -0.678873538971 -0.0308564137667 -0.73360657692
    outer loop
      vertex -9.36767673492 12.1021966934 -0.664615750313
      vertex -13.380405426 12.0998210907 87.5631408691
      vertex -12.9722070694 12.4159393311 86.0979995728
    endloop
  endfacet
  facet normal -0.914767146111 -0.0417139865458 -0.401822149754
    outer loop
      vertex -13.6268491745 10.1556596756 64.393661499
      vertex -13.6268491745 10.3715190887 66.4729995728
      vertex -10.4722146988 10.5835018158 -0.664615750313
    endloop
  endfacet
  facet normal -0.898820221424 -0.0408554710448 -0.436409264803
    outer loop
      vertex -10.4722146988 10.5835018158 -0.664615750313
      vertex -13.6268491745 10.3715190887 66.4729995728
      vertex -13.6268491745 10.5835056305 68.7373809814
    endloop
  endfacet
  facet normal -0.851761162281 -0.0387164317071 -0.52249777317
    outer loop
      vertex -10.4722146988 10.5835018158 -0.664615750313
      vertex -13.6268491745 10.5835056305 68.7373809814
      vertex -9.9797706604 11.3862695694 -0.664615750313
    endloop
  endfacet
  facet normal -0.877538204193 -0.0405881926417 -0.477785825729
    outer loop
      vertex -9.9797706604 11.3862695694 -0.664615750313
      vertex -13.6268491745 10.5835056305 68.7373809814
      vertex -13.6268491745 10.7912864685 71.1832885742
    endloop
  endfacet
  facet normal -0.859870672226 -0.0394329875708 -0.508986711502
    outer loop
      vertex -9.9797706604 11.3862695694 -0.664615750313
      vertex -13.6268491745 10.7912864685 71.1832885742
      vertex -13.6268491745 10.9945516586 73.8069610596
    endloop
  endfacet
  facet normal -0.966382563114 -0.0440774410963 -0.253301918507
    outer loop
      vertex -13.6268491745 9.26022815704 57.9863204956
      vertex -13.6268491745 9.48819923401 59.2964134216
      vertex -10.8328866959 9.71365737915 -0.664615750313
    endloop
  endfacet
  facet normal -0.955954372883 -0.0434524826705 -0.290281057358
    outer loop
      vertex -10.8328866959 9.71365737915 -0.664615750313
      vertex -13.6268491745 9.48819923401 59.2964134216
      vertex -13.6268491745 9.71366119385 60.8025894165
    endloop
  endfacet
  facet normal -0.922927200794 -0.0419512502849 -0.382681906223
    outer loop
      vertex -10.8328866959 9.71365737915 -0.664615750313
      vertex -13.6268491745 9.71366119385 60.8025894165
      vertex -10.4722146988 10.5835018158 -0.664615750313
    endloop
  endfacet
  facet normal -0.941863238811 -0.0436239950359 -0.333152532578
    outer loop
      vertex -10.4722146988 10.5835018158 -0.664615750313
      vertex -13.6268491745 9.71366119385 60.8025894165
      vertex -13.6268491745 9.93625926971 62.5025520325
    endloop
  endfacet
  facet normal -0.929057300091 -0.0426328070462 -0.367471128702
    outer loop
      vertex -10.4722146988 10.5835018158 -0.664615750313
      vertex -13.6268491745 9.93625926971 62.5025520325
      vertex -13.6268491745 10.1556596756 64.393661499
    endloop
  endfacet
  facet normal -0.995888948441 -0.0452676489949 -0.0784604847431
    outer loop
      vertex -11.052904129 8.79816150665 -0.664615750313
      vertex -11.1268520355 7.85955429077 -0.664615750313
      vertex -13.6268491745 7.85955810547 54.3353843689
    endloop
  endfacet
  facet normal -0.998905539513 -0.046704787761 -0.00251986295916
    outer loop
      vertex -13.6268491745 7.85955810547 54.3353843689
      vertex -13.6268491745 7.88901138306 54.336971283
      vertex -11.052904129 8.79816150665 -0.664615750313
    endloop
  endfacet
  facet normal -0.998884081841 -0.0466204807162 -0.00755940517411
    outer loop
      vertex -11.052904129 8.79816150665 -0.664615750313
      vertex -13.6268491745 7.88901138306 54.336971283
      vertex -13.6268491745 7.91846084595 54.3417472839
    endloop
  endfacet
  facet normal -0.998837292194 -0.0465380139649 -0.0125791849568
    outer loop
      vertex -11.052904129 8.79816150665 -0.664615750313
      vertex -13.6268491745 7.91846084595 54.3417472839
      vertex -13.6268491745 7.9479136467 54.3497085571
    endloop
  endfacet
  facet normal -0.998765647411 -0.0464574471116 -0.0175751391798
    outer loop
      vertex -13.6268491745 7.9479136467 54.3497085571
      vertex -13.6268491745 7.97735929489 54.3608474731
      vertex -11.052904129 8.79816150665 -0.664615750313
    endloop
  endfacet
  facet normal -0.998611450195 -0.0463385991752 -0.0250589344651
    outer loop
      vertex -11.052904129 8.79816150665 -0.664615750313
      vertex -13.6268491745 7.97735929489 54.3608474731
      vertex -13.6268491745 8.03624534607 54.3926925659
    endloop
  endfacet
  facet normal -0.998320579529 -0.0461878962815 -0.0349665172398
    outer loop
      vertex -11.052904129 8.79816150665 -0.664615750313
      vertex -13.6268491745 8.03624534607 54.3926925659
      vertex -13.6268491745 8.0951128006 54.4372596741
    endloop
  endfacet
  facet normal -0.997933447361 -0.046044100076 -0.0448192916811
    outer loop
      vertex -13.6268491745 8.0951128006 54.4372596741
      vertex -13.6268491745 8.15396404266 54.4945449829
      vertex -11.052904129 8.79816150665 -0.664615750313
    endloop
  endfacet
  facet normal -0.997450053692 -0.045906804502 -0.0546436496079
    outer loop
      vertex -11.052904129 8.79816150665 -0.664615750313
      vertex -13.6268491745 8.15396404266 54.4945449829
      vertex -13.6268491745 8.21278381348 54.5645599365
    endloop
  endfacet
  facet normal -0.996548831463 -0.0457095727324 -0.0692894682288
    outer loop
      vertex -11.052904129 8.79816150665 -0.664615750313
      vertex -13.6268491745 8.21278381348 54.5645599365
      vertex -13.6268491745 8.33031368256 54.7427177429
    endloop
  endfacet
  facet normal -0.994116187096 -0.0453510321677 -0.0983678400517
    outer loop
      vertex -13.6268491745 8.33031368256 54.7427177429
      vertex -13.6268491745 8.56478214264 55.2512893677
      vertex -11.052904129 8.79816150665 -0.664615750313
    endloop
  endfacet
  facet normal -0.98954731226 -0.0449794121087 -0.137014627457
    outer loop
      vertex -11.052904129 8.79816150665 -0.664615750313
      vertex -13.6268491745 8.56478214264 55.2512893677
      vertex -13.6268491745 8.79816150665 55.9622001648
    endloop
  endfacet
  facet normal -0.971367001534 -0.044153034687 -0.233445256948
    outer loop
      vertex -11.052904129 8.79816150665 -0.664615750313
      vertex -13.6268491745 8.79816150665 55.9622001648
      vertex -10.8328866959 9.71365737915 -0.664615750313
    endloop
  endfacet
  facet normal -0.982739448547 -0.0455896966159 -0.17928943038
    outer loop
      vertex -10.8328866959 9.71365737915 -0.664615750313
      vertex -13.6268491745 8.79816150665 55.9622001648
      vertex -13.6268491745 9.03010177612 56.8743438721
    endloop
  endfacet
  facet normal -0.975275218487 -0.044786285609 -0.216408103704
    outer loop
      vertex -10.8328866959 9.71365737915 -0.664615750313
      vertex -13.6268491745 9.03010177612 56.8743438721
      vertex -13.6268491745 9.26022815704 57.9863204956
    endloop
  endfacet
  facet normal -0.327734082937 -0.0148969739676 -0.944652557373
    outer loop
      vertex -9.84375572205 13.4867238998 57.3911132812
      vertex -9.58177280426 13.5658912659 56.6476554871
      vertex -6.97667503357 13.5658912659 -0.664615750313
    endloop
  endfacet
  facet normal -0.2569219172 -0.0116782458499 -0.966361582279
    outer loop
      vertex -6.97667503357 13.5658912659 -0.664615750313
      vertex -9.58177280426 13.5658912659 56.6476554871
      vertex -8.88295650482 13.732635498 55.0715332031
    endloop
  endfacet
  facet normal -0.2332098037 -0.0108852079138 -0.972365498543
    outer loop
      vertex -6.97667503357 13.5658912659 -0.664615750313
      vertex -8.88295650482 13.732635498 55.0715332031
      vertex -6.06023216248 13.7856893539 -0.664615750313
    endloop
  endfacet
  facet normal -0.180393397808 -0.00819969642907 -0.98356038332
    outer loop
      vertex -8.88295650482 13.732635498 55.0715332031
      vertex -8.56689739227 13.7856893539 54.4820365906
      vertex -6.06023216248 13.7856893539 -0.664615750313
    endloop
  endfacet
  facet normal -0.0783728063107 -0.00356239872053 -0.996917784214
    outer loop
      vertex -6.06023216248 13.7856893539 -0.664615750313
      vertex -8.56689739227 13.7856893539 54.4820365906
      vertex -7.55585622787 13.8595542908 52.9098472595
    endloop
  endfacet
  facet normal -0.0783730149269 -0.0035624045413 -0.996917724609
    outer loop
      vertex -6.06023216248 13.7856893539 -0.664615750313
      vertex -7.55585622787 13.8595542908 52.9098472595
      vertex -5.12065696716 13.8595542908 -0.664615750313
    endloop
  endfacet
  facet normal 0.382286220789 -0.0173764955252 0.923880577087
    outer loop
      vertex 18.593706131 -12.4864883423 -0.664615750313
      vertex 19.8596572876 -12.8467788696 46.3425750732
      vertex 17.7229652405 -12.846786499 -0.664615750313
    endloop
  endfacet
  facet normal 0.233211293817 -0.0106003535911 0.972368299961
    outer loop
      vertex 17.7229652405 -12.846786499 -0.664615750313
      vertex 19.8596572876 -12.8467788696 46.3425750732
      vertex 18.9429111481 -13.066576004 46.3358383179
    endloop
  endfacet
  facet normal 0.233203545213 -0.0106001608074 0.972370147705
    outer loop
      vertex 17.7229652405 -12.846786499 -0.664615750313
      vertex 18.9429111481 -13.066576004 46.3358383179
      vertex 16.8065261841 -13.066576004 -0.664615750313
    endloop
  endfacet
  facet normal 0.0783769190311 -0.00356258708052 0.996917426586
    outer loop
      vertex 16.8065261841 -13.066576004 -0.664615750313
      vertex 18.9429111481 -13.066576004 46.3358383179
      vertex 18.0033111572 -13.1404447556 46.3353843689
    endloop
  endfacet
  facet normal 0.0783771574497 -0.00356259336695 0.996917426586
    outer loop
      vertex 16.8065261841 -13.066576004 -0.664615750313
      vertex 18.0033111572 -13.1404447556 46.3353843689
      vertex 15.8669509888 -13.1404447556 -0.664615750313
    endloop
  endfacet
  facet normal 0.521956980228 -0.0241087824106 0.852631032467
    outer loop
      vertex 19.3973045349 -11.9945478439 -0.664615750313
      vertex 21.207195282 -12.2175626755 46.4067802429
      vertex 18.593706131 -12.4864883423 -0.664615750313
    endloop
  endfacet
  facet normal 0.493425577879 -0.0224282983691 0.86949878931
    outer loop
      vertex 18.593706131 -12.4864883423 -0.664615750313
      vertex 21.207195282 -12.2175626755 46.4067802429
      vertex 20.7316951752 -12.4864807129 46.3711204529
    endloop
  endfacet
  facet normal 0.382286071777 -0.0173764918 0.923880636692
    outer loop
      vertex 18.593706131 -12.4864883423 -0.664615750313
      vertex 20.7316951752 -12.4864807129 46.3711204529
      vertex 19.8596572876 -12.8467788696 46.3425750732
    endloop
  endfacet
  facet normal 0.64877307415 -0.0298816561699 0.760395050049
    outer loop
      vertex 20.1139678955 -11.3830871582 -0.664615750313
      vertex 21.9152030945 -11.7001419067 46.5108184814
      vertex 19.3973045349 -11.9945478439 -0.664615750313
    endloop
  endfacet
  facet normal 0.618741691113 -0.028124673292 0.785090863705
    outer loop
      vertex 19.3973045349 -11.9945478439 -0.664615750313
      vertex 21.9152030945 -11.7001419067 46.5108184814
      vertex 21.5386924744 -11.9945478439 46.4458236694
    endloop
  endfacet
  facet normal 0.560070991516 -0.0254578180611 0.828053355217
    outer loop
      vertex 19.3973045349 -11.9945478439 -0.664615750313
      vertex 21.5386924744 -11.9945478439 46.4458236694
      vertex 21.207195282 -12.2175626755 46.4067802429
    endloop
  endfacet
  facet normal 0.759614825249 -0.0347203165293 0.649445831776
    outer loop
      vertex 20.726064682 -10.6671562195 -0.664615750313
      vertex 22.3583698273 -11.2863416672 46.6290435791
      vertex 20.1139678955 -11.3830871582 -0.664615750313
    endloop
  endfacet
  facet normal 0.714329957962 -0.0324697606266 0.699055373669
    outer loop
      vertex 20.1139678955 -11.3830871582 -0.664615750313
      vertex 22.3583698273 -11.2863416672 46.6290435791
      vertex 22.2628917694 -11.3824977875 46.5986938477
    endloop
  endfacet
  facet normal 0.678405821323 -0.0308359600604 0.734039962292
    outer loop
      vertex 20.1139678955 -11.3830871582 -0.664615750313
      vertex 22.2628917694 -11.3824977875 46.5986938477
      vertex 21.9152030945 -11.7001419067 46.5108184814
    endloop
  endfacet
  facet normal 0.851751089096 -0.039055518806 0.522489011288
    outer loop
      vertex 21.2185096741 -9.86438465118 -0.664615750313
      vertex 23.0649089813 -10.4165058136 46.9893417358
      vertex 20.726064682 -10.6671562195 -0.664615750313
    endloop
  endfacet
  facet normal 0.822804927826 -0.0374002456665 0.567091941833
    outer loop
      vertex 20.726064682 -10.6671562195 -0.664615750313
      vertex 23.0649089813 -10.4165058136 46.9893417358
      vertex 22.8866786957 -10.6671562195 46.8688621521
    endloop
  endfacet
  facet normal 0.766888856888 -0.0348586067557 0.640832543373
    outer loop
      vertex 20.726064682 -10.6671562195 -0.664615750313
      vertex 22.8866786957 -10.6671562195 46.8688621521
      vertex 22.3583698273 -11.2863416672 46.6290435791
    endloop
  endfacet
  facet normal 0.922912120819 -0.0422702543437 0.38268327713
    outer loop
      vertex 21.5791835785 -8.99454784393 -0.664615750313
      vertex 23.5275688171 -9.61373329163 47.4812812805
      vertex 21.2185096741 -9.86438465118 -0.664615750313
    endloop
  endfacet
  facet normal 0.900358378887 -0.0409254841506 0.433220416307
    outer loop
      vertex 21.2185096741 -9.86438465118 -0.664615750313
      vertex 23.5275688171 -9.61373329163 47.4812812805
      vertex 23.3991203308 -9.86438465118 47.3087081909
    endloop
  endfacet
  facet normal 0.864726305008 -0.0393058434129 0.500702917576
    outer loop
      vertex 21.2185096741 -9.86438465118 -0.664615750313
      vertex 23.3991203308 -9.86438465118 47.3087081909
      vertex 23.0649089813 -10.4165058136 46.9893417358
    endloop
  endfacet
  facet normal 0.975527524948 -0.0445230007172 0.215322390199
    outer loop
      vertex 24.0112094879 -8.28700256348 48.8077507019
      vertex 23.9297027588 -8.5795841217 48.4368515015
      vertex 21.7991943359 -8.07905292511 -0.664615750313
    endloop
  endfacet
  facet normal 0.963012933731 -0.0444941073656 0.265756130219
    outer loop
      vertex 21.7991943359 -8.07905292511 -0.664615750313
      vertex 23.9297027588 -8.5795841217 48.4368515015
      vertex 23.8259868622 -8.89780235291 48.0927429199
    endloop
  endfacet
  facet normal 0.971362650394 -0.0442984588444 0.233435735106
    outer loop
      vertex 21.7991943359 -8.07905292511 -0.664615750313
      vertex 23.8259868622 -8.89780235291 48.0927429199
      vertex 21.5791835785 -8.99454784393 -0.664615750313
    endloop
  endfacet
  facet normal 0.952668726444 -0.0433031357825 0.300910562277
    outer loop
      vertex 21.5791835785 -8.99454784393 -0.664615750313
      vertex 23.8259868622 -8.89780235291 48.0927429199
      vertex 23.7911281586 -8.99454784393 47.9981498718
    endloop
  endfacet
  facet normal 0.93153834343 -0.0423426628113 0.361169427633
    outer loop
      vertex 21.5791835785 -8.99454784393 -0.664615750313
      vertex 23.7911281586 -8.99454784393 47.9981498718
      vertex 23.5275688171 -9.61373329163 47.4812812805
    endloop
  endfacet
  facet normal 0.998949766159 -0.0454068519175 0.00612923596054
    outer loop
      vertex 21.8731422424 -7.14044523239 -0.664615750313
      vertex 24.2822360992 -7.14044523239 52.3353843689
      vertex 24.239118576 -7.21431398392 51.3967781067
    endloop
  endfacet
  facet normal 0.9985024333 -0.045421089977 0.0304919686168
    outer loop
      vertex 24.239118576 -7.21431398392 51.3967781067
      vertex 24.1907615662 -7.43410348892 50.4812812805
      vertex 21.8731422424 -7.14044523239 -0.664615750313
    endloop
  endfacet
  facet normal 0.995891392231 -0.0455769822001 0.0782500654459
    outer loop
      vertex 21.8731422424 -7.14044523239 -0.664615750313
      vertex 24.1907615662 -7.43410348892 50.4812812805
      vertex 24.1226425171 -7.79440975189 49.6114463806
    endloop
  endfacet
  facet normal 0.99587482214 -0.0455789640546 0.0784593746066
    outer loop
      vertex 21.8731422424 -7.14044523239 -0.664615750313
      vertex 24.1226425171 -7.79440975189 49.6114463806
      vertex 21.7991943359 -8.07905292511 -0.664615750313
    endloop
  endfacet
  facet normal 0.99012696743 -0.0450059473515 0.132751971483
    outer loop
      vertex 21.7991943359 -8.07905292511 -0.664615750313
      vertex 24.1226425171 -7.79440975189 49.6114463806
      vertex 24.061832428 -8.07905292511 49.1132278442
    endloop
  endfacet
  facet normal 0.98376584053 -0.0447168052197 0.17379643023
    outer loop
      vertex 21.7991943359 -8.07905292511 -0.664615750313
      vertex 24.061832428 -8.07905292511 49.1132278442
      vertex 24.0112094879 -8.28700256348 48.8077507019
    endloop
  endfacet
  facet normal 0.996549010277 -0.0457096770406 -0.0692873075604
    outer loop
      vertex 24.3731517792 8.33031368256 54.7427177429
      vertex 24.3731517792 8.21277999878 54.5645599365
      vertex 21.7992019653 8.79815769196 -0.664615750313
    endloop
  endfacet
  facet normal 0.997449874878 -0.0459068343043 -0.0546473376453
    outer loop
      vertex 21.7992019653 8.79815769196 -0.664615750313
      vertex 24.3731517792 8.21277999878 54.5645599365
      vertex 24.3731517792 8.15396404266 54.4945449829
    endloop
  endfacet
  facet normal 0.998892903328 -0.0454121530056 -0.0122748659924
    outer loop
      vertex 24.3731517792 7.947909832 54.3497085571
      vertex 24.3731517792 7.91845655441 54.3417472839
      vertex 21.8731498718 7.85955429077 -0.664615750313
    endloop
  endfacet
  facet normal 0.998941361904 -0.0454090945423 -0.00736298132688
    outer loop
      vertex 21.8731498718 7.85955429077 -0.664615750313
      vertex 24.3731517792 7.91845655441 54.3417472839
      vertex 24.3731517792 7.88900756836 54.336971283
    endloop
  endfacet
  facet normal 0.99896556139 -0.045407563448 -0.00244987383485
    outer loop
      vertex 21.8731498718 7.85955429077 -0.664615750313
      vertex 24.3731517792 7.88900756836 54.336971283
      vertex 24.3731517792 7.85955429077 54.3353843689
    endloop
  endfacet
  facet normal 0.997933447361 -0.0460441783071 -0.0448193699121
    outer loop
      vertex 24.3731517792 8.15396404266 54.4945449829
      vertex 24.3731517792 8.0951128006 54.4372596741
      vertex 21.7992019653 8.79815769196 -0.664615750313
    endloop
  endfacet
  facet normal 0.998320579529 -0.0461879745126 -0.0349665731192
    outer loop
      vertex 21.7992019653 8.79815769196 -0.664615750313
      vertex 24.3731517792 8.0951128006 54.4372596741
      vertex 24.3731517792 8.03624534607 54.3926925659
    endloop
  endfacet
  facet normal 0.995879650116 -0.0454719737172 -0.0784600824118
    outer loop
      vertex 21.7992019653 8.79815769196 -0.664615750313
      vertex 24.3731517792 8.03624534607 54.3926925659
      vertex 21.8731498718 7.85955429077 -0.664615750313
    endloop
  endfacet
  facet normal 0.998665690422 -0.0454255118966 -0.0245635155588
    outer loop
      vertex 21.8731498718 7.85955429077 -0.664615750313
      vertex 24.3731517792 8.03624534607 54.3926925659
      vertex 24.3731517792 7.97735500336 54.3608474731
    endloop
  endfacet
  facet normal 0.998820364475 -0.0454167351127 -0.0171814318746
    outer loop
      vertex 21.8731498718 7.85955429077 -0.664615750313
      vertex 24.3731517792 7.97735500336 54.3608474731
      vertex 24.3731517792 7.947909832 54.3497085571
    endloop
  endfacet
  facet normal 0.975275874138 -0.0447864085436 -0.216405004263
    outer loop
      vertex 24.3731517792 9.26022815704 57.9863204956
      vertex 24.3731517792 9.03009796143 56.8743438721
      vertex 21.5791835785 9.71365737915 -0.664615750313
    endloop
  endfacet
  facet normal 0.982738912106 -0.0455896928906 -0.179292455316
    outer loop
      vertex 21.5791835785 9.71365737915 -0.664615750313
      vertex 24.3731517792 9.03009796143 56.8743438721
      vertex 24.3731517792 8.79816150665 55.9622001648
    endloop
  endfacet
  facet normal 0.971367239952 -0.0441531352699 -0.233444184065
    outer loop
      vertex 21.5791835785 9.71365737915 -0.664615750313
      vertex 24.3731517792 8.79816150665 55.9622001648
      vertex 21.7992019653 8.79815769196 -0.664615750313
    endloop
  endfacet
  facet normal 0.989547252655 -0.044979494065 -0.137014865875
    outer loop
      vertex 21.7992019653 8.79815769196 -0.664615750313
      vertex 24.3731517792 8.79816150665 55.9622001648
      vertex 24.3731517792 8.56478214264 55.2512893677
    endloop
  endfacet
  facet normal 0.994116187096 -0.0453511103988 -0.0983680188656
    outer loop
      vertex 21.7992019653 8.79815769196 -0.664615750313
      vertex 24.3731517792 8.56478214264 55.2512893677
      vertex 24.3731517792 8.33031368256 54.7427177429
    endloop
  endfacet
  facet normal 0.9290548563 -0.0426327548921 -0.367477267981
    outer loop
      vertex 24.3731517792 10.1556558609 64.393661499
      vertex 24.3731517792 9.93625926971 62.5025520325
      vertex 21.2185096741 10.5834970474 -0.664615750313
    endloop
  endfacet
  facet normal 0.941864669323 -0.043624240905 -0.333148509264
    outer loop
      vertex 21.2185096741 10.5834970474 -0.664615750313
      vertex 24.3731517792 9.93625926971 62.5025520325
      vertex 24.3731517792 9.71365737915 60.8025894165
    endloop
  endfacet
  facet normal 0.922925114632 -0.041951186955 -0.382686972618
    outer loop
      vertex 21.2185096741 10.5834970474 -0.664615750313
      vertex 24.3731517792 9.71365737915 60.8025894165
      vertex 21.5791835785 9.71365737915 -0.664615750313
    endloop
  endfacet
  facet normal 0.955952882767 -0.0434524491429 -0.290285944939
    outer loop
      vertex 21.5791835785 9.71365737915 -0.664615750313
      vertex 24.3731517792 9.71365737915 60.8025894165
      vertex 24.3731517792 9.48819923401 59.2964134216
    endloop
  endfacet
  facet normal 0.966382026672 -0.044077463448 -0.253304153681
    outer loop
      vertex 21.5791835785 9.71365737915 -0.664615750313
      vertex 24.3731517792 9.48819923401 59.2964134216
      vertex 24.3731517792 9.26022815704 57.9863204956
    endloop
  endfacet
  facet normal 0.840607821941 -0.0383250750601 -0.540286660194
    outer loop
      vertex 24.3731517792 10.9945478439 73.8069610596
      vertex 20.726064682 11.3862657547 -0.664615750313
      vertex 24.3731517792 11.1929788589 76.6043548584
    endloop
  endfacet
  facet normal 0.819553732872 -0.0372525192797 -0.571790099144
    outer loop
      vertex 24.3731517792 11.1929788589 76.6043548584
      vertex 20.726064682 11.3862657547 -0.664615750313
      vertex 24.3731517792 11.3862695694 79.5711669922
    endloop
  endfacet
  facet normal 0.859866201878 -0.0394328124821 -0.508994281292
    outer loop
      vertex 24.3731517792 10.9945478439 73.8069610596
      vertex 24.3731517792 10.7912864685 71.1832885742
      vertex 20.726064682 11.3862657547 -0.664615750313
    endloop
  endfacet
  facet normal 0.87754034996 -0.0405884459615 -0.47778186202
    outer loop
      vertex 20.726064682 11.3862657547 -0.664615750313
      vertex 24.3731517792 10.7912864685 71.1832885742
      vertex 24.3731517792 10.5835018158 68.7373809814
    endloop
  endfacet
  facet normal 0.851761162281 -0.0387165211141 -0.52249777317
    outer loop
      vertex 20.726064682 11.3862657547 -0.664615750313
      vertex 24.3731517792 10.5835018158 68.7373809814
      vertex 21.2185096741 10.5834970474 -0.664615750313
    endloop
  endfacet
  facet normal 0.898819804192 -0.0408555492759 -0.436410099268
    outer loop
      vertex 21.2185096741 10.5834970474 -0.664615750313
      vertex 24.3731517792 10.5835018158 68.7373809814
      vertex 24.3731517792 10.371515274 66.4729995728
    endloop
  endfacet
  facet normal 0.914766788483 -0.0417140685022 -0.401822954416
    outer loop
      vertex 21.2185096741 10.5834970474 -0.664615750313
      vertex 24.3731517792 10.371515274 66.4729995728
      vertex 24.3731517792 10.1556558609 64.393661499
    endloop
  endfacet
  facet normal 0.759624004364 -0.0345284417272 -0.649445295334
    outer loop
      vertex 20.726064682 11.3862657547 -0.664615750313
      vertex 20.1139755249 12.1021966934 -0.664615750313
      vertex 24.3731517792 11.3862695694 79.5711669922
    endloop
  endfacet
  facet normal 0.759784638882 -0.0345386527479 -0.649256825447
    outer loop
      vertex 24.3731517792 11.3862695694 79.5711669922
      vertex 20.1139755249 12.1021966934 -0.664615750313
      vertex 24.1267089844 12.099817276 87.5631408691
    endloop
  endfacet
  facet normal 0.698938906193 -0.0421896502376 -0.713935911655
    outer loop
      vertex 24.3731517792 11.3862695694 79.5711669922
      vertex 24.1267089844 12.099817276 87.5631408691
      vertex 24.3731517792 11.6416921616 83.8934326172
    endloop
  endfacet
  facet normal 0.730275630951 -0.0361229106784 -0.68219691515
    outer loop
      vertex 24.3731517792 11.6416921616 83.8934326172
      vertex 24.1267089844 12.099817276 87.5631408691
      vertex 24.3731517792 11.8862142563 88.5113525391
    endloop
  endfacet
  facet normal 0.521958708763 -0.0237268619239 -0.852640688419
    outer loop
      vertex 19.3973045349 12.7136573792 -0.664615750313
      vertex 18.593706131 13.2055931091 -0.664615750313
      vertex 22.3443813324 13.2049131393 81.8206863403
    endloop
  endfacet
  facet normal 0.500966727734 -0.0230514090508 -0.865159511566
    outer loop
      vertex 22.3443813324 13.2049131393 81.8206863403
      vertex 22.9807090759 12.8865451813 83.7008132935
      vertex 19.3973045349 12.7136573792 -0.664615750313
    endloop
  endfacet
  facet normal 0.566655158997 -0.025756245479 -0.823552429676
    outer loop
      vertex 19.3973045349 12.7136573792 -0.664615750313
      vertex 22.9807090759 12.8865451813 83.7008132935
      vertex 23.2767677307 12.7118988037 84.6300048828
    endloop
  endfacet
  facet normal 0.64877641201 -0.0294926762581 -0.760407328606
    outer loop
      vertex 19.3973045349 12.7136573792 -0.664615750313
      vertex 23.2767677307 12.7118988037 84.6300048828
      vertex 20.1139755249 12.1021966934 -0.664615750313
    endloop
  endfacet
  facet normal 0.620242893696 -0.0286024753004 -0.783888161182
    outer loop
      vertex 20.1139755249 12.1021966934 -0.664615750313
      vertex 23.2767677307 12.7118988037 84.6300048828
      vertex 23.7185096741 12.4159393311 86.0979995728
    endloop
  endfacet
  facet normal 0.678878068924 -0.030856622383 -0.73360234499
    outer loop
      vertex 20.1139755249 12.1021966934 -0.664615750313
      vertex 23.7185096741 12.4159393311 86.0979995728
      vertex 24.1267089844 12.099817276 87.5631408691
    endloop
  endfacet
  facet normal 0.370286285877 -0.0154438642785 -0.928789317608
    outer loop
      vertex 21.3731517792 13.4220867157 70.9413223267
      vertex 21.3731517792 13.5590906143 79.1806945801
      vertex 22.2089233398 13.2634181976 81.4377441406
    endloop
  endfacet
  facet normal 0.41058665514 -0.0187620501965 -0.911628544331
    outer loop
      vertex 20.9318332672 13.3723134995 58.6034736633
      vertex 21.176158905 13.2875652313 59.8324279785
      vertex 18.593706131 13.2055931091 -0.664615750313
    endloop
  endfacet
  facet normal 0.433481425047 -0.0197248905897 -0.900946617126
    outer loop
      vertex 18.593706131 13.2055931091 -0.664615750313
      vertex 21.176158905 13.2875652313 59.8324279785
      vertex 21.3234500885 13.2439088821 61.0752754211
    endloop
  endfacet
  facet normal 0.447247505188 -0.0203293394297 -0.894179165363
    outer loop
      vertex 18.593706131 13.2055931091 -0.664615750313
      vertex 21.3234500885 13.2439088821 61.0752754211
      vertex 22.3443813324 13.2049131393 81.8206863403
    endloop
  endfacet
  facet normal 0.443061590195 -0.0201194174588 -0.896265387535
    outer loop
      vertex 22.3443813324 13.2049131393 81.8206863403
      vertex 21.3234500885 13.2439088821 61.0752754211
      vertex 21.3731517792 13.247625351 62.3353843689
    endloop
  endfacet
  facet normal 0.443920075893 -0.0201631430537 -0.895839512348
    outer loop
      vertex 22.3443813324 13.2049131393 81.8206863403
      vertex 21.3731517792 13.247625351 62.3353843689
      vertex 22.2089233398 13.2634181976 81.4377441406
    endloop
  endfacet
  facet normal 0.43721818924 -0.0198726449162 -0.899135887623
    outer loop
      vertex 22.2089233398 13.2634181976 81.4377441406
      vertex 21.3731517792 13.247625351 62.3353843689
      vertex 21.3731517792 13.2605543137 62.9203567505
    endloop
  endfacet
  facet normal 0.404789328575 -0.0184113197029 -0.914224624634
    outer loop
      vertex 22.2089233398 13.2634181976 81.4377441406
      vertex 21.3731517792 13.2605543137 62.9203567505
      vertex 21.3731517792 13.4220867157 70.9413223267
    endloop
  endfacet
  facet normal 0.182140231133 -0.00917105842382 -0.98322981596
    outer loop
      vertex 19.3131999969 13.7856855392 54.4820365906
      vertex 19.6292533875 13.732635498 55.0715332031
      vertex 17.7229652405 13.5658912659 -0.664615750313
    endloop
  endfacet
  facet normal 0.256920516491 -0.0116782318801 -0.966361999512
    outer loop
      vertex 17.7229652405 13.5658912659 -0.664615750313
      vertex 19.6292533875 13.732635498 55.0715332031
      vertex 20.3280754089 13.5658912659 56.6476554871
    endloop
  endfacet
  facet normal 0.382286220789 -0.0173766873777 -0.923880577087
    outer loop
      vertex 17.7229652405 13.5658912659 -0.664615750313
      vertex 20.3280754089 13.5658912659 56.6476554871
      vertex 18.593706131 13.2055931091 -0.664615750313
    endloop
  endfacet
  facet normal 0.330376058817 -0.0159304849803 -0.943714916706
    outer loop
      vertex 18.593706131 13.2055931091 -0.664615750313
      vertex 20.3280754089 13.5658912659 56.6476554871
      vertex 20.5899200439 13.4867677689 57.3906936646
    endloop
  endfacet
  facet normal 0.371981084347 -0.017285335809 -0.928079366684
    outer loop
      vertex 18.593706131 13.2055931091 -0.664615750313
      vertex 20.5899200439 13.4867677689 57.3906936646
      vertex 20.9318332672 13.3723134995 58.6034736633
    endloop
  endfacet
  facet normal 0.23320749402 -0.0106003712863 -0.972369194031
    outer loop
      vertex 17.7229652405 13.5658912659 -0.664615750313
      vertex 16.8065261841 13.7856855392 -0.664615750313
      vertex 19.3131999969 13.7856855392 54.4820365906
    endloop
  endfacet
  facet normal 0.0783771574497 -0.00356260873377 -0.996917426586
    outer loop
      vertex 19.3131999969 13.7856855392 54.4820365906
      vertex 16.8065261841 13.7856855392 -0.664615750313
      vertex 15.8669509888 13.8595542908 -0.664615750313
    endloop
  endfacet
  facet normal 0.0783766284585 -0.00356257520616 -0.996917426586
    outer loop
      vertex 19.3131999969 13.7856855392 54.4820365906
      vertex 15.8669509888 13.8595542908 -0.664615750313
      vertex 18.302154541 13.8595542908 52.9098472595
    endloop
  endfacet
  facet normal -1 4.79680899446e-08 0
    outer loop
      vertex -5.87685394287 -48.6904411316 98.3353881836
      vertex -5.87685394287 -43.5904388428 98.3353881836
      vertex -5.87685585022 -48.6904411316 57.3353843689
    endloop
  endfacet
  facet normal -1 6.78169485013e-08 1.59569225389e-07
    outer loop
      vertex -5.87685585022 -48.6904411316 57.3353843689
      vertex -5.87685394287 -43.5904388428 98.3353881836
      vertex -5.87685585022 -43.5904388428 69.3353805542
    endloop
  endfacet
  facet normal -1 0 0
    outer loop
      vertex -5.87685585022 -43.6904411316 52.3353843689
      vertex -5.87685585022 -44.472618103 52.3969421387
      vertex -5.87685585022 -40.1355285645 64.5801010132
    endloop
  endfacet
  facet normal -1 -0 0
    outer loop
      vertex -5.87685585022 -43.5904388428 69.3353805542
      vertex -5.87685585022 -43.528881073 68.5532073975
      vertex -5.87685585022 -48.6904411316 57.3353843689
    endloop
  endfacet
  facet normal -1 0 0
    outer loop
      vertex -5.87685585022 -48.6904411316 57.3353843689
      vertex -5.87685585022 -43.528881073 68.5532073975
      vertex -5.87685585022 -43.3457183838 67.7903060913
    endloop
  endfacet
  facet normal -1 0 0
    outer loop
      vertex -5.87685585022 -48.6904411316 57.3353843689
      vertex -5.87685585022 -43.3457183838 67.7903060913
      vertex -5.87685585022 -43.0454750061 67.0654296875
    endloop
  endfacet
  facet normal -1 -0 0
    outer loop
      vertex -5.87685585022 -43.0454750061 67.0654296875
      vertex -5.87685585022 -42.6355247498 66.3964538574
      vertex -5.87685585022 -48.6904411316 57.3353843689
    endloop
  endfacet
  facet normal -1 0 0
    outer loop
      vertex -5.87685585022 -48.6904411316 57.3353843689
      vertex -5.87685585022 -42.6355247498 66.3964538574
      vertex -5.87685585022 -42.1259765625 65.7998504639
    endloop
  endfacet
  facet normal -1 0 -0
    outer loop
      vertex -5.87685585022 -48.6904411316 57.3353843689
      vertex -5.87685585022 -42.1259765625 65.7998504639
      vertex -5.87685585022 -48.6288833618 56.5532150269
    endloop
  endfacet
  facet normal -1 0 0
    outer loop
      vertex -5.87685585022 -48.6288833618 56.5532150269
      vertex -5.87685585022 -42.1259765625 65.7998504639
      vertex -5.87685585022 -41.5293693542 65.2902908325
    endloop
  endfacet
  facet normal -1 0 0
    outer loop
      vertex -5.87685585022 -45.960395813 52.8803482056
      vertex -5.87685585022 -46.6293716431 53.2902984619
      vertex -5.87685585022 -40.8603935242 64.880355835
    endloop
  endfacet
  facet normal -1 0 0
    outer loop
      vertex -5.87685585022 -40.8603935242 64.880355835
      vertex -5.87685585022 -46.6293716431 53.2902984619
      vertex -5.87685585022 -47.2259712219 53.7998466492
    endloop
  endfacet
  facet normal -1 0 0
    outer loop
      vertex -5.87685585022 -40.1355285645 64.5801010132
      vertex -5.87685585022 -44.472618103 52.3969421387
      vertex -5.87685585022 -40.8603935242 64.880355835
    endloop
  endfacet
  facet normal -1 0 0
    outer loop
      vertex -5.87685585022 -40.8603935242 64.880355835
      vertex -5.87685585022 -44.472618103 52.3969421387
      vertex -5.87685585022 -45.2355308533 52.5801048279
    endloop
  endfacet
  facet normal -1 0 0
    outer loop
      vertex -5.87685585022 -40.8603935242 64.880355835
      vertex -5.87685585022 -45.2355308533 52.5801048279
      vertex -5.87685585022 -45.960395813 52.8803482056
    endloop
  endfacet
  facet normal -1 -0 -1.4871019971e-07
    outer loop
      vertex -5.87685203552 -12.1404447556 64.3353805542
      vertex -5.87685203552 -12.1404447556 52.3353843689
      vertex -5.87685585022 -38.5904388428 64.3353805542
    endloop
  endfacet
  facet normal -1 -5.29853956266e-08 -1.24671458934e-07
    outer loop
      vertex -5.87685585022 -38.5904388428 64.3353805542
      vertex -5.87685203552 -12.1404447556 52.3353843689
      vertex -5.87685585022 -43.6904411316 52.3353843689
    endloop
  endfacet
  facet normal -1 0 0
    outer loop
      vertex -5.87685585022 -38.5904388428 64.3353805542
      vertex -5.87685585022 -43.6904411316 52.3353843689
      vertex -5.87685585022 -39.3726158142 64.3969421387
    endloop
  endfacet
  facet normal -1 0 0
    outer loop
      vertex -5.87685585022 -39.3726158142 64.3969421387
      vertex -5.87685585022 -43.6904411316 52.3353843689
      vertex -5.87685585022 -40.1355285645 64.5801010132
    endloop
  endfacet
  facet normal -1 0 0
    outer loop
      vertex -5.87685585022 -47.2259712219 53.7998466492
      vertex -5.87685585022 -47.7355270386 54.3964538574
      vertex -5.87685585022 -40.8603935242 64.880355835
    endloop
  endfacet
  facet normal -1 0 0
    outer loop
      vertex -5.87685585022 -40.8603935242 64.880355835
      vertex -5.87685585022 -47.7355270386 54.3964538574
      vertex -5.87685585022 -48.1454772949 55.0654296875
    endloop
  endfacet
  facet normal -1 0 0
    outer loop
      vertex -5.87685585022 -40.8603935242 64.880355835
      vertex -5.87685585022 -48.1454772949 55.0654296875
      vertex -5.87685585022 -41.5293693542 65.2902908325
    endloop
  endfacet
  facet normal -1 0 0
    outer loop
      vertex -5.87685585022 -41.5293693542 65.2902908325
      vertex -5.87685585022 -48.1454772949 55.0654296875
      vertex -5.87685585022 -48.4457206726 55.7903022766
    endloop
  endfacet
  facet normal -1 0 0
    outer loop
      vertex -5.87685585022 -41.5293693542 65.2902908325
      vertex -5.87685585022 -48.4457206726 55.7903022766
      vertex -5.87685585022 -48.6288833618 56.5532150269
    endloop
  endfacet
  facet normal 0 -1 0
    outer loop
      vertex 21.6231498718 -7.14044523239 52.3353843689
      vertex 20.8409729004 -7.20200252533 52.3353843689
      vertex -10.8768520355 -7.14044523239 52.3353843689
    endloop
  endfacet
  facet normal 0 -1 0
    outer loop
      vertex -10.8768520355 -7.14044523239 52.3353843689
      vertex 20.8409729004 -7.20200252533 52.3353843689
      vertex 20.0780620575 -7.3851647377 52.3353843689
    endloop
  endfacet
  facet normal 0 -1 0
    outer loop
      vertex -10.8768520355 -7.14044523239 52.3353843689
      vertex 20.0780620575 -7.3851647377 52.3353843689
      vertex -10.0946788788 -7.20200252533 52.3353843689
    endloop
  endfacet
  facet normal 0 -1 0
    outer loop
      vertex 18.0876121521 -8.60490703583 52.3353843689
      vertex 17.5780658722 -9.20151519775 52.3353843689
      vertex -6.83176755905 -9.20151519775 52.3353843689
    endloop
  endfacet
  facet normal 0 -1 -0
    outer loop
      vertex -7.34131765366 -8.60490703583 52.3353843689
      vertex -7.93792533875 -8.09535312653 52.3353843689
      vertex 20.0780620575 -7.3851647377 52.3353843689
    endloop
  endfacet
  facet normal -0 -1 -0
    outer loop
      vertex 18.0876121521 -8.60490703583 52.3353843689
      vertex -6.83176755905 -9.20151519775 52.3353843689
      vertex 18.6842193604 -8.09536075592 52.3353843689
    endloop
  endfacet
  facet normal 0 -1 -0
    outer loop
      vertex -7.93792533875 -8.09535312653 52.3353843689
      vertex -8.60689926147 -7.68540763855 52.3353843689
      vertex 20.0780620575 -7.3851647377 52.3353843689
    endloop
  endfacet
  facet normal -0 -1 0
    outer loop
      vertex 20.0780620575 -7.3851647377 52.3353843689
      vertex -8.60689926147 -7.68540763855 52.3353843689
      vertex -9.33176708221 -7.38515663147 52.3353843689
    endloop
  endfacet
  facet normal 0 -1 0
    outer loop
      vertex 20.0780620575 -7.3851647377 52.3353843689
      vertex -9.33176708221 -7.38515663147 52.3353843689
      vertex -10.0946788788 -7.20200252533 52.3353843689
    endloop
  endfacet
  facet normal 0 -1 0
    outer loop
      vertex -7.34131765366 -8.60490703583 52.3353843689
      vertex 20.0780620575 -7.3851647377 52.3353843689
      vertex -6.83176755905 -9.20151519775 52.3353843689
    endloop
  endfacet
  facet normal 0 -1 0
    outer loop
      vertex -6.83176755905 -9.20151519775 52.3353843689
      vertex 20.0780620575 -7.3851647377 52.3353843689
      vertex 19.3531951904 -7.68541526794 52.3353843689
    endloop
  endfacet
  facet normal 0 -1 0
    outer loop
      vertex -6.83176755905 -9.20151519775 52.3353843689
      vertex 19.3531951904 -7.68541526794 52.3353843689
      vertex 18.6842193604 -8.09536075592 52.3353843689
    endloop
  endfacet
  facet normal 0 -1 0
    outer loop
      vertex 16.8678627014 -10.5953569412 52.3353843689
      vertex -5.93840932846 -11.3582677841 52.3353843689
      vertex -6.121571064 -10.5953569412 52.3353843689
    endloop
  endfacet
  facet normal 0 -1 0
    outer loop
      vertex 17.5780658722 -9.20151519775 52.3353843689
      vertex 17.1681137085 -9.87049674988 52.3353843689
      vertex -6.83176755905 -9.20151519775 52.3353843689
    endloop
  endfacet
  facet normal 0 -1 0
    outer loop
      vertex -6.83176755905 -9.20151519775 52.3353843689
      vertex 17.1681137085 -9.87049674988 52.3353843689
      vertex 16.8678627014 -10.5953569412 52.3353843689
    endloop
  endfacet
  facet normal 0 -1 0
    outer loop
      vertex -6.83176755905 -9.20151519775 52.3353843689
      vertex 16.8678627014 -10.5953569412 52.3353843689
      vertex -6.42181825638 -9.87048912048 52.3353843689
    endloop
  endfacet
  facet normal 0 -1 0
    outer loop
      vertex -6.42181825638 -9.87048912048 52.3353843689
      vertex 16.8678627014 -10.5953569412 52.3353843689
      vertex -6.121571064 -10.5953569412 52.3353843689
    endloop
  endfacet
  facet normal 0 -1 0
    outer loop
      vertex 16.6231498718 -12.1404447556 52.3353843689
      vertex 16.6231422424 -43.690448761 52.3353843689
      vertex -5.87685585022 -43.6904411316 52.3353843689
    endloop
  endfacet
  facet normal 0 -1 0
    outer loop
      vertex 16.8678627014 -10.5953569412 52.3353843689
      vertex 16.6847076416 -11.3582677841 52.3353843689
      vertex -5.93840932846 -11.3582677841 52.3353843689
    endloop
  endfacet
  facet normal 0 -1 0
    outer loop
      vertex -5.93840932846 -11.3582677841 52.3353843689
      vertex 16.6847076416 -11.3582677841 52.3353843689
      vertex 16.6231498718 -12.1404447556 52.3353843689
    endloop
  endfacet
  facet normal 0 -1 0
    outer loop
      vertex -5.93840932846 -11.3582677841 52.3353843689
      vertex 16.6231498718 -12.1404447556 52.3353843689
      vertex -5.87685203552 -12.1404447556 52.3353843689
    endloop
  endfacet
  facet normal 0 -1 0
    outer loop
      vertex -5.87685203552 -12.1404447556 52.3353843689
      vertex 16.6231498718 -12.1404447556 52.3353843689
      vertex -5.87685585022 -43.6904411316 52.3353843689
    endloop
  endfacet
  facet normal 1 -1.7470934921e-08 1.4921905489e-08
    outer loop
      vertex 16.6231422424 -41.5293693542 65.2902908325
      vertex 16.6231422424 -42.1259765625 65.7998504639
      vertex 16.6231422424 -48.6904411316 57.3353843689
    endloop
  endfacet
  facet normal 1 -1.52216586002e-08 1.78222077096e-08
    outer loop
      vertex 16.6231422424 -48.6904411316 57.3353843689
      vertex 16.6231422424 -42.1259765625 65.7998504639
      vertex 16.6231422424 -42.6355247498 66.3964538574
    endloop
  endfacet
  facet normal 1 -2.45836446311e-07 0
    outer loop
      vertex 16.6231479645 -43.5904388428 98.3353881836
      vertex 16.6231479645 -48.6904411316 98.3353881836
      vertex 16.6231422424 -43.5904388428 69.3353805542
    endloop
  endfacet
  facet normal 1 -1.61892302231e-07 -4.77329308524e-07
    outer loop
      vertex 16.6231422424 -43.5904388428 69.3353805542
      vertex 16.6231479645 -48.6904411316 98.3353881836
      vertex 16.6231422424 -48.6904411316 57.3353843689
    endloop
  endfacet
  facet normal 1 6.4017471324e-09 -8.1343500824e-08
    outer loop
      vertex 16.6231422424 -43.5904388428 69.3353805542
      vertex 16.6231422424 -48.6904411316 57.3353843689
      vertex 16.6231422424 -43.528881073 68.5532073975
    endloop
  endfacet
  facet normal 1 4.09727505257e-08 2.49342861025e-07
    outer loop
      vertex 16.6231422424 -43.690448761 52.3353843689
      vertex 16.6231498718 -12.1404447556 52.3353843689
      vertex 16.6231498718 -12.1404447556 64.3353805542
    endloop
  endfacet
  facet normal 1 -1.29786048575e-08 2.11788950821e-08
    outer loop
      vertex 16.6231422424 -42.6355247498 66.3964538574
      vertex 16.6231422424 -43.0454750061 67.0654296875
      vertex 16.6231422424 -48.6904411316 57.3353843689
    endloop
  endfacet
  facet normal 1 -1.05244284399e-08 2.54090792851e-08
    outer loop
      vertex 16.6231422424 -48.6904411316 57.3353843689
      vertex 16.6231422424 -43.0454750061 67.0654296875
      vertex 16.6231422424 -43.3457183838 67.7903060913
    endloop
  endfacet
  facet normal 1 6.50277456771e-07 1.31801709813e-06
    outer loop
      vertex 16.6231422424 -48.6904411316 57.3353843689
      vertex 16.6231422424 -43.3457183838 67.7903060913
      vertex 16.6231422424 -43.528881073 68.5532073975
    endloop
  endfacet
  facet normal 1 1.67376441595e-07 2.97420314155e-07
    outer loop
      vertex 16.6231498718 -12.1404447556 64.3353805542
      vertex 16.6231422424 -38.5904464722 64.3353805542
      vertex 16.6231422424 -43.690448761 52.3353843689
    endloop
  endfacet
  facet normal 1 3.96466539598e-08 -3.12022963023e-09
    outer loop
      vertex 16.6231422424 -43.690448761 52.3353843689
      vertex 16.6231422424 -38.5904464722 64.3353805542
      vertex 16.6231422424 -39.3726158142 64.3969421387
    endloop
  endfacet
  facet normal 1 3.96466539598e-08 -3.12022963023e-09
    outer loop
      vertex 16.6231422424 -43.690448761 52.3353843689
      vertex 16.6231422424 -39.3726158142 64.3969421387
      vertex 16.6231422424 -44.472618103 52.3969421387
    endloop
  endfacet
  facet normal 1 3.71791664122e-08 -8.92608209568e-09
    outer loop
      vertex 16.6231422424 -44.472618103 52.3969421387
      vertex 16.6231422424 -39.3726158142 64.3969421387
      vertex 16.6231422424 -40.1355285645 64.5801010132
    endloop
  endfacet
  facet normal 1 3.71791664122e-08 -8.92608209568e-09
    outer loop
      vertex 16.6231422424 -44.472618103 52.3969421387
      vertex 16.6231422424 -40.1355285645 64.5801010132
      vertex 16.6231422424 -45.2355308533 52.5801048279
    endloop
  endfacet
  facet normal 1 3.48395481353e-08 -1.44310590144e-08
    outer loop
      vertex 16.6231422424 -45.2355308533 52.5801048279
      vertex 16.6231422424 -40.1355285645 64.5801010132
      vertex 16.6231422424 -40.8603935242 64.880355835
    endloop
  endfacet
  facet normal 1 3.48396653749e-08 -1.44307295002e-08
    outer loop
      vertex 16.6231422424 -45.2355308533 52.5801048279
      vertex 16.6231422424 -40.8603935242 64.880355835
      vertex 16.6231422424 -45.960395813 52.8803482056
    endloop
  endfacet
  facet normal 1 2.65285642342e-08 -3.10612584542e-08
    outer loop
      vertex 16.6231422424 -47.7355270386 54.3964538574
      vertex 16.6231422424 -47.2259788513 53.7998466492
      vertex 16.6231422424 -40.8603935242 64.880355835
    endloop
  endfacet
  facet normal 1 2.97673725669e-08 -2.54234926444e-08
    outer loop
      vertex 16.6231422424 -40.8603935242 64.880355835
      vertex 16.6231422424 -47.2259788513 53.7998466492
      vertex 16.6231422424 -46.6293716431 53.2902984619
    endloop
  endfacet
  facet normal 1 3.25065947493e-08 -1.9920314287e-08
    outer loop
      vertex 16.6231422424 -40.8603935242 64.880355835
      vertex 16.6231422424 -46.6293716431 53.2902984619
      vertex 16.6231422424 -45.960395813 52.8803482056
    endloop
  endfacet
  facet normal 1 -2.91519455686e-07 -2.8950606179e-07
    outer loop
      vertex 16.6231422424 -48.6904411316 57.3353843689
      vertex 16.6231422424 -48.6288909912 56.5532150269
      vertex 16.6231422424 -41.5293693542 65.2902908325
    endloop
  endfacet
  facet normal 1 -1.28346657746e-08 5.34593098678e-08
    outer loop
      vertex 16.6231422424 -41.5293693542 65.2902908325
      vertex 16.6231422424 -48.6288909912 56.5532150269
      vertex 16.6231422424 -48.445728302 55.7903022766
    endloop
  endfacet
  facet normal 1 -3.57886769109e-08 2.19307594307e-08
    outer loop
      vertex 16.6231422424 -41.5293693542 65.2902908325
      vertex 16.6231422424 -48.445728302 55.7903022766
      vertex 16.6231422424 -40.8603935242 64.880355835
    endloop
  endfacet
  facet normal 1 -1.79424315405e-08 4.33171933878e-08
    outer loop
      vertex 16.6231422424 -40.8603935242 64.880355835
      vertex 16.6231422424 -48.445728302 55.7903022766
      vertex 16.6231422424 -48.1454772949 55.0654296875
    endloop
  endfacet
  facet normal 1 7.82515996889e-07 1.12174552669e-06
    outer loop
      vertex 16.6231422424 -40.8603935242 64.880355835
      vertex 16.6231422424 -48.1454772949 55.0654296875
      vertex 16.6231422424 -47.7355270386 54.3964538574
    endloop
  endfacet
  facet normal 0 0 1
    outer loop
      vertex 16.6231479645 -48.6904411316 98.3353881836
      vertex 14.3731431961 -48.6904411316 98.3353881836
      vertex 14.3731451035 -48.6904411316 79.8353805542
    endloop
  endfacet
  facet normal 0 0 1
    outer loop
      vertex -3.62685203552 -48.6904411316 98.3353881836
      vertex -5.87685394287 -48.6904411316 98.3353881836
      vertex -3.62685203552 -48.6904411316 79.8353805542
    endloop
  endfacet
  facet normal 0 0 1
    outer loop
      vertex -3.62685203552 -48.6904411316 79.8353805542
      vertex -5.87685394287 -48.6904411316 98.3353881836
      vertex -5.87685585022 -48.6904411316 57.3353843689
    endloop
  endfacet
  facet normal -0 0 1
    outer loop
      vertex -3.62685203552 -48.6904411316 79.8353805542
      vertex -5.87685585022 -48.6904411316 57.3353843689
      vertex 14.3731451035 -48.6904411316 79.8353805542
    endloop
  endfacet
  facet normal 0 0 1
    outer loop
      vertex 14.3731451035 -48.6904411316 79.8353805542
      vertex -5.87685585022 -48.6904411316 57.3353843689
      vertex 16.6231422424 -48.6904411316 57.3353843689
    endloop
  endfacet
  facet normal -0 0 1
    outer loop
      vertex 14.3731451035 -48.6904411316 79.8353805542
      vertex 16.6231422424 -48.6904411316 57.3353843689
      vertex 16.6231479645 -48.6904411316 98.3353881836
    endloop
  endfacet
  facet normal 0 0 -1
    outer loop
      vertex -5.87685394287 -43.5904388428 98.3353881836
      vertex -3.62685203552 -43.5904388428 98.3353881836
      vertex -3.62685203552 -43.5904388428 79.8353805542
    endloop
  endfacet
  facet normal 0 0 -1
    outer loop
      vertex 14.3731431961 -43.5904388428 98.3353881836
      vertex 16.6231479645 -43.5904388428 98.3353881836
      vertex 14.3731451035 -43.5904388428 79.8353805542
    endloop
  endfacet
  facet normal 0 0 -1
    outer loop
      vertex 14.3731451035 -43.5904388428 79.8353805542
      vertex 16.6231479645 -43.5904388428 98.3353881836
      vertex 16.6231422424 -43.5904388428 69.3353805542
    endloop
  endfacet
  facet normal -0 -0 -1
    outer loop
      vertex 14.3731451035 -43.5904388428 79.8353805542
      vertex 16.6231422424 -43.5904388428 69.3353805542
      vertex -3.62685203552 -43.5904388428 79.8353805542
    endloop
  endfacet
  facet normal 0 -0 -1
    outer loop
      vertex -3.62685203552 -43.5904388428 79.8353805542
      vertex 16.6231422424 -43.5904388428 69.3353805542
      vertex -5.87685585022 -43.5904388428 69.3353805542
    endloop
  endfacet
  facet normal -0 0 -1
    outer loop
      vertex -3.62685203552 -43.5904388428 79.8353805542
      vertex -5.87685585022 -43.5904388428 69.3353805542
      vertex -5.87685394287 -43.5904388428 98.3353881836
    endloop
  endfacet
  facet normal 0 0 1
    outer loop
      vertex -3.62685203552 -45.3827476501 98.3353881836
      vertex -4.22685432434 -45.3827476501 98.3353881836
      vertex -3.62685203552 -45.3827476501 79.8353805542
    endloop
  endfacet
  facet normal 0 0 1
    outer loop
      vertex -3.62685203552 -45.3827476501 79.8353805542
      vertex -4.22685432434 -45.3827476501 98.3353881836
      vertex -4.22685432434 -45.3827476501 78.8353881836
    endloop
  endfacet
  facet normal -0 0 1
    outer loop
      vertex -3.62685203552 -45.3827476501 79.8353805542
      vertex -4.22685432434 -45.3827476501 78.8353881836
      vertex 14.3731451035 -45.3827476501 79.8353805542
    endloop
  endfacet
  facet normal 0 0 1
    outer loop
      vertex 14.3731451035 -45.3827476501 79.8353805542
      vertex -4.22685432434 -45.3827476501 78.8353881836
      vertex 14.973151207 -45.3827476501 78.8353881836
    endloop
  endfacet
  facet normal -0 -0 1
    outer loop
      vertex 14.3731451035 -45.3827476501 79.8353805542
      vertex 14.973151207 -45.3827476501 78.8353881836
      vertex 14.3731431961 -45.3827476501 98.3353881836
    endloop
  endfacet
  facet normal -0 0 1
    outer loop
      vertex 14.3731431961 -45.3827476501 98.3353881836
      vertex 14.973151207 -45.3827476501 78.8353881836
      vertex 14.9731492996 -45.3827476501 98.3353881836
    endloop
  endfacet
  facet normal 0 0 -1
    outer loop
      vertex 14.3731431961 -47.0827484131 98.3353881836
      vertex 14.9731492996 -47.0827484131 98.3353881836
      vertex 14.3731451035 -47.0827484131 79.8353805542
    endloop
  endfacet
  facet normal 0 0 -1
    outer loop
      vertex 14.3731451035 -47.0827484131 79.8353805542
      vertex 14.9731492996 -47.0827484131 98.3353881836
      vertex 14.973151207 -47.0827484131 78.8353881836
    endloop
  endfacet
  facet normal -0 -0 -1
    outer loop
      vertex 14.3731451035 -47.0827484131 79.8353805542
      vertex 14.973151207 -47.0827484131 78.8353881836
      vertex -3.62685203552 -47.0827484131 79.8353805542
    endloop
  endfacet
  facet normal 0 -0 -1
    outer loop
      vertex -3.62685203552 -47.0827484131 79.8353805542
      vertex 14.973151207 -47.0827484131 78.8353881836
      vertex -4.22685432434 -47.0827484131 78.8353881836
    endloop
  endfacet
  facet normal -0 0 -1
    outer loop
      vertex -3.62685203552 -47.0827484131 79.8353805542
      vertex -4.22685432434 -47.0827484131 78.8353881836
      vertex -3.62685203552 -47.0827484131 98.3353881836
    endloop
  endfacet
  facet normal -0 0 -1
    outer loop
      vertex -3.62685203552 -47.0827484131 98.3353881836
      vertex -4.22685432434 -47.0827484131 78.8353881836
      vertex -4.22685432434 -47.0827484131 98.3353881836
    endloop
  endfacet
  facet normal -1 -7.56419922254e-08 0
    outer loop
      vertex 14.9731492996 -45.3827476501 98.3353881836
      vertex 14.973151207 -45.3827476501 78.8353881836
      vertex 14.9731492996 -47.0827484131 98.3353881836
    endloop
  endfacet
  facet normal -1 -7.56419922254e-08 0
    outer loop
      vertex 14.9731492996 -47.0827484131 98.3353881836
      vertex 14.973151207 -45.3827476501 78.8353881836
      vertex 14.973151207 -47.0827484131 78.8353881836
    endloop
  endfacet
  facet normal 1 0 0
    outer loop
      vertex -4.22685432434 -47.0827484131 98.3353881836
      vertex -4.22685432434 -47.0827484131 78.8353881836
      vertex -4.22685432434 -45.3827476501 98.3353881836
    endloop
  endfacet
  facet normal 1 0 0
    outer loop
      vertex -4.22685432434 -45.3827476501 98.3353881836
      vertex -4.22685432434 -47.0827484131 78.8353881836
      vertex -4.22685432434 -45.3827476501 78.8353881836
    endloop
  endfacet
  facet normal 0 1 0
    outer loop
      vertex -4.22685432434 -45.3827476501 78.8353881836
      vertex -4.22685432434 -47.0827484131 78.8353881836
      vertex 14.973151207 -45.3827476501 78.8353881836
    endloop
  endfacet
  facet normal 0 1 -0
    outer loop
      vertex 14.973151207 -45.3827476501 78.8353881836
      vertex -4.22685432434 -47.0827484131 78.8353881836
      vertex 14.973151207 -47.0827484131 78.8353881836
    endloop
  endfacet
  facet normal 0 0 -1
    outer loop
      vertex 21.8731422424 3.85955452919 -11.1091804504
      vertex 21.8731498718 3.85955452919 -0.664615750313
      vertex 22.8741798401 3.85955452919 -0.664615750313
    endloop
  endfacet
  facet normal 0 0 -1
    outer loop
      vertex 24.3705654144 3.85955452919 -11.7894983292
      vertex 21.8195858002 3.85955452919 -11.6735496521
      vertex 21.8340530396 3.85955452919 -11.5919361115
    endloop
  endfacet
  facet normal 0 0 -1
    outer loop
      vertex 21.8340530396 3.85955452919 -11.5919361115
      vertex 21.8731422424 3.85955452919 -11.1091804504
      vertex 24.3705654144 3.85955452919 -11.7894983292
    endloop
  endfacet
  facet normal 0 0 -1
    outer loop
      vertex 24.3705654144 3.85955452919 -11.7894983292
      vertex 21.8731422424 3.85955452919 -11.1091804504
      vertex 22.8741798401 3.85955452919 -0.664615750313
    endloop
  endfacet
  facet normal 0 0 -1
    outer loop
      vertex 24.3705654144 3.85955452919 -11.7894983292
      vertex 22.8741798401 3.85955452919 -0.664615750313
      vertex 24.9608631134 3.85955452919 1.19710206985
    endloop
  endfacet
  facet normal -0 0 -1
    outer loop
      vertex 24.9608631134 3.85955452919 1.19710206985
      vertex 22.8741798401 3.85955452919 -0.664615750313
      vertex 23.0083408356 3.85955452919 2.28688549995
    endloop
  endfacet
  facet normal 0 0 -1
    outer loop
      vertex 24.9608631134 3.85955452919 1.19710206985
      vertex 23.0083408356 3.85955452919 2.28688549995
      vertex 24.0073013306 3.85955452919 2.24147057533
    endloop
  endfacet
  facet normal 0 0 -1
    outer loop
      vertex 24.0073013306 3.85955452919 2.24147057533
      vertex 24.1630153656 3.85955452919 2.22206330299
      vertex 24.9608631134 3.85955452919 1.19710206985
    endloop
  endfacet
  facet normal 0 0 -1
    outer loop
      vertex 24.9608631134 3.85955452919 1.19710206985
      vertex 24.1630153656 3.85955452919 2.22206330299
      vertex 24.3137836456 3.85955452919 2.17854428291
    endloop
  endfacet
  facet normal 0 0 -1
    outer loop
      vertex 24.9608631134 3.85955452919 1.19710206985
      vertex 24.3137836456 3.85955452919 2.17854428291
      vertex 24.4558811188 3.85955452919 2.11197566986
    endloop
  endfacet
  facet normal 0 0 -1
    outer loop
      vertex 24.4558811188 3.85955452919 2.11197566986
      vertex 24.5858078003 3.85955452919 2.02399373055
      vertex 24.9608631134 3.85955452919 1.19710206985
    endloop
  endfacet
  facet normal 0 0 -1
    outer loop
      vertex 24.9608631134 3.85955452919 1.19710206985
      vertex 24.5858078003 3.85955452919 2.02399373055
      vertex 24.7003803253 3.85955452919 1.91676974297
    endloop
  endfacet
  facet normal 0 0 -1
    outer loop
      vertex 24.9608631134 3.85955452919 1.19710206985
      vertex 24.7003803253 3.85955452919 1.91676974297
      vertex 24.7967700958 3.85955452919 1.79294681549
    endloop
  endfacet
  facet normal 0 0 -1
    outer loop
      vertex 24.7967700958 3.85955452919 1.79294681549
      vertex 24.8725986481 3.85955452919 1.65556943417
      vertex 24.9608631134 3.85955452919 1.19710206985
    endloop
  endfacet
  facet normal 0 0 -1
    outer loop
      vertex 24.9608631134 3.85955452919 1.19710206985
      vertex 24.8725986481 3.85955452919 1.65556943417
      vertex 24.9260063171 3.85955452919 1.50801253319
    endloop
  endfacet
  facet normal 0 0 -1
    outer loop
      vertex 24.9608631134 3.85955452919 1.19710206985
      vertex 24.9260063171 3.85955452919 1.50801253319
      vertex 24.9556713104 3.85955452919 1.35392606258
    endloop
  endfacet
  facet normal 0.0454151779413 0.998968183994 -0
    outer loop
      vertex 24.0073013306 3.85955452919 2.24147057533
      vertex 23.0083408356 3.85955452919 2.28688549995
      vertex 24.0073013306 -3.14044523239 2.24147057533
    endloop
  endfacet
  facet normal 0.0454148203135 0.998968243599 5.10382669461e-08
    outer loop
      vertex 24.0073013306 -3.14044523239 2.24147057533
      vertex 23.0083408356 3.85955452919 2.28688549995
      vertex 23.0083332062 -3.14044523239 2.28688549995
    endloop
  endfacet
  facet normal 0 0 1
    outer loop
      vertex 18.260061264 -3.14044523239 -14.0844078064
      vertex -2.21879887581 -3.14044523239 -13.1535482407
      vertex 18.1043071747 -3.14044523239 -17.5108604431
    endloop
  endfacet
  facet normal 0 0 1
    outer loop
      vertex 18.1043071747 -3.14044523239 -17.5108604431
      vertex -2.21879887581 -3.14044523239 -13.1535482407
      vertex -2.37454509735 -3.14044523239 -16.5800094604
    endloop
  endfacet
  facet normal 0.998968541622 -0.0454075187445 0
    outer loop
      vertex 24.3705654144 2.85955452919 -11.7894983292
      vertex 24.3705654144 3.85955452919 -11.7894983292
      vertex 24.9608631134 3.85955452919 1.19710206985
    endloop
  endfacet
  facet normal 0.998968541622 -0.0454075187445 0
    outer loop
      vertex 24.9608631134 -3.14044523239 1.19710206985
      vertex 24.3705654144 -3.14044523239 -11.7894983292
      vertex 24.3705654144 -2.14044523239 -11.7894983292
    endloop
  endfacet
  facet normal 0.998968541622 -0.0454070083797 0
    outer loop
      vertex 24.2343444824 -2.14044523239 -14.7864027023
      vertex 24.2343444824 2.85955452919 -14.7864027023
      vertex 24.3705654144 -2.14044523239 -11.7894983292
    endloop
  endfacet
  facet normal 0.998968541622 -0.0454070083797 0
    outer loop
      vertex 24.3705654144 -2.14044523239 -11.7894983292
      vertex 24.2343444824 2.85955452919 -14.7864027023
      vertex 24.3705654144 2.85955452919 -11.7894983292
    endloop
  endfacet
  facet normal 0.998968541622 -0.0454075187445 0
    outer loop
      vertex 24.3705654144 -2.14044523239 -11.7894983292
      vertex 24.3705654144 2.85955452919 -11.7894983292
      vertex 24.9608631134 -3.14044523239 1.19710206985
    endloop
  endfacet
  facet normal 0.998968541622 -0.0454075187445 0
    outer loop
      vertex 24.9608631134 -3.14044523239 1.19710206985
      vertex 24.3705654144 2.85955452919 -11.7894983292
      vertex 24.9608631134 3.85955452919 1.19710206985
    endloop
  endfacet
  facet normal -0.0454095639288 -0.998968482018 0
    outer loop
      vertex 18.1043071747 2.85955452919 -17.5108604431
      vertex 21.1012153625 2.85955452919 -17.6470890045
      vertex 21.1012153625 -2.14044523239 -17.6470890045
    endloop
  endfacet
  facet normal -0.0454126223922 -0.998968303204 1.69912509591e-05
    outer loop
      vertex 1.76857888699 1.98626458645 -16.7683162689
      vertex 1.46109831333 2.37057590485 -16.7543449402
      vertex 18.1043071747 -2.14044523239 -17.5108604431
    endloop
  endfacet
  facet normal -0.045405510813 -0.998968660831 1.26519680634e-05
    outer loop
      vertex -2.83759093285 -3.06703257561 -16.5589504242
      vertex -3.05482769012 -2.97695803642 -16.5490779877
      vertex -2.15228915215 -2.14572381973 -16.5901107788
    endloop
  endfacet
  facet normal -0.0454018451273 -0.998968780041 1.66407789948e-05
    outer loop
      vertex -2.15228915215 -2.14572381973 -16.5901107788
      vertex -3.05482769012 -2.97695803642 -16.5490779877
      vertex -3.25531244278 -2.85396909714 -16.5399684906
    endloop
  endfacet
  facet normal -0.0454181246459 -0.998968064785 -8.76610738487e-06
    outer loop
      vertex -2.15228915215 -2.14572381973 -16.5901107788
      vertex -3.25531244278 -2.85396909714 -16.5399684906
      vertex -3.43410825729 -2.70110988617 -16.5318374634
    endloop
  endfacet
  facet normal -0.045423053205 -0.998967826366 5.5550779507e-05
    outer loop
      vertex 1.46109831333 2.37057590485 -16.7543449402
      vertex 1.09348428249 2.69770741463 -16.7376480103
      vertex 18.1043071747 -2.14044523239 -17.5108604431
    endloop
  endfacet
  facet normal -0.0454098284245 -0.998968422413 8.96036362974e-06
    outer loop
      vertex 18.1043071747 -2.14044523239 -17.5108604431
      vertex 1.09348428249 2.69770741463 -16.7376480103
      vertex 0.676183700562 2.95836114883 -16.7186813354
    endloop
  endfacet
  facet normal -0.0453710816801 -0.998970210552 -0.000123751917272
    outer loop
      vertex 18.1043071747 -2.14044523239 -17.5108604431
      vertex 0.676183700562 2.95836114883 -16.7186813354
      vertex 0.221067547798 3.14511823654 -16.6979885101
    endloop
  endfacet
  facet normal -0.0454018451273 -0.998968780041 -1.66412046383e-05
    outer loop
      vertex -2.15228915215 2.86482906342 -16.5901107788
      vertex -3.25531244278 3.57308220863 -16.5399684906
      vertex -3.05482769012 3.69606328011 -16.5490779877
    endloop
  endfacet
  facet normal -0.0453880056739 -0.998969435692 1.15253715194e-05
    outer loop
      vertex -2.37454509735 -3.14044523239 -16.5800094604
      vertex -1.71047580242 -2.36213874817 -16.6101913452
      vertex -1.23862302303 -2.50116014481 -16.6316280365
    endloop
  endfacet
  facet normal -0.0454144254327 -0.998968243599 -2.05091026828e-07
    outer loop
      vertex -3.43410825729 -2.70110988617 -16.5318374634
      vertex -3.58681797981 -2.52211737633 -16.5248947144
      vertex -2.15228915215 -2.14572381973 -16.5901107788
    endloop
  endfacet
  facet normal -0.0454144440591 -0.998968243599 -2.87706228619e-07
    outer loop
      vertex -2.15228915215 -2.14572381973 -16.5901107788
      vertex -3.58681797981 -2.52211737633 -16.5248947144
      vertex -3.70967721939 -2.32142829895 -16.5193099976
    endloop
  endfacet
  facet normal -0.04540669173 -0.998968601227 6.85889826855e-05
    outer loop
      vertex -2.15228915215 -2.14572381973 -16.5901107788
      vertex -3.70967721939 -2.32142829895 -16.5193099976
      vertex -3.79965734482 -2.10396718979 -16.5152359009
    endloop
  endfacet
  facet normal -0.0454018563032 -0.998968780041 -3.16762680086e-07
    outer loop
      vertex -1.71047580242 -2.36213874817 -16.6101913452
      vertex -2.37454509735 -3.14044523239 -16.5800094604
      vertex -2.15228915215 -2.14572381973 -16.5901107788
    endloop
  endfacet
  facet normal -0.0454590953887 -0.998966217041 -1.3131664673e-05
    outer loop
      vertex -2.15228915215 -2.14572381973 -16.5901107788
      vertex -2.37454509735 -3.14044523239 -16.5800094604
      vertex -2.60895514488 -3.12198209763 -16.5693435669
    endloop
  endfacet
  facet normal -0.0454079248011 -0.998968541622 1.08530748548e-05
    outer loop
      vertex -2.15228915215 -2.14572381973 -16.5901107788
      vertex -2.60895514488 -3.12198209763 -16.5693435669
      vertex -2.83759093285 -3.06703257561 -16.5589504242
    endloop
  endfacet
  facet normal -0.045406986028 -0.998968541622 -4.39932910012e-06
    outer loop
      vertex 0.676183700562 -2.23925185204 -16.7186813354
      vertex 1.09348428249 -1.97860229015 -16.7376480103
      vertex 18.1043071747 -3.14044523239 -17.5108604431
    endloop
  endfacet
  facet normal -0.0454041324556 -0.998968720436 -4.62561620225e-05
    outer loop
      vertex 18.1043071747 -3.14044523239 -17.5108604431
      vertex 1.09348428249 -1.97860229015 -16.7376480103
      vertex 1.46109831333 -1.65146279335 -16.7543411255
    endloop
  endfacet
  facet normal -0.0454079918563 -0.998968541622 -3.05267417389e-06
    outer loop
      vertex 18.1043071747 -3.14044523239 -17.5108604431
      vertex 1.46109831333 -1.65146279335 -16.7543411255
      vertex 1.76857888699 -1.26715540886 -16.7683162689
    endloop
  endfacet
  facet normal -0.0454090125859 -0.998968482018 5.8860741774e-06
    outer loop
      vertex 1.76857888699 -1.26715540886 -16.7683162689
      vertex 2.00717782974 -0.836591482162 -16.7791652679
      vertex 18.1043071747 -3.14044523239 -17.5108604431
    endloop
  endfacet
  facet normal -0.0454115718603 -0.998968362808 2.38062893914e-05
    outer loop
      vertex 18.1043071747 -3.14044523239 -17.5108604431
      vertex 2.00717782974 -0.836591482162 -16.7791652679
      vertex 2.17012429237 -0.372011601925 -16.7865829468
    endloop
  endfacet
  facet normal -0.0454074442387 -0.998968541622 -0
    outer loop
      vertex 18.1043071747 -3.14044523239 -17.5108604431
      vertex 2.17012429237 -0.372011601925 -16.7865829468
      vertex 18.1043071747 -2.14044523239 -17.5108604431
    endloop
  endfacet
  facet normal -0.0454065687954 -0.998968601227 -7.90912145021e-06
    outer loop
      vertex 18.1043071747 -2.14044523239 -17.5108604431
      vertex 2.17012429237 -0.372011601925 -16.7865829468
      vertex 2.25276470184 0.11336799711 -16.7903366089
    endloop
  endfacet
  facet normal -0.0454076901078 -0.998968541622 -2.29222759167e-16
    outer loop
      vertex 18.1043071747 -2.14044523239 -17.5108604431
      vertex 2.25276470184 0.11336799711 -16.7903366089
      vertex 2.25276470184 0.605745077133 -16.7903366089
    endloop
  endfacet
  facet normal -0.0453927367926 -0.998969197273 -4.33071945736e-05
    outer loop
      vertex -0.750140011311 3.27796435356 -16.6538467407
      vertex -2.37454509735 3.85955452919 -16.5800094604
      vertex -0.258919388056 3.25267267227 -16.6761703491
    endloop
  endfacet
  facet normal -0.0454073771834 -0.998968541622 7.83235554991e-06
    outer loop
      vertex -0.258919388056 3.25267267227 -16.6761703491
      vertex -2.37454509735 3.85955452919 -16.5800094604
      vertex 18.1043071747 3.85955452919 -17.5108604431
    endloop
  endfacet
  facet normal -0.0454078763723 -0.998968541622 -7.34104651201e-06
    outer loop
      vertex -0.258919388056 3.25267267227 -16.6761703491
      vertex 18.1043071747 3.85955452919 -17.5108604431
      vertex 0.221067547798 3.14511823654 -16.6979885101
    endloop
  endfacet
  facet normal -0.0454075820744 -0.998968541622 1.24332737014e-16
    outer loop
      vertex 0.221067547798 3.14511823654 -16.6979885101
      vertex 18.1043071747 3.85955452919 -17.5108604431
      vertex 18.1043071747 2.85955452919 -17.5108604431
    endloop
  endfacet
  facet normal -0.0454075820744 -0.998968541622 0
    outer loop
      vertex 0.221067547798 3.14511823654 -16.6979885101
      vertex 18.1043071747 2.85955452919 -17.5108604431
      vertex 18.1043071747 -2.14044523239 -17.5108604431
    endloop
  endfacet
  facet normal -0.0454095639288 -0.998968482018 -0
    outer loop
      vertex 18.1043071747 -2.14044523239 -17.5108604431
      vertex 18.1043071747 2.85955452919 -17.5108604431
      vertex 21.1012153625 -2.14044523239 -17.6470890045
    endloop
  endfacet
  facet normal -0.0454107671976 -0.998968422413 0
    outer loop
      vertex -3.87299513817 2.35955452919 -16.5118923187
      vertex -2.15228915215 2.86482906342 -16.5901107788
      vertex -3.87299513817 -1.64044141769 -16.5118923187
    endloop
  endfacet
  facet normal -0.0454107671976 -0.998968422413 1.74026682685e-18
    outer loop
      vertex -3.87299513817 -1.64044141769 -16.5118923187
      vertex -2.15228915215 2.86482906342 -16.5901107788
      vertex -2.15228915215 -2.14572381973 -16.5901107788
    endloop
  endfacet
  facet normal -0.0454067327082 -0.998968601227 -1.37740262289e-05
    outer loop
      vertex -3.87299513817 -1.64044141769 -16.5118923187
      vertex -2.15228915215 -2.14572381973 -16.5901107788
      vertex -3.85454773903 -1.87509143353 -16.5127334595
    endloop
  endfacet
  facet normal -0.0454042032361 -0.998968720436 -2.97039841826e-05
    outer loop
      vertex -3.85454773903 -1.87509143353 -16.5127334595
      vertex -2.15228915215 -2.14572381973 -16.5901107788
      vertex -3.79965734482 -2.10396718979 -16.5152359009
    endloop
  endfacet
  facet normal -0.0454322174191 -0.998967409134 -6.71890302328e-05
    outer loop
      vertex -1.23862302303 -2.50116014481 -16.6316280365
      vertex -0.750140011311 -2.55885505676 -16.6538467407
      vertex -2.37454509735 -3.14044523239 -16.5800094604
    endloop
  endfacet
  facet normal -0.0453927367926 -0.998969197273 4.33071945736e-05
    outer loop
      vertex -2.37454509735 -3.14044523239 -16.5800094604
      vertex -0.750140011311 -2.55885505676 -16.6538467407
      vertex -0.258919388056 -2.53356337547 -16.6761703491
    endloop
  endfacet
  facet normal -0.0454073771834 -0.998968541622 -7.83235554991e-06
    outer loop
      vertex -2.37454509735 -3.14044523239 -16.5800094604
      vertex -0.258919388056 -2.53356337547 -16.6761703491
      vertex 18.1043071747 -3.14044523239 -17.5108604431
    endloop
  endfacet
  facet normal -0.0454078763723 -0.998968541622 7.34104651201e-06
    outer loop
      vertex 18.1043071747 -3.14044523239 -17.5108604431
      vertex -0.258919388056 -2.53356337547 -16.6761703491
      vertex 0.221067547798 -2.42600893974 -16.6979885101
    endloop
  endfacet
  facet normal -0.0454088412225 -0.998968482018 3.15468350891e-05
    outer loop
      vertex 18.1043071747 -3.14044523239 -17.5108604431
      vertex 0.221067547798 -2.42600893974 -16.6979885101
      vertex 0.676183700562 -2.23925185204 -16.7186813354
    endloop
  endfacet
  facet normal -0.0454091355205 -0.998968482018 8.34685488371e-06
    outer loop
      vertex 2.25276470184 0.605745077133 -16.7903366089
      vertex 2.17012429237 1.09112071991 -16.7865829468
      vertex 18.1043071747 -2.14044523239 -17.5108604431
    endloop
  endfacet
  facet normal -0.0454019419849 -0.998968780041 -2.71911831078e-05
    outer loop
      vertex 18.1043071747 -2.14044523239 -17.5108604431
      vertex 2.17012429237 1.09112071991 -16.7865829468
      vertex 2.00717782974 1.55570054054 -16.7791652679
    endloop
  endfacet
  facet normal -0.0454065054655 -0.998968601227 -7.27912265575e-06
    outer loop
      vertex 18.1043071747 -2.14044523239 -17.5108604431
      vertex 2.00717782974 1.55570054054 -16.7791652679
      vertex 1.76857888699 1.98626458645 -16.7683162689
    endloop
  endfacet
  facet normal -0.0454322174191 -0.998967409134 6.71901652822e-05
    outer loop
      vertex -0.750140011311 3.27796435356 -16.6538467407
      vertex -1.23862302303 3.2202732563 -16.6316280365
      vertex -2.37454509735 3.85955452919 -16.5800094604
    endloop
  endfacet
  facet normal -0.0453880093992 -0.998969435692 -1.15253060358e-05
    outer loop
      vertex -2.37454509735 3.85955452919 -16.5800094604
      vertex -1.23862302303 3.2202732563 -16.6316280365
      vertex -1.71047580242 3.08124780655 -16.6101913452
    endloop
  endfacet
  facet normal -0.0454564318061 -0.99896633625 4.69772785436e-05
    outer loop
      vertex -2.37454509735 3.85955452919 -16.5800094604
      vertex -1.71047580242 3.08124780655 -16.6101913452
      vertex -2.60895514488 3.84108710289 -16.5693435669
    endloop
  endfacet
  facet normal -0.0454074330628 -0.998968541622 -1.10845139716e-05
    outer loop
      vertex -2.60895514488 3.84108710289 -16.5693435669
      vertex -1.71047580242 3.08124780655 -16.6101913452
      vertex -2.15228915215 2.86482906342 -16.5901107788
    endloop
  endfacet
  facet normal -0.0454079248011 -0.998968541622 -1.08531530714e-05
    outer loop
      vertex -2.60895514488 3.84108710289 -16.5693435669
      vertex -2.15228915215 2.86482906342 -16.5901107788
      vertex -2.83759093285 3.78614163399 -16.5589504242
    endloop
  endfacet
  facet normal -0.045405510813 -0.998968660831 -1.26517961689e-05
    outer loop
      vertex -2.83759093285 3.78614163399 -16.5589504242
      vertex -2.15228915215 2.86482906342 -16.5901107788
      vertex -3.05482769012 3.69606328011 -16.5490779877
    endloop
  endfacet
  facet normal -0.0454067327082 -0.998968601227 1.37737843033e-05
    outer loop
      vertex -3.87299513817 2.35955452919 -16.5118923187
      vertex -3.85454773903 2.59420847893 -16.5127334595
      vertex -2.15228915215 2.86482906342 -16.5901107788
    endloop
  endfacet
  facet normal -0.0454042032361 -0.998968720436 2.97044625768e-05
    outer loop
      vertex -2.15228915215 2.86482906342 -16.5901107788
      vertex -3.85454773903 2.59420847893 -16.5127334595
      vertex -3.79965734482 2.82308030128 -16.5152359009
    endloop
  endfacet
  facet normal -0.04540669173 -0.998968601227 -6.85875857016e-05
    outer loop
      vertex -2.15228915215 2.86482906342 -16.5901107788
      vertex -3.79965734482 2.82308030128 -16.5152359009
      vertex -3.70967721939 3.04054522514 -16.5193099976
    endloop
  endfacet
  facet normal -0.0454144440591 -0.998968243599 2.87704978064e-07
    outer loop
      vertex -3.70967721939 3.04054522514 -16.5193099976
      vertex -3.58681797981 3.24123430252 -16.5248947144
      vertex -2.15228915215 2.86482906342 -16.5901107788
    endloop
  endfacet
  facet normal -0.0454144254327 -0.998968243599 2.05100889161e-07
    outer loop
      vertex -2.15228915215 2.86482906342 -16.5901107788
      vertex -3.58681797981 3.24123430252 -16.5248947144
      vertex -3.43410825729 3.42021512985 -16.5318374634
    endloop
  endfacet
  facet normal -0.0454181246459 -0.998968064785 8.76580816112e-06
    outer loop
      vertex -2.15228915215 2.86482906342 -16.5901107788
      vertex -3.43410825729 3.42021512985 -16.5318374634
      vertex -3.25531244278 3.57308220863 -16.5399684906
    endloop
  endfacet
  facet normal 0.999452412128 0.0330894701183 0
    outer loop
      vertex 24.9608631134 -3.14044523239 1.19710206985
      vertex 24.9608631134 3.85955452919 1.19710206985
      vertex 24.9556713104 3.85955452919 1.35392606258
    endloop
  endfacet
  facet normal 0.999452412128 0.0330894701183 -1.08447449585e-19
    outer loop
      vertex 24.9608631134 -3.14044523239 1.19710206985
      vertex 24.9556713104 3.85955452919 1.35392606258
      vertex 24.9556713104 -3.14044523239 1.35392606258
    endloop
  endfacet
  facet normal 0.981966733932 0.189053788781 0
    outer loop
      vertex 24.9556713104 -3.14044523239 1.35392606258
      vertex 24.9556713104 3.85955452919 1.35392606258
      vertex 24.9260063171 3.85955452919 1.50801253319
    endloop
  endfacet
  facet normal 0.981966733932 0.189053788781 0
    outer loop
      vertex 24.9556713104 -3.14044523239 1.35392606258
      vertex 24.9260063171 3.85955452919 1.50801253319
      vertex 24.9260063171 -3.14044523239 1.50801253319
    endloop
  endfacet
  facet normal 0.940303206444 0.34033793211 0
    outer loop
      vertex 24.9260063171 -3.14044523239 1.50801253319
      vertex 24.9260063171 3.85955452919 1.50801253319
      vertex 24.8725986481 3.85955452919 1.65556943417
    endloop
  endfacet
  facet normal 0.940303206444 0.34033793211 0
    outer loop
      vertex 24.9260063171 -3.14044523239 1.50801253319
      vertex 24.8725986481 3.85955452919 1.65556943417
      vertex 24.8725986481 -3.14044523239 1.65556943417
    endloop
  endfacet
  facet normal 0.875487744808 0.48324033618 0
    outer loop
      vertex 24.8725986481 -3.14044523239 1.65556943417
      vertex 24.8725986481 3.85955452919 1.65556943417
      vertex 24.7967700958 3.85955452919 1.79294681549
    endloop
  endfacet
  facet normal 0.875487744808 0.48324033618 0
    outer loop
      vertex 24.8725986481 -3.14044523239 1.65556943417
      vertex 24.7967700958 3.85955452919 1.79294681549
      vertex 24.7967700958 -3.14044523239 1.79294681549
    endloop
  endfacet
  facet normal 0.789090275764 0.614277243614 0
    outer loop
      vertex 24.7967700958 -3.14044523239 1.79294681549
      vertex 24.7967700958 3.85955452919 1.79294681549
      vertex 24.7003803253 3.85955452919 1.91676974297
    endloop
  endfacet
  facet normal 0.789090275764 0.614277243614 0
    outer loop
      vertex 24.7967700958 -3.14044523239 1.79294681549
      vertex 24.7003803253 3.85955452919 1.91676974297
      vertex 24.7003803253 -3.14044523239 1.91676974297
    endloop
  endfacet
  facet normal 0.683307170868 0.730131030083 0
    outer loop
      vertex 24.7003803253 -3.14044523239 1.91676974297
      vertex 24.7003803253 3.85955452919 1.91676974297
      vertex 24.5858078003 3.85955452919 2.02399373055
    endloop
  endfacet
  facet normal 0.683307170868 0.730131030083 -1.73515919336e-18
    outer loop
      vertex 24.7003803253 -3.14044523239 1.91676974297
      vertex 24.5858078003 3.85955452919 2.02399373055
      vertex 24.5858078003 -3.14044523239 2.02399373055
    endloop
  endfacet
  facet normal 0.560701787472 0.828017830849 0
    outer loop
      vertex 24.5858078003 -3.14044523239 2.02399373055
      vertex 24.5858078003 3.85955452919 2.02399373055
      vertex 24.4558811188 3.85955452919 2.11197566986
    endloop
  endfacet
  facet normal 0.560701787472 0.828017830849 -1.73515919336e-18
    outer loop
      vertex 24.5858078003 -3.14044523239 2.02399373055
      vertex 24.4558811188 3.85955452919 2.11197566986
      vertex 24.4558811188 -3.14044523239 2.11197566986
    endloop
  endfacet
  facet normal 0.424227058887 0.905555844307 0
    outer loop
      vertex 24.4558811188 -3.14044523239 2.11197566986
      vertex 24.4558811188 3.85955452919 2.11197566986
      vertex 24.3137836456 3.85955452919 2.17854428291
    endloop
  endfacet
  facet normal 0.424227058887 0.905555844307 0
    outer loop
      vertex 24.4558811188 -3.14044523239 2.11197566986
      vertex 24.3137836456 3.85955452919 2.17854428291
      vertex 24.3137836456 -3.14044523239 2.17854428291
    endloop
  endfacet
  facet normal 0.277328848839 0.960775077343 0
    outer loop
      vertex 24.3137836456 -3.14044523239 2.17854428291
      vertex 24.3137836456 3.85955452919 2.17854428291
      vertex 24.1630153656 3.85955452919 2.22206330299
    endloop
  endfacet
  facet normal 0.277328848839 0.960775077343 -8.6757970008e-19
    outer loop
      vertex 24.3137836456 -3.14044523239 2.17854428291
      vertex 24.1630153656 3.85955452919 2.22206330299
      vertex 24.1630153656 -3.14044523239 2.22206330299
    endloop
  endfacet
  facet normal 0.123676858842 0.992322564125 0
    outer loop
      vertex 24.1630153656 -3.14044523239 2.22206330299
      vertex 24.1630153656 3.85955452919 2.22206330299
      vertex 24.0073013306 3.85955452919 2.24147057533
    endloop
  endfacet
  facet normal 0.123676858842 0.992322564125 0
    outer loop
      vertex 24.1630153656 -3.14044523239 2.22206330299
      vertex 24.0073013306 3.85955452919 2.24147057533
      vertex 24.0073013306 -3.14044523239 2.24147057533
    endloop
  endfacet
  facet normal 0.995887458324 -0.0452687628567 0.0784790366888
    outer loop
      vertex 22.0547771454 -4.14044523239 3.33125400543
      vertex 21.8731422424 -4.14044523239 -0.664615750313
      vertex 21.8854694366 -3.98401451111 -0.664615750313
    endloop
  endfacet
  facet normal 0.995886564255 -0.0452691428363 0.0784896463156
    outer loop
      vertex 22.0547771454 -4.14044523239 3.33125400543
      vertex 21.8854694366 -3.98401451111 -0.664615750313
      vertex 22.0599765778 -3.98401451111 3.17442202568
    endloop
  endfacet
  facet normal 0.971359789371 -0.0441542491317 0.233474910259
    outer loop
      vertex 22.0599765778 -3.98401451111 3.17442202568
      vertex 21.8854694366 -3.98401451111 -0.664615750313
      vertex 21.9221439362 -3.8314306736 -0.664615750313
    endloop
  endfacet
  facet normal 0.971379458904 -0.0441517233849 0.233393505216
    outer loop
      vertex 22.0599765778 -3.98401451111 3.17442202568
      vertex 21.9221439362 -3.8314306736 -0.664615750313
      vertex 22.0896339417 -3.8314306736 3.02033567429
    endloop
  endfacet
  facet normal 0.922951817513 -0.0419505611062 0.382622599602
    outer loop
      vertex 22.0896339417 -3.8314306736 3.02033567429
      vertex 21.9221439362 -3.8314306736 -0.664615750313
      vertex 21.9822463989 -3.68645405769 -0.664615750313
    endloop
  endfacet
  facet normal 0.922923922539 -0.0419523864985 0.382689744234
    outer loop
      vertex 22.0896339417 -3.8314306736 3.02033567429
      vertex 21.9822463989 -3.68645405769 -0.664615750313
      vertex 22.1430416107 -3.68645405769 2.87278652191
    endloop
  endfacet
  facet normal 0.851730883121 -0.0387162417173 0.522547185421
    outer loop
      vertex 22.1430416107 -3.68645405769 2.87278652191
      vertex 21.9822463989 -3.68645405769 -0.664615750313
      vertex 22.06432724 -3.55266404152 -0.664615750313
    endloop
  endfacet
  facet normal 0.851754903793 -0.0387152954936 0.522508144379
    outer loop
      vertex 22.1430416107 -3.68645405769 2.87278652191
      vertex 22.06432724 -3.55266404152 -0.664615750313
      vertex 22.218870163 -3.55266404152 2.73540139198
    endloop
  endfacet
  facet normal 0.759648144245 -0.0345287173986 0.649417042732
    outer loop
      vertex 22.218870163 -3.55266404152 2.73540139198
      vertex 22.06432724 -3.55266404152 -0.664615750313
      vertex 22.1663360596 -3.43334078789 -0.664615750313
    endloop
  endfacet
  facet normal 0.759636878967 -0.034529004246 0.649430215359
    outer loop
      vertex 22.218870163 -3.55266404152 2.73540139198
      vertex 22.1663360596 -3.43334078789 -0.664615750313
      vertex 22.3152542114 -3.43334078789 2.61157846451
    endloop
  endfacet
  facet normal 0.648778617382 -0.0294899847358 0.760405600071
    outer loop
      vertex 22.3152542114 -3.43334078789 2.61157846451
      vertex 22.1663360596 -3.43334078789 -0.664615750313
      vertex 22.285785675 -3.3314268589 -0.664615750313
    endloop
  endfacet
  facet normal 0.648764610291 -0.029490230605 0.760417521
    outer loop
      vertex 22.3152542114 -3.43334078789 2.61157846451
      vertex 22.285785675 -3.3314268589 -0.664615750313
      vertex 22.4298343658 -3.3314268589 2.50435447693
    endloop
  endfacet
  facet normal 0.382266044617 -0.0173753071576 0.923888921738
    outer loop
      vertex 22.4197177887 -3.24943947792 -0.664615750313
      vertex 22.5648441315 -3.18939232826 -0.664615750313
      vertex 22.7018585205 -3.18939232826 2.34980392456
    endloop
  endfacet
  facet normal 0.346464723349 -0.0137440552935 0.937962293625
    outer loop
      vertex 22.7018585205 -3.18939232826 2.34980392456
      vertex 22.6295089722 -3.21656417847 2.38030338287
      vertex 22.4197177887 -3.24943947792 -0.664615750313
    endloop
  endfacet
  facet normal 0.418224215508 -0.0190101284534 0.908144891262
    outer loop
      vertex 22.4197177887 -3.24943947792 -0.664615750313
      vertex 22.6295089722 -3.21656417847 2.38030338287
      vertex 22.5597610474 -3.24943947792 2.41637253761
    endloop
  endfacet
  facet normal 0.521953344345 -0.0237250737846 0.852644026279
    outer loop
      vertex 22.4197177887 -3.24943947792 -0.664615750313
      vertex 22.5597610474 -3.24943947792 2.41637253761
      vertex 22.285785675 -3.3314268589 -0.664615750313
    endloop
  endfacet
  facet normal 0.489036560059 -0.0202821455896 0.87202745676
    outer loop
      vertex 22.285785675 -3.3314268589 -0.664615750313
      vertex 22.5597610474 -3.24943947792 2.41637253761
      vertex 22.4930667877 -3.28780555725 2.45780682564
    endloop
  endfacet
  facet normal 0.555010318756 -0.0252285357565 0.831460833549
    outer loop
      vertex 22.285785675 -3.3314268589 -0.664615750313
      vertex 22.4930667877 -3.28780555725 2.45780682564
      vertex 22.4298343658 -3.3314268589 2.50435447693
    endloop
  endfacet
  facet normal 0.0783810764551 -0.00356280151755 0.996917128563
    outer loop
      vertex 22.71758461 -3.15275669098 -0.664615750313
      vertex 22.8741722107 -3.14044523239 -0.664615750313
      vertex 23.0083332062 -3.14044523239 2.28688549995
    endloop
  endfacet
  facet normal 0.0394104197621 0.000285760033876 0.999223053455
    outer loop
      vertex 23.0083332062 -3.14044523239 2.28688549995
      vertex 22.93009758 -3.14352917671 2.29352498055
      vertex 22.71758461 -3.15275669098 -0.664615750313
    endloop
  endfacet
  facet normal 0.11740604043 -0.00533664785326 0.993069648743
    outer loop
      vertex 22.71758461 -3.15275669098 -0.664615750313
      vertex 22.93009758 -3.14352917671 2.29352498055
      vertex 22.8526248932 -3.15275669098 2.30628490448
    endloop
  endfacet
  facet normal 0.233225360513 -0.0106011712924 0.972364902496
    outer loop
      vertex 22.71758461 -3.15275669098 -0.664615750313
      vertex 22.8526248932 -3.15275669098 2.30628490448
      vertex 22.5648441315 -3.18939232826 -0.664615750313
    endloop
  endfacet
  facet normal 0.195349007845 -0.00682929484174 0.980710029602
    outer loop
      vertex 22.5648441315 -3.18939232826 -0.664615750313
      vertex 22.8526248932 -3.15275669098 2.30628490448
      vertex 22.7763881683 -3.16807341576 2.32507872581
    endloop
  endfacet
  facet normal 0.271212607622 -0.0123275462538 0.962440490723
    outer loop
      vertex 22.5648441315 -3.18939232826 -0.664615750313
      vertex 22.7763881683 -3.16807341576 2.32507872581
      vertex 22.7018585205 -3.18939232826 2.34980392456
    endloop
  endfacet
  facet normal 0.999450802803 0.0331378914416 -0
    outer loop
      vertex 22.0547771454 4.85955429077 3.33125400543
      vertex 22.0547771454 -4.14044523239 3.33125400543
      vertex 22.0599765778 -3.98401451111 3.17442202568
    endloop
  endfacet
  facet normal 0.999450802803 0.0331378914416 7.7937351518e-20
    outer loop
      vertex 22.0547771454 4.85955429077 3.33125400543
      vertex 22.0599765778 -3.98401451111 3.17442202568
      vertex 22.0599765778 4.70311975479 3.17442202568
    endloop
  endfacet
  facet normal 0.981976032257 0.189005449414 -0
    outer loop
      vertex 22.0599765778 4.70311975479 3.17442202568
      vertex 22.0599765778 -3.98401451111 3.17442202568
      vertex 22.0896339417 -3.8314306736 3.02033567429
    endloop
  endfacet
  facet normal 0.981976032257 0.189005449414 -6.16028750827e-19
    outer loop
      vertex 22.0599765778 4.70311975479 3.17442202568
      vertex 22.0896339417 -3.8314306736 3.02033567429
      vertex 22.0896339417 4.5505361557 3.02033567429
    endloop
  endfacet
  facet normal 0.940297365189 0.340353965759 -0
    outer loop
      vertex 22.0896339417 4.5505361557 3.02033567429
      vertex 22.0896339417 -3.8314306736 3.02033567429
      vertex 22.1430416107 -3.68645405769 2.87278652191
    endloop
  endfacet
  facet normal 0.940297365189 0.340353965759 0
    outer loop
      vertex 22.0896339417 4.5505361557 3.02033567429
      vertex 22.1430416107 -3.68645405769 2.87278652191
      vertex 22.1430416107 4.40556335449 2.87278652191
    endloop
  endfacet
  facet normal 0.875496804714 0.483223944902 -0
    outer loop
      vertex 22.1430416107 4.40556335449 2.87278652191
      vertex 22.1430416107 -3.68645405769 2.87278652191
      vertex 22.218870163 -3.55266404152 2.73540139198
    endloop
  endfacet
  facet normal 0.875496804714 0.483223944902 -1.159544988e-18
    outer loop
      vertex 22.1430416107 4.40556335449 2.87278652191
      vertex 22.218870163 -3.55266404152 2.73540139198
      vertex 22.218870163 4.27176904678 2.73540139198
    endloop
  endfacet
  facet normal 0.78911459446 0.61424601078 -0
    outer loop
      vertex 22.218870163 4.27176904678 2.73540139198
      vertex 22.218870163 -3.55266404152 2.73540139198
      vertex 22.3152542114 -3.43334078789 2.61157846451
    endloop
  endfacet
  facet normal 0.789089918137 0.614277720451 8.18318198981e-07
    outer loop
      vertex 22.218870163 4.27176904678 2.73540139198
      vertex 22.3152542114 -3.43334078789 2.61157846451
      vertex 22.3152618408 4.15244579315 2.61157846451
    endloop
  endfacet
  facet normal 0.683282494545 0.73015409708 7.08591642251e-07
    outer loop
      vertex 22.3152618408 4.15244579315 2.61157846451
      vertex 22.3152542114 -3.43334078789 2.61157846451
      vertex 22.4298343658 -3.3314268589 2.50435447693
    endloop
  endfacet
  facet normal 0.683307170868 0.730131030083 0
    outer loop
      vertex 22.3152618408 4.15244579315 2.61157846451
      vertex 22.4298343658 -3.3314268589 2.50435447693
      vertex 22.4298343658 4.0505361557 2.50435447693
    endloop
  endfacet
  facet normal 0.592826426029 0.805330216885 -0
    outer loop
      vertex 22.4298343658 4.0505361557 2.50435447693
      vertex 22.4298343658 -3.3314268589 2.50435447693
      vertex 22.4930667877 4.00691461563 2.45780682564
    endloop
  endfacet
  facet normal 0.592826426029 0.805330216885 -0
    outer loop
      vertex 22.4930667877 4.00691461563 2.45780682564
      vertex 22.4298343658 -3.3314268589 2.50435447693
      vertex 22.4930667877 -3.28780555725 2.45780682564
    endloop
  endfacet
  facet normal 0.527664601803 0.849452793598 -0
    outer loop
      vertex 22.4930667877 4.00691461563 2.45780682564
      vertex 22.4930667877 -3.28780555725 2.45780682564
      vertex 22.5597686768 3.9685485363 2.41637253761
    endloop
  endfacet
  facet normal 0.527709722519 0.849424779415 5.75142280468e-07
    outer loop
      vertex 22.5597686768 3.9685485363 2.41637253761
      vertex 22.4930667877 -3.28780555725 2.45780682564
      vertex 22.5597610474 -3.24943947792 2.41637253761
    endloop
  endfacet
  facet normal 0.459395468235 0.888231813908 5.00687690419e-07
    outer loop
      vertex 22.5597686768 3.9685485363 2.41637253761
      vertex 22.5597610474 -3.24943947792 2.41637253761
      vertex 22.6295089722 3.93567728996 2.38030338287
    endloop
  endfacet
  facet normal 0.459354788065 0.888252913952 -0
    outer loop
      vertex 22.6295089722 3.93567728996 2.38030338287
      vertex 22.5597610474 -3.24943947792 2.41637253761
      vertex 22.6295089722 -3.21656417847 2.38030338287
    endloop
  endfacet
  facet normal 0.388410806656 0.921486318111 -0
    outer loop
      vertex 22.6295089722 3.93567728996 2.38030338287
      vertex 22.6295089722 -3.21656417847 2.38030338287
      vertex 22.7018661499 3.90849757195 2.34980392456
    endloop
  endfacet
  facet normal 0.388446778059 0.921471178532 4.30525261663e-07
    outer loop
      vertex 22.6295089722 -3.21656417847 2.38030338287
      vertex 22.7018585205 -3.18939232826 2.34980392456
      vertex 22.7018661499 3.90849757195 2.34980392456
    endloop
  endfacet
  facet normal 0.31487506628 0.949133098125 3.48983888898e-07
    outer loop
      vertex 22.7018661499 3.90849757195 2.34980392456
      vertex 22.7018585205 -3.18939232826 2.34980392456
      vertex 22.7763881683 -3.16807341576 2.32507872581
    endloop
  endfacet
  facet normal 0.314904928207 0.949123203754 -4.50762613933e-19
    outer loop
      vertex 22.7018661499 3.90849757195 2.34980392456
      vertex 22.7763881683 -3.16807341576 2.32507872581
      vertex 22.7763881683 3.88718247414 2.32507872581
    endloop
  endfacet
  facet normal 0.239351838827 0.970932900906 -0
    outer loop
      vertex 22.7763881683 3.88718247414 2.32507872581
      vertex 22.7763881683 -3.16807341576 2.32507872581
      vertex 22.8526248932 3.87186598778 2.30628490448
    endloop
  endfacet
  facet normal 0.0845627933741 0.996418178082 9.50336982442e-08
    outer loop
      vertex 22.93009758 -3.14352917671 2.29352498055
      vertex 23.0083332062 -3.14044523239 2.28688549995
      vertex 23.0083408356 3.85955452919 2.28688549995
    endloop
  endfacet
  facet normal 0.239351838827 0.970932900906 0
    outer loop
      vertex 22.7763881683 -3.16807341576 2.32507872581
      vertex 22.8526248932 -3.15275669098 2.30628490448
      vertex 22.8526248932 3.87186598778 2.30628490448
    endloop
  endfacet
  facet normal 0.162513971329 0.986706256866 -0
    outer loop
      vertex 22.8526248932 3.87186598778 2.30628490448
      vertex 22.8526248932 -3.15275669098 2.30628490448
      vertex 22.93009758 -3.14352917671 2.29352498055
    endloop
  endfacet
  facet normal 0.162513971329 0.986706256866 0
    outer loop
      vertex 22.8526248932 3.87186598778 2.30628490448
      vertex 22.93009758 -3.14352917671 2.29352498055
      vertex 22.93009758 3.86263418198 2.29352498055
    endloop
  endfacet
  facet normal 0.0845543444157 0.996418893337 -0
    outer loop
      vertex 22.93009758 3.86263418198 2.29352498055
      vertex 22.93009758 -3.14352917671 2.29352498055
      vertex 23.0083408356 3.85955452919 2.28688549995
    endloop
  endfacet
  facet normal 0.0391811393201 -0.00178097363096 -0.999230563641
    outer loop
      vertex 23.0083408356 3.85955452919 2.28688549995
      vertex 22.8741798401 3.85955452919 -0.664615750313
      vertex 22.93009758 3.86263418198 2.29352498055
    endloop
  endfacet
  facet normal 0.0783774107695 -0.00251948903315 -0.996920585632
    outer loop
      vertex 22.93009758 3.86263418198 2.29352498055
      vertex 22.8741798401 3.85955452919 -0.664615750313
      vertex 22.71758461 3.87186598778 -0.664615750313
    endloop
  endfacet
  facet normal 0.117455393076 -0.00533889094368 -0.993063807487
    outer loop
      vertex 22.93009758 3.86263418198 2.29352498055
      vertex 22.71758461 3.87186598778 -0.664615750313
      vertex 22.8526248932 3.87186598778 2.30628490448
    endloop
  endfacet
  facet normal 0.194865092635 -0.00885752029717 -0.98079007864
    outer loop
      vertex 22.8526248932 3.87186598778 2.30628490448
      vertex 22.71758461 3.87186598778 -0.664615750313
      vertex 22.7763881683 3.88718247414 2.32507872581
    endloop
  endfacet
  facet normal 0.233204096556 -0.00956852920353 -0.972380757332
    outer loop
      vertex 22.7763881683 3.88718247414 2.32507872581
      vertex 22.71758461 3.87186598778 -0.664615750313
      vertex 22.5648441315 3.90849757195 -0.664615750313
    endloop
  endfacet
  facet normal 0.271192163229 -0.012327324599 -0.962446272373
    outer loop
      vertex 22.7763881683 3.88718247414 2.32507872581
      vertex 22.5648441315 3.90849757195 -0.664615750313
      vertex 22.7018661499 3.90849757195 2.34980392456
    endloop
  endfacet
  facet normal 0.345780313015 -0.0157178062946 -0.93818384409
    outer loop
      vertex 22.7018661499 3.90849757195 2.34980392456
      vertex 22.5648441315 3.90849757195 -0.664615750313
      vertex 22.6295089722 3.93567728996 2.38030338287
    endloop
  endfacet
  facet normal 0.38229393959 -0.0163657106459 -0.923895835876
    outer loop
      vertex 22.6295089722 3.93567728996 2.38030338287
      vertex 22.5648441315 3.90849757195 -0.664615750313
      vertex 22.4197177887 3.9685485363 -0.664615750313
    endloop
  endfacet
  facet normal 0.41822052002 -0.019011028111 -0.908146560192
    outer loop
      vertex 22.6295089722 3.93567728996 2.38030338287
      vertex 22.4197177887 3.9685485363 -0.664615750313
      vertex 22.5597686768 3.9685485363 2.41637253761
    endloop
  endfacet
  facet normal 0.488078027964 -0.0221865363419 -0.872517943382
    outer loop
      vertex 22.5597686768 3.9685485363 2.41637253761
      vertex 22.4197177887 3.9685485363 -0.664615750313
      vertex 22.4930667877 4.00691461563 2.45780682564
    endloop
  endfacet
  facet normal 0.521965324879 -0.0227386392653 -0.852663576603
    outer loop
      vertex 22.4930667877 4.00691461563 2.45780682564
      vertex 22.4197177887 3.9685485363 -0.664615750313
      vertex 22.285785675 4.0505361557 -0.664615750313
    endloop
  endfacet
  facet normal 0.555010318756 -0.0252285357565 -0.831460833549
    outer loop
      vertex 22.4930667877 4.00691461563 2.45780682564
      vertex 22.285785675 4.0505361557 -0.664615750313
      vertex 22.4298343658 4.0505361557 2.50435447693
    endloop
  endfacet
  facet normal 0.648788809776 -0.0294913295656 -0.760396838188
    outer loop
      vertex 22.4298343658 4.0505361557 2.50435447693
      vertex 22.285785675 4.0505361557 -0.664615750313
      vertex 22.166343689 4.15244579315 -0.664615750313
    endloop
  endfacet
  facet normal 0.648775339127 -0.0294898357242 -0.760408401489
    outer loop
      vertex 22.4298343658 4.0505361557 2.50435447693
      vertex 22.166343689 4.15244579315 -0.664615750313
      vertex 22.3152618408 4.15244579315 2.61157846451
    endloop
  endfacet
  facet normal 0.759623408318 -0.0345283932984 -0.649445950985
    outer loop
      vertex 22.3152618408 4.15244579315 2.61157846451
      vertex 22.166343689 4.15244579315 -0.664615750313
      vertex 22.06432724 4.27176904678 -0.664615750313
    endloop
  endfacet
  facet normal 0.759612560272 -0.0345271006227 -0.649458706379
    outer loop
      vertex 22.3152618408 4.15244579315 2.61157846451
      vertex 22.06432724 4.27176904678 -0.664615750313
      vertex 22.218870163 4.27176904678 2.73540139198
    endloop
  endfacet
  facet normal 0.851760089397 -0.0387155339122 -0.522499680519
    outer loop
      vertex 22.218870163 4.27176904678 2.73540139198
      vertex 22.06432724 4.27176904678 -0.664615750313
      vertex 21.9822540283 4.40556335449 -0.664615750313
    endloop
  endfacet
  facet normal 0.851761639118 -0.0387157462537 -0.522497057915
    outer loop
      vertex 22.218870163 4.27176904678 2.73540139198
      vertex 21.9822540283 4.40556335449 -0.664615750313
      vertex 22.1430416107 4.40556335449 2.87278652191
    endloop
  endfacet
  facet normal 0.922930419445 -0.0419506318867 -0.382674187422
    outer loop
      vertex 22.1430416107 4.40556335449 2.87278652191
      vertex 21.9822540283 4.40556335449 -0.664615750313
      vertex 21.9221439362 4.5505361557 -0.664615750313
    endloop
  endfacet
  facet normal 0.922921478748 -0.0419491790235 -0.382695972919
    outer loop
      vertex 22.1430416107 4.40556335449 2.87278652191
      vertex 21.9221439362 4.5505361557 -0.664615750313
      vertex 22.0896339417 4.5505361557 3.02033567429
    endloop
  endfacet
  facet normal 0.971359968185 -0.0441508330405 -0.233474954963
    outer loop
      vertex 22.0896339417 4.5505361557 3.02033567429
      vertex 21.9221439362 4.5505361557 -0.664615750313
      vertex 21.8854694366 4.70311975479 -0.664615750313
    endloop
  endfacet
  facet normal 0.971378564835 -0.0441551022232 -0.233396738768
    outer loop
      vertex 22.0896339417 4.5505361557 3.02033567429
      vertex 21.8854694366 4.70311975479 -0.664615750313
      vertex 22.0599765778 4.70311975479 3.17442202568
    endloop
  endfacet
  facet normal 0.99589151144 -0.0452693663538 -0.0784272998571
    outer loop
      vertex 22.0599765778 4.70311975479 3.17442202568
      vertex 21.8854694366 4.70311975479 -0.664615750313
      vertex 21.8731498718 4.85955429077 -0.664615750313
    endloop
  endfacet
  facet normal 0.995887041092 -0.0452667847276 -0.0784853249788
    outer loop
      vertex 22.0599765778 4.70311975479 3.17442202568
      vertex 21.8731498718 4.85955429077 -0.664615750313
      vertex 22.0547771454 4.85955429077 3.33125400543
    endloop
  endfacet
  facet normal 0.0454188734293 0.99896800518 0
    outer loop
      vertex 18.260061264 -2.14044523239 -14.0844078064
      vertex 18.7369213104 -2.14044523239 -14.1060886383
      vertex 18.7369213104 2.85955452919 -14.1060886383
    endloop
  endfacet
  facet normal 0.0454053729773 0.998968660831 0.000124804719235
    outer loop
      vertex 0.376821696758 3.14511823654 -13.2715387344
      vertex 18.260061264 2.85955452919 -14.0844078064
      vertex -0.103173099458 3.25267267227 -13.2497081757
    endloop
  endfacet
  facet normal 0.0454286932945 0.998967111111 -0.000967609055806
    outer loop
      vertex -0.103173099458 3.25267267227 -13.2497081757
      vertex 18.260061264 2.85955452919 -14.0844078064
      vertex -0.594393789768 3.27796435356 -13.227394104
    endloop
  endfacet
  facet normal 0.0454087033868 0.998968482018 7.18142382539e-06
    outer loop
      vertex 2.32586860657 1.09112071991 -13.360121727
      vertex 2.40851688385 0.605745077133 -13.3638820648
      vertex 18.260061264 2.85955452919 -14.0844078064
    endloop
  endfacet
  facet normal 0.0454188734293 0.99896800518 7.88544930401e-05
    outer loop
      vertex 18.260061264 2.85955452919 -14.0844078064
      vertex 2.40851688385 0.605745077133 -13.3638820648
      vertex 18.7369213104 2.85955452919 -14.1060886383
    endloop
  endfacet
  facet normal 0.0454078279436 0.998968541622 -2.90972911898e-05
    outer loop
      vertex 0.376821696758 3.14511823654 -13.2715387344
      vertex 0.831937849522 2.95836114883 -13.2922201157
      vertex 18.260061264 2.85955452919 -14.0844078064
    endloop
  endfacet
  facet normal 0.0454076863825 0.998968541622 -4.15209933635e-06
    outer loop
      vertex 18.260061264 2.85955452919 -14.0844078064
      vertex 0.831937849522 2.95836114883 -13.2922201157
      vertex 1.24923050404 2.69770741463 -13.3111867905
    endloop
  endfacet
  facet normal 0.0454079285264 0.998968541622 2.15357449633e-05
    outer loop
      vertex 18.260061264 2.85955452919 -14.0844078064
      vertex 1.24923050404 2.69770741463 -13.3111867905
      vertex 1.61684465408 2.37057590485 -13.3279037476
    endloop
  endfacet
  facet normal 0.0454078689218 0.998968541622 -1.05190372324e-06
    outer loop
      vertex 18.7369213104 2.85955452919 -14.1060886383
      vertex 2.40851688385 0.605745077133 -13.3638820648
      vertex 18.260061264 -2.14044523239 -14.0844078064
    endloop
  endfacet
  facet normal 0.0454076863825 0.998968541622 -2.29222785637e-16
    outer loop
      vertex 18.260061264 -2.14044523239 -14.0844078064
      vertex 2.40851688385 0.605745077133 -13.3638820648
      vertex 2.40851688385 0.11336799711 -13.3638820648
    endloop
  endfacet
  facet normal 0.0454076863825 0.998968541622 -0
    outer loop
      vertex 18.260061264 -2.14044523239 -14.0844078064
      vertex 2.40851688385 0.11336799711 -13.3638820648
      vertex 18.260061264 -3.14044523239 -14.0844078064
    endloop
  endfacet
  facet normal 0.0454072281718 0.998968541622 -2.44076568379e-06
    outer loop
      vertex 1.61684465408 2.37057590485 -13.3279037476
      vertex 1.92432510853 1.98626458645 -13.341878891
      vertex 18.260061264 2.85955452919 -14.0844078064
    endloop
  endfacet
  facet normal 0.0454057753086 0.998968601227 -2.96496491501e-05
    outer loop
      vertex 18.260061264 2.85955452919 -14.0844078064
      vertex 1.92432510853 1.98626458645 -13.341878891
      vertex 2.16293215752 1.55570054054 -13.3527116776
    endloop
  endfacet
  facet normal 0.0454088822007 0.998968482018 8.79705930856e-06
    outer loop
      vertex 18.260061264 2.85955452919 -14.0844078064
      vertex 2.16293215752 1.55570054054 -13.3527116776
      vertex 2.32586860657 1.09112071991 -13.360121727
    endloop
  endfacet
  facet normal 0.0454027540982 0.998968780041 5.98452470513e-06
    outer loop
      vertex -2.6818447113 3.78614163399 -13.1324968338
      vertex -2.89908146858 3.69606328011 -13.1226243973
      vertex -1.9965389967 2.86482906342 -13.163649559
    endloop
  endfacet
  facet normal 0.0453982912004 0.998968958855 1.08376079879e-05
    outer loop
      vertex -1.9965389967 2.86482906342 -13.163649559
      vertex -2.89908146858 3.69606328011 -13.1226243973
      vertex -3.09956598282 3.57308220863 -13.1135149002
    endloop
  endfacet
  facet normal 0.0453951582313 0.998969137669 1.57262911671e-05
    outer loop
      vertex -1.9965389967 2.86482906342 -13.163649559
      vertex -3.09956598282 3.57308220863 -13.1135149002
      vertex -3.27836203575 3.42021512985 -13.1053924561
    endloop
  endfacet
  facet normal 0.045409142971 0.998968482018 -7.10683025318e-06
    outer loop
      vertex 2.40851688385 0.11336799711 -13.3638820648
      vertex 2.32586860657 -0.372011601925 -13.360121727
      vertex 18.260061264 -3.14044523239 -14.0844078064
    endloop
  endfacet
  facet normal 0.0454094037414 0.998968482018 -8.61455282575e-06
    outer loop
      vertex 18.260061264 -3.14044523239 -14.0844078064
      vertex 2.32586860657 -0.372011601925 -13.360121727
      vertex 2.16293215752 -0.836591482162 -13.3527116776
    endloop
  endfacet
  facet normal 0.0454040728509 0.998968720436 2.87039183604e-05
    outer loop
      vertex 18.260061264 -3.14044523239 -14.0844078064
      vertex 2.16293215752 -0.836591482162 -13.3527116776
      vertex 1.92432510853 -1.26715540886 -13.341878891
    endloop
  endfacet
  facet normal 0.0454072840512 0.998968541622 0
    outer loop
      vertex 18.260061264 2.85955452919 -14.0844078064
      vertex 18.260061264 3.85955452919 -14.0844078064
      vertex -0.594393789768 3.27796435356 -13.227394104
    endloop
  endfacet
  facet normal 0.0454077497125 0.998968541622 1.51067897605e-05
    outer loop
      vertex -0.594393789768 3.27796435356 -13.227394104
      vertex 18.260061264 3.85955452919 -14.0844078064
      vertex -2.21879482269 3.85955452919 -13.1535482407
    endloop
  endfacet
  facet normal 0.0454213693738 0.998967945576 -2.30100577028e-05
    outer loop
      vertex -0.594393789768 3.27796435356 -13.227394104
      vertex -2.21879482269 3.85955452919 -13.1535482407
      vertex -1.08287680149 3.2202732563 -13.2051820755
    endloop
  endfacet
  facet normal 0.0454037152231 0.998968720436 8.42174449645e-06
    outer loop
      vertex -1.08287680149 3.2202732563 -13.2051820755
      vertex -2.21879482269 3.85955452919 -13.1535482407
      vertex -1.55472946167 3.08124780655 -13.1837377548
    endloop
  endfacet
  facet normal 0.0454070903361 0.998968541622 2.33129139815e-06
    outer loop
      vertex 1.92432510853 -1.26715540886 -13.341878891
      vertex 1.61684465408 -1.65146279335 -13.3279037476
      vertex 18.260061264 -3.14044523239 -14.0844078064
    endloop
  endfacet
  facet normal 0.0454091019928 0.998968482018 -2.02140381589e-05
    outer loop
      vertex 18.260061264 -3.14044523239 -14.0844078064
      vertex 1.61684465408 -1.65146279335 -13.3279037476
      vertex 1.24923050404 -1.97860229015 -13.3111867905
    endloop
  endfacet
  facet normal 0.0454073809087 0.998968541622 5.03527508044e-06
    outer loop
      vertex 18.260061264 -3.14044523239 -14.0844078064
      vertex 1.24923050404 -1.97860229015 -13.3111867905
      vertex 0.831929981709 -2.23925185204 -13.2922201157
    endloop
  endfacet
  facet normal 0.0454053878784 0.998968660831 -7.93011076894e-06
    outer loop
      vertex -3.27836203575 3.42021512985 -13.1053924561
      vertex -3.43107175827 3.24123430252 -13.098449707
      vertex -1.9965389967 2.86482906342 -13.163649559
    endloop
  endfacet
  facet normal 0.0454051196575 0.998968660831 -6.89920079822e-06
    outer loop
      vertex -1.9965389967 2.86482906342 -13.163649559
      vertex -3.43107175827 3.24123430252 -13.098449707
      vertex -3.55392694473 3.04054522514 -13.0928640366
    endloop
  endfacet
  facet normal 0.0454047545791 0.998968660831 -3.66881295122e-06
    outer loop
      vertex -1.9965389967 2.86482906342 -13.163649559
      vertex -3.55392694473 3.04054522514 -13.0928640366
      vertex -3.64391112328 2.82308030128 -13.0887737274
    endloop
  endfacet
  facet normal 0.0454049706459 0.998968660831 4.81584038425e-06
    outer loop
      vertex -3.64391112328 2.82308030128 -13.0887737274
      vertex -3.69880127907 2.59420847893 -13.0862798691
      vertex -1.9965389967 2.86482906342 -13.163649559
    endloop
  endfacet
  facet normal 0.0454046502709 0.998968660831 2.80746689896e-06
    outer loop
      vertex -1.9965389967 2.86482906342 -13.163649559
      vertex -3.69880127907 2.59420847893 -13.0862798691
      vertex -3.71724891663 2.35955452919 -13.085442543
    endloop
  endfacet
  facet normal 0.0454038269818 0.998968720436 -0
    outer loop
      vertex -1.9965389967 2.86482906342 -13.163649559
      vertex -3.71724891663 2.35955452919 -13.085442543
      vertex -1.9965389967 -2.14572381973 -13.163649559
    endloop
  endfacet
  facet normal 0.0454038269818 0.998968720436 0
    outer loop
      vertex -1.9965389967 -2.14572381973 -13.163649559
      vertex -3.71724891663 2.35955452919 -13.085442543
      vertex -3.71724891663 -1.64044141769 -13.085442543
    endloop
  endfacet
  facet normal 0.0454046502709 0.998968660831 -2.80751601167e-06
    outer loop
      vertex -1.9965389967 -2.14572381973 -13.163649559
      vertex -3.71724891663 -1.64044141769 -13.085442543
      vertex -3.69880127907 -1.87509143353 -13.0862798691
    endloop
  endfacet
  facet normal 0.0454049706459 0.998968660831 -4.81576262246e-06
    outer loop
      vertex -3.69880127907 -1.87509143353 -13.0862798691
      vertex -3.64391112328 -2.10396718979 -13.0887737274
      vertex -1.9965389967 -2.14572381973 -13.163649559
    endloop
  endfacet
  facet normal 0.0454047545791 0.998968660831 3.66888730241e-06
    outer loop
      vertex -1.9965389967 -2.14572381973 -13.163649559
      vertex -3.64391112328 -2.10396718979 -13.0887737274
      vertex -3.55392694473 -2.32142829895 -13.0928640366
    endloop
  endfacet
  facet normal 0.0454051196575 0.998968660831 6.89923081154e-06
    outer loop
      vertex -1.9965389967 -2.14572381973 -13.163649559
      vertex -3.55392694473 -2.32142829895 -13.0928640366
      vertex -3.43107175827 -2.52211737633 -13.098449707
    endloop
  endfacet
  facet normal 0.0454182215035 0.998968064785 -3.98041447625e-06
    outer loop
      vertex -1.55472946167 3.08124780655 -13.1837377548
      vertex -2.21879482269 3.85955452919 -13.1535482407
      vertex -1.9965389967 2.86482906342 -13.163649559
    endloop
  endfacet
  facet normal 0.0453933402896 0.998969197273 1.59064381933e-06
    outer loop
      vertex -1.9965389967 2.86482906342 -13.163649559
      vertex -2.21879482269 3.85955452919 -13.1535482407
      vertex -2.45320487022 3.84108710289 -13.1428966522
    endloop
  endfacet
  facet normal 0.0454345867038 0.998967289925 -1.77441997948e-05
    outer loop
      vertex -1.9965389967 2.86482906342 -13.163649559
      vertex -2.45320487022 3.84108710289 -13.1428966522
      vertex -2.6818447113 3.78614163399 -13.1324968338
    endloop
  endfacet
  facet normal 0.0453732796013 0.998970091343 -0.000111277964606
    outer loop
      vertex -0.594393789768 -2.55885505676 -13.227394104
      vertex -2.21879887581 -3.14044523239 -13.1535482407
      vertex -0.103173099458 -2.53356337547 -13.2497081757
    endloop
  endfacet
  facet normal 0.0454077422619 0.998968541622 9.10835478862e-06
    outer loop
      vertex -0.103173099458 -2.53356337547 -13.2497081757
      vertex -2.21879887581 -3.14044523239 -13.1535482407
      vertex 18.260061264 -3.14044523239 -14.0844078064
    endloop
  endfacet
  facet normal 0.045411285013 0.998968362808 -9.83720237855e-05
    outer loop
      vertex -0.103173099458 -2.53356337547 -13.2497081757
      vertex 18.260061264 -3.14044523239 -14.0844078064
      vertex 0.376821696758 -2.42600893974 -13.2715387344
    endloop
  endfacet
  facet normal 0.0454064160585 0.998968601227 2.37410276895e-05
    outer loop
      vertex 0.376821696758 -2.42600893974 -13.2715387344
      vertex 18.260061264 -3.14044523239 -14.0844078064
      vertex 0.831929981709 -2.23925185204 -13.2922201157
    endloop
  endfacet
  facet normal 0.0454053878784 0.998968660831 7.92972878116e-06
    outer loop
      vertex -3.43107175827 -2.52211737633 -13.098449707
      vertex -3.27836203575 -2.70110988617 -13.1053924561
      vertex -1.9965389967 -2.14572381973 -13.163649559
    endloop
  endfacet
  facet normal 0.0453951582313 0.998969137669 -1.5726827769e-05
    outer loop
      vertex -1.9965389967 -2.14572381973 -13.163649559
      vertex -3.27836203575 -2.70110988617 -13.1053924561
      vertex -3.09956598282 -2.85396909714 -13.1135149002
    endloop
  endfacet
  facet normal 0.0453982912004 0.998968958855 -1.0837330592e-05
    outer loop
      vertex -1.9965389967 -2.14572381973 -13.163649559
      vertex -3.09956598282 -2.85396909714 -13.1135149002
      vertex -2.89908146858 -2.97695803642 -13.1226243973
    endloop
  endfacet
  facet normal 0.0454213395715 0.998967945576 2.32406582654e-05
    outer loop
      vertex -0.594393789768 -2.55885505676 -13.227394104
      vertex -1.08287680149 -2.50116014481 -13.2051820755
      vertex -2.21879887581 -3.14044523239 -13.1535482407
    endloop
  endfacet
  facet normal 0.045403663069 0.998968720436 -8.23842765385e-06
    outer loop
      vertex -2.21879887581 -3.14044523239 -13.1535482407
      vertex -1.08287680149 -2.50116014481 -13.2051820755
      vertex -1.55472946167 -2.36213874817 -13.1837377548
    endloop
  endfacet
  facet normal 0.0453951917589 0.998969078064 -1.54807476065e-05
    outer loop
      vertex -2.21879887581 -3.14044523239 -13.1535482407
      vertex -1.55472946167 -2.36213874817 -13.1837377548
      vertex -2.45320487022 -3.12198209763 -13.1428966522
    endloop
  endfacet
  facet normal 0.0454158000648 0.998968183994 8.93696960702e-06
    outer loop
      vertex -2.45320487022 -3.12198209763 -13.1428966522
      vertex -1.55472946167 -2.36213874817 -13.1837377548
      vertex -1.9965389967 -2.14572381973 -13.163649559
    endloop
  endfacet
  facet normal 0.0454345867038 0.998967289925 1.77440706466e-05
    outer loop
      vertex -2.45320487022 -3.12198209763 -13.1428966522
      vertex -1.9965389967 -2.14572381973 -13.163649559
      vertex -2.6818447113 -3.06703257561 -13.1324968338
    endloop
  endfacet
  facet normal 0.0454027540982 0.998968780041 -5.98460565016e-06
    outer loop
      vertex -2.6818447113 -3.06703257561 -13.1324968338
      vertex -1.9965389967 -2.14572381973 -13.163649559
      vertex -2.89908146858 -2.97695803642 -13.1226243973
    endloop
  endfacet
  facet normal -0.998968541622 0.045407243073 0
    outer loop
      vertex -3.87299513817 2.35955452919 -16.5118923187
      vertex -3.87299513817 -1.64044141769 -16.5118923187
      vertex -3.71724891663 2.35955452919 -13.085442543
    endloop
  endfacet
  facet normal -0.998968541622 0.045407243073 0
    outer loop
      vertex -3.71724891663 2.35955452919 -13.085442543
      vertex -3.87299513817 -1.64044141769 -16.5118923187
      vertex -3.71724891663 -1.64044141769 -13.085442543
    endloop
  endfacet
  facet normal 0.439084261656 -0.0199586283416 0.898224174976
    outer loop
      vertex -1.9965389967 2.86482906342 -13.163649559
      vertex -2.15228915215 2.86482906342 -16.5901107788
      vertex -1.55472946167 3.08124780655 -13.1837377548
    endloop
  endfacet
  facet normal 0.439081430435 -0.0199580416083 0.898225545883
    outer loop
      vertex -1.55472946167 3.08124780655 -13.1837377548
      vertex -2.15228915215 2.86482906342 -16.5901107788
      vertex -1.71047580242 3.08124780655 -16.6101913452
    endloop
  endfacet
  facet normal 0.282065749168 -0.0128210382536 0.959309399128
    outer loop
      vertex -1.55472946167 3.08124780655 -13.1837377548
      vertex -1.71047580242 3.08124780655 -16.6101913452
      vertex -1.08287680149 3.2202732563 -13.2051820755
    endloop
  endfacet
  facet normal 0.282065957785 -0.0128210764378 0.959309339523
    outer loop
      vertex -1.08287680149 3.2202732563 -13.2051820755
      vertex -1.71047580242 3.08124780655 -16.6101913452
      vertex -1.23862302303 3.2202732563 -16.6316280365
    endloop
  endfacet
  facet normal 0.11704685539 -0.0053202691488 0.993112146854
    outer loop
      vertex -1.08287680149 3.2202732563 -13.2051820755
      vertex -1.23862302303 3.2202732563 -16.6316280365
      vertex -0.594393789768 3.27796435356 -13.227394104
    endloop
  endfacet
  facet normal 0.117046773434 -0.00532025285065 0.993112146854
    outer loop
      vertex -0.594393789768 3.27796435356 -13.227394104
      vertex -1.23862302303 3.2202732563 -16.6316280365
      vertex -0.750140011311 3.27796435356 -16.6538467407
    endloop
  endfacet
  facet normal -0.0513134486973 0.00233240542002 0.998679876328
    outer loop
      vertex -0.594393789768 3.27796435356 -13.227394104
      vertex -0.750140011311 3.27796435356 -16.6538467407
      vertex -0.103173099458 3.25267267227 -13.2497081757
    endloop
  endfacet
  facet normal -0.0513134114444 0.00233239820227 0.998679876328
    outer loop
      vertex -0.103173099458 3.25267267227 -13.2497081757
      vertex -0.750140011311 3.27796435356 -16.6538467407
      vertex -0.258919388056 3.25267267227 -16.6761703491
    endloop
  endfacet
  facet normal -0.218211948872 0.00991859938949 0.975850999355
    outer loop
      vertex -0.103173099458 3.25267267227 -13.2497081757
      vertex -0.258919388056 3.25267267227 -16.6761703491
      vertex 0.376821696758 3.14511823654 -13.2715387344
    endloop
  endfacet
  facet normal -0.218215554953 0.00991929881275 0.97585016489
    outer loop
      vertex 0.376821696758 3.14511823654 -13.2715387344
      vertex -0.258919388056 3.25267267227 -16.6761703491
      vertex 0.221067547798 3.14511823654 -16.6979885101
    endloop
  endfacet
  facet normal -0.378904461861 0.0172236412764 0.925275504589
    outer loop
      vertex 0.376821696758 3.14511823654 -13.2715387344
      vertex 0.221067547798 3.14511823654 -16.6979885101
      vertex 0.831937849522 2.95836114883 -13.2922201157
    endloop
  endfacet
  facet normal -0.37890407443 0.0172235649079 0.925275683403
    outer loop
      vertex 0.831937849522 2.95836114883 -13.2922201157
      vertex 0.221067547798 3.14511823654 -16.6979885101
      vertex 0.676183700562 2.95836114883 -16.7186813354
    endloop
  endfacet
  facet normal -0.528833985329 0.0240388195962 0.848384797573
    outer loop
      vertex 0.831937849522 2.95836114883 -13.2922201157
      vertex 0.676183700562 2.95836114883 -16.7186813354
      vertex 1.24923050404 2.69770741463 -13.3111867905
    endloop
  endfacet
  facet normal -0.528826892376 0.0240372829139 0.848389267921
    outer loop
      vertex 1.24923050404 2.69770741463 -13.3111867905
      vertex 0.676183700562 2.95836114883 -16.7186813354
      vertex 1.09348428249 2.69770741463 -16.7376480103
    endloop
  endfacet
  facet normal -0.663707971573 0.0301681645215 0.74738317728
    outer loop
      vertex 1.24923050404 2.69770741463 -13.3111867905
      vertex 1.09348428249 2.69770741463 -16.7376480103
      vertex 1.61684465408 2.37057590485 -13.3279037476
    endloop
  endfacet
  facet normal -0.663708865643 0.030168376863 0.747382342815
    outer loop
      vertex 1.61684465408 2.37057590485 -13.3279037476
      vertex 1.09348428249 2.69770741463 -16.7376480103
      vertex 1.46109831333 2.37057590485 -16.7543449402
    endloop
  endfacet
  facet normal -0.779717981815 0.035441480577 0.625127017498
    outer loop
      vertex 1.61684465408 2.37057590485 -13.3279037476
      vertex 1.46109831333 2.37057590485 -16.7543449402
      vertex 1.92432510853 1.98626458645 -13.341878891
    endloop
  endfacet
  facet normal -0.779718160629 0.0354415290058 0.625126779079
    outer loop
      vertex 1.92432510853 1.98626458645 -13.341878891
      vertex 1.46109831333 2.37057590485 -16.7543449402
      vertex 1.76857888699 1.98626458645 -16.7683162689
    endloop
  endfacet
  facet normal -0.873556494713 0.0397068858147 0.485100448132
    outer loop
      vertex 1.92432510853 1.98626458645 -13.341878891
      vertex 1.76857888699 1.98626458645 -16.7683162689
      vertex 2.16293215752 1.55570054054 -13.3527116776
    endloop
  endfacet
  facet normal -0.873562514782 0.0397089831531 0.485089361668
    outer loop
      vertex 2.16293215752 1.55570054054 -13.3527116776
      vertex 1.76857888699 1.98626458645 -16.7683162689
      vertex 2.00717782974 1.55570054054 -16.7791652679
    endloop
  endfacet
  facet normal -0.942566752434 0.0428456626832 0.331258505583
    outer loop
      vertex 2.16293215752 1.55570054054 -13.3527116776
      vertex 2.00717782974 1.55570054054 -16.7791652679
      vertex 2.32586860657 1.09112071991 -13.360121727
    endloop
  endfacet
  facet normal -0.942560374737 0.0428425744176 0.331276923418
    outer loop
      vertex 2.32586860657 1.09112071991 -13.360121727
      vertex 2.00717782974 1.55570054054 -16.7791652679
      vertex 2.17012429237 1.09112071991 -16.7865829468
    endloop
  endfacet
  facet normal -0.984765231609 0.0447609238327 0.168029546738
    outer loop
      vertex 2.32586860657 1.09112071991 -13.360121727
      vertex 2.17012429237 1.09112071991 -16.7865829468
      vertex 2.40851688385 0.605745077133 -13.3638820648
    endloop
  endfacet
  facet normal -0.984767854214 0.0447634086013 0.168013334274
    outer loop
      vertex 2.40851688385 0.605745077133 -13.3638820648
      vertex 2.17012429237 1.09112071991 -16.7865829468
      vertex 2.25276470184 0.605745077133 -16.7903366089
    endloop
  endfacet
  facet normal -0.998968482018 0.0454089082778 0
    outer loop
      vertex 2.40851688385 0.605745077133 -13.3638820648
      vertex 2.25276470184 0.605745077133 -16.7903366089
      vertex 2.40851688385 0.11336799711 -13.3638820648
    endloop
  endfacet
  facet normal -0.998968482018 0.0454089082778 0
    outer loop
      vertex 2.40851688385 0.11336799711 -13.3638820648
      vertex 2.25276470184 0.605745077133 -16.7903366089
      vertex 2.25276470184 0.11336799711 -16.7903366089
    endloop
  endfacet
  facet normal -0.984765350819 0.0447632931173 -0.168028220534
    outer loop
      vertex 2.40851688385 0.11336799711 -13.3638820648
      vertex 2.25276470184 0.11336799711 -16.7903366089
      vertex 2.32586860657 -0.372011601925 -13.360121727
    endloop
  endfacet
  facet normal -0.984768211842 0.0447610616684 -0.168012008071
    outer loop
      vertex 2.32586860657 -0.372011601925 -13.360121727
      vertex 2.25276470184 0.11336799711 -16.7903366089
      vertex 2.17012429237 -0.372011601925 -16.7865829468
    endloop
  endfacet
  facet normal -0.942566871643 0.0428428649902 -0.331258505583
    outer loop
      vertex 2.32586860657 -0.372011601925 -13.360121727
      vertex 2.17012429237 -0.372011601925 -16.7865829468
      vertex 2.16293215752 -0.836591482162 -13.3527116776
    endloop
  endfacet
  facet normal -0.942560255527 0.0428453721106 -0.331276923418
    outer loop
      vertex 2.16293215752 -0.836591482162 -13.3527116776
      vertex 2.17012429237 -0.372011601925 -16.7865829468
      vertex 2.00717782974 -0.836591482162 -16.7791652679
    endloop
  endfacet
  facet normal -0.873556375504 0.0397087037563 -0.485100448132
    outer loop
      vertex 2.16293215752 -0.836591482162 -13.3527116776
      vertex 2.00717782974 -0.836591482162 -16.7791652679
      vertex 1.92432510853 -1.26715540886 -13.341878891
    endloop
  endfacet
  facet normal -0.873562633991 0.0397071652114 -0.485089361668
    outer loop
      vertex 1.92432510853 -1.26715540886 -13.341878891
      vertex 2.00717782974 -0.836591482162 -16.7791652679
      vertex 1.76857888699 -1.26715540886 -16.7683162689
    endloop
  endfacet
  facet normal -0.779714822769 0.0354413799942 -0.625130951405
    outer loop
      vertex 1.92432510853 -1.26715540886 -13.341878891
      vertex 1.76857888699 -1.26715540886 -16.7683162689
      vertex 1.61684465408 -1.65146279335 -13.3279037476
    endloop
  endfacet
  facet normal -0.779714822769 0.0354413799942 -0.625130951405
    outer loop
      vertex 1.61684465408 -1.65146279335 -13.3279037476
      vertex 1.76857888699 -1.26715540886 -16.7683162689
      vertex 1.46109831333 -1.65146279335 -16.7543411255
    endloop
  endfacet
  facet normal -0.66371691227 0.0301687773317 -0.747375249863
    outer loop
      vertex 1.61684465408 -1.65146279335 -13.3279037476
      vertex 1.46109831333 -1.65146279335 -16.7543411255
      vertex 1.24923050404 -1.97860229015 -13.3111867905
    endloop
  endfacet
  facet normal -0.663717985153 0.0301686190069 -0.747374296188
    outer loop
      vertex 1.24923050404 -1.97860229015 -13.3111867905
      vertex 1.46109831333 -1.65146279335 -16.7543411255
      vertex 1.09348428249 -1.97860229015 -16.7376480103
    endloop
  endfacet
  facet normal -0.52882117033 0.0240370221436 -0.8483928442
    outer loop
      vertex 1.24923050404 -1.97860229015 -13.3111867905
      vertex 1.09348428249 -1.97860229015 -16.7376480103
      vertex 0.831929981709 -2.23925185204 -13.2922201157
    endloop
  endfacet
  facet normal -0.52882117033 0.0240370221436 -0.8483928442
    outer loop
      vertex 0.831929981709 -2.23925185204 -13.2922201157
      vertex 1.09348428249 -1.97860229015 -16.7376480103
      vertex 0.676183700562 -2.23925185204 -16.7186813354
    endloop
  endfacet
  facet normal -0.3789100945 0.0172229688615 -0.925273180008
    outer loop
      vertex 0.831929981709 -2.23925185204 -13.2922201157
      vertex 0.676183700562 -2.23925185204 -16.7186813354
      vertex 0.376821696758 -2.42600893974 -13.2715387344
    endloop
  endfacet
  facet normal -0.37890407443 0.0172236245126 -0.925275683403
    outer loop
      vertex 0.376821696758 -2.42600893974 -13.2715387344
      vertex 0.676183700562 -2.23925185204 -16.7186813354
      vertex 0.221067547798 -2.42600893974 -16.6979885101
    endloop
  endfacet
  facet normal -0.218211919069 0.00991913303733 -0.975850999355
    outer loop
      vertex 0.376821696758 -2.42600893974 -13.2715387344
      vertex 0.221067547798 -2.42600893974 -16.6979885101
      vertex -0.103173099458 -2.53356337547 -13.2497081757
    endloop
  endfacet
  facet normal -0.218215569854 0.00991876423359 -0.97585016489
    outer loop
      vertex -0.103173099458 -2.53356337547 -13.2497081757
      vertex 0.221067547798 -2.42600893974 -16.6979885101
      vertex -0.258919388056 -2.53356337547 -16.6761703491
    endloop
  endfacet
  facet normal -0.0513134486973 0.00233240006492 -0.998679876328
    outer loop
      vertex -0.103173099458 -2.53356337547 -13.2497081757
      vertex -0.258919388056 -2.53356337547 -16.6761703491
      vertex -0.594393789768 -2.55885505676 -13.227394104
    endloop
  endfacet
  facet normal -0.0513134114444 0.00233240355738 -0.998679876328
    outer loop
      vertex -0.594393789768 -2.55885505676 -13.227394104
      vertex -0.258919388056 -2.53356337547 -16.6761703491
      vertex -0.750140011311 -2.55885505676 -16.6538467407
    endloop
  endfacet
  facet normal 0.117054730654 -0.00532061466947 -0.99311119318
    outer loop
      vertex -0.594393789768 -2.55885505676 -13.227394104
      vertex -0.750140011311 -2.55885505676 -16.6538467407
      vertex -1.08287680149 -2.50116014481 -13.2051820755
    endloop
  endfacet
  facet normal 0.117054641247 -0.00532062305138 -0.993111252785
    outer loop
      vertex -1.08287680149 -2.50116014481 -13.2051820755
      vertex -0.750140011311 -2.55885505676 -16.6538467407
      vertex -1.23862302303 -2.50116014481 -16.6316280365
    endloop
  endfacet
  facet normal 0.282058417797 -0.0128207337111 -0.959311544895
    outer loop
      vertex -1.08287680149 -2.50116014481 -13.2051820755
      vertex -1.23862302303 -2.50116014481 -16.6316280365
      vertex -1.55472946167 -2.36213874817 -13.1837377548
    endloop
  endfacet
  facet normal 0.282058596611 -0.012820713222 -0.959311485291
    outer loop
      vertex -1.55472946167 -2.36213874817 -13.1837377548
      vertex -1.23862302303 -2.50116014481 -16.6316280365
      vertex -1.71047580242 -2.36213874817 -16.6101913452
    endloop
  endfacet
  facet normal 0.439077854156 -0.0199578776956 -0.898227334023
    outer loop
      vertex -1.55472946167 -2.36213874817 -13.1837377548
      vertex -1.71047580242 -2.36213874817 -16.6101913452
      vertex -1.9965389967 -2.14572381973 -13.163649559
    endloop
  endfacet
  facet normal 0.439074963331 -0.0199582055211 -0.898228704929
    outer loop
      vertex -1.9965389967 -2.14572381973 -13.163649559
      vertex -1.71047580242 -2.36213874817 -16.6101913452
      vertex -2.15228915215 -2.14572381973 -16.5901107788
    endloop
  endfacet
  facet normal 0.998968541622 -0.0454082340002 0
    outer loop
      vertex -2.15228915215 2.86482906342 -16.5901107788
      vertex -1.9965389967 2.86482906342 -13.163649559
      vertex -2.15228915215 -2.14572381973 -16.5901107788
    endloop
  endfacet
  facet normal 0.998968541622 -0.0454082340002 0
    outer loop
      vertex -2.15228915215 -2.14572381973 -16.5901107788
      vertex -1.9965389967 2.86482906342 -13.163649559
      vertex -1.9965389967 -2.14572381973 -13.163649559
    endloop
  endfacet
  facet normal -0.0783767998219 0.00356262689456 -0.996917426586
    outer loop
      vertex -2.21879482269 3.85955452919 -13.1535482407
      vertex -2.37454509735 3.85955452919 -16.5800094604
      vertex -2.60895514488 3.84108710289 -16.5693435669
    endloop
  endfacet
  facet normal -0.0783770382404 0.00356265413575 -0.996917426586
    outer loop
      vertex -2.21879482269 3.85955452919 -13.1535482407
      vertex -2.60895514488 3.84108710289 -16.5693435669
      vertex -2.45320487022 3.84108710289 -13.1428966522
    endloop
  endfacet
  facet normal -0.233197212219 0.0106000564992 -0.972371697426
    outer loop
      vertex -2.45320487022 3.84108710289 -13.1428966522
      vertex -2.60895514488 3.84108710289 -16.5693435669
      vertex -2.83759093285 3.78614163399 -16.5589504242
    endloop
  endfacet
  facet normal -0.233193099499 0.0105995768681 -0.9723726511
    outer loop
      vertex -2.45320487022 3.84108710289 -13.1428966522
      vertex -2.83759093285 3.78614163399 -16.5589504242
      vertex -2.6818447113 3.78614163399 -13.1324968338
    endloop
  endfacet
  facet normal -0.382299929857 0.017377089709 -0.923874914646
    outer loop
      vertex -2.6818447113 3.78614163399 -13.1324968338
      vertex -2.83759093285 3.78614163399 -16.5589504242
      vertex -3.05482769012 3.69606328011 -16.5490779877
    endloop
  endfacet
  facet normal -0.382299929857 0.017377089709 -0.923874914646
    outer loop
      vertex -2.6818447113 3.78614163399 -13.1324968338
      vertex -3.05482769012 3.69606328011 -16.5490779877
      vertex -2.89908146858 3.69606328011 -13.1226243973
    endloop
  endfacet
  facet normal -0.521951317787 0.0237248167396 -0.852645277977
    outer loop
      vertex -2.89908146858 3.69606328011 -13.1226243973
      vertex -3.05482769012 3.69606328011 -16.5490779877
      vertex -3.25531244278 3.57308220863 -16.5399684906
    endloop
  endfacet
  facet normal -0.521951317787 0.0237248167396 -0.852645277977
    outer loop
      vertex -2.89908146858 3.69606328011 -13.1226243973
      vertex -3.25531244278 3.57308220863 -16.5399684906
      vertex -3.09956598282 3.57308220863 -13.1135149002
    endloop
  endfacet
  facet normal -0.648785829544 0.0294899605215 -0.760399460793
    outer loop
      vertex -3.09956598282 3.57308220863 -13.1135149002
      vertex -3.25531244278 3.57308220863 -16.5399684906
      vertex -3.43410825729 3.42021512985 -16.5318374634
    endloop
  endfacet
  facet normal -0.6487865448 0.0294900611043 -0.760398805141
    outer loop
      vertex -3.09956598282 3.57308220863 -13.1135149002
      vertex -3.43410825729 3.42021512985 -16.5318374634
      vertex -3.27836203575 3.42021512985 -13.1053924561
    endloop
  endfacet
  facet normal -0.759614527225 0.0345276556909 -0.649456441402
    outer loop
      vertex -3.27836203575 3.42021512985 -13.1053924561
      vertex -3.43410825729 3.42021512985 -16.5318374634
      vertex -3.58681797981 3.24123430252 -16.5248947144
    endloop
  endfacet
  facet normal -0.759614527225 0.0345276556909 -0.649456441402
    outer loop
      vertex -3.27836203575 3.42021512985 -13.1053924561
      vertex -3.58681797981 3.24123430252 -16.5248947144
      vertex -3.43107175827 3.24123430252 -13.098449707
    endloop
  endfacet
  facet normal -0.8517537117 0.0387157686055 -0.522509992123
    outer loop
      vertex -3.43107175827 3.24123430252 -13.098449707
      vertex -3.58681797981 3.24123430252 -16.5248947144
      vertex -3.70967721939 3.04054522514 -16.5193099976
    endloop
  endfacet
  facet normal -0.851761102676 0.0387170799077 -0.522497832775
    outer loop
      vertex -3.43107175827 3.24123430252 -13.098449707
      vertex -3.70967721939 3.04054522514 -16.5193099976
      vertex -3.55392694473 3.04054522514 -13.0928640366
    endloop
  endfacet
  facet normal -0.922933518887 0.0419522449374 -0.382666617632
    outer loop
      vertex -3.55392694473 3.04054522514 -13.0928640366
      vertex -3.70967721939 3.04054522514 -16.5193099976
      vertex -3.79965734482 2.82308030128 -16.5152359009
    endloop
  endfacet
  facet normal -0.922926604748 0.0419506803155 -0.382683455944
    outer loop
      vertex -3.55392694473 3.04054522514 -13.0928640366
      vertex -3.79965734482 2.82308030128 -16.5152359009
      vertex -3.64391112328 2.82308030128 -13.0887737274
    endloop
  endfacet
  facet normal -0.971366882324 0.0441524833441 -0.233445718884
    outer loop
      vertex -3.64391112328 2.82308030128 -13.0887737274
      vertex -3.79965734482 2.82308030128 -16.5152359009
      vertex -3.85454773903 2.59420847893 -16.5127334595
    endloop
  endfacet
  facet normal -0.971367239952 0.0441525988281 -0.233444288373
    outer loop
      vertex -3.64391112328 2.82308030128 -13.0887737274
      vertex -3.85454773903 2.59420847893 -16.5127334595
      vertex -3.69880127907 2.59420847893 -13.0862798691
    endloop
  endfacet
  facet normal -0.995889365673 0.0452672317624 -0.0784553065896
    outer loop
      vertex -3.69880127907 2.59420847893 -13.0862798691
      vertex -3.85454773903 2.59420847893 -16.5127334595
      vertex -3.87299513817 2.35955452919 -16.5118923187
    endloop
  endfacet
  facet normal -0.995889425278 0.0452672839165 -0.078454554081
    outer loop
      vertex -3.69880127907 2.59420847893 -13.0862798691
      vertex -3.87299513817 2.35955452919 -16.5118923187
      vertex -3.71724891663 2.35955452919 -13.085442543
    endloop
  endfacet
  facet normal -0.0783617570996 0.0035618529655 0.996918618679
    outer loop
      vertex -2.37454509735 -3.14044523239 -16.5800094604
      vertex -2.21879887581 -3.14044523239 -13.1535482407
      vertex -2.45320487022 -3.12198209763 -13.1428966522
    endloop
  endfacet
  facet normal -0.0783602073789 0.00356188905425 0.996918737888
    outer loop
      vertex -2.37454509735 -3.14044523239 -16.5800094604
      vertex -2.45320487022 -3.12198209763 -13.1428966522
      vertex -2.60895514488 -3.12198209763 -16.5693435669
    endloop
  endfacet
  facet normal -0.233208879828 0.0106005854905 0.972368896008
    outer loop
      vertex -2.60895514488 -3.12198209763 -16.5693435669
      vertex -2.45320487022 -3.12198209763 -13.1428966522
      vertex -2.6818447113 -3.06703257561 -13.1324968338
    endloop
  endfacet
  facet normal -0.233213022351 0.0106004821137 0.972367882729
    outer loop
      vertex -2.60895514488 -3.12198209763 -16.5693435669
      vertex -2.6818447113 -3.06703257561 -13.1324968338
      vertex -2.83759093285 -3.06703257561 -16.5589504242
    endloop
  endfacet
  facet normal -0.382285684347 0.0173764415085 0.923880815506
    outer loop
      vertex -2.83759093285 -3.06703257561 -16.5589504242
      vertex -2.6818447113 -3.06703257561 -13.1324968338
      vertex -2.89908146858 -2.97695803642 -13.1226243973
    endloop
  endfacet
  facet normal -0.382285684347 0.0173764415085 0.923880815506
    outer loop
      vertex -2.83759093285 -3.06703257561 -16.5589504242
      vertex -2.89908146858 -2.97695803642 -13.1226243973
      vertex -3.05482769012 -2.97695803642 -16.5490779877
    endloop
  endfacet
  facet normal -0.521975636482 0.0237259194255 0.852630376816
    outer loop
      vertex -3.05482769012 -2.97695803642 -16.5490779877
      vertex -2.89908146858 -2.97695803642 -13.1226243973
      vertex -3.09956598282 -2.85396909714 -13.1135149002
    endloop
  endfacet
  facet normal -0.521975636482 0.0237259194255 0.852630376816
    outer loop
      vertex -3.05482769012 -2.97695803642 -16.5490779877
      vertex -3.09956598282 -2.85396909714 -13.1135149002
      vertex -3.25531244278 -2.85396909714 -16.5399684906
    endloop
  endfacet
  facet normal -0.648767232895 0.0294891167432 0.760415315628
    outer loop
      vertex -3.25531244278 -2.85396909714 -16.5399684906
      vertex -3.09956598282 -2.85396909714 -13.1135149002
      vertex -3.27836203575 -2.70110988617 -13.1053924561
    endloop
  endfacet
  facet normal -0.648766517639 0.0294891502708 0.760415971279
    outer loop
      vertex -3.25531244278 -2.85396909714 -16.5399684906
      vertex -3.27836203575 -2.70110988617 -13.1053924561
      vertex -3.43410825729 -2.70110988617 -16.5318374634
    endloop
  endfacet
  facet normal -0.75963562727 0.0345286168158 0.64943164587
    outer loop
      vertex -3.43410825729 -2.70110988617 -16.5318374634
      vertex -3.27836203575 -2.70110988617 -13.1053924561
      vertex -3.43107175827 -2.52211737633 -13.098449707
    endloop
  endfacet
  facet normal -0.75963562727 0.0345286168158 0.64943164587
    outer loop
      vertex -3.43410825729 -2.70110988617 -16.5318374634
      vertex -3.43107175827 -2.52211737633 -13.098449707
      vertex -3.58681797981 -2.52211737633 -16.5248947144
    endloop
  endfacet
  facet normal -0.851761162281 0.0387161038816 0.522497832775
    outer loop
      vertex -3.58681797981 -2.52211737633 -16.5248947144
      vertex -3.43107175827 -2.52211737633 -13.098449707
      vertex -3.55392694473 -2.32142829895 -13.0928640366
    endloop
  endfacet
  facet normal -0.8517537117 0.0387167446315 0.522509992123
    outer loop
      vertex -3.58681797981 -2.52211737633 -16.5248947144
      vertex -3.55392694473 -2.32142829895 -13.0928640366
      vertex -3.70967721939 -2.32142829895 -16.5193099976
    endloop
  endfacet
  facet normal -0.922924101353 0.041951816529 0.382689356804
    outer loop
      vertex -3.70967721939 -2.32142829895 -16.5193099976
      vertex -3.55392694473 -2.32142829895 -13.0928640366
      vertex -3.64391112328 -2.10396718979 -13.0887737274
    endloop
  endfacet
  facet normal -0.922931134701 0.0419508852065 0.382672518492
    outer loop
      vertex -3.70967721939 -2.32142829895 -16.5193099976
      vertex -3.64391112328 -2.10396718979 -13.0887737274
      vertex -3.79965734482 -2.10396718979 -16.5152359009
    endloop
  endfacet
  facet normal -0.971368134022 0.0441525392234 0.233440488577
    outer loop
      vertex -3.79965734482 -2.10396718979 -16.5152359009
      vertex -3.64391112328 -2.10396718979 -13.0887737274
      vertex -3.69880127907 -1.87509143353 -13.0862798691
    endloop
  endfacet
  facet normal -0.971367776394 0.0441526249051 0.233441919088
    outer loop
      vertex -3.79965734482 -2.10396718979 -16.5152359009
      vertex -3.69880127907 -1.87509143353 -13.0862798691
      vertex -3.85454773903 -1.87509143353 -16.5127334595
    endloop
  endfacet
  facet normal -0.995889306068 0.0452672280371 0.0784558579326
    outer loop
      vertex -3.85454773903 -1.87509143353 -16.5127334595
      vertex -3.69880127907 -1.87509143353 -13.0862798691
      vertex -3.71724891663 -1.64044141769 -13.085442543
    endloop
  endfacet
  facet normal -0.995889246464 0.0452672764659 0.0784566178918
    outer loop
      vertex -3.85454773903 -1.87509143353 -16.5127334595
      vertex -3.71724891663 -1.64044141769 -13.085442543
      vertex -3.87299513817 -1.64044141769 -16.5118923187
    endloop
  endfacet
  facet normal -0.0454055704176 -0.998968660831 0
    outer loop
      vertex 21.8195858002 -2.14044523239 -11.6735496521
      vertex 24.3705654144 -2.14044523239 -11.7894983292
      vertex 21.8195858002 -3.14044523239 -11.6735496521
    endloop
  endfacet
  facet normal -0.0454055704176 -0.998968660831 0
    outer loop
      vertex 21.8195858002 -3.14044523239 -11.6735496521
      vertex 24.3705654144 -2.14044523239 -11.7894983292
      vertex 24.3705654144 -3.14044523239 -11.7894983292
    endloop
  endfacet
  facet normal 0 0 1
    outer loop
      vertex 22.8887653351 -2.14044523239 -17.154794693
      vertex 20.5697059631 -2.14044523239 -13.5833845139
      vertex 22.4766254425 -2.14044523239 -17.3822898865
    endloop
  endfacet
  facet normal 0 0 1
    outer loop
      vertex 22.4766254425 -2.14044523239 -17.3822898865
      vertex 20.5697059631 -2.14044523239 -13.5833845139
      vertex 20.1494541168 -2.14044523239 -13.8241510391
    endloop
  endfacet
  facet normal 0 0 1
    outer loop
      vertex 22.4766254425 -2.14044523239 -17.3822898865
      vertex 20.1494541168 -2.14044523239 -13.8241510391
      vertex 22.0339775085 -2.14044523239 -17.5425052643
    endloop
  endfacet
  facet normal 0 0 1
    outer loop
      vertex 22.0339775085 -2.14044523239 -17.5425052643
      vertex 20.1494541168 -2.14044523239 -13.8241510391
      vertex 21.5717105865 -2.14044523239 -17.6314945221
    endloop
  endfacet
  facet normal 0 0 1
    outer loop
      vertex 21.5717105865 -2.14044523239 -17.6314945221
      vertex 20.1494541168 -2.14044523239 -13.8241510391
      vertex 19.6959285736 -2.14044523239 -13.9941520691
    endloop
  endfacet
  facet normal 0 0 1
    outer loop
      vertex 21.5717105865 -2.14044523239 -17.6314945221
      vertex 19.6959285736 -2.14044523239 -13.9941520691
      vertex 21.1012153625 -2.14044523239 -17.6470890045
    endloop
  endfacet
  facet normal 0 0 1
    outer loop
      vertex 21.1012153625 -2.14044523239 -17.6470890045
      vertex 19.6959285736 -2.14044523239 -13.9941520691
      vertex 19.2209568024 -2.14044523239 -14.0889549255
    endloop
  endfacet
  facet normal 0 0 1
    outer loop
      vertex 21.1012153625 -2.14044523239 -17.6470890045
      vertex 19.2209568024 -2.14044523239 -14.0889549255
      vertex 18.1043071747 -2.14044523239 -17.5108604431
    endloop
  endfacet
  facet normal 0 0 1
    outer loop
      vertex 18.1043071747 -2.14044523239 -17.5108604431
      vertex 19.2209568024 -2.14044523239 -14.0889549255
      vertex 18.7369213104 -2.14044523239 -14.1060886383
    endloop
  endfacet
  facet normal 0 0 1
    outer loop
      vertex 18.1043071747 -2.14044523239 -17.5108604431
      vertex 18.7369213104 -2.14044523239 -14.1060886383
      vertex 18.260061264 -2.14044523239 -14.0844078064
    endloop
  endfacet
  facet normal -0 0 1
    outer loop
      vertex 20.9457454681 -2.14044523239 -13.2781305313
      vertex 24.0455741882 -2.14044523239 -15.7058353424
      vertex 21.2677555084 -2.14044523239 -12.9163379669
    endloop
  endfacet
  facet normal 0 0 1
    outer loop
      vertex 21.2677555084 -2.14044523239 -12.9163379669
      vertex 24.0455741882 -2.14044523239 -15.7058353424
      vertex 24.1761379242 -2.14044523239 -15.2535505295
    endloop
  endfacet
  facet normal -0 0 1
    outer loop
      vertex 21.2677555084 -2.14044523239 -12.9163379669
      vertex 24.1761379242 -2.14044523239 -15.2535505295
      vertex 21.5273590088 -2.14044523239 -12.5074510574
    endloop
  endfacet
  facet normal 0 0 1
    outer loop
      vertex 21.5273590088 -2.14044523239 -12.5074510574
      vertex 24.1761379242 -2.14044523239 -15.2535505295
      vertex 24.2343444824 -2.14044523239 -14.7864027023
    endloop
  endfacet
  facet normal -0 0 1
    outer loop
      vertex 21.5273590088 -2.14044523239 -12.5074510574
      vertex 24.2343444824 -2.14044523239 -14.7864027023
      vertex 21.7177734375 -2.14044523239 -12.0621137619
    endloop
  endfacet
  facet normal -0 0 1
    outer loop
      vertex 21.7177734375 -2.14044523239 -12.0621137619
      vertex 24.2343444824 -2.14044523239 -14.7864027023
      vertex 24.3705654144 -2.14044523239 -11.7894983292
    endloop
  endfacet
  facet normal 0 0 1
    outer loop
      vertex 21.7177734375 -2.14044523239 -12.0621137619
      vertex 24.3705654144 -2.14044523239 -11.7894983292
      vertex 21.8195858002 -2.14044523239 -11.6735496521
    endloop
  endfacet
  facet normal 0 -0 1
    outer loop
      vertex 22.8887653351 -2.14044523239 -17.154794693
      vertex 23.2602424622 -2.14044523239 -16.8656406403
      vertex 20.5697059631 -2.14044523239 -13.5833845139
    endloop
  endfacet
  facet normal 0 0 1
    outer loop
      vertex 20.5697059631 -2.14044523239 -13.5833845139
      vertex 23.2602424622 -2.14044523239 -16.8656406403
      vertex 23.5819149017 -2.14044523239 -16.5219211578
    endloop
  endfacet
  facet normal -0 0 1
    outer loop
      vertex 20.5697059631 -2.14044523239 -13.5833845139
      vertex 23.5819149017 -2.14044523239 -16.5219211578
      vertex 20.9457454681 -2.14044523239 -13.2781305313
    endloop
  endfacet
  facet normal 0 0 1
    outer loop
      vertex 20.9457454681 -2.14044523239 -13.2781305313
      vertex 23.5819149017 -2.14044523239 -16.5219211578
      vertex 23.8458518982 -2.14044523239 -16.1321201324
    endloop
  endfacet
  facet normal 0 0 1
    outer loop
      vertex 20.9457454681 -2.14044523239 -13.2781305313
      vertex 23.8458518982 -2.14044523239 -16.1321201324
      vertex 24.0455741882 -2.14044523239 -15.7058353424
    endloop
  endfacet
  facet normal 0.998968482018 -0.0454095155001 0
    outer loop
      vertex 18.1043071747 -2.14044523239 -17.5108604431
      vertex 18.260061264 -2.14044523239 -14.0844078064
      vertex 18.1043071747 -3.14044523239 -17.5108604431
    endloop
  endfacet
  facet normal 0.998968482018 -0.0454095155001 -2.4791224998e-17
    outer loop
      vertex 18.1043071747 -3.14044523239 -17.5108604431
      vertex 18.260061264 -2.14044523239 -14.0844078064
      vertex 18.260061264 -3.14044523239 -14.0844078064
    endloop
  endfacet
  facet normal -0.0454055704176 -0.998968660831 0
    outer loop
      vertex 21.8195858002 3.85955452919 -11.6735496521
      vertex 24.3705654144 3.85955452919 -11.7894983292
      vertex 21.8195858002 2.85955452919 -11.6735496521
    endloop
  endfacet
  facet normal -0.0454055704176 -0.998968660831 0
    outer loop
      vertex 21.8195858002 2.85955452919 -11.6735496521
      vertex 24.3705654144 3.85955452919 -11.7894983292
      vertex 24.3705654144 2.85955452919 -11.7894983292
    endloop
  endfacet
  facet normal 0 0 -1
    outer loop
      vertex 18.1043071747 2.85955452919 -17.5108604431
      vertex 18.260061264 2.85955452919 -14.0844078064
      vertex 18.7369213104 2.85955452919 -14.1060886383
    endloop
  endfacet
  facet normal 0 0 -1
    outer loop
      vertex 18.1043071747 2.85955452919 -17.5108604431
      vertex 18.7369213104 2.85955452919 -14.1060886383
      vertex 21.1012153625 2.85955452919 -17.6470890045
    endloop
  endfacet
  facet normal 0 0 -1
    outer loop
      vertex 18.7369213104 2.85955452919 -14.1060886383
      vertex 19.2209568024 2.85955452919 -14.0889549255
      vertex 21.1012153625 2.85955452919 -17.6470890045
    endloop
  endfacet
  facet normal 0 0 -1
    outer loop
      vertex 21.1012153625 2.85955452919 -17.6470890045
      vertex 19.2209568024 2.85955452919 -14.0889549255
      vertex 19.6959285736 2.85955452919 -13.9941520691
    endloop
  endfacet
  facet normal 0 0 -1
    outer loop
      vertex 21.1012153625 2.85955452919 -17.6470890045
      vertex 19.6959285736 2.85955452919 -13.9941520691
      vertex 21.5717105865 2.85955452919 -17.6314945221
    endloop
  endfacet
  facet normal 0 0 -1
    outer loop
      vertex 21.5717105865 2.85955452919 -17.6314945221
      vertex 19.6959285736 2.85955452919 -13.9941520691
      vertex 20.1494541168 2.85955452919 -13.8241510391
    endloop
  endfacet
  facet normal -0 0 -1
    outer loop
      vertex 23.2602424622 2.85955452919 -16.8656406403
      vertex 22.8887653351 2.85955452919 -17.154794693
      vertex 20.5697135925 2.85955452919 -13.5833845139
    endloop
  endfacet
  facet normal 0 0 -1
    outer loop
      vertex 20.5697135925 2.85955452919 -13.5833845139
      vertex 22.8887653351 2.85955452919 -17.154794693
      vertex 22.4766330719 2.85955452919 -17.3822898865
    endloop
  endfacet
  facet normal 0 -0 -1
    outer loop
      vertex 20.5697135925 2.85955452919 -13.5833845139
      vertex 22.4766330719 2.85955452919 -17.3822898865
      vertex 20.1494541168 2.85955452919 -13.8241510391
    endloop
  endfacet
  facet normal 0 0 -1
    outer loop
      vertex 20.1494541168 2.85955452919 -13.8241510391
      vertex 22.4766330719 2.85955452919 -17.3822898865
      vertex 22.0339775085 2.85955452919 -17.5425052643
    endloop
  endfacet
  facet normal 0 0 -1
    outer loop
      vertex 20.1494541168 2.85955452919 -13.8241510391
      vertex 22.0339775085 2.85955452919 -17.5425052643
      vertex 21.5717105865 2.85955452919 -17.6314945221
    endloop
  endfacet
  facet normal 0 0 -1
    outer loop
      vertex 21.2677555084 2.85955452919 -12.9163379669
      vertex 24.1761379242 2.85955452919 -15.2535505295
      vertex 24.0455741882 2.85955452919 -15.7058353424
    endloop
  endfacet
  facet normal 0 -0 -1
    outer loop
      vertex 21.2677555084 2.85955452919 -12.9163379669
      vertex 24.0455741882 2.85955452919 -15.7058353424
      vertex 20.9457454681 2.85955452919 -13.2781305313
    endloop
  endfacet
  facet normal 0 0 -1
    outer loop
      vertex 20.9457454681 2.85955452919 -13.2781305313
      vertex 24.0455741882 2.85955452919 -15.7058353424
      vertex 23.8458518982 2.85955452919 -16.1321201324
    endloop
  endfacet
  facet normal 0 -0 -1
    outer loop
      vertex 20.9457454681 2.85955452919 -13.2781305313
      vertex 23.8458518982 2.85955452919 -16.1321201324
      vertex 20.5697135925 2.85955452919 -13.5833845139
    endloop
  endfacet
  facet normal 0 0 -1
    outer loop
      vertex 20.5697135925 2.85955452919 -13.5833845139
      vertex 23.8458518982 2.85955452919 -16.1321201324
      vertex 23.5819149017 2.85955452919 -16.5219211578
    endloop
  endfacet
  facet normal 0 0 -1
    outer loop
      vertex 20.5697135925 2.85955452919 -13.5833845139
      vertex 23.5819149017 2.85955452919 -16.5219211578
      vertex 23.2602424622 2.85955452919 -16.8656406403
    endloop
  endfacet
  facet normal 0 0 -1
    outer loop
      vertex 24.1761379242 2.85955452919 -15.2535505295
      vertex 21.2677555084 2.85955452919 -12.9163379669
      vertex 24.2343444824 2.85955452919 -14.7864027023
    endloop
  endfacet
  facet normal 0 0 -1
    outer loop
      vertex 24.2343444824 2.85955452919 -14.7864027023
      vertex 21.2677555084 2.85955452919 -12.9163379669
      vertex 21.5273590088 2.85955452919 -12.5074510574
    endloop
  endfacet
  facet normal 0 0 -1
    outer loop
      vertex 24.2343444824 2.85955452919 -14.7864027023
      vertex 21.5273590088 2.85955452919 -12.5074510574
      vertex 24.3705654144 2.85955452919 -11.7894983292
    endloop
  endfacet
  facet normal 0 0 -1
    outer loop
      vertex 24.3705654144 2.85955452919 -11.7894983292
      vertex 21.5273590088 2.85955452919 -12.5074510574
      vertex 21.7177734375 2.85955452919 -12.0621137619
    endloop
  endfacet
  facet normal -0 0 -1
    outer loop
      vertex 24.3705654144 2.85955452919 -11.7894983292
      vertex 21.7177734375 2.85955452919 -12.0621137619
      vertex 21.8195858002 2.85955452919 -11.6735496521
    endloop
  endfacet
  facet normal 0.998968482018 -0.0454095155001 0
    outer loop
      vertex 18.1043071747 2.85955452919 -17.5108604431
      vertex 18.1043071747 3.85955452919 -17.5108604431
      vertex 18.260061264 2.85955452919 -14.0844078064
    endloop
  endfacet
  facet normal 0.998968482018 -0.0454095155001 0
    outer loop
      vertex 18.260061264 2.85955452919 -14.0844078064
      vertex 18.1043071747 3.85955452919 -17.5108604431
      vertex 18.260061264 3.85955452919 -14.0844078064
    endloop
  endfacet
  facet normal -1 -4.70745327164e-08 -0
    outer loop
      vertex 21.8731422424 -3.14044523239 -11.1091804504
      vertex 21.8731422424 -3.14044523239 -0.664615750313
      vertex 21.8731422424 3.85955452919 -11.1091804504
    endloop
  endfacet
  facet normal -1 7.06117987193e-07 -1.12382406314e-06
    outer loop
      vertex 21.8731422424 3.85955452919 -11.1091804504
      vertex 21.8731422424 -3.14044523239 -0.664615750313
      vertex 21.8731498718 3.85955452919 -0.664615750313
    endloop
  endfacet
  facet normal -2.74317208948e-08 -0.996917366982 0.0784583538771
    outer loop
      vertex -5.87685585022 -43.6904411316 52.3353843689
      vertex 16.6231422424 -43.690448761 52.3353843689
      vertex 16.6231422424 -44.472618103 52.3969421387
    endloop
  endfacet
  facet normal 0 -0.996917426586 0.0784575715661
    outer loop
      vertex -5.87685585022 -43.6904411316 52.3353843689
      vertex 16.6231422424 -44.472618103 52.3969421387
      vertex -5.87685585022 -44.472618103 52.3969421387
    endloop
  endfacet
  facet normal 0 -0.972369015217 0.233449175954
    outer loop
      vertex -5.87685585022 -44.472618103 52.3969421387
      vertex 16.6231422424 -44.472618103 52.3969421387
      vertex 16.6231422424 -45.2355308533 52.5801048279
    endloop
  endfacet
  facet normal 0 -0.972369015217 0.233449175954
    outer loop
      vertex -5.87685585022 -44.472618103 52.3969421387
      vertex 16.6231422424 -45.2355308533 52.5801048279
      vertex -5.87685585022 -45.2355308533 52.5801048279
    endloop
  endfacet
  facet normal 0 -0.92388266325 0.382675886154
    outer loop
      vertex -5.87685585022 -45.2355308533 52.5801048279
      vertex 16.6231422424 -45.2355308533 52.5801048279
      vertex 16.6231422424 -45.960395813 52.8803482056
    endloop
  endfacet
  facet normal -1.73577792446e-18 -0.92388266325 0.382675886154
    outer loop
      vertex -5.87685585022 -45.2355308533 52.5801048279
      vertex 16.6231422424 -45.960395813 52.8803482056
      vertex -5.87685585022 -45.960395813 52.8803482056
    endloop
  endfacet
  facet normal 0 -0.852637290955 0.522503256798
    outer loop
      vertex -5.87685585022 -45.960395813 52.8803482056
      vertex 16.6231422424 -45.960395813 52.8803482056
      vertex 16.6231422424 -46.6293716431 53.2902984619
    endloop
  endfacet
  facet normal 0 -0.852637290955 0.522503256798
    outer loop
      vertex -5.87685585022 -45.960395813 52.8803482056
      vertex 16.6231422424 -46.6293716431 53.2902984619
      vertex -5.87685585022 -46.6293716431 53.2902984619
    endloop
  endfacet
  facet normal 0 -0.76040905714 0.649444401264
    outer loop
      vertex -5.87685585022 -46.6293716431 53.2902984619
      vertex 16.6231422424 -46.6293716431 53.2902984619
      vertex 16.6231422424 -47.2259788513 53.7998466492
    endloop
  endfacet
  facet normal -2.2706969105e-07 -0.760404825211 0.64944934845
    outer loop
      vertex -5.87685585022 -46.6293716431 53.2902984619
      vertex 16.6231422424 -47.2259788513 53.7998466492
      vertex -5.87685585022 -47.2259712219 53.7998466492
    endloop
  endfacet
  facet normal -2.65864997573e-07 -0.649444401264 0.76040905714
    outer loop
      vertex -5.87685585022 -47.2259712219 53.7998466492
      vertex 16.6231422424 -47.2259788513 53.7998466492
      vertex 16.6231422424 -47.7355270386 54.3964538574
    endloop
  endfacet
  facet normal 0 -0.649450242519 0.760404109955
    outer loop
      vertex -5.87685585022 -47.2259712219 53.7998466492
      vertex 16.6231422424 -47.7355270386 54.3964538574
      vertex -5.87685585022 -47.7355270386 54.3964538574
    endloop
  endfacet
  facet normal 0 -0.522503256798 0.852637290955
    outer loop
      vertex -5.87685585022 -47.7355270386 54.3964538574
      vertex 16.6231422424 -47.7355270386 54.3964538574
      vertex 16.6231422424 -48.1454772949 55.0654296875
    endloop
  endfacet
  facet normal 0 -0.522503256798 0.852637290955
    outer loop
      vertex -5.87685585022 -47.7355270386 54.3964538574
      vertex 16.6231422424 -48.1454772949 55.0654296875
      vertex -5.87685585022 -48.1454772949 55.0654296875
    endloop
  endfacet
  facet normal 0 -0.382680922747 0.923880577087
    outer loop
      vertex -5.87685585022 -48.1454772949 55.0654296875
      vertex 16.6231422424 -48.1454772949 55.0654296875
      vertex 16.6231422424 -48.445728302 55.7903022766
    endloop
  endfacet
  facet normal -3.23021453141e-07 -0.382672339678 0.923884093761
    outer loop
      vertex -5.87685585022 -48.1454772949 55.0654296875
      vertex 16.6231422424 -48.445728302 55.7903022766
      vertex -5.87685585022 -48.4457206726 55.7903022766
    endloop
  endfacet
  facet normal -3.39973439623e-07 -0.233449175954 0.972369015217
    outer loop
      vertex -5.87685585022 -48.4457206726 55.7903022766
      vertex 16.6231422424 -48.445728302 55.7903022766
      vertex 16.6231422424 -48.6288909912 56.5532150269
    endloop
  endfacet
  facet normal -3.39973439623e-07 -0.233449175954 0.972369015217
    outer loop
      vertex -5.87685585022 -48.4457206726 55.7903022766
      vertex 16.6231422424 -48.6288909912 56.5532150269
      vertex -5.87685585022 -48.6288833618 56.5532150269
    endloop
  endfacet
  facet normal -3.48556653762e-07 -0.0784483850002 0.996918201447
    outer loop
      vertex -5.87685585022 -48.6288833618 56.5532150269
      vertex 16.6231422424 -48.6288909912 56.5532150269
      vertex 16.6231422424 -48.6904411316 57.3353843689
    endloop
  endfacet
  facet normal 0 -0.0784583538771 0.996917366982
    outer loop
      vertex -5.87685585022 -48.6288833618 56.5532150269
      vertex 16.6231422424 -48.6904411316 57.3353843689
      vertex -5.87685585022 -48.6904411316 57.3353843689
    endloop
  endfacet
  facet normal 0 0.0784575715661 -0.996917426586
    outer loop
      vertex -5.87685585022 -43.5904388428 69.3353805542
      vertex 16.6231422424 -43.5904388428 69.3353805542
      vertex -5.87685585022 -43.528881073 68.5532073975
    endloop
  endfacet
  facet normal 0 0.0784575715661 -0.996917426586
    outer loop
      vertex -5.87685585022 -43.528881073 68.5532073975
      vertex 16.6231422424 -43.5904388428 69.3353805542
      vertex 16.6231422424 -43.528881073 68.5532073975
    endloop
  endfacet
  facet normal 0 0.233451455832 -0.972368478775
    outer loop
      vertex -5.87685585022 -43.528881073 68.5532073975
      vertex 16.6231422424 -43.528881073 68.5532073975
      vertex -5.87685585022 -43.3457183838 67.7903060913
    endloop
  endfacet
  facet normal 0 0.233451455832 -0.972368478775
    outer loop
      vertex -5.87685585022 -43.3457183838 67.7903060913
      vertex 16.6231422424 -43.528881073 68.5532073975
      vertex 16.6231422424 -43.3457183838 67.7903060913
    endloop
  endfacet
  facet normal 0 0.382672339678 -0.923884093761
    outer loop
      vertex -5.87685585022 -43.3457183838 67.7903060913
      vertex 16.6231422424 -43.3457183838 67.7903060913
      vertex -5.87685585022 -43.0454750061 67.0654296875
    endloop
  endfacet
  facet normal 0 0.382672339678 -0.923884093761
    outer loop
      vertex -5.87685585022 -43.0454750061 67.0654296875
      vertex 16.6231422424 -43.3457183838 67.7903060913
      vertex 16.6231422424 -43.0454750061 67.0654296875
    endloop
  endfacet
  facet normal 0 0.522503256798 -0.852637290955
    outer loop
      vertex -5.87685585022 -43.0454750061 67.0654296875
      vertex 16.6231422424 -43.0454750061 67.0654296875
      vertex -5.87685585022 -42.6355247498 66.3964538574
    endloop
  endfacet
  facet normal 0 0.522503256798 -0.852637290955
    outer loop
      vertex -5.87685585022 -42.6355247498 66.3964538574
      vertex 16.6231422424 -43.0454750061 67.0654296875
      vertex 16.6231422424 -42.6355247498 66.3964538574
    endloop
  endfacet
  facet normal 0 0.64944934845 -0.760404825211
    outer loop
      vertex -5.87685585022 -42.6355247498 66.3964538574
      vertex 16.6231422424 -42.6355247498 66.3964538574
      vertex -5.87685585022 -42.1259765625 65.7998504639
    endloop
  endfacet
  facet normal 0 0.64944934845 -0.760404825211
    outer loop
      vertex -5.87685585022 -42.1259765625 65.7998504639
      vertex 16.6231422424 -42.6355247498 66.3964538574
      vertex 16.6231422424 -42.1259765625 65.7998504639
    endloop
  endfacet
  facet normal 0 0.760399162769 -0.64945602417
    outer loop
      vertex -5.87685585022 -42.1259765625 65.7998504639
      vertex 16.6231422424 -42.1259765625 65.7998504639
      vertex -5.87685585022 -41.5293693542 65.2902908325
    endloop
  endfacet
  facet normal 0 0.760399162769 -0.64945602417
    outer loop
      vertex -5.87685585022 -41.5293693542 65.2902908325
      vertex 16.6231422424 -42.1259765625 65.7998504639
      vertex 16.6231422424 -41.5293693542 65.2902908325
    endloop
  endfacet
  facet normal 0 0.852646231651 -0.522488713264
    outer loop
      vertex -5.87685585022 -41.5293693542 65.2902908325
      vertex 16.6231422424 -41.5293693542 65.2902908325
      vertex -5.87685585022 -40.8603935242 64.880355835
    endloop
  endfacet
  facet normal 0 0.852646231651 -0.522488713264
    outer loop
      vertex -5.87685585022 -40.8603935242 64.880355835
      vertex 16.6231422424 -41.5293693542 65.2902908325
      vertex 16.6231422424 -40.8603935242 64.880355835
    endloop
  endfacet
  facet normal 0 0.923879086971 -0.382684469223
    outer loop
      vertex -5.87685585022 -40.8603935242 64.880355835
      vertex 16.6231422424 -40.8603935242 64.880355835
      vertex -5.87685585022 -40.1355285645 64.5801010132
    endloop
  endfacet
  facet normal 0 0.923879086971 -0.382684469223
    outer loop
      vertex -5.87685585022 -40.1355285645 64.5801010132
      vertex 16.6231422424 -40.8603935242 64.880355835
      vertex 16.6231422424 -40.1355285645 64.5801010132
    endloop
  endfacet
  facet normal 0 0.972369015217 -0.233449175954
    outer loop
      vertex -5.87685585022 -40.1355285645 64.5801010132
      vertex 16.6231422424 -40.1355285645 64.5801010132
      vertex -5.87685585022 -39.3726158142 64.3969421387
    endloop
  endfacet
  facet normal 0 0.972369015217 -0.233449175954
    outer loop
      vertex -5.87685585022 -39.3726158142 64.3969421387
      vertex 16.6231422424 -40.1355285645 64.5801010132
      vertex 16.6231422424 -39.3726158142 64.3969421387
    endloop
  endfacet
  facet normal 0 0.996917426586 -0.0784575715661
    outer loop
      vertex -5.87685585022 -39.3726158142 64.3969421387
      vertex 16.6231422424 -39.3726158142 64.3969421387
      vertex -5.87685585022 -38.5904388428 64.3353805542
    endloop
  endfacet
  facet normal 2.74317208948e-08 0.996917366982 -0.0784583538771
    outer loop
      vertex -5.87685585022 -38.5904388428 64.3353805542
      vertex 16.6231422424 -39.3726158142 64.3969421387
      vertex 16.6231422424 -38.5904464722 64.3353805542
    endloop
  endfacet
  facet normal -0.0784579589963 0 0.996917426586
    outer loop
      vertex -10.8768520355 -7.14044523239 64.3353805542
      vertex -10.8768520355 -7.14044523239 52.3353843689
      vertex -10.0946788788 -7.20200252533 64.3353805542
    endloop
  endfacet
  facet normal -0.0784579589963 0 0.996917426586
    outer loop
      vertex -10.0946788788 -7.20200252533 64.3353805542
      vertex -10.8768520355 -7.14044523239 52.3353843689
      vertex -10.0946788788 -7.20200252533 52.3353843689
    endloop
  endfacet
  facet normal -0.233439698815 0 0.972371280193
    outer loop
      vertex -10.0946788788 -7.20200252533 64.3353805542
      vertex -10.0946788788 -7.20200252533 52.3353843689
      vertex -9.33176708221 -7.38515663147 64.3353805542
    endloop
  endfacet
  facet normal -0.233439698815 0 0.972371280193
    outer loop
      vertex -9.33176708221 -7.38515663147 64.3353805542
      vertex -10.0946788788 -7.20200252533 52.3353843689
      vertex -9.33176708221 -7.38515663147 52.3353843689
    endloop
  endfacet
  facet normal -0.382684469223 0 0.923879086971
    outer loop
      vertex -9.33176708221 -7.38515663147 64.3353805542
      vertex -9.33176708221 -7.38515663147 52.3353843689
      vertex -8.60689926147 -7.68540763855 64.3353805542
    endloop
  endfacet
  facet normal -0.382684469223 0 0.923879086971
    outer loop
      vertex -8.60689926147 -7.68540763855 64.3353805542
      vertex -9.33176708221 -7.38515663147 52.3353843689
      vertex -8.60689926147 -7.68540763855 52.3353843689
    endloop
  endfacet
  facet normal -0.522495985031 0 0.852641761303
    outer loop
      vertex -8.60689926147 -7.68540763855 64.3353805542
      vertex -8.60689926147 -7.68540763855 52.3353843689
      vertex -7.93792533875 -8.09535312653 64.3353805542
    endloop
  endfacet
  facet normal -0.522495985031 0 0.852641761303
    outer loop
      vertex -7.93792533875 -8.09535312653 64.3353805542
      vertex -8.60689926147 -7.68540763855 52.3353843689
      vertex -7.93792533875 -8.09535312653 52.3353843689
    endloop
  endfacet
  facet normal -0.649450242519 0 0.760404109955
    outer loop
      vertex -7.93792533875 -8.09535312653 64.3353805542
      vertex -7.93792533875 -8.09535312653 52.3353843689
      vertex -7.34131765366 -8.60490703583 64.3353805542
    endloop
  endfacet
  facet normal -0.649450242519 0 0.760404109955
    outer loop
      vertex -7.34131765366 -8.60490703583 64.3353805542
      vertex -7.93792533875 -8.09535312653 52.3353843689
      vertex -7.34131765366 -8.60490703583 52.3353843689
    endloop
  endfacet
  facet normal -0.76040661335 0 0.649447321892
    outer loop
      vertex -7.34131765366 -8.60490703583 64.3353805542
      vertex -7.34131765366 -8.60490703583 52.3353843689
      vertex -6.83176755905 -9.20151519775 64.3353805542
    endloop
  endfacet
  facet normal -0.76040661335 0 0.649447321892
    outer loop
      vertex -6.83176755905 -9.20151519775 64.3353805542
      vertex -7.34131765366 -8.60490703583 52.3353843689
      vertex -6.83176755905 -9.20151519775 52.3353843689
    endloop
  endfacet
  facet normal -0.852639496326 0 0.522499620914
    outer loop
      vertex -6.83176755905 -9.20151519775 64.3353805542
      vertex -6.83176755905 -9.20151519775 52.3353843689
      vertex -6.42181825638 -9.87048912048 64.3353805542
    endloop
  endfacet
  facet normal -0.852639496326 0 0.522499620914
    outer loop
      vertex -6.42181825638 -9.87048912048 64.3353805542
      vertex -6.83176755905 -9.20151519775 52.3353843689
      vertex -6.42181825638 -9.87048912048 52.3353843689
    endloop
  endfacet
  facet normal -0.923880875111 0 0.382680177689
    outer loop
      vertex -6.42181825638 -9.87048912048 64.3353805542
      vertex -6.42181825638 -9.87048912048 52.3353843689
      vertex -6.121571064 -10.5953569412 64.3353805542
    endloop
  endfacet
  facet normal -0.923880875111 0 0.382680177689
    outer loop
      vertex -6.121571064 -10.5953569412 64.3353805542
      vertex -6.42181825638 -9.87048912048 52.3353843689
      vertex -6.121571064 -10.5953569412 52.3353843689
    endloop
  endfacet
  facet normal -0.972369015217 0 0.233449175954
    outer loop
      vertex -6.121571064 -10.5953569412 64.3353805542
      vertex -6.121571064 -10.5953569412 52.3353843689
      vertex -5.93840932846 -11.3582677841 64.3353805542
    endloop
  endfacet
  facet normal -0.972369015217 0 0.233449175954
    outer loop
      vertex -5.93840932846 -11.3582677841 64.3353805542
      vertex -6.121571064 -10.5953569412 52.3353843689
      vertex -5.93840932846 -11.3582677841 52.3353843689
    endloop
  endfacet
  facet normal -0.996917426586 0 0.0784575715661
    outer loop
      vertex -5.93840932846 -11.3582677841 64.3353805542
      vertex -5.93840932846 -11.3582677841 52.3353843689
      vertex -5.87685203552 -12.1404447556 64.3353805542
    endloop
  endfacet
  facet normal -0.996917426586 0 0.0784575715661
    outer loop
      vertex -5.87685203552 -12.1404447556 64.3353805542
      vertex -5.93840932846 -11.3582677841 52.3353843689
      vertex -5.87685203552 -12.1404447556 52.3353843689
    endloop
  endfacet
  facet normal 0.0784575715661 2.41096675957e-09 0.996917426586
    outer loop
      vertex 21.6231498718 -7.14044523239 52.3353843689
      vertex 21.6231498718 -7.14044523239 64.3353805542
      vertex 20.8409729004 -7.20200252533 52.3353843689
    endloop
  endfacet
  facet normal 0.0784575715661 2.41096675957e-09 0.996917426586
    outer loop
      vertex 20.8409729004 -7.20200252533 52.3353843689
      vertex 21.6231498718 -7.14044523239 64.3353805542
      vertex 20.8409729004 -7.20200252533 64.3353805542
    endloop
  endfacet
  facet normal 0.233449190855 7.17379178283e-09 0.972369015217
    outer loop
      vertex 20.8409729004 -7.20200252533 52.3353843689
      vertex 20.8409729004 -7.20200252533 64.3353805542
      vertex 20.0780620575 -7.3851647377 52.3353843689
    endloop
  endfacet
  facet normal 0.233449161053 8.9672385073e-09 0.972369015217
    outer loop
      vertex 20.0780620575 -7.3851647377 52.3353843689
      vertex 20.8409729004 -7.20200252533 64.3353805542
      vertex 20.0780620575 -7.3851647377 64.3353805542
    endloop
  endfacet
  facet normal 0.382684439421 1.46996574912e-08 0.923879086971
    outer loop
      vertex 20.0780620575 -7.3851647377 52.3353843689
      vertex 20.0780620575 -7.3851647377 64.3353805542
      vertex 19.3531951904 -7.68541526794 52.3353843689
    endloop
  endfacet
  facet normal 0.382687985897 -2.36176688873e-07 0.92387765646
    outer loop
      vertex 19.3531951904 -7.68541526794 52.3353843689
      vertex 20.0780620575 -7.3851647377 64.3353805542
      vertex 19.3532009125 -7.68541526794 64.3353805542
    endloop
  endfacet
  facet normal 0.522495985031 -3.22459499102e-07 0.852641761303
    outer loop
      vertex 19.3531951904 -7.68541526794 52.3353843689
      vertex 19.3532009125 -7.68541526794 64.3353805542
      vertex 18.6842193604 -8.09536075592 52.3353843689
    endloop
  endfacet
  facet normal 0.522491514683 2.14079154404e-08 0.852644503117
    outer loop
      vertex 18.6842193604 -8.09536075592 52.3353843689
      vertex 19.3532009125 -7.68541526794 64.3353805542
      vertex 18.6842193604 -8.09536075592 64.3353805542
    endloop
  endfacet
  facet normal 0.649444401264 2.66095234736e-08 0.760409116745
    outer loop
      vertex 18.6842193604 -8.09536075592 52.3353843689
      vertex 18.6842193604 -8.09536075592 64.3353805542
      vertex 18.0876121521 -8.60490703583 52.3353843689
    endloop
  endfacet
  facet normal 0.649444460869 1.99571452697e-08 0.76040905714
    outer loop
      vertex 18.0876121521 -8.60490703583 52.3353843689
      vertex 18.6842193604 -8.09536075592 64.3353805542
      vertex 18.0876121521 -8.60490703583 64.3353805542
    endloop
  endfacet
  facet normal 0.76040905714 2.33670398586e-08 0.649444401264
    outer loop
      vertex 18.0876121521 -8.60490703583 52.3353843689
      vertex 18.0876121521 -8.60490703583 64.3353805542
      vertex 17.5780658722 -9.20151519775 52.3353843689
    endloop
  endfacet
  facet normal 0.76040905714 2.33670398586e-08 0.649444401264
    outer loop
      vertex 17.5780658722 -9.20151519775 52.3353843689
      vertex 18.0876121521 -8.60490703583 64.3353805542
      vertex 17.5780658722 -9.20151519775 64.3353805542
    endloop
  endfacet
  facet normal 0.852640092373 2.62012580521e-08 0.52249866724
    outer loop
      vertex 17.5780658722 -9.20151519775 52.3353843689
      vertex 17.5780658722 -9.20151519775 64.3353805542
      vertex 17.1681137085 -9.87049674988 52.3353843689
    endloop
  endfacet
  facet normal 0.852640032768 3.49350095519e-08 0.522498786449
    outer loop
      vertex 17.1681137085 -9.87049674988 52.3353843689
      vertex 17.5780658722 -9.20151519775 64.3353805542
      vertex 17.1681118011 -9.87049674988 64.3353805542
    endloop
  endfacet
  facet normal 0.92387765646 3.78538089763e-08 0.382688015699
    outer loop
      vertex 17.1681137085 -9.87049674988 52.3353843689
      vertex 17.1681118011 -9.87049674988 64.3353805542
      vertex 16.8678627014 -10.5953569412 52.3353843689
    endloop
  endfacet
  facet normal 0.92387765646 3.78538089763e-08 0.382688015699
    outer loop
      vertex 16.8678627014 -10.5953569412 52.3353843689
      vertex 17.1681118011 -9.87049674988 64.3353805542
      vertex 16.8678607941 -10.5953569412 64.3353805542
    endloop
  endfacet
  facet normal 0.972371280193 3.984072805e-08 0.233439698815
    outer loop
      vertex 16.8678627014 -10.5953569412 52.3353843689
      vertex 16.8678607941 -10.5953569412 64.3353805542
      vertex 16.6847076416 -11.3582677841 52.3353843689
    endloop
  endfacet
  facet normal 0.972371280193 3.984072805e-08 0.233439698815
    outer loop
      vertex 16.6847076416 -11.3582677841 52.3353843689
      vertex 16.8678607941 -10.5953569412 64.3353805542
      vertex 16.6847076416 -11.3582677841 64.3353805542
    endloop
  endfacet
  facet normal 0.996917426586 4.08464515544e-08 0.0784575715661
    outer loop
      vertex 16.6847076416 -11.3582677841 52.3353843689
      vertex 16.6847076416 -11.3582677841 64.3353805542
      vertex 16.6231498718 -12.1404447556 52.3353843689
    endloop
  endfacet
  facet normal 0.996917426586 4.08464515544e-08 0.0784575715661
    outer loop
      vertex 16.6231498718 -12.1404447556 52.3353843689
      vertex 16.6847076416 -11.3582677841 64.3353805542
      vertex 16.6231498718 -12.1404447556 64.3353805542
    endloop
  endfacet
  facet normal 0.033129543066 -0.999451041222 0
    outer loop
      vertex 21.1012153625 -2.14044523239 -17.6470890045
      vertex 21.1012153625 2.85955452919 -17.6470890045
      vertex 21.5717105865 2.85955452919 -17.6314945221
    endloop
  endfacet
  facet normal 0.033129543066 -0.999451041222 0
    outer loop
      vertex 21.1012153625 -2.14044523239 -17.6470890045
      vertex 21.5717105865 2.85955452919 -17.6314945221
      vertex 21.5717105865 -2.14044523239 -17.6314945221
    endloop
  endfacet
  facet normal 0.189034625888 -0.98197042942 0
    outer loop
      vertex 21.5717105865 -2.14044523239 -17.6314945221
      vertex 21.5717105865 2.85955452919 -17.6314945221
      vertex 22.0339775085 2.85955452919 -17.5425052643
    endloop
  endfacet
  facet normal 0.189034625888 -0.98197042942 0
    outer loop
      vertex 21.5717105865 -2.14044523239 -17.6314945221
      vertex 22.0339775085 2.85955452919 -17.5425052643
      vertex 22.0339775085 -2.14044523239 -17.5425052643
    endloop
  endfacet
  facet normal 0.340333849192 -0.94030469656 0
    outer loop
      vertex 22.0339775085 -2.14044523239 -17.5425052643
      vertex 22.0339775085 2.85955452919 -17.5425052643
      vertex 22.4766330719 2.85955452919 -17.3822898865
    endloop
  endfacet
  facet normal 0.340339183807 -0.940302729607 5.35473930086e-07
    outer loop
      vertex 22.0339775085 -2.14044523239 -17.5425052643
      vertex 22.4766330719 2.85955452919 -17.3822898865
      vertex 22.4766254425 -2.14044523239 -17.3822898865
    endloop
  endfacet
  facet normal 0.483259558678 -0.875477135181 7.6033819596e-07
    outer loop
      vertex 22.4766254425 -2.14044523239 -17.3822898865
      vertex 22.4766330719 2.85955452919 -17.3822898865
      vertex 22.8887653351 2.85955452919 -17.154794693
    endloop
  endfacet
  facet normal 0.483252495527 -0.875481009483 0
    outer loop
      vertex 22.4766254425 -2.14044523239 -17.3822898865
      vertex 22.8887653351 2.85955452919 -17.154794693
      vertex 22.8887653351 -2.14044523239 -17.154794693
    endloop
  endfacet
  facet normal 0.614243090153 -0.789116859436 0
    outer loop
      vertex 22.8887653351 -2.14044523239 -17.154794693
      vertex 22.8887653351 2.85955452919 -17.154794693
      vertex 23.2602424622 2.85955452919 -16.8656406403
    endloop
  endfacet
  facet normal 0.614243090153 -0.789116859436 0
    outer loop
      vertex 22.8887653351 -2.14044523239 -17.154794693
      vertex 23.2602424622 2.85955452919 -16.8656406403
      vertex 23.2602424622 -2.14044523239 -16.8656406403
    endloop
  endfacet
  facet normal 0.730134904385 -0.683302998543 0
    outer loop
      vertex 23.2602424622 -2.14044523239 -16.8656406403
      vertex 23.2602424622 2.85955452919 -16.8656406403
      vertex 23.5819149017 2.85955452919 -16.5219211578
    endloop
  endfacet
  facet normal 0.730134904385 -0.683302998543 0
    outer loop
      vertex 23.2602424622 -2.14044523239 -16.8656406403
      vertex 23.5819149017 2.85955452919 -16.5219211578
      vertex 23.5819149017 -2.14044523239 -16.5219211578
    endloop
  endfacet
  facet normal 0.828038692474 -0.56067097187 0
    outer loop
      vertex 23.5819149017 -2.14044523239 -16.5219211578
      vertex 23.5819149017 2.85955452919 -16.5219211578
      vertex 23.8458518982 2.85955452919 -16.1321201324
    endloop
  endfacet
  facet normal 0.828038692474 -0.56067097187 -6.96958065027e-18
    outer loop
      vertex 23.5819149017 -2.14044523239 -16.5219211578
      vertex 23.8458518982 2.85955452919 -16.1321201324
      vertex 23.8458518982 -2.14044523239 -16.1321201324
    endloop
  endfacet
  facet normal 0.905539989471 -0.424260884523 0
    outer loop
      vertex 23.8458518982 -2.14044523239 -16.1321201324
      vertex 23.8458518982 2.85955452919 -16.1321201324
      vertex 24.0455741882 2.85955452919 -15.7058353424
    endloop
  endfacet
  facet normal 0.905539989471 -0.424260884523 0
    outer loop
      vertex 23.8458518982 -2.14044523239 -16.1321201324
      vertex 24.0455741882 2.85955452919 -15.7058353424
      vertex 24.0455741882 -2.14044523239 -15.7058353424
    endloop
  endfacet
  facet normal 0.960768043995 -0.277353197336 0
    outer loop
      vertex 24.0455741882 -2.14044523239 -15.7058353424
      vertex 24.0455741882 2.85955452919 -15.7058353424
      vertex 24.1761379242 2.85955452919 -15.2535505295
    endloop
  endfacet
  facet normal 0.960768043995 -0.277353197336 0
    outer loop
      vertex 24.0455741882 -2.14044523239 -15.7058353424
      vertex 24.1761379242 2.85955452919 -15.2535505295
      vertex 24.1761379242 -2.14044523239 -15.2535505295
    endloop
  endfacet
  facet normal 0.992326796055 -0.123642921448 0
    outer loop
      vertex 24.1761379242 -2.14044523239 -15.2535505295
      vertex 24.1761379242 2.85955452919 -15.2535505295
      vertex 24.2343444824 2.85955452919 -14.7864027023
    endloop
  endfacet
  facet normal 0.992326796055 -0.123642921448 1.74239536936e-18
    outer loop
      vertex 24.1761379242 -2.14044523239 -15.2535505295
      vertex 24.2343444824 2.85955452919 -14.7864027023
      vertex 24.2343444824 -2.14044523239 -14.7864027023
    endloop
  endfacet
  facet normal -0.984666287899 0.174448564649 0
    outer loop
      vertex 21.8195858002 -3.14044523239 -11.6735496521
      vertex 21.8340454102 -3.14044523239 -11.5919361115
      vertex 21.8195858002 -2.14044523239 -11.6735496521
    endloop
  endfacet
  facet normal -0.984666287899 0.174448564649 0
    outer loop
      vertex 21.8195858002 -2.14044523239 -11.6735496521
      vertex 21.8340454102 -3.14044523239 -11.5919361115
      vertex 21.8195858002 2.85955452919 -11.6735496521
    endloop
  endfacet
  facet normal -0.96734470129 0.25346454978 0
    outer loop
      vertex 21.8195858002 -2.14044523239 -11.6735496521
      vertex 21.8195858002 2.85955452919 -11.6735496521
      vertex 21.7177734375 -2.14044523239 -12.0621137619
    endloop
  endfacet
  facet normal -0.96734470129 0.25346454978 0
    outer loop
      vertex 21.7177734375 -2.14044523239 -12.0621137619
      vertex 21.8195858002 2.85955452919 -11.6735496521
      vertex 21.7177734375 2.85955452919 -12.0621137619
    endloop
  endfacet
  facet normal -0.919476568699 0.393144845963 0
    outer loop
      vertex 21.7177734375 -2.14044523239 -12.0621137619
      vertex 21.7177734375 2.85955452919 -12.0621137619
      vertex 21.5273590088 -2.14044523239 -12.5074510574
    endloop
  endfacet
  facet normal -0.919476568699 0.393144845963 0
    outer loop
      vertex 21.5273590088 -2.14044523239 -12.5074510574
      vertex 21.7177734375 2.85955452919 -12.0621137619
      vertex 21.5273590088 2.85955452919 -12.5074510574
    endloop
  endfacet
  facet normal -0.84421980381 0.535997092724 0
    outer loop
      vertex 21.5273590088 -2.14044523239 -12.5074510574
      vertex 21.5273590088 2.85955452919 -12.5074510574
      vertex 21.2677555084 -2.14044523239 -12.9163379669
    endloop
  endfacet
  facet normal -0.84421980381 0.535997092724 0
    outer loop
      vertex 21.2677555084 -2.14044523239 -12.9163379669
      vertex 21.5273590088 2.85955452919 -12.5074510574
      vertex 21.2677555084 2.85955452919 -12.9163379669
    endloop
  endfacet
  facet normal -0.746981739998 0.664844572544 0
    outer loop
      vertex 21.2677555084 -2.14044523239 -12.9163379669
      vertex 21.2677555084 2.85955452919 -12.9163379669
      vertex 20.9457454681 -2.14044523239 -13.2781305313
    endloop
  endfacet
  facet normal -0.746981739998 0.664844572544 0
    outer loop
      vertex 20.9457454681 -2.14044523239 -13.2781305313
      vertex 21.2677555084 2.85955452919 -12.9163379669
      vertex 20.9457454681 2.85955452919 -13.2781305313
    endloop
  endfacet
  facet normal -0.630247056484 0.776394605637 0
    outer loop
      vertex 20.9457454681 -2.14044523239 -13.2781305313
      vertex 20.9457454681 2.85955452919 -13.2781305313
      vertex 20.5697059631 -2.14044523239 -13.5833845139
    endloop
  endfacet
  facet normal -0.630255043507 0.776388168335 -9.91614115264e-07
    outer loop
      vertex 20.5697059631 -2.14044523239 -13.5833845139
      vertex 20.9457454681 2.85955452919 -13.2781305313
      vertex 20.5697135925 2.85955452919 -13.5833845139
    endloop
  endfacet
  facet normal -0.49710854888 0.86768835783 -7.82127585808e-07
    outer loop
      vertex 20.5697059631 -2.14044523239 -13.5833845139
      vertex 20.5697135925 2.85955452919 -13.5833845139
      vertex 20.1494541168 -2.14044523239 -13.8241510391
    endloop
  endfacet
  facet normal -0.497101545334 0.867692351341 0
    outer loop
      vertex 20.1494541168 -2.14044523239 -13.8241510391
      vertex 20.5697135925 2.85955452919 -13.5833845139
      vertex 20.1494541168 2.85955452919 -13.8241510391
    endloop
  endfacet
  facet normal -0.350993484259 0.936377882957 0
    outer loop
      vertex 20.1494541168 -2.14044523239 -13.8241510391
      vertex 20.1494541168 2.85955452919 -13.8241510391
      vertex 19.6959285736 -2.14044523239 -13.9941520691
    endloop
  endfacet
  facet normal -0.350993484259 0.936377882957 0
    outer loop
      vertex 19.6959285736 -2.14044523239 -13.9941520691
      vertex 20.1494541168 2.85955452919 -13.8241510391
      vertex 19.6959285736 2.85955452919 -13.9941520691
    endloop
  endfacet
  facet normal -0.195735052228 0.980656802654 0
    outer loop
      vertex 19.6959285736 -2.14044523239 -13.9941520691
      vertex 19.6959285736 2.85955452919 -13.9941520691
      vertex 19.2209568024 -2.14044523239 -14.0889549255
    endloop
  endfacet
  facet normal -0.195735052228 0.980656802654 0
    outer loop
      vertex 19.2209568024 -2.14044523239 -14.0889549255
      vertex 19.6959285736 2.85955452919 -13.9941520691
      vertex 19.2209568024 2.85955452919 -14.0889549255
    endloop
  endfacet
  facet normal -0.0353757888079 0.999374091625 0
    outer loop
      vertex 19.2209568024 -2.14044523239 -14.0889549255
      vertex 19.2209568024 2.85955452919 -14.0889549255
      vertex 18.7369213104 -2.14044523239 -14.1060886383
    endloop
  endfacet
  facet normal -0.0353757888079 0.999374091625 0
    outer loop
      vertex 18.7369213104 -2.14044523239 -14.1060886383
      vertex 19.2209568024 2.85955452919 -14.0889549255
      vertex 18.7369213104 2.85955452919 -14.1060886383
    endloop
  endfacet
  facet normal -0.996736466885 0.0807245001197 0
    outer loop
      vertex 21.8731422424 -3.14044523239 -11.1091804504
      vertex 21.8731422424 3.85955452919 -11.1091804504
      vertex 21.8340454102 -3.14044523239 -11.5919361115
    endloop
  endfacet
  facet normal -0.996737778187 0.0807083621621 -1.12015789e-06
    outer loop
      vertex 21.8340454102 -3.14044523239 -11.5919361115
      vertex 21.8731422424 3.85955452919 -11.1091804504
      vertex 21.8340530396 3.85955452919 -11.5919361115
    endloop
  endfacet
  facet normal -0.984652280807 0.174527436495 -1.10657595087e-06
    outer loop
      vertex 21.8340454102 -3.14044523239 -11.5919361115
      vertex 21.8340530396 3.85955452919 -11.5919361115
      vertex 21.8195858002 2.85955452919 -11.6735496521
    endloop
  endfacet
  facet normal -0.984649956226 0.174540579319 0
    outer loop
      vertex 21.8195858002 2.85955452919 -11.6735496521
      vertex 21.8340530396 3.85955452919 -11.5919361115
      vertex 21.8195858002 3.85955452919 -11.6735496521
    endloop
  endfacet
endsolid "link3"
