ISO-10303-21;
HEADER;
FILE_DESCRIPTION (( 'STEP AP214' ),
    '1' );
FILE_NAME ('Estator.STEP',
    '2026-05-03T19:45:36',
    ( '' ),
    ( '' ),
    'SwSTEP 2.0',
    'SolidWorks 2025',
    '' );
FILE_SCHEMA (( 'AUTOMOTIVE_DESIGN' ));
ENDSEC;

DATA;
#1 = DIRECTION ( 'NONE',  ( 0.8191520442889925757, 0.5735764363510450492, 2.002631423919819964E-15 ) ) ;
#2 = ORIENTED_EDGE ( 'NONE', *, *, #4008, .F. ) ;
#3 = DIRECTION ( 'NONE',  ( 1.000000000000000000, -0.000000000000000000, -0.000000000000000000 ) ) ;
#4 = EDGE_CURVE ( 'NONE', #1001, #5293, #5870, .T. ) ;
#5 = FACE_OUTER_BOUND ( 'NONE', #916, .T. ) ;
#6 = EDGE_CURVE ( 'NONE', #1199, #5126, #2666, .T. ) ;
#7 = FACE_OUTER_BOUND ( 'NONE', #7321, .T. ) ;
#8 = ORIENTED_EDGE ( 'NONE', *, *, #5545, .T. ) ;
#9 = CARTESIAN_POINT ( 'NONE',  ( 15.00000000000007283, -32.36067977499767068, -23.51141009169919727 ) ) ;
#10 = ORIENTED_EDGE ( 'NONE', *, *, #2831, .F. ) ;
#11 = CARTESIAN_POINT ( 'NONE',  ( 19.32833852793591589, -33.58931739785166570, -9.956072330903401379 ) ) ;
#12 = CYLINDRICAL_SURFACE ( 'NONE', #2224, 35.00000000000000000 ) ;
#13 = CARTESIAN_POINT ( 'NONE',  ( 20.00000000000008527, -7.869136502498760066, -39.50165152752344966 ) ) ;
#14 = CARTESIAN_POINT ( 'NONE',  ( 15.00000000000007105, -7.605397193521742594, -39.58734562368093890 ) ) ;
#15 = CARTESIAN_POINT ( 'NONE',  ( 15.00000000000007105, 7.605397193522009047, 39.58734562368088206 ) ) ;
#16 = DIRECTION ( 'NONE',  ( -0.000000000000000000, -0.5877852522924653655, -0.8090169943749531134 ) ) ;
#17 = CARTESIAN_POINT ( 'NONE',  ( 22.86788218175522758, -23.74602861183498348, -32.19021944226133769 ) ) ;
#18 = VERTEX_POINT ( 'NONE', #7717 ) ;
#19 = ORIENTED_EDGE ( 'NONE', *, *, #4401, .T. ) ;
#20 = VECTOR ( 'NONE', #1366, 1000.000000000000000 ) ;
#21 = FACE_OUTER_BOUND ( 'NONE', #2091, .T. ) ;
#22 = CARTESIAN_POINT ( 'NONE',  ( 24.34597678335757109, 29.39394116929681999, 19.00072536522387523 ) ) ;
#23 = CIRCLE ( 'NONE', #7104, 4.999999999999998224 ) ;
#24 = DIRECTION ( 'NONE',  ( 1.000000000000000000, -1.481484572605566251E-33, 0.000000000000000000 ) ) ;
#25 = ORIENTED_EDGE ( 'NONE', *, *, #2331, .T. ) ;
#26 = ORIENTED_EDGE ( 'NONE', *, *, #6504, .F. ) ;
#27 = CARTESIAN_POINT ( 'NONE',  ( 15.00000000000006573, 24.20507507021155291, -25.28071084533470270 ) ) ;
#28 = AXIS2_PLACEMENT_3D ( 'NONE', #4839, #6585, #976 ) ;
#29 = CARTESIAN_POINT ( 'NONE',  ( 25.00000000000000000, 30.85671967754525014, 16.99761586602338426 ) ) ;
#30 = AXIS2_PLACEMENT_3D ( 'NONE', #7917, #5537, #7959 ) ;
#31 = AXIS2_PLACEMENT_3D ( 'NONE', #3220, #5081, #1343 ) ;
#32 = EDGE_CURVE ( 'NONE', #2373, #7367, #3327, .T. ) ;
#33 = VERTEX_POINT ( 'NONE', #1491 ) ;
#34 = CARTESIAN_POINT ( 'NONE',  ( 15.04754234242348687, -14.48365394549417395, 31.86494773802522928 ) ) ;
#35 = FACE_OUTER_BOUND ( 'NONE', #1742, .T. ) ;
#36 = CIRCLE ( 'NONE', #5385, 5.000000000000000000 ) ;
#37 = LINE ( 'NONE', #8072, #2097 ) ;
#38 = EDGE_CURVE ( 'NONE', #5623, #75, #7645, .T. ) ;
#39 = FACE_OUTER_BOUND ( 'NONE', #7035, .T. ) ;
#40 = EDGE_CURVE ( 'NONE', #1979, #348, #708, .T. ) ;
#41 = AXIS2_PLACEMENT_3D ( 'NONE', #980, #6479, #2703 ) ;
#42 = DIRECTION ( 'NONE',  ( 5.172575739036327943E-48, 3.491481338843132961E-15, -1.000000000000000000 ) ) ;
#43 = ORIENTED_EDGE ( 'NONE', *, *, #7949, .T. ) ;
#44 = DIRECTION ( 'NONE',  ( -1.481484572605566422E-33, -1.000000000000000000, 0.000000000000000000 ) ) ;
#45 = EDGE_CURVE ( 'NONE', #4152, #3875, #3981, .T. ) ;
#46 = DIRECTION ( 'NONE',  ( 3.980743944777976359E-17, 0.3090169943749582204, -0.9510565162951502005 ) ) ;
#47 = ORIENTED_EDGE ( 'NONE', *, *, #3385, .T. ) ;
#48 = AXIS2_PLACEMENT_3D ( 'NONE', #1084, #1787, #4177 ) ;
#49 = B_SPLINE_CURVE_WITH_KNOTS ( 'NONE', 3,
 ( #5504, #2912, #8017, #6833 ),
 .UNSPECIFIED., .F., .F.,
 ( 4, 4 ),
 ( 7.757919228897728493E-18, 0.0008734117105027672332 ),
 .UNSPECIFIED. ) ;
#50 = EDGE_LOOP ( 'NONE', ( #3946, #1469, #4344, #8022 ) ) ;
#51 = VERTEX_POINT ( 'NONE', #4644 ) ;
#52 = CARTESIAN_POINT ( 'NONE',  ( 20.67025973870254418, 32.91206543455968614, 12.00683103969262966 ) ) ;
#53 = EDGE_CURVE ( 'NONE', #6281, #3278, #5148, .T. ) ;
#54 = VERTEX_POINT ( 'NONE', #4556 ) ;
#55 = VECTOR ( 'NONE', #2052, 1000.000000000000000 ) ;
#56 = CARTESIAN_POINT ( 'NONE',  ( 17.13211781824483282, -24.01860538316444149, 31.99218082574409294 ) ) ;
#57 = ADVANCED_FACE ( 'NONE', ( #3286 ), #877, .T. ) ;
#58 = DIRECTION ( 'NONE',  ( -2.598392587599977600E-16, 0.5877852522924769119, -0.8090169943749446757 ) ) ;
#59 = CARTESIAN_POINT ( 'NONE',  ( 25.00000000000000000, -24.95383028282884652, -31.31270016288838320 ) ) ;
#60 = AXIS2_PLACEMENT_3D ( 'NONE', #2393, #1179, #4860 ) ;
#61 = SHAPE_DEFINITION_REPRESENTATION ( #6379, #6916 ) ;
#62 = DIRECTION ( 'NONE',  ( 0.000000000000000000, 0.000000000000000000, -1.000000000000000000 ) ) ;
#63 = PLANE ( 'NONE',  #1077 ) ;
#64 = DIRECTION ( 'NONE',  ( 8.707947832763575037E-34, 0.5877852522924652545, 0.8090169943749531134 ) ) ;
#65 = CARTESIAN_POINT ( 'NONE',  ( 15.00000000000006573, 1.481484572605556398E-32, 0.000000000000000000 ) ) ;
#66 = ORIENTED_EDGE ( 'NONE', *, *, #6927, .T. ) ;
#67 = ORIENTED_EDGE ( 'NONE', *, *, #2738, .T. ) ;
#68 = AXIS2_PLACEMENT_3D ( 'NONE', #603, #4364, #6252 ) ;
#69 = CARTESIAN_POINT ( 'NONE',  ( 24.99999999999999289, 34.37988406144788200, 6.559235620207735096 ) ) ;
#70 = EDGE_CURVE ( 'NONE', #5865, #5347, #7893, .T. ) ;
#71 = DIRECTION ( 'NONE',  ( -1.000000000000000000, 1.481484572605565909E-33, -0.000000000000000000 ) ) ;
#72 = LINE ( 'NONE', #5072, #336 ) ;
#73 = ORIENTED_EDGE ( 'NONE', *, *, #1809, .T. ) ;
#74 = AXIS2_PLACEMENT_3D ( 'NONE', #7206, #6434, #4626 ) ;
#75 = VERTEX_POINT ( 'NONE', #2251 ) ;
#76 = CARTESIAN_POINT ( 'NONE',  ( 15.00000000000007994, 27.32667985082142081, -11.10792168451297002 ) ) ;
#77 = B_SPLINE_CURVE_WITH_KNOTS ( 'NONE', 3,
 ( #1143, #2918, #7282, #7234, #7844, #4786, #2400, #3581, #391, #1618, #3490, #6097, #6001, #2312 ),
 .UNSPECIFIED., .F., .F.,
 ( 4, 2, 2, 2, 2, 2, 4 ),
 ( 0.000000000000000000, 0.001196801401551002243, 0.001795202102326503256, 0.002393602803102004486, 0.002992003503877505282, 0.003590404204653006512, 0.004787205606204015043 ),
 .UNSPECIFIED. ) ;
#78 = ORIENTED_EDGE ( 'NONE', *, *, #2949, .T. ) ;
#79 = VECTOR ( 'NONE', #4365, 1000.000000000000114 ) ;
#80 = DIRECTION ( 'NONE',  ( -1.000000000000000000, 1.481484572605565909E-33, -0.000000000000000000 ) ) ;
#81 = ORIENTED_EDGE ( 'NONE', *, *, #5680, .F. ) ;
#82 = DIRECTION ( 'NONE',  ( 0.000000000000000000, 1.000000000000000000, 0.000000000000000000 ) ) ;
#83 = VECTOR ( 'NONE', #6728, 1000.000000000000114 ) ;
#84 = EDGE_LOOP ( 'NONE', ( #7301, #316, #1627, #8095 ) ) ;
#85 = CARTESIAN_POINT ( 'NONE',  ( 23.70474528246986878, 25.79575444848880039, -23.65542331968021372 ) ) ;
#86 = DIRECTION ( 'NONE',  ( -0.000000000000000000, 1.000000000000000000, 0.000000000000000000 ) ) ;
#87 = AXIS2_PLACEMENT_3D ( 'NONE', #5001, #7457, #5043 ) ;
#88 = CARTESIAN_POINT ( 'NONE',  ( 15.24782577960351659, -7.771001358902989153, -34.12692758281658456 ) ) ;
#89 = ORIENTED_EDGE ( 'NONE', *, *, #5205, .F. ) ;
#90 = CARTESIAN_POINT ( 'NONE',  ( 24.81118820077486120, -26.44174374967068886, 22.93189747973620740 ) ) ;
#91 = CARTESIAN_POINT ( 'NONE',  ( 15.00000000000007105, 24.40656339008013376, -25.08624450741881162 ) ) ;
#92 = VERTEX_POINT ( 'NONE', #424 ) ;
#93 = ADVANCED_FACE ( 'NONE', ( #2340 ), #1032, .F. ) ;
#94 = AXIS2_PLACEMENT_3D ( 'NONE', #2710, #5299, #1560 ) ;
#95 = VERTEX_POINT ( 'NONE', #5987 ) ;
#96 = DIRECTION ( 'NONE',  ( 1.000000000000000000, -1.481484572605566251E-33, 0.000000000000000000 ) ) ;
#97 = VERTEX_POINT ( 'NONE', #5495 ) ;
#98 = LINE ( 'NONE', #664, #3447 ) ;
#99 = CARTESIAN_POINT ( 'NONE',  ( 16.05646280002835979, 30.71599551872427725, -16.77963072772240594 ) ) ;
#100 = CARTESIAN_POINT ( 'NONE',  ( 23.70474528246985813, -34.74391141602117727, 3.975275438175506437 ) ) ;
#101 = EDGE_CURVE ( 'NONE', #5414, #973, #3438, .T. ) ;
#102 = DIRECTION ( 'NONE',  ( 0.000000000000000000, 1.000000000000000000, 0.000000000000000000 ) ) ;
#103 = CARTESIAN_POINT ( 'NONE',  ( 15.65363052717491676, 26.93933357584141675, 22.34510450596727082 ) ) ;
#104 = CARTESIAN_POINT ( 'NONE',  ( 22.45371291929561863, -35.00000000000000000, 0.000000000000000000 ) ) ;
#105 = CARTESIAN_POINT ( 'NONE',  ( 19.32833852793590879, 28.86874364165777251, 19.84845737240163643 ) ) ;
#106 = ORIENTED_EDGE ( 'NONE', *, *, #7553, .T. ) ;
#107 = EDGE_CURVE ( 'NONE', #4823, #7375, #3973, .T. ) ;
#108 = ORIENTED_EDGE ( 'NONE', *, *, #3174, .T. ) ;
#109 = CARTESIAN_POINT ( 'NONE',  ( 24.99999999999999289, -24.16158924563261579, -25.32227488053413822 ) ) ;
#110 = CARTESIAN_POINT ( 'NONE',  ( 15.00000000000007105, 19.46632511982410207, 35.29960603646028972 ) ) ;
#111 = CARTESIAN_POINT ( 'NONE',  ( 24.45953615552161864, -30.68257059498186834, -16.83982962158329499 ) ) ;
#112 = ORIENTED_EDGE ( 'NONE', *, *, #1159, .T. ) ;
#113 = EDGE_LOOP ( 'NONE', ( #7888, #1545, #3006, #7149 ) ) ;
#114 = VERTEX_POINT ( 'NONE', #5330 ) ;
#115 = ADVANCED_FACE ( 'NONE', ( #6687 ), #4850, .F. ) ;
#116 = CARTESIAN_POINT ( 'NONE',  ( 24.19512822508725591, -31.71146842505383034, 14.81209699700901616 ) ) ;
#117 = ORIENTED_EDGE ( 'NONE', *, *, #4141, .F. ) ;
#118 = DIRECTION ( 'NONE',  ( 0.000000000000000000, 0.5877852522924714718, 0.8090169943749487835 ) ) ;
#119 = CARTESIAN_POINT ( 'NONE',  ( -12.50000000000000000, 0.000000000000000000, 0.000000000000000000 ) ) ;
#120 = ORIENTED_EDGE ( 'NONE', *, *, #981, .F. ) ;
#121 = DIRECTION ( 'NONE',  ( 1.000000000000000000, -1.481484572605566251E-33, 0.000000000000000000 ) ) ;
#122 = B_SPLINE_CURVE_WITH_KNOTS ( 'NONE', 3,
 ( #4472, #759, #3241, #7789 ),
 .UNSPECIFIED., .F., .F.,
 ( 4, 4 ),
 ( 0.000000000000000000, 0.0008734117105027619206 ),
 .UNSPECIFIED. ) ;
#123 = CARTESIAN_POINT ( 'NONE',  ( 24.99999999999999289, 1.069105884036878258E-47, 0.000000000000000000 ) ) ;
#124 = ORIENTED_EDGE ( 'NONE', *, *, #890, .T. ) ;
#125 = FACE_OUTER_BOUND ( 'NONE', #3519, .T. ) ;
#126 = CARTESIAN_POINT ( 'NONE',  ( 15.36021751530112667, 24.28473853897220991, -25.20433833646982791 ) ) ;
#127 = ORIENTED_EDGE ( 'NONE', *, *, #700, .F. ) ;
#128 = ORIENTED_EDGE ( 'NONE', *, *, #5632, .T. ) ;
#129 = DIRECTION ( 'NONE',  ( -0.8191520442889925757, 0.5455036073850115796, 0.1772448664054993572 ) ) ;
#130 = VERTEX_POINT ( 'NONE', #1128 ) ;
#131 = EDGE_CURVE ( 'NONE', #5783, #1378, #5367, .T. ) ;
#132 = DIRECTION ( 'NONE',  ( 3.098868506509838630E-16, 0.8090169943749551118, -0.5877852522924625900 ) ) ;
#133 = DIRECTION ( 'NONE',  ( 1.000000000000000000, -1.481484572605566251E-33, 0.000000000000000000 ) ) ;
#134 = DIRECTION ( 'NONE',  ( -0.000000000000000000, -0.9510565162951511997, -0.3090169943749548898 ) ) ;
#135 = LINE ( 'NONE', #7025, #4512 ) ;
#136 = LINE ( 'NONE', #3927, #2880 ) ;
#137 = CARTESIAN_POINT ( 'NONE',  ( 15.24782577960350238, -26.34617690189612915, -23.04158438599380787 ) ) ;
#138 = EDGE_LOOP ( 'NONE', ( #3102, #6002, #7727, #2074 ) ) ;
#139 = EDGE_CURVE ( 'NONE', #4535, #6635, #6602, .T. ) ;
#140 = CIRCLE ( 'NONE', #1191, 35.00000000000000000 ) ;
#141 = CARTESIAN_POINT ( 'NONE',  ( 15.00000000000007105, -36.49717567993125300, -17.11596235647394693 ) ) ;
#142 = DIRECTION ( 'NONE',  ( 0.000000000000000000, 0.8090169943749404569, 0.5877852522924829071 ) ) ;
#143 = DIRECTION ( 'NONE',  ( -0.000000000000000000, -1.000000000000000000, -0.000000000000000000 ) ) ;
#144 = ADVANCED_FACE ( 'NONE', ( #7872 ), #1687, .T. ) ;
#145 = VERTEX_POINT ( 'NONE', #4812 ) ;
#146 = VERTEX_POINT ( 'NONE', #4136 ) ;
#147 = CIRCLE ( 'NONE', #7851, 5.000000000000000000 ) ;
#148 = ORIENTED_EDGE ( 'NONE', *, *, #3536, .F. ) ;
#149 = VERTEX_POINT ( 'NONE', #7311 ) ;
#150 = DIRECTION ( 'NONE',  ( -2.538844932260001546E-16, 0.8090169943749424553, 0.5877852522924800205 ) ) ;
#151 = ADVANCED_FACE ( 'NONE', ( #993 ), #7351, .T. ) ;
#152 = ORIENTED_EDGE ( 'NONE', *, *, #4532, .F. ) ;
#153 = CYLINDRICAL_SURFACE ( 'NONE', #4634, 35.00000000000000000 ) ;
#154 = EDGE_CURVE ( 'NONE', #3914, #1619, #5453, .T. ) ;
#155 = DIRECTION ( 'NONE',  ( -1.408975556567269946E-33, -0.9510565162951576390, 0.3090169943749350168 ) ) ;
#156 = VERTEX_POINT ( 'NONE', #1737 ) ;
#157 = AXIS2_PLACEMENT_3D ( 'NONE', #7428, #3018, #3680 ) ;
#158 = ORIENTED_EDGE ( 'NONE', *, *, #7235, .T. ) ;
#159 = CIRCLE ( 'NONE', #8005, 5.000000000000002665 ) ;
#160 =( BOUNDED_CURVE ( )  B_SPLINE_CURVE ( 3, ( #4627, #7786, #2699, #5892 ),
 .UNSPECIFIED., .F., .T. ) 
 B_SPLINE_CURVE_WITH_KNOTS ( ( 4, 4 ),
 ( 4.704103044437397685, 4.835908513616244520 ),
 .UNSPECIFIED. ) 
 CURVE ( )  GEOMETRIC_REPRESENTATION_ITEM ( )  RATIONAL_B_SPLINE_CURVE ( ( 1.000000000000000000, 0.9985528004245092237, 0.9985528004245092237, 1.000000000000000000 ) ) 
 REPRESENTATION_ITEM ( '' )  );
#161 = CARTESIAN_POINT ( 'NONE',  ( 16.29525471753020227, -31.67032518171907540, -14.82442663878701694 ) ) ;
#162 = CARTESIAN_POINT ( 'NONE',  ( 15.00000000000007283, 38.04226065180628069, -12.36067977499739179 ) ) ;
#163 = DIRECTION ( 'NONE',  ( 0.000000000000000000, -1.000000000000000000, 0.000000000000000000 ) ) ;
#164 = VERTEX_POINT ( 'NONE', #1081 ) ;
#165 = VECTOR ( 'NONE', #6645, 1000.000000000000114 ) ;
#166 = AXIS2_PLACEMENT_3D ( 'NONE', #7822, #3015, #4080 ) ;
#167 = DIRECTION ( 'NONE',  ( -0.000000000000000000, -0.3090169943749515591, 0.9510565162951521989 ) ) ;
#168 = EDGE_CURVE ( 'NONE', #1258, #5576, #1605, .T. ) ;
#169 = CARTESIAN_POINT ( 'NONE',  ( 24.19512822508740157, 34.36144904282068069, 6.656295275874368755 ) ) ;
#170 = DIRECTION ( 'NONE',  ( 0.000000000000000000, 0.9510565162951500895, 0.3090169943749582204 ) ) ;
#171 = ORIENTED_EDGE ( 'NONE', *, *, #4245, .T. ) ;
#172 = VECTOR ( 'NONE', #906, 1000.000000000000114 ) ;
#173 = VECTOR ( 'NONE', #1970, 1000.000000000000114 ) ;
#174 = ORIENTED_EDGE ( 'NONE', *, *, #4682, .T. ) ;
#175 = LINE ( 'NONE', #3844, #7273 ) ;
#176 = ORIENTED_EDGE ( 'NONE', *, *, #6398, .T. ) ;
#177 = CARTESIAN_POINT ( 'NONE',  ( 21.52238633098366449, -33.99393478130091495, -8.472190838057217732 ) ) ;
#178 = CARTESIAN_POINT ( 'NONE',  ( 15.00000000000006573, -16.56360523921247108, -30.83256365402549193 ) ) ;
#179 = DIRECTION ( 'NONE',  ( -1.000000000000000000, 1.481484572605565909E-33, -0.000000000000000000 ) ) ;
#180 = VECTOR ( 'NONE', #1813, 999.9999999999998863 ) ;
#181 = CARTESIAN_POINT ( 'NONE',  ( 24.99999999999999645, -34.93856756282596621, -19.96325194752897048 ) ) ;
#182 = DIRECTION ( 'NONE',  ( 3.299640131595842622E-16, 0.000000000000000000, -1.000000000000000000 ) ) ;
#183 = LINE ( 'NONE', #5743, #2895 ) ;
#184 = LINE ( 'NONE', #5864, #5787 ) ;
#185 = VERTEX_POINT ( 'NONE', #3565 ) ;
#186 = VECTOR ( 'NONE', #6609, 1000.000000000000114 ) ;
#187 = CARTESIAN_POINT ( 'NONE',  ( 24.95238900918759484, -17.56040825592370069, 30.27842466283228262 ) ) ;
#188 = DIRECTION ( 'NONE',  ( 5.796014958529629711E-31, -3.491481338843132961E-15, 1.000000000000000000 ) ) ;
#189 = DIRECTION ( 'NONE',  ( 0.000000000000000000, -1.000000000000000000, 0.000000000000000000 ) ) ;
#190 = VERTEX_POINT ( 'NONE', #8004 ) ;
#191 = ADVANCED_FACE ( 'NONE', ( #4225 ), #6080, .T. ) ;
#192 = ORIENTED_EDGE ( 'NONE', *, *, #978, .T. ) ;
#193 = ORIENTED_EDGE ( 'NONE', *, *, #5254, .F. ) ;
#194 = DIRECTION ( 'NONE',  ( 0.000000000000000000, 0.8090169943749445647, 0.5877852522924770229 ) ) ;
#195 = EDGE_LOOP ( 'NONE', ( #6360, #4237, #7356, #6611 ) ) ;
#196 = LINE ( 'NONE', #2058, #2140 ) ;
#197 = AXIS2_PLACEMENT_3D ( 'NONE', #5448, #3560, #6816 ) ;
#198 = CARTESIAN_POINT ( 'NONE',  ( 24.75193471525578559, 34.05008643305200167, 8.101062250960795907 ) ) ;
#199 = EDGE_CURVE ( 'NONE', #156, #2071, #200, .T. ) ;
#200 = CIRCLE ( 'NONE', #1109, 5.000000000000001776 ) ;
#201 = VERTEX_POINT ( 'NONE', #7832 ) ;
#202 = DIRECTION ( 'NONE',  ( 0.000000000000000000, 1.000000000000000000, 0.000000000000000000 ) ) ;
#203 = EDGE_CURVE ( 'NONE', #2715, #1662, #4719, .T. ) ;
#204 = DIRECTION ( 'NONE',  ( 0.000000000000000000, 1.000000000000000000, 0.000000000000000000 ) ) ;
#205 = VERTEX_POINT ( 'NONE', #8090 ) ;
#206 = CARTESIAN_POINT ( 'NONE',  ( 15.00000000000007283, -23.51141009169860396, -32.36067977499811121 ) ) ;
#207 = VERTEX_POINT ( 'NONE', #2425 ) ;
#208 = FACE_OUTER_BOUND ( 'NONE', #3822, .T. ) ;
#209 = EDGE_LOOP ( 'NONE', ( #2960, #691, #488, #921 ) ) ;
#210 = B_SPLINE_CURVE_WITH_KNOTS ( 'NONE', 3,
 ( #6849, #4257, #4159, #5522 ),
 .UNSPECIFIED., .F., .F.,
 ( 4, 4 ),
 ( 2.301370753934467307E-17, 0.0008731425215613238975 ),
 .UNSPECIFIED. ) ;
#211 = VERTEX_POINT ( 'NONE', #631 ) ;
#212 = EDGE_CURVE ( 'NONE', #2018, #1237, #5992, .T. ) ;
#213 = DIRECTION ( 'NONE',  ( 1.000000000000000000, -1.481484572605566251E-33, 0.000000000000000000 ) ) ;
#214 = ORIENTED_EDGE ( 'NONE', *, *, #1341, .F. ) ;
#215 = CARTESIAN_POINT ( 'NONE',  ( 15.36021751530108403, 6.116526877193865452, 34.46150454994747037 ) ) ;
#216 = CARTESIAN_POINT ( 'NONE',  ( 25.00000000000000000, -4.385764661113582541, -34.95455853997908946 ) ) ;
#217 = AXIS2_PLACEMENT_3D ( 'NONE', #5147, #1906, #5712 ) ;
#218 = DIRECTION ( 'NONE',  ( -1.551772721710899051E-47, -1.047444401652940322E-14, 1.000000000000000000 ) ) ;
#219 = CARTESIAN_POINT ( 'NONE',  ( 24.45953615552162574, -6.534193949948355673, 34.38465223649147617 ) ) ;
#220 = CARTESIAN_POINT ( 'NONE',  ( 24.99999999999999289, 1.069105884036878258E-47, 0.000000000000000000 ) ) ;
#221 = CARTESIAN_POINT ( 'NONE',  ( 17.13211781824481861, -21.07637853897788816, 27.94255299148079885 ) ) ;
#222 = ORIENTED_EDGE ( 'NONE', *, *, #7644, .T. ) ;
#223 = B_SPLINE_CURVE_WITH_KNOTS ( 'NONE', 3,
 ( #6280, #3161, #5662, #832, #137, #2623, #2704, #5180, #789, #3358, #2734, #5744, #6440, #5140 ),
 .UNSPECIFIED., .F., .F.,
 ( 4, 2, 2, 2, 2, 2, 4 ),
 ( 0.000000000000000000, 0.001196801401551001159, 0.001795202102326500871, 0.002393602803102001016, 0.002992003503877501379, 0.003590404204653000874, 0.004787205606204001165 ),
 .UNSPECIFIED. ) ;
#224 = PLANE ( 'NONE',  #411 ) ;
#225 = PLANE ( 'NONE',  #2010 ) ;
#226 = DIRECTION ( 'NONE',  ( 0.000000000000000000, 1.000000000000000000, 0.000000000000000000 ) ) ;
#227 = CARTESIAN_POINT ( 'NONE',  ( 23.70474528246985813, -6.955747469063546795, 34.27185102150603058 ) ) ;
#228 = ORIENTED_EDGE ( 'NONE', *, *, #6940, .F. ) ;
#229 = VERTEX_POINT ( 'NONE', #6906 ) ;
#230 = CARTESIAN_POINT ( 'NONE',  ( 15.00000000000007105, 29.42175351353547796, 27.55649506357369205 ) ) ;
#231 = EDGE_CURVE ( 'NONE', #5801, #4022, #3066, .T. ) ;
#232 = CARTESIAN_POINT ( 'NONE',  ( 23.19917531777617725, 20.14835840517778465, -28.61987891632766079 ) ) ;
#233 = DIRECTION ( 'NONE',  ( -3.275100319219485294E-16, -0.3090169943749579429, 0.9510565162951500895 ) ) ;
#234 = ORIENTED_EDGE ( 'NONE', *, *, #4088, .T. ) ;
#235 =( BOUNDED_CURVE ( )  B_SPLINE_CURVE ( 3, ( #5255, #6443, #2707, #2087 ),
 .UNSPECIFIED., .F., .T. ) 
 B_SPLINE_CURVE_WITH_KNOTS ( ( 4, 4 ),
 ( 4.578760888222364045, 4.586022819131211570 ),
 .UNSPECIFIED. ) 
 CURVE ( )  GEOMETRIC_REPRESENTATION_ITEM ( )  RATIONAL_B_SPLINE_CURVE ( ( 1.000000000000000000, 0.9999956053681178236, 0.9999956053681178236, 1.000000000000000000 ) ) 
 REPRESENTATION_ITEM ( '' )  );
#236 = CARTESIAN_POINT ( 'NONE',  ( 23.89409946658236095, 9.626619232961779460, -33.65042473767866227 ) ) ;
#237 = ORIENTED_EDGE ( 'NONE', *, *, #4076, .T. ) ;
#238 = EDGE_CURVE ( 'NONE', #7402, #7002, #5025, .T. ) ;
#239 = CARTESIAN_POINT ( 'NONE',  ( 15.47020472364244625, -2.596516668303441744, 34.90400392625862480 ) ) ;
#240 = ORIENTED_EDGE ( 'NONE', *, *, #5191, .F. ) ;
#241 = FACE_OUTER_BOUND ( 'NONE', #6272, .T. ) ;
#242 = EDGE_CURVE ( 'NONE', #804, #5587, #5170, .T. ) ;
#243 = ORIENTED_EDGE ( 'NONE', *, *, #998, .F. ) ;
#244 = ORIENTED_EDGE ( 'NONE', *, *, #3585, .F. ) ;
#245 = LINE ( 'NONE', #1471, #5692 ) ;
#246 = CARTESIAN_POINT ( 'NONE',  ( 24.52945112611145717, -22.35731483595751357, -26.92920004743214690 ) ) ;
#247 = ORIENTED_EDGE ( 'NONE', *, *, #3059, .T. ) ;
#248 = EDGE_CURVE ( 'NONE', #1910, #4022, #4979, .T. ) ;
#249 = CARTESIAN_POINT ( 'NONE',  ( 24.99999999999999289, -12.04024656238818558, -38.14637571391019577 ) ) ;
#250 = LINE ( 'NONE', #6544, #4062 ) ;
#251 = PLANE ( 'NONE',  #1196 ) ;
#252 = EDGE_CURVE ( 'NONE', #636, #2608, #7475, .T. ) ;
#253 = DIRECTION ( 'NONE',  ( -0.8191520442889923537, -0.1772448664054897816, -0.5455036073850152434 ) ) ;
#254 = CARTESIAN_POINT ( 'NONE',  ( 25.00000000000000000, -31.31270016288828373, 24.95383028282898863 ) ) ;
#255 = LINE ( 'NONE', #2773, #1992 ) ;
#256 = CARTESIAN_POINT ( 'NONE',  ( 15.75577990824706909, -22.21284122321970855, 27.04842182277210583 ) ) ;
#257 = ORIENTED_EDGE ( 'NONE', *, *, #587, .T. ) ;
#258 = CYLINDRICAL_SURFACE ( 'NONE', #1068, 4.999999999999998224 ) ;
#259 = PLANE ( 'NONE',  #7526 ) ;
#260 = CARTESIAN_POINT ( 'NONE',  ( 24.99999999999999289, 31.66933243422150213, -14.90145573998615980 ) ) ;
#261 = FACE_OUTER_BOUND ( 'NONE', #2116, .T. ) ;
#262 = DIRECTION ( 'NONE',  ( 8.707947832763576748E-34, 0.5877852522924652545, 0.8090169943749531134 ) ) ;
#263 = VERTEX_POINT ( 'NONE', #6245 ) ;
#264 = DIRECTION ( 'NONE',  ( -0.000000000000000000, 1.000000000000000000, -0.000000000000000000 ) ) ;
#265 = ORIENTED_EDGE ( 'NONE', *, *, #1847, .T. ) ;
#266 = ORIENTED_EDGE ( 'NONE', *, *, #5067, .F. ) ;
#267 = LINE ( 'NONE', #2745, #7236 ) ;
#268 = CARTESIAN_POINT ( 'NONE',  ( 17.13211781824484703, -33.47536897770587672, 10.21761575938567290 ) ) ;
#269 =( GEOMETRIC_REPRESENTATION_CONTEXT ( 3 ) GLOBAL_UNCERTAINTY_ASSIGNED_CONTEXT ( ( #6233 ) ) GLOBAL_UNIT_ASSIGNED_CONTEXT ( ( #6862, #3116, #6318 ) ) REPRESENTATION_CONTEXT ( 'NONE', 'WORKASPACE' ) );
#270 = DIRECTION ( 'NONE',  ( -0.5735764363510457153, -0.2531319026622679824, -0.7790598895575455707 ) ) ;
#271 = EDGE_LOOP ( 'NONE', ( #4445, #1393, #281, #809 ) ) ;
#272 = EDGE_CURVE ( 'NONE', #6394, #5018, #7517, .T. ) ;
#273 = EDGE_LOOP ( 'NONE', ( #3111, #6449, #3004, #5158 ) ) ;
#274 = CARTESIAN_POINT ( 'NONE',  ( 24.61076051292646483, -26.81213503771698115, 22.49766677705673601 ) ) ;
#275 = EDGE_LOOP ( 'NONE', ( #2315, #4912, #6020, #1003 ) ) ;
#276 = FACE_OUTER_BOUND ( 'NONE', #1950, .T. ) ;
#277 = CIRCLE ( 'NONE', #4866, 5.000000000000000000 ) ;
#278 = AXIS2_PLACEMENT_3D ( 'NONE', #3997, #7814, #2112 ) ;
#279 =( BOUNDED_CURVE ( )  B_SPLINE_CURVE ( 3, ( #2491, #4966, #5568, #8036 ),
 .UNSPECIFIED., .F., .T. ) 
 B_SPLINE_CURVE_WITH_KNOTS ( ( 4, 4 ),
 ( 1.427448757889531405, 1.434720266952592915 ),
 .UNSPECIFIED. ) 
 CURVE ( )  GEOMETRIC_REPRESENTATION_ITEM ( )  RATIONAL_B_SPLINE_CURVE ( ( 1.000000000000000000, 0.9999955937678493001, 0.9999955937678493001, 1.000000000000000000 ) ) 
 REPRESENTATION_ITEM ( '' )  );
#280 = EDGE_CURVE ( 'NONE', #7004, #766, #3811, .T. ) ;
#281 = ORIENTED_EDGE ( 'NONE', *, *, #7804, .F. ) ;
#282 = CARTESIAN_POINT ( 'NONE',  ( 15.00000000000006928, 6.623313333993565699, 34.36997880317077403 ) ) ;
#283 = CARTESIAN_POINT ( 'NONE',  ( 24.99999999999999289, -16.61657284454147643, 30.80405017042477311 ) ) ;
#284 = VECTOR ( 'NONE', #7012, 1000.000000000000114 ) ;
#285 = ORIENTED_EDGE ( 'NONE', *, *, #7210, .T. ) ;
#286 = CARTESIAN_POINT ( 'NONE',  ( 15.00000000000006573, 1.481484572605556398E-32, 0.000000000000000000 ) ) ;
#287 = DIRECTION ( 'NONE',  ( 0.000000000000000000, 1.000000000000000000, 0.000000000000000000 ) ) ;
#288 = CARTESIAN_POINT ( 'NONE',  ( 24.99999999999999289, -14.90145573998626105, -31.66933243422145239 ) ) ;
#289 = AXIS2_PLACEMENT_3D ( 'NONE', #7267, #4720, #2299 ) ;
#290 = DIRECTION ( 'NONE',  ( 0.000000000000000000, -0.9510565162951565288, 0.3090169943749386805 ) ) ;
#291 = AXIS2_PLACEMENT_3D ( 'NONE', #7401, #3039, #4396 ) ;
#292 = EDGE_CURVE ( 'NONE', #2942, #5571, #5872, .T. ) ;
#293 = CARTESIAN_POINT ( 'NONE',  ( 20.00000000000006750, 29.58475337065267752, 27.33214500719819284 ) ) ;
#294 = CARTESIAN_POINT ( 'NONE',  ( 15.00000000000007105, 17.11596235647407127, -36.49717567993119616 ) ) ;
#295 = LINE ( 'NONE', #5519, #7500 ) ;
#296 = ORIENTED_EDGE ( 'NONE', *, *, #967, .F. ) ;
#297 = ADVANCED_FACE ( 'NONE', ( #6278 ), #668, .F. ) ;
#298 = FACE_OUTER_BOUND ( 'NONE', #5837, .T. ) ;
#299 = DIRECTION ( 'NONE',  ( 0.000000000000000000, 0.000000000000000000, 1.000000000000000000 ) ) ;
#300 = CARTESIAN_POINT ( 'NONE',  ( 0.000000000000000000, -32.36067977499801174, 23.51141009169873186 ) ) ;
#301 = DIRECTION ( 'NONE',  ( 0.000000000000000000, 1.000000000000000000, 0.000000000000000000 ) ) ;
#302 = VERTEX_POINT ( 'NONE', #6166 ) ;
#303 = ORIENTED_EDGE ( 'NONE', *, *, #1043, .F. ) ;
#304 = CARTESIAN_POINT ( 'NONE',  ( 18.47620868754436785, -26.61621977644804460, -22.78036188466460743 ) ) ;
#305 = VECTOR ( 'NONE', #1875, 999.9999999999998863 ) ;
#306 = DIRECTION ( 'NONE',  ( 1.000000000000000000, 0.000000000000000000, 0.000000000000000000 ) ) ;
#307 = EDGE_LOOP ( 'NONE', ( #1352, #3214, #1215, #7685, #247, #127, #6791, #5198, #5671, #1023 ) ) ;
#308 = B_SPLINE_CURVE_WITH_KNOTS ( 'NONE', 3,
 ( #3882, #626, #749, #5734 ),
 .UNSPECIFIED., .F., .F.,
 ( 4, 4 ),
 ( 1.589900327696125378E-17, 0.0008731425215613109955 ),
 .UNSPECIFIED. ) ;
#309 = CARTESIAN_POINT ( 'NONE',  ( 15.54046384447848617, 27.35260463503467676, -29.56988858092223538 ) ) ;
#310 = EDGE_CURVE ( 'NONE', #1201, #804, #5062, .T. ) ;
#311 = CARTESIAN_POINT ( 'NONE',  ( 23.49692031861294694, -10.06238559833452584, 33.52372186379145091 ) ) ;
#312 = VECTOR ( 'NONE', #1895, 1000.000000000000227 ) ;
#313 = ORIENTED_EDGE ( 'NONE', *, *, #2481, .F. ) ;
#314 = ORIENTED_EDGE ( 'NONE', *, *, #883, .F. ) ;
#315 = DIRECTION ( 'NONE',  ( 1.000000000000000000, -0.000000000000000000, -0.000000000000000000 ) ) ;
#316 = ORIENTED_EDGE ( 'NONE', *, *, #3895, .T. ) ;
#317 = CIRCLE ( 'NONE', #450, 5.000000000000000000 ) ;
#318 = CARTESIAN_POINT ( 'NONE',  ( 15.00000000000006573, 16.56360523921270200, 30.83256365402536048 ) ) ;
#319 = CIRCLE ( 'NONE', #6742, 35.00000000000000000 ) ;
#320 = CARTESIAN_POINT ( 'NONE',  ( 0.000000000000000000, 12.36067977499832260, -38.04226065180598226 ) ) ;
#321 = VERTEX_POINT ( 'NONE', #7556 ) ;
#322 = CARTESIAN_POINT ( 'NONE',  ( 15.38892734875748047, 8.138734265115063593, 34.04110240466254567 ) ) ;
#323 = VECTOR ( 'NONE', #5887, 1000.000000000000000 ) ;
#324 = CARTESIAN_POINT ( 'NONE',  ( 22.86788218175522758, 10.53941291143552306, -33.37545168956170016 ) ) ;
#325 = VERTEX_POINT ( 'NONE', #6781 ) ;
#326 = DIRECTION ( 'NONE',  ( -0.000000000000000000, 1.000000000000000000, -0.000000000000000000 ) ) ;
#327 = VECTOR ( 'NONE', #7482, 1000.000000000000114 ) ;
#328 = EDGE_CURVE ( 'NONE', #3278, #4323, #2998, .T. ) ;
#329 = CARTESIAN_POINT ( 'NONE',  ( 15.00000000000006573, 1.481484572605556398E-32, 0.000000000000000000 ) ) ;
#330 = DIRECTION ( 'NONE',  ( 0.9063077870366491595, 0.000000000000000000, 0.4226182617407009401 ) ) ;
#331 = AXIS2_PLACEMENT_3D ( 'NONE', #5575, #6677, #4935 ) ;
#332 = DIRECTION ( 'NONE',  ( 1.000000000000000000, -1.481484572605566251E-33, 0.000000000000000000 ) ) ;
#333 = CARTESIAN_POINT ( 'NONE',  ( 15.00000000000007105, -39.99999999999997868, -5.000000000000000000 ) ) ;
#334 = VERTEX_POINT ( 'NONE', #1822 ) ;
#335 = ORIENTED_EDGE ( 'NONE', *, *, #2226, .F. ) ;
#336 = VECTOR ( 'NONE', #4437, 1000.000000000000114 ) ;
#337 = CARTESIAN_POINT ( 'NONE',  ( 15.00000000000007816, 28.63682094893477625, -7.075721995473211123 ) ) ;
#338 = CARTESIAN_POINT ( 'NONE',  ( 20.00000000000007105, 36.58286977608884882, 16.85222304749669675 ) ) ;
#339 = EDGE_CURVE ( 'NONE', #5018, #3431, #6320, .T. ) ;
#340 = CARTESIAN_POINT ( 'NONE',  ( 15.00000000000007283, 32.36067977499818937, -23.51141009169849028 ) ) ;
#341 = LINE ( 'NONE', #5220, #4932 ) ;
#342 = VERTEX_POINT ( 'NONE', #3238 ) ;
#343 = DIRECTION ( 'NONE',  ( -2.081668171172167724E-15, -0.9510565162951565288, 0.3090169943749386805 ) ) ;
#344 = EDGE_CURVE ( 'NONE', #321, #1495, #3355, .T. ) ;
#345 = DIRECTION ( 'NONE',  ( -0.000000000000000000, 0.3090169943749582204, -0.9510565162951500895 ) ) ;
#346 = PLANE ( 'NONE',  #3546 ) ;
#347 = ORIENTED_EDGE ( 'NONE', *, *, #7806, .T. ) ;
#348 = VERTEX_POINT ( 'NONE', #181 ) ;
#349 = CYLINDRICAL_SURFACE ( 'NONE', #3301, 4.999999999999999112 ) ;
#350 = EDGE_CURVE ( 'NONE', #6281, #1433, #6366, .T. ) ;
#351 = DIRECTION ( 'NONE',  ( 7.216449660063517513E-16, -0.5877852522924711387, -0.8090169943749488946 ) ) ;
#352 = ORIENTED_EDGE ( 'NONE', *, *, #2276, .T. ) ;
#353 = EDGE_CURVE ( 'NONE', #2104, #1494, #7056, .T. ) ;
#354 = FACE_OUTER_BOUND ( 'NONE', #5339, .T. ) ;
#355 = ORIENTED_EDGE ( 'NONE', *, *, #280, .F. ) ;
#356 = CARTESIAN_POINT ( 'NONE',  ( 24.45953615552159022, 8.165517980089932237, -39.40535134785557148 ) ) ;
#357 = PLANE ( 'NONE',  #5799 ) ;
#359 = EDGE_CURVE ( 'NONE', #6701, #146, #5778, .T. ) ;
#358 = ORIENTED_EDGE ( 'NONE', *, *, #2968, .T. ) ;
#360 = EDGE_LOOP ( 'NONE', ( #5544, #7598, #4480, #4891 ) ) ;
#361 = DIRECTION ( 'NONE',  ( -3.534512058579010102E-16, -0.3090169943749517256, 0.9510565162951521989 ) ) ;
#362 = EDGE_LOOP ( 'NONE', ( #1492, #7089, #6140, #7028 ) ) ;
#363 = CARTESIAN_POINT ( 'NONE',  ( 15.98126570279174707, 9.146436912461561874, 33.78416981541715813 ) ) ;
#364 = CARTESIAN_POINT ( 'NONE',  ( 23.70474528246987234, -34.69728805135776639, -20.29534470489391396 ) ) ;
#365 = ORIENTED_EDGE ( 'NONE', *, *, #4134, .T. ) ;
#366 = DIRECTION ( 'NONE',  ( -3.469446951953614189E-16, -0.8090169943749445647, -0.5877852522924770229 ) ) ;
#367 = CARTESIAN_POINT ( 'NONE',  ( 15.00000000000006573, 1.481484572605556398E-32, 0.000000000000000000 ) ) ;
#368 = DIRECTION ( 'NONE',  ( -1.072118069236030918E-16, -1.000000000000000000, -4.999368661311141913E-17 ) ) ;
#369 = CARTESIAN_POINT ( 'NONE',  ( 15.54046384447845597, -4.747977570363955735, 34.67645756116564115 ) ) ;
#370 = FACE_OUTER_BOUND ( 'NONE', #50, .T. ) ;
#371 = DIRECTION ( 'NONE',  ( 0.000000000000000000, -0.8090169943749404569, -0.5877852522924829071 ) ) ;
#372 = EDGE_LOOP ( 'NONE', ( #4664, #7181, #1427, #4652, #152, #6953, #1420, #7846, #4070, #4002, #3467, #3249, #624, #2593, #3374, #6496, #5167, #696, #7278, #2581, #2046, #2217, #5845, #4827, #6481, #237, #5884, #3703, #6879, #6950, #5437, #651, #6932, #1264, #1293, #4117, #5004, #3673, #3999, #7826, #3625, #3162, #1377, #7161, #7039, #5888, #2825, #2744, #1097, #2429, #1664, #10, #7419, #3648, #705, #7390, #2848, #3448, #5755, #963, #7974, #2197, #6498, #7627, #4700, #5333, #7547, #2470, #2455, #767, #5745, #193, #4816, #3952, #1141, #2606, #7130, #2469, #557, #2055, #3496 ) ) ;
#373 = EDGE_CURVE ( 'NONE', #1379, #5587, #135, .T. ) ;
#374 = DIRECTION ( 'NONE',  ( -0.000000000000000000, 0.8090169943749423442, 0.5877852522924802425 ) ) ;
#375 = FACE_OUTER_BOUND ( 'NONE', #6383, .T. ) ;
#376 = DIRECTION ( 'NONE',  ( 0.000000000000000000, -0.3090169943749447312, -0.9510565162951545304 ) ) ;
#377 = FACE_OUTER_BOUND ( 'NONE', #6308, .T. ) ;
#378 = CARTESIAN_POINT ( 'NONE',  ( 24.99999999999999289, -34.37988406144783227, -6.559235620208002437 ) ) ;
#379 = DIRECTION ( 'NONE',  ( 2.081668171172168908E-15, 0.9510565162951545304, -0.3090169943749443981 ) ) ;
#380 = CARTESIAN_POINT ( 'NONE',  ( 23.70474528246981549, -31.81499568607106809, 14.51717068815294276 ) ) ;
#381 = CARTESIAN_POINT ( 'NONE',  ( 15.00000000000007105, -25.08624450741890044, -24.40656339008005205 ) ) ;
#382 = CARTESIAN_POINT ( 'NONE',  ( 15.65363052717492742, 33.91211226887887165, -8.660255790449296498 ) ) ;
#383 = EDGE_LOOP ( 'NONE', ( #1087, #7840 ) ) ;
#384 = ORIENTED_EDGE ( 'NONE', *, *, #1641, .T. ) ;
#385 = EDGE_CURVE ( 'NONE', #3569, #992, #4513, .T. ) ;
#386 = EDGE_CURVE ( 'NONE', #145, #855, #460, .T. ) ;
#387 = CARTESIAN_POINT ( 'NONE',  ( 24.99999999999999645, 29.61979213005276534, -27.28391829224428378 ) ) ;
#388 = VERTEX_POINT ( 'NONE', #7634 ) ;
#389 = ORIENTED_EDGE ( 'NONE', *, *, #2352, .T. ) ;
#390 = EDGE_CURVE ( 'NONE', #7017, #7232, #6477, .T. ) ;
#391 = CARTESIAN_POINT ( 'NONE',  ( 15.75577990824709573, -32.58872326137471021, -12.76724537651397640 ) ) ;
#392 = VERTEX_POINT ( 'NONE', #3971 ) ;
#393 = EDGE_LOOP ( 'NONE', ( #6919, #2118, #1086, #7034 ) ) ;
#394 = EDGE_CURVE ( 'NONE', #2809, #2480, #1475, .T. ) ;
#395 = ORIENTED_EDGE ( 'NONE', *, *, #4289, .F. ) ;
#396 = LINE ( 'NONE', #4829, #2225 ) ;
#397 = CARTESIAN_POINT ( 'NONE',  ( 15.00000000000007105, 36.49717567993136669, 17.11596235647368758 ) ) ;
#398 = CIRCLE ( 'NONE', #4995, 5.000000000000000000 ) ;
#399 = ORIENTED_EDGE ( 'NONE', *, *, #2328, .T. ) ;
#400 = B_SPLINE_CURVE_WITH_KNOTS ( 'NONE', 3,
 ( #5694, #1961, #3267, #5771 ),
 .UNSPECIFIED., .F., .F.,
 ( 4, 4 ),
 ( 3.878959614448864246E-18, 0.0008731425215613159829 ),
 .UNSPECIFIED. ) ;
#401 = CYLINDRICAL_SURFACE ( 'NONE', #5561, 5.000000000000000888 ) ;
#402 = ORIENTED_EDGE ( 'NONE', *, *, #7680, .T. ) ;
#403 = EDGE_CURVE ( 'NONE', #7690, #1495, #2006, .T. ) ;
#404 = AXIS2_PLACEMENT_3D ( 'NONE', #3675, #6108, #4010 ) ;
#405 = CARTESIAN_POINT ( 'NONE',  ( 20.00000000000000000, 27.05956823586910787, 29.78279198716966292 ) ) ;
#406 = DIRECTION ( 'NONE',  ( 0.000000000000000000, 1.000000000000000000, 0.000000000000000000 ) ) ;
#407 = CARTESIAN_POINT ( 'NONE',  ( 15.38892734875750001, 29.86000506320285908, -18.25967540753066487 ) ) ;
#408 = CARTESIAN_POINT ( 'NONE',  ( 16.05646280002837401, 4.479402757324234763, -34.71258185446151856 ) ) ;
#409 = DIRECTION ( 'NONE',  ( -8.157165877333706623E-17, -0.5877852522924652545, -0.8090169943749532244 ) ) ;
#410 = DIRECTION ( 'NONE',  ( 1.000000000000000000, -1.481484572605566251E-33, 0.000000000000000000 ) ) ;
#411 = AXIS2_PLACEMENT_3D ( 'NONE', #909, #3361, #1486 ) ;
#412 = CIRCLE ( 'NONE', #2637, 5.000000000000000888 ) ;
#413 = AXIS2_PLACEMENT_3D ( 'NONE', #5470, #4871, #2271 ) ;
#414 = ORIENTED_EDGE ( 'NONE', *, *, #7905, .F. ) ;
#415 = FACE_OUTER_BOUND ( 'NONE', #4591, .T. ) ;
#416 = DIRECTION ( 'NONE',  ( -2.367126293028902674E-17, -0.8090169943749551118, 0.5877852522924624790 ) ) ;
#417 = CARTESIAN_POINT ( 'NONE',  ( 15.00000000000007105, -30.96409703034394667, 16.31639344633018140 ) ) ;
#418 = DIRECTION ( 'NONE',  ( -0.8191520442889923537, -0.5455036073850133560, -0.1772448664054957768 ) ) ;
#419 = DIRECTION ( 'NONE',  ( -0.9063077870366492705, 0.2484087816006597393, 0.3419053558814298399 ) ) ;
#420 = VECTOR ( 'NONE', #7873, 1000.000000000000000 ) ;
#421 = CARTESIAN_POINT ( 'NONE',  ( 24.45953615552162574, 25.49706543986548724, -23.97706516559557954 ) ) ;
#422 = AXIS2_PLACEMENT_3D ( 'NONE', #4326, #645, #2438 ) ;
#423 = FACE_OUTER_BOUND ( 'NONE', #997, .T. ) ;
#424 = CARTESIAN_POINT ( 'NONE',  ( 15.00000000000000000, -3.703711431513914807E-32, -11.00000000000000000 ) ) ;
#425 = PLANE ( 'NONE',  #7744 ) ;
#426 = CARTESIAN_POINT ( 'NONE',  ( 16.80065191590787066, 34.99022670979994132, 0.8590227815948370260 ) ) ;
#427 = CARTESIAN_POINT ( 'NONE',  ( 15.18862017184827096, 34.16940328296890783, -7.582193665148065698 ) ) ;
#428 = ORIENTED_EDGE ( 'NONE', *, *, #2447, .T. ) ;
#429 = ORIENTED_EDGE ( 'NONE', *, *, #7070, .T. ) ;
#430 = CIRCLE ( 'NONE', #3171, 5.000000000000001776 ) ;
#431 = AXIS2_PLACEMENT_3D ( 'NONE', #597, #3618, #1933 ) ;
#432 = DIRECTION ( 'NONE',  ( -0.000000000000000000, 0.3090169943749515591, -0.9510565162951521989 ) ) ;
#433 = DIRECTION ( 'NONE',  ( -0.9063077870366492705, 0.4226182617407007736, 0.000000000000000000 ) ) ;
#434 = ADVANCED_FACE ( 'NONE', ( #4547 ), #1405, .F. ) ;
#435 = VECTOR ( 'NONE', #6573, 1000.000000000000114 ) ;
#436 = VERTEX_POINT ( 'NONE', #6399 ) ;
#437 = CARTESIAN_POINT ( 'NONE',  ( 15.80489273818007412, 34.69334078544395794, 4.624672352193314850 ) ) ;
#438 = ORIENTED_EDGE ( 'NONE', *, *, #2069, .F. ) ;
#439 = CARTESIAN_POINT ( 'NONE',  ( 15.54046384447849505, -15.23120969863971119, 31.51206516742538355 ) ) ;
#440 = DIRECTION ( 'NONE',  ( -3.469446951953613203E-16, -0.3090169943749481174, 0.9510565162951533091 ) ) ;
#441 = VERTEX_POINT ( 'NONE', #3274 ) ;
#442 = ORIENTED_EDGE ( 'NONE', *, *, #2000, .T. ) ;
#443 = EDGE_CURVE ( 'NONE', #7587, #895, #6512, .T. ) ;
#444 = ORIENTED_EDGE ( 'NONE', *, *, #1795, .T. ) ;
#445 = CARTESIAN_POINT ( 'NONE',  ( 20.00000000000006750, -4.722688079564052899, 17.11596235647353836 ) ) ;
#446 = ADVANCED_FACE ( 'NONE', ( #7707 ), #3926, .T. ) ;
#447 = CARTESIAN_POINT ( 'NONE',  ( 15.00000000000000000, -3.703711431513914807E-32, 0.000000000000000000 ) ) ;
#448 = VERTEX_POINT ( 'NONE', #1367 ) ;
#449 = FACE_OUTER_BOUND ( 'NONE', #2184, .T. ) ;
#450 = AXIS2_PLACEMENT_3D ( 'NONE', #338, #3362, #2164 ) ;
#451 = CARTESIAN_POINT ( 'NONE',  ( 15.00000000000007105, -5.000000000000139444, 39.99999999999995737 ) ) ;
#452 = ORIENTED_EDGE ( 'NONE', *, *, #3254, .T. ) ;
#453 = CARTESIAN_POINT ( 'NONE',  ( 17.13211781824481506, -11.41010340880814233, 33.08790625289404375 ) ) ;
#454 = DIRECTION ( 'NONE',  ( -0.5735764363510449382, -0.6627079248067686557, -0.4814854910183086756 ) ) ;
#455 = CARTESIAN_POINT ( 'NONE',  ( 15.00000000000007105, 15.45994527466882040, -31.40047916997836808 ) ) ;
#456 = CARTESIAN_POINT ( 'NONE',  ( 24.45953615552175719, 14.92451753976501472, 31.65847084439245407 ) ) ;
#457 = VECTOR ( 'NONE', #6275, 1000.000000000000114 ) ;
#458 = ADVANCED_FACE ( 'NONE', ( #2772 ), #7593, .T. ) ;
#459 = CARTESIAN_POINT ( 'NONE',  ( 24.99999999999999289, -31.54925622055647239, 15.15402362178700457 ) ) ;
#460 = CIRCLE ( 'NONE', #1896, 5.000000000000000000 ) ;
#461 = ORIENTED_EDGE ( 'NONE', *, *, #6458, .F. ) ;
#462 = FACE_OUTER_BOUND ( 'NONE', #3797, .T. ) ;
#463 = VECTOR ( 'NONE', #479, 1000.000000000000114 ) ;
#464 = CARTESIAN_POINT ( 'NONE',  ( 24.99999999999999289, 1.069105884036878258E-47, 0.000000000000000000 ) ) ;
#465 = CARTESIAN_POINT ( 'NONE',  ( 22.86788218175522758, -12.08486916289634294, 38.13187695210798012 ) ) ;
#466 = CARTESIAN_POINT ( 'NONE',  ( 24.34597678335758530, 27.15399102590117764, -22.08375224535052084 ) ) ;
#467 = AXIS2_PLACEMENT_3D ( 'NONE', #4460, #6977, #1361 ) ;
#468 = FACE_OUTER_BOUND ( 'NONE', #542, .T. ) ;
#469 = CARTESIAN_POINT ( 'NONE',  ( 22.45371291929561863, -35.00000000000000000, 0.000000000000000000 ) ) ;
#470 = CARTESIAN_POINT ( 'NONE',  ( 22.86788218175522047, -38.13187695210793748, -12.08486916289649393 ) ) ;
#471 = DIRECTION ( 'NONE',  ( 0.000000000000000000, -0.8090169943749533354, 0.5877852522924651435 ) ) ;
#472 = CARTESIAN_POINT ( 'NONE',  ( 16.80065191590787421, 33.01223048093191892, 11.62955390444219894 ) ) ;
#473 = CARTESIAN_POINT ( 'NONE',  ( 23.70474528246992207, -3.975275438175172038, -34.74391141602121280 ) ) ;
#474 = CARTESIAN_POINT ( 'NONE',  ( 16.10548734941336946, 33.74174144840571898, -9.301494859415358363 ) ) ;
#475 = EDGE_LOOP ( 'NONE', ( #4258, #534, #3785, #2696 ) ) ;
#476 = VERTEX_POINT ( 'NONE', #830 ) ;
#477 = AXIS2_PLACEMENT_3D ( 'NONE', #5462, #3707, #480 ) ;
#478 = LINE ( 'NONE', #1866, #5933 ) ;
#479 = DIRECTION ( 'NONE',  ( -0.000000000000000000, 0.9510565162951511997, 0.3090169943749548898 ) ) ;
#480 = DIRECTION ( 'NONE',  ( 0.000000000000000000, -0.5877852522924679191, -0.8090169943749511150 ) ) ;
#481 = AXIS2_PLACEMENT_3D ( 'NONE', #4050, #7107, #301 ) ;
#482 = EDGE_LOOP ( 'NONE', ( #5181, #8028, #4736, #3843, #6654 ) ) ;
#483 = ORIENTED_EDGE ( 'NONE', *, *, #2926, .F. ) ;
#484 = DIRECTION ( 'NONE',  ( -3.195534810681069178E-16, -0.8090169943749551118, 0.5877852522924625900 ) ) ;
#485 = FACE_OUTER_BOUND ( 'NONE', #2332, .T. ) ;
#486 = ORIENTED_EDGE ( 'NONE', *, *, #3782, .T. ) ;
#487 = EDGE_CURVE ( 'NONE', #3578, #2203, #2258, .T. ) ;
#488 = ORIENTED_EDGE ( 'NONE', *, *, #8019, .F. ) ;
#489 = ORIENTED_EDGE ( 'NONE', *, *, #5934, .F. ) ;
#490 = CARTESIAN_POINT ( 'NONE',  ( 24.99999999999999289, -32.55871839151490121, 23.23883332036975702 ) ) ;
#491 = ORIENTED_EDGE ( 'NONE', *, *, #4859, .F. ) ;
#492 = PLANE ( 'NONE',  #3943 ) ;
#493 = CARTESIAN_POINT ( 'NONE',  ( 16.05646280002837756, -14.98694289312354044, 31.62941559345144071 ) ) ;
#494 = CARTESIAN_POINT ( 'NONE',  ( 17.13211781824485769, 10.21761575938577060, 33.47536897770585540 ) ) ;
#495 = EDGE_CURVE ( 'NONE', #7790, #2598, #7819, .T. ) ;
#496 = DIRECTION ( 'NONE',  ( 0.8978821065938830115, 0.000000000000000000, 0.4402359851926362921 ) ) ;
#497 = EDGE_LOOP ( 'NONE', ( #5818, #6133, #2255, #1452, #6137, #6197, #3359, #6274, #6103, #3528 ) ) ;
#498 = CARTESIAN_POINT ( 'NONE',  ( 24.99999999999999289, 16.86217221814201395, -30.67029748935800981 ) ) ;
#499 = PLANE ( 'NONE',  #5906 ) ;
#500 = EDGE_CURVE ( 'NONE', #3715, #4990, #6010, .T. ) ;
#501 = DIRECTION ( 'NONE',  ( -0.000000000000000000, 0.3090169943749382364, 0.9510565162951565288 ) ) ;
#502 = DIRECTION ( 'NONE',  ( -1.408975556567270117E-33, -0.9510565162951576390, 0.3090169943749349613 ) ) ;
#503 = FACE_OUTER_BOUND ( 'NONE', #1573, .T. ) ;
#504 = ORIENTED_EDGE ( 'NONE', *, *, #3188, .F. ) ;
#505 = DIRECTION ( 'NONE',  ( 0.000000000000000000, -1.000000000000000000, 0.000000000000000000 ) ) ;
#506 = EDGE_CURVE ( 'NONE', #3287, #4620, #4750, .T. ) ;
#507 =( BOUNDED_CURVE ( )  B_SPLINE_CURVE ( 3, ( #7058, #3356, #2622, #7138 ),
 .UNSPECIFIED., .F., .F. ) 
 B_SPLINE_CURVE_WITH_KNOTS ( ( 4, 4 ),
 ( 1.570796326794896780, 1.684621253977660382 ),
 .UNSPECIFIED. ) 
 CURVE ( )  GEOMETRIC_REPRESENTATION_ITEM ( )  RATIONAL_B_SPLINE_CURVE ( ( 1.000000000000000000, 0.9989206152230156732, 0.9989206152230156732, 1.000000000000000000 ) ) 
 REPRESENTATION_ITEM ( '' )  );
#508 = DIRECTION ( 'NONE',  ( 0.000000000000000000, 0.5877852522924684742, 0.8090169943749508930 ) ) ;
#509 = CARTESIAN_POINT ( 'NONE',  ( 24.99999999999999645, 16.79552914386421492, 36.60129074203539545 ) ) ;
#510 = ADVANCED_FACE ( 'NONE', ( #2808 ), #401, .T. ) ;
#511 = CARTESIAN_POINT ( 'NONE',  ( 15.00000000000007105, 25.08624450741907097, 24.40656339007986375 ) ) ;
#512 = CARTESIAN_POINT ( 'NONE',  ( 0.000000000000000000, -38.04226065180620964, 12.36067977499764048 ) ) ;
#513 = FACE_OUTER_BOUND ( 'NONE', #4571, .T. ) ;
#514 = CARTESIAN_POINT ( 'NONE',  ( 16.50278156089884263, -28.96423554546519341, 19.65107502479120072 ) ) ;
#515 = CARTESIAN_POINT ( 'NONE',  ( 20.00000000000000000, 8.544044454267819333, 19.22137682299331729 ) ) ;
#516 = LINE ( 'NONE', #5496, #4068 ) ;
#517 = DIRECTION ( 'NONE',  ( -3.299640131595863330E-16, -1.032057927027752787E-14, 1.000000000000000000 ) ) ;
#518 = PLANE ( 'NONE',  #4475 ) ;
#519 = EDGE_LOOP ( 'NONE', ( #2060, #7189, #6403, #1408 ) ) ;
#520 = VERTEX_POINT ( 'NONE', #7204 ) ;
#521 = CARTESIAN_POINT ( 'NONE',  ( 25.00000000000000000, 1.646535966528174466, -10.83719740207125071 ) ) ;
#522 = CARTESIAN_POINT ( 'NONE',  ( 24.99999999999999289, 39.99999999999997868, 0.3369234184500283780 ) ) ;
#523 = ORIENTED_EDGE ( 'NONE', *, *, #981, .T. ) ;
#524 = VERTEX_POINT ( 'NONE', #364 ) ;
#525 = CARTESIAN_POINT ( 'NONE',  ( 22.86788218175522402, -33.19621908895808815, 11.09103413563834906 ) ) ;
#526 = LINE ( 'NONE', #5382, #6716 ) ;
#527 = ORIENTED_EDGE ( 'NONE', *, *, #6194, .F. ) ;
#528 = VERTEX_POINT ( 'NONE', #4001 ) ;
#529 = VERTEX_POINT ( 'NONE', #4077 ) ;
#530 = CARTESIAN_POINT ( 'NONE',  ( 15.36021751530112311, 34.46150454994753431, -6.116526877193534162 ) ) ;
#531 = CARTESIAN_POINT ( 'NONE',  ( 24.63977589264509760, -30.72333391096146826, -16.76555788912902045 ) ) ;
#532 = CARTESIAN_POINT ( 'NONE',  ( -2.000004173017514029E-32, -13.50000000000000000, 0.000000000000000000 ) ) ;
#533 = CARTESIAN_POINT ( 'NONE',  ( 16.10548734941334459, -33.74174144840566214, 9.301494859415555538 ) ) ;
#534 = ORIENTED_EDGE ( 'NONE', *, *, #1390, .T. ) ;
#535 = CARTESIAN_POINT ( 'NONE',  ( 15.18862017184825497, -13.95014779961604567, 32.10032955997252202 ) ) ;
#536 = FACE_OUTER_BOUND ( 'NONE', #5707, .T. ) ;
#537 = LINE ( 'NONE', #5320, #7488 ) ;
#538 = ADVANCED_FACE ( 'NONE', ( #7168 ), #5971, .T. ) ;
#539 = EDGE_CURVE ( 'NONE', #4216, #4438, #2726, .T. ) ;
#540 = CIRCLE ( 'NONE', #4857, 35.00000000000000000 ) ;
#541 = DIRECTION ( 'NONE',  ( 0.9063077870366491595, -0.2484087816006598226, -0.3419053558814299509 ) ) ;
#542 = EDGE_LOOP ( 'NONE', ( #7433, #1667, #1997, #3596, #5306 ) ) ;
#543 = LINE ( 'NONE', #6121, #6094 ) ;
#544 = VERTEX_POINT ( 'NONE', #932 ) ;
#545 = LINE ( 'NONE', #6204, #6346 ) ;
#546 = DIRECTION ( 'NONE',  ( 0.000000000000000000, 0.9510565162951544194, -0.3090169943749446757 ) ) ;
#547 = CARTESIAN_POINT ( 'NONE',  ( 16.29525471753020227, 23.90438745615822214, -25.56521582826685446 ) ) ;
#548 = CARTESIAN_POINT ( 'NONE',  ( 15.00000000000007105, 34.93574421695759469, 4.722688079563964969 ) ) ;
#549 = EDGE_CURVE ( 'NONE', #2275, #6266, #7738, .T. ) ;
#550 = CARTESIAN_POINT ( 'NONE',  ( 0.000000000000000000, 32.36067977499818937, -23.51141009169849028 ) ) ;
#551 = VECTOR ( 'NONE', #6800, 1000.000000000000000 ) ;
#552 = CARTESIAN_POINT ( 'NONE',  ( 24.52945112611146072, -2.258861006966369267, -34.92748042473078129 ) ) ;
#553 = AXIS2_PLACEMENT_3D ( 'NONE', #3228, #779, #3877 ) ;
#554 = DIRECTION ( 'NONE',  ( -0.8191520442889925757, 0.1772448664054975254, -0.5455036073850122458 ) ) ;
#555 = CARTESIAN_POINT ( 'NONE',  ( 15.00000000000007105, 34.64101615137755630, 5.000000000000000000 ) ) ;
#556 = DIRECTION ( 'NONE',  ( -1.000000000000000000, 1.481484572605565909E-33, -0.000000000000000000 ) ) ;
#557 = ORIENTED_EDGE ( 'NONE', *, *, #7287, .T. ) ;
#558 = EDGE_CURVE ( 'NONE', #4498, #4823, #7129, .T. ) ;
#559 = ORIENTED_EDGE ( 'NONE', *, *, #930, .F. ) ;
#560 = VECTOR ( 'NONE', #6632, 1000.000000000000000 ) ;
#561 = AXIS2_PLACEMENT_3D ( 'NONE', #3563, #4272, #2948 ) ;
#562 = CARTESIAN_POINT ( 'NONE',  ( 24.99999999999999289, 25.51452191370198719, -23.95848850648182093 ) ) ;
#563 = CARTESIAN_POINT ( 'NONE',  ( 23.89409946658237160, 29.02866678150720503, 19.55401206327810470 ) ) ;
#564 = CARTESIAN_POINT ( 'NONE',  ( 17.13211781824484348, -38.23599201421206573, 11.76443595028660027 ) ) ;
#565 = ORIENTED_EDGE ( 'NONE', *, *, #2213, .F. ) ;
#566 = AXIS2_PLACEMENT_3D ( 'NONE', #5621, #8091, #2466 ) ;
#567 = ORIENTED_EDGE ( 'NONE', *, *, #7298, .T. ) ;
#568 = EDGE_CURVE ( 'NONE', #4398, #3451, #727, .T. ) ;
#569 = DIRECTION ( 'NONE',  ( -2.081668171172167330E-15, 0.8090169943749443426, 0.5877852522924773560 ) ) ;
#570 = FACE_OUTER_BOUND ( 'NONE', #3918, .T. ) ;
#571 = ORIENTED_EDGE ( 'NONE', *, *, #4453, .F. ) ;
#572 = VECTOR ( 'NONE', #1035, 1000.000000000000114 ) ;
#573 = ORIENTED_EDGE ( 'NONE', *, *, #2183, .T. ) ;
#574 = DIRECTION ( 'NONE',  ( 0.000000000000000000, 3.491481338843133355E-15, -1.000000000000000000 ) ) ;
#575 = DIRECTION ( 'NONE',  ( 0.9063077870366491595, 0.4019338517338239547, 0.1305962250110780376 ) ) ;
#576 = AXIS2_PLACEMENT_3D ( 'NONE', #6378, #6525, #7686 ) ;
#577 = DIRECTION ( 'NONE',  ( 0.000000000000000000, -1.000000000000000000, 0.000000000000000000 ) ) ;
#578 = CARTESIAN_POINT ( 'NONE',  ( 24.99999999999999289, 12.04024656238844493, 38.14637571391012472 ) ) ;
#579 = ORIENTED_EDGE ( 'NONE', *, *, #5833, .T. ) ;
#580 = DIRECTION ( 'NONE',  ( -1.000000000000000000, 1.481484572605565909E-33, -0.000000000000000000 ) ) ;
#581 = CYLINDRICAL_SURFACE ( 'NONE', #7726, 5.000000000000001776 ) ;
#582 = ORIENTED_EDGE ( 'NONE', *, *, #7249, .T. ) ;
#583 = B_SPLINE_CURVE_WITH_KNOTS ( 'NONE', 3,
 ( #3854, #6823, #6941, #757, #7476, #3770, #1322, #5742, #1823, #1212, #3239, #3698, #3204, #6907 ),
 .UNSPECIFIED., .F., .F.,
 ( 4, 2, 2, 2, 2, 2, 4 ),
 ( 1.734723475976807094E-18, 0.001196137445628219333, 0.001794206168442330626, 0.002392274891256442135, 0.002990343614070553428, 0.003588412336884664721, 0.004784549782512887740 ),
 .UNSPECIFIED. ) ;
#584 = ORIENTED_EDGE ( 'NONE', *, *, #1224, .T. ) ;
#585 = FACE_OUTER_BOUND ( 'NONE', #5815, .T. ) ;
#586 = ORIENTED_EDGE ( 'NONE', *, *, #403, .F. ) ;
#587 = EDGE_CURVE ( 'NONE', #4498, #3451, #6473, .T. ) ;
#588 = CARTESIAN_POINT ( 'NONE',  ( 16.29525471753020227, 25.53926937401072195, 23.88553625368973243 ) ) ;
#589 = CIRCLE ( 'NONE', #1621, 5.000000000000000000 ) ;
#590 = CARTESIAN_POINT ( 'NONE',  ( 15.54046384447845952, 36.57505489365261298, 16.87627478251567226 ) ) ;
#591 = DIRECTION ( 'NONE',  ( 4.578039098394318803E-34, 0.3090169943749516146, -0.9510565162951523099 ) ) ;
#592 = LINE ( 'NONE', #1127, #709 ) ;
#593 = AXIS2_PLACEMENT_3D ( 'NONE', #2385, #6028, #7920 ) ;
#594 = CARTESIAN_POINT ( 'NONE',  ( 24.01831258142419045, -1.403614607075839960, -34.97223561158985916 ) ) ;
#595 = CARTESIAN_POINT ( 'NONE',  ( 15.54046384447849150, -34.67645756116565536, -4.747977570363818067 ) ) ;
#596 = DIRECTION ( 'NONE',  ( -0.5735764363510458264, -0.6627079248067788697, 0.4814854910182939096 ) ) ;
#597 = CARTESIAN_POINT ( 'NONE',  ( 15.00000000000006573, 1.481484572605556398E-32, 0.000000000000000000 ) ) ;
#598 = VERTEX_POINT ( 'NONE', #861 ) ;
#599 = AXIS2_PLACEMENT_3D ( 'NONE', #7053, #2810, #2156 ) ;
#600 = ORIENTED_EDGE ( 'NONE', *, *, #6362, .F. ) ;
#601 = EDGE_CURVE ( 'NONE', #2480, #6301, #6581, .T. ) ;
#602 = AXIS2_PLACEMENT_3D ( 'NONE', #1630, #4578, #5317 ) ;
#603 = CARTESIAN_POINT ( 'NONE',  ( 20.00000000000000000, 29.78279198716996135, -27.05956823586878457 ) ) ;
#604 = CARTESIAN_POINT ( 'NONE',  ( 24.45953615552162574, 25.49706543986548724, -23.97706516559557954 ) ) ;
#605 = FACE_OUTER_BOUND ( 'NONE', #3576, .T. ) ;
#606 = EDGE_CURVE ( 'NONE', #4936, #5838, #1663, .T. ) ;
#607 = ORIENTED_EDGE ( 'NONE', *, *, #2639, .T. ) ;
#608 = CIRCLE ( 'NONE', #2421, 13.50000000000000000 ) ;
#609 = ORIENTED_EDGE ( 'NONE', *, *, #601, .T. ) ;
#610 = DIRECTION ( 'NONE',  ( -0.000000000000000000, -0.5877852522924770229, 0.8090169943749445647 ) ) ;
#611 = DIRECTION ( 'NONE',  ( 3.469446951953614682E-16, 0.000000000000000000, -1.000000000000000000 ) ) ;
#612 = EDGE_CURVE ( 'NONE', #476, #5036, #897, .T. ) ;
#613 = EDGE_LOOP ( 'NONE', ( #5089, #6996, #6469, #2527 ) ) ;
#614 = AXIS2_PLACEMENT_3D ( 'NONE', #5185, #3776, #2597 ) ;
#615 = EDGE_CURVE ( 'NONE', #5572, #6441, #4880, .T. ) ;
#616 = DIRECTION ( 'NONE',  ( 0.000000000000000000, 1.000000000000000000, 1.110223024625156540E-14 ) ) ;
#617 = CYLINDRICAL_SURFACE ( 'NONE', #1848, 35.00000000000000000 ) ;
#618 = EDGE_CURVE ( 'NONE', #524, #5594, #2932, .T. ) ;
#619 = DIRECTION ( 'NONE',  ( 0.000000000000000000, -1.000000000000000000, 0.000000000000000000 ) ) ;
#620 = CARTESIAN_POINT ( 'NONE',  ( 15.00000000000006395, -6.623313333993378293, -34.36997880317080956 ) ) ;
#621 = ORIENTED_EDGE ( 'NONE', *, *, #4198, .F. ) ;
#622 = DIRECTION ( 'NONE',  ( 0.000000000000000000, -0.5877852522924623679, -0.8090169943749552228 ) ) ;
#623 = DIRECTION ( 'NONE',  ( 6.938893903907224433E-16, 0.8090169943749443426, 0.5877852522924773560 ) ) ;
#624 = ORIENTED_EDGE ( 'NONE', *, *, #5032, .F. ) ;
#625 = VERTEX_POINT ( 'NONE', #4964 ) ;
#626 = CARTESIAN_POINT ( 'NONE',  ( 23.94355495384386501, -30.55179311444556944, -17.07677558018055208 ) ) ;
#627 = EDGE_LOOP ( 'NONE', ( #4564, #7734, #2555, #7836, #43, #6415, #1144, #1182, #5731, #3533 ) ) ;
#628 = LINE ( 'NONE', #56, #4919 ) ;
#629 = DIRECTION ( 'NONE',  ( 0.000000000000000000, 1.000000000000000000, 0.000000000000000000 ) ) ;
#630 = DIRECTION ( 'NONE',  ( 0.000000000000000000, 1.000000000000000000, 0.000000000000000000 ) ) ;
#631 = CARTESIAN_POINT ( 'NONE',  ( 16.29525471753021648, -14.83433730242530224, 31.70082706804151229 ) ) ;
#632 = EDGE_CURVE ( 'NONE', #6256, #7690, #6457, .T. ) ;
#633 = CARTESIAN_POINT ( 'NONE',  ( 17.13211781824486479, -20.06198795604674245, -28.67955088998841973 ) ) ;
#634 = CARTESIAN_POINT ( 'NONE',  ( 24.99999999999999289, -30.67029748935805955, -16.86217221814191092 ) ) ;
#635 = CARTESIAN_POINT ( 'NONE',  ( 19.32833852793591944, 19.84845737240195973, -28.86874364165755225 ) ) ;
#636 = VERTEX_POINT ( 'NONE', #4334 ) ;
#637 = ORIENTED_EDGE ( 'NONE', *, *, #794, .T. ) ;
#638 = CARTESIAN_POINT ( 'NONE',  ( 15.00000000000006573, -34.67991086065742223, -4.722688079563971186 ) ) ;
#639 = CARTESIAN_POINT ( 'NONE',  ( 25.00000000000000000, 33.40865938710759053, 22.06898990056872378 ) ) ;
#640 = PLANE ( 'NONE',  #7793 ) ;
#641 = ORIENTED_EDGE ( 'NONE', *, *, #3279, .T. ) ;
#642 = ADVANCED_FACE ( 'NONE', ( #5436 ), #1059, .F. ) ;
#643 = EDGE_CURVE ( 'NONE', #5464, #211, #4095, .T. ) ;
#644 = VERTEX_POINT ( 'NONE', #6190 ) ;
#645 = DIRECTION ( 'NONE',  ( -0.000000000000000000, -0.9510565162951556406, 0.3090169943749411785 ) ) ;
#646 = CARTESIAN_POINT ( 'NONE',  ( 25.00000000000000000, 34.95455853997905393, -4.385764661113933371 ) ) ;
#647 = ADVANCED_FACE ( 'NONE', ( #6232 ), #2971, .F. ) ;
#648 = ORIENTED_EDGE ( 'NONE', *, *, #5449, .T. ) ;
#649 = FACE_OUTER_BOUND ( 'NONE', #273, .T. ) ;
#650 = EDGE_CURVE ( 'NONE', #5018, #6470, #1192, .T. ) ;
#651 = ORIENTED_EDGE ( 'NONE', *, *, #6448, .F. ) ;
#652 = CARTESIAN_POINT ( 'NONE',  ( 16.29525471753020227, 30.63450961402127604, -16.92710313988895265 ) ) ;
#653 = EDGE_CURVE ( 'NONE', #4447, #7696, #2322, .T. ) ;
#654 = DIRECTION ( 'NONE',  ( 0.5735764363510446051, -0.4814854910182970738, -0.6627079248067774264 ) ) ;
#655 = DIRECTION ( 'NONE',  ( 0.000000000000000000, -0.5877852522924713607, -0.8090169943749486725 ) ) ;
#656 = ORIENTED_EDGE ( 'NONE', *, *, #7833, .F. ) ;
#657 = CARTESIAN_POINT ( 'NONE',  ( 24.24381083264137260, 1.734326454482383317, 34.95739563221255963 ) ) ;
#658 = CARTESIAN_POINT ( 'NONE',  ( 20.00000000000000000, -39.39753646541935694, -8.189569715108786951 ) ) ;
#659 = CARTESIAN_POINT ( 'NONE',  ( 23.94355495384385790, -34.75439668095231127, 4.142491770268963869 ) ) ;
#660 = ORIENTED_EDGE ( 'NONE', *, *, #2096, .T. ) ;
#661 = EDGE_CURVE ( 'NONE', #4251, #2617, #210, .T. ) ;
#662 = CARTESIAN_POINT ( 'NONE',  ( 24.81993129918793528, 31.58593879200406107, -15.07765394767849898 ) ) ;
#663 = VERTEX_POINT ( 'NONE', #5566 ) ;
#664 = CARTESIAN_POINT ( 'NONE',  ( 24.45953615552166838, 39.40535134785565674, 8.165517980089475714 ) ) ;
#665 = MECHANICAL_DESIGN_GEOMETRIC_PRESENTATION_REPRESENTATION (  '', ( #5358 ), #269 ) ;
#666 = DIRECTION ( 'NONE',  ( 0.000000000000000000, 1.000000000000000000, 0.000000000000000000 ) ) ;
#667 = CARTESIAN_POINT ( 'NONE',  ( 24.99999999999999289, -34.68797654511718065, 4.663076581549969291 ) ) ;
#668 = CYLINDRICAL_SURFACE ( 'NONE', #1374, 11.00000000000000000 ) ;
#669 = DIRECTION ( 'NONE',  ( 0.000000000000000000, 0.8090169943749531134, -0.5877852522924651435 ) ) ;
#670 = DIRECTION ( 'NONE',  ( 0.000000000000000000, -1.000000000000000000, 0.000000000000000000 ) ) ;
#671 = VERTEX_POINT ( 'NONE', #8034 ) ;
#672 = EDGE_LOOP ( 'NONE', ( #4078, #6606, #5851, #4339 ) ) ;
#673 = AXIS2_PLACEMENT_3D ( 'NONE', #1519, #218, #6510 ) ;
#674 = DIRECTION ( 'NONE',  ( 1.000000000000000000, 0.000000000000000000, -0.000000000000000000 ) ) ;
#675 = CARTESIAN_POINT ( 'NONE',  ( 15.00000000000007105, 31.76647631344098244, 15.28728194667498919 ) ) ;
#676 = AXIS2_PLACEMENT_3D ( 'NONE', #4270, #376, #546 ) ;
#677 = PLANE ( 'NONE',  #217 ) ;
#678 = CIRCLE ( 'NONE', #6432, 5.000000000000002665 ) ;
#679 = ORIENTED_EDGE ( 'NONE', *, *, #3237, .F. ) ;
#680 = ORIENTED_EDGE ( 'NONE', *, *, #3242, .F. ) ;
#681 = ADVANCED_FACE ( 'NONE', ( #2408 ), #3545, .F. ) ;
#682 = CIRCLE ( 'NONE', #7737, 35.00000000000000000 ) ;
#683 = DIRECTION ( 'NONE',  ( 2.220446049250313081E-16, 0.9510565162951576390, -0.3090169943749351278 ) ) ;
#684 = VECTOR ( 'NONE', #580, 1000.000000000000000 ) ;
#685 = ORIENTED_EDGE ( 'NONE', *, *, #4115, .T. ) ;
#686 = ADVANCED_FACE ( 'NONE', ( #1713 ), #4207, .F. ) ;
#687 = CARTESIAN_POINT ( 'NONE',  ( 25.00000000000000000, 34.77480363015180842, -3.984542589812233526 ) ) ;
#688 = CARTESIAN_POINT ( 'NONE',  ( 24.95238900918759839, 14.17401111806598557, 32.00388018666590284 ) ) ;
#689 = CIRCLE ( 'NONE', #5267, 5.000000000000000000 ) ;
#690 = CIRCLE ( 'NONE', #6043, 35.00000000000000000 ) ;
#691 = ORIENTED_EDGE ( 'NONE', *, *, #1812, .T. ) ;
#692 = DIRECTION ( 'NONE',  ( 1.000000000000000000, -1.072118069236030918E-16, 3.299640131595842622E-16 ) ) ;
#693 = DIRECTION ( 'NONE',  ( 0.000000000000000000, 0.000000000000000000, 1.000000000000000000 ) ) ;
#694 = AXIS2_PLACEMENT_3D ( 'NONE', #5895, #2733, #870 ) ;
#695 = CARTESIAN_POINT ( 'NONE',  ( 17.13211781824485769, 24.01860538316467597, -31.99218082574391886 ) ) ;
#696 = ORIENTED_EDGE ( 'NONE', *, *, #5271, .T. ) ;
#697 = EDGE_CURVE ( 'NONE', #1571, #3518, #6957, .T. ) ;
#698 = CARTESIAN_POINT ( 'NONE',  ( 22.86788218175522047, -0.2900044396686170534, -34.99879851402005926 ) ) ;
#699 = DIRECTION ( 'NONE',  ( 3.469446951953612217E-15, 0.5877852522924744694, -0.8090169943749464521 ) ) ;
#700 = EDGE_CURVE ( 'NONE', #841, #164, #3572, .T. ) ;
#701 = VERTEX_POINT ( 'NONE', #6348 ) ;
#702 = VECTOR ( 'NONE', #6707, 1000.000000000000000 ) ;
#703 = B_SPLINE_CURVE_WITH_KNOTS ( 'NONE', 3,
 ( #929, #282, #7243, #5885, #2764, #322, #2152, #3422, #7818, #363, #2406, #5434, #1668, #494 ),
 .UNSPECIFIED., .F., .F.,
 ( 4, 2, 2, 2, 2, 2, 4 ),
 ( 0.000000000000000000, 0.001196801401550997256, 0.001795202102326493932, 0.002393602803101992776, 0.002992003503877491404, 0.003590404204652991333, 0.004787205606203992492 ),
 .UNSPECIFIED. ) ;
#704 = LINE ( 'NONE', #7506, #2237 ) ;
#705 = ORIENTED_EDGE ( 'NONE', *, *, #203, .T. ) ;
#706 = DIRECTION ( 'NONE',  ( -0.8978821065938831225, -0.4402359851926357925, 0.000000000000000000 ) ) ;
#707 = ORIENTED_EDGE ( 'NONE', *, *, #4752, .T. ) ;
#708 = CIRCLE ( 'NONE', #1363, 4.999999999999999112 ) ;
#709 = VECTOR ( 'NONE', #6864, 1000.000000000000114 ) ;
#710 = CARTESIAN_POINT ( 'NONE',  ( -12.50000000000000000, 1.250000000000000000, -5.000000000000000888 ) ) ;
#711 = CARTESIAN_POINT ( 'NONE',  ( 16.29525471753020582, -23.88553625368980349, 25.53926937401062958 ) ) ;
#712 = CARTESIAN_POINT ( 'NONE',  ( 15.54046384447849505, 39.50946640995972103, -7.845084767479634458 ) ) ;
#713 = EDGE_CURVE ( 'NONE', #2535, #3400, #1993, .T. ) ;
#714 = CIRCLE ( 'NONE', #7515, 5.000000000000000000 ) ;
#715 = CARTESIAN_POINT ( 'NONE',  ( 24.99999999999999289, -25.32227488053403874, 24.16158924563272237 ) ) ;
#716 = FACE_OUTER_BOUND ( 'NONE', #4056, .T. ) ;
#717 = LINE ( 'NONE', #871, #3298 ) ;
#718 = ORIENTED_EDGE ( 'NONE', *, *, #6497, .F. ) ;
#719 = ORIENTED_EDGE ( 'NONE', *, *, #3987, .F. ) ;
#720 = VECTOR ( 'NONE', #7969, 1000.000000000000114 ) ;
#721 = CARTESIAN_POINT ( 'NONE',  ( 15.75577990824708330, -34.93901340816768908, -2.071902597725595374 ) ) ;
#722 = VECTOR ( 'NONE', #5660, 1000.000000000000000 ) ;
#723 = CYLINDRICAL_SURFACE ( 'NONE', #6873, 5.000000000000000000 ) ;
#724 = CARTESIAN_POINT ( 'NONE',  ( 15.00000000000006573, 15.20822509185056326, -31.52316433284589081 ) ) ;
#725 = ORIENTED_EDGE ( 'NONE', *, *, #3711, .F. ) ;
#726 = VERTEX_POINT ( 'NONE', #4415 ) ;
#727 = CIRCLE ( 'NONE', #602, 35.00000000000000000 ) ;
#728 = LINE ( 'NONE', #4992, #6451 ) ;
#729 = ORIENTED_EDGE ( 'NONE', *, *, #7199, .T. ) ;
#730 = CIRCLE ( 'NONE', #6092, 30.00000000000000000 ) ;
#731 = CARTESIAN_POINT ( 'NONE',  ( 24.63977589264509760, 16.76555788912913059, -30.72333391096140431 ) ) ;
#732 = ORIENTED_EDGE ( 'NONE', *, *, #3934, .T. ) ;
#733 = CARTESIAN_POINT ( 'NONE',  ( 24.45953615552161864, 4.411054151913688770, 34.72092454513395410 ) ) ;
#734 = VECTOR ( 'NONE', #3193, 1000.000000000000114 ) ;
#735 = ORIENTED_EDGE ( 'NONE', *, *, #2878, .F. ) ;
#736 = B_SPLINE_CURVE_WITH_KNOTS ( 'NONE', 3,
 ( #5363, #6483, #836, #2708 ),
 .UNSPECIFIED., .F., .F.,
 ( 4, 4 ),
 ( 8.498374721940738929E-18, 0.0008731425215612980935 ),
 .UNSPECIFIED. ) ;
#737 = ORIENTED_EDGE ( 'NONE', *, *, #1094, .T. ) ;
#738 = ADVANCED_FACE ( 'NONE', ( #4497 ), #1351, .T. ) ;
#739 = CARTESIAN_POINT ( 'NONE',  ( 24.45953615552162574, 6.534193949948594593, -34.38465223649144065 ) ) ;
#740 = DIRECTION ( 'NONE',  ( -1.000000000000000000, 1.481484572605565909E-33, -0.000000000000000000 ) ) ;
#741 = AXIS2_PLACEMENT_3D ( 'NONE', #7006, #86, #693 ) ;
#742 = CARTESIAN_POINT ( 'NONE',  ( 15.54046384447847373, 15.23120969863993324, -31.51206516742527342 ) ) ;
#743 = EDGE_LOOP ( 'NONE', ( #5722, #2262, #5403, #6750, #6909, #3975, #3499, #732, #1118, #6370 ) ) ;
#744 = CARTESIAN_POINT ( 'NONE',  ( 23.49692031861293984, 0.7895023778400106496, 34.99240228286426202 ) ) ;
#745 = DIRECTION ( 'NONE',  ( -0.000000000000000000, -0.5877852522924770229, 0.8090169943749445647 ) ) ;
#746 = ORIENTED_EDGE ( 'NONE', *, *, #280, .T. ) ;
#747 = ADVANCED_FACE ( 'NONE', ( #2488 ), #7499, .T. ) ;
#748 = ORIENTED_EDGE ( 'NONE', *, *, #139, .F. ) ;
#749 = CARTESIAN_POINT ( 'NONE',  ( 24.19512822508731276, -30.62277166169545950, -16.94878470208561438 ) ) ;
#750 = VERTEX_POINT ( 'NONE', #695 ) ;
#751 = EDGE_CURVE ( 'NONE', #833, #5669, #6891, .T. ) ;
#752 = CARTESIAN_POINT ( 'NONE',  ( 22.86788218175522758, 28.48508311328362197, 20.33715909436035929 ) ) ;
#753 = CARTESIAN_POINT ( 'NONE',  ( -7.500000000000000000, 4.814824860968089633E-32, 0.000000000000000000 ) ) ;
#754 = CARTESIAN_POINT ( 'NONE',  ( 23.70474528246998247, 34.30000351133449499, 6.964894767506607742 ) ) ;
#755 = CARTESIAN_POINT ( 'NONE',  ( 25.00000000000000000, 6.956480103272405735, -34.30409497040290745 ) ) ;
#756 = ADVANCED_FACE ( 'NONE', ( #3754 ), #5684, .F. ) ;
#757 = CARTESIAN_POINT ( 'NONE',  ( 24.81118820077485410, 32.23393872983358222, -13.63858234955948845 ) ) ;
#758 = FACE_OUTER_BOUND ( 'NONE', #5171, .T. ) ;
#759 = CARTESIAN_POINT ( 'NONE',  ( 16.05646280002835979, 16.77963072772273634, 30.71599551872409606 ) ) ;
#760 = ORIENTED_EDGE ( 'NONE', *, *, #3065, .T. ) ;
#761 = ADVANCED_FACE ( 'NONE', ( #5085 ), #6265, .F. ) ;
#762 = CARTESIAN_POINT ( 'NONE',  ( 24.99999999999999289, -32.16264115848077410, -23.78398686302816856 ) ) ;
#763 = CYLINDRICAL_SURFACE ( 'NONE', #5162, 5.000000000000001776 ) ;
#764 = LINE ( 'NONE', #5626, #6895 ) ;
#765 = CARTESIAN_POINT ( 'NONE',  ( 23.94355495384386145, -23.77946806259194901, -25.68200197383187700 ) ) ;
#766 = VERTEX_POINT ( 'NONE', #3141 ) ;
#767 = ORIENTED_EDGE ( 'NONE', *, *, #32, .F. ) ;
#768 = EDGE_CURVE ( 'NONE', #3278, #3875, #3202, .T. ) ;
#769 =( BOUNDED_CURVE ( )  B_SPLINE_CURVE ( 3, ( #4536, #3876, #1508, #2718 ),
 .UNSPECIFIED., .F., .T. ) 
 B_SPLINE_CURVE_WITH_KNOTS ( ( 4, 4 ),
 ( 1.552883144289288753, 1.684621253977660382 ),
 .UNSPECIFIED. ) 
 CURVE ( )  GEOMETRIC_REPRESENTATION_ITEM ( )  RATIONAL_B_SPLINE_CURVE ( ( 1.000000000000000000, 0.9985542787012120503, 0.9985542787012120503, 1.000000000000000000 ) ) 
 REPRESENTATION_ITEM ( '' )  );
#770 = ORIENTED_EDGE ( 'NONE', *, *, #8108, .F. ) ;
#771 = CARTESIAN_POINT ( 'NONE',  ( 24.99999999999999289, 4.663076581549843169, 34.68797654511720197 ) ) ;
#772 = CARTESIAN_POINT ( 'NONE',  ( 24.01831258142418690, 12.14193195369280431, 32.82683180067253659 ) ) ;
#773 = VERTEX_POINT ( 'NONE', #3260 ) ;
#774 = DIRECTION ( 'NONE',  ( 0.000000000000000000, -1.000000000000000000, -1.110223024625156540E-14 ) ) ;
#775 = LINE ( 'NONE', #5726, #1914 ) ;
#776 = CARTESIAN_POINT ( 'NONE',  ( 24.99999999999999289, 1.069105884036878258E-47, 0.000000000000000000 ) ) ;
#777 = VERTEX_POINT ( 'NONE', #742 ) ;
#778 = CARTESIAN_POINT ( 'NONE',  ( 23.19917531777618080, -28.00625651599291643, 20.99293718299465539 ) ) ;
#779 = DIRECTION ( 'NONE',  ( -1.481484572605566422E-33, -1.000000000000000000, -6.908276016444636426E-34 ) ) ;
#780 = ORIENTED_EDGE ( 'NONE', *, *, #4443, .T. ) ;
#781 = ORIENTED_EDGE ( 'NONE', *, *, #212, .T. ) ;
#782 = CARTESIAN_POINT ( 'NONE',  ( 24.45953615552155469, -16.55584156990592604, -36.67916995575674832 ) ) ;
#783 = ORIENTED_EDGE ( 'NONE', *, *, #6577, .F. ) ;
#784 = EDGE_CURVE ( 'NONE', #1162, #2401, #5122, .T. ) ;
#785 = DIRECTION ( 'NONE',  ( 1.000000000000000000, -1.481484572605566251E-33, 0.000000000000000000 ) ) ;
#786 = CARTESIAN_POINT ( 'NONE',  ( 26.57262746422505373, -38.00502880621217372, -12.47526761324102829 ) ) ;
#787 = CARTESIAN_POINT ( 'NONE',  ( 15.00000000000007638, -39.99999999999997868, -2.119852826805229018 ) ) ;
#788 = FACE_OUTER_BOUND ( 'NONE', #307, .T. ) ;
#789 = CARTESIAN_POINT ( 'NONE',  ( 15.75577990824709573, -27.04842182277204543, -22.21284122321978316 ) ) ;
#790 = ORIENTED_EDGE ( 'NONE', *, *, #2493, .F. ) ;
#791 = CIRCLE ( 'NONE', #6161, 5.000000000000000888 ) ;
#792 = CARTESIAN_POINT ( 'NONE',  ( 23.19917531777618080, -20.14835840517755727, 28.61987891632782777 ) ) ;
#793 = DIRECTION ( 'NONE',  ( -0.000000000000000000, -1.000000000000000000, -0.000000000000000000 ) ) ;
#794 = EDGE_CURVE ( 'NONE', #2397, #149, #7011, .T. ) ;
#795 = DIRECTION ( 'NONE',  ( 0.000000000000000000, 1.000000000000000000, 0.000000000000000000 ) ) ;
#796 = CARTESIAN_POINT ( 'NONE',  ( 23.49692031861293628, -34.99240228286425491, 0.7895023778401168979 ) ) ;
#797 = CARTESIAN_POINT ( 'NONE',  ( 20.00000000000000000, -34.93856756282597331, -19.96325194752897403 ) ) ;
#798 = ADVANCED_FACE ( 'NONE', ( #2648 ), #5160, .T. ) ;
#799 = EDGE_LOOP ( 'NONE', ( #3076, #3163, #6354, #559 ) ) ;
#800 = VECTOR ( 'NONE', #2620, 1000.000000000000227 ) ;
#801 = ORIENTED_EDGE ( 'NONE', *, *, #1239, .T. ) ;
#802 = LINE ( 'NONE', #7764, #4614 ) ;
#803 = AXIS2_PLACEMENT_3D ( 'NONE', #1990, #6344, #774 ) ;
#804 = VERTEX_POINT ( 'NONE', #7044 ) ;
#805 = CARTESIAN_POINT ( 'NONE',  ( 23.89409946658236095, 19.55401206327842090, -29.02866678150697766 ) ) ;
#806 = CARTESIAN_POINT ( 'NONE',  ( 15.54046384447849327, 39.50946640995972103, -7.845084767479634458 ) ) ;
#807 = EDGE_CURVE ( 'NONE', #2401, #146, #4383, .T. ) ;
#808 = VECTOR ( 'NONE', #1403, 1000.000000000000000 ) ;
#809 = ORIENTED_EDGE ( 'NONE', *, *, #4076, .F. ) ;
#810 = AXIS2_PLACEMENT_3D ( 'NONE', #3109, #4419, #5608 ) ;
#811 = CARTESIAN_POINT ( 'NONE',  ( 24.19512822508735539, -4.287758709075032648, -34.73658838134138449 ) ) ;
#812 =( BOUNDED_CURVE ( )  B_SPLINE_CURVE ( 3, ( #459, #7299, #7341, #1597 ),
 .UNSPECIFIED., .F., .F. ) 
 B_SPLINE_CURVE_WITH_KNOTS ( ( 4, 4 ),
 ( 4.578760888222364045, 4.586022819131211570 ),
 .UNSPECIFIED. ) 
 CURVE ( )  GEOMETRIC_REPRESENTATION_ITEM ( )  RATIONAL_B_SPLINE_CURVE ( ( 1.000000000000000000, 0.9999956053681178236, 0.9999956053681178236, 1.000000000000000000 ) ) 
 REPRESENTATION_ITEM ( '' )  );
#813 = CARTESIAN_POINT ( 'NONE',  ( 22.86788218175522402, 32.53114010773462184, 23.27679157156256906 ) ) ;
#814 = ORIENTED_EDGE ( 'NONE', *, *, #6495, .F. ) ;
#815 = VECTOR ( 'NONE', #3119, 1000.000000000000114 ) ;
#816 = AXIS2_PLACEMENT_3D ( 'NONE', #4190, #484, #2311 ) ;
#817 = CARTESIAN_POINT ( 'NONE',  ( 15.54046384447847728, 19.67021554836343000, 35.15147096907323032 ) ) ;
#818 = ORIENTED_EDGE ( 'NONE', *, *, #1147, .F. ) ;
#819 = CARTESIAN_POINT ( 'NONE',  ( 15.00000000000006750, -10.34457993047769442, -38.69733120086280564 ) ) ;
#820 = EDGE_LOOP ( 'NONE', ( #641, #2442, #5318, #3620, #6463, #3288, #2655, #78, #965, #2144 ) ) ;
#821 = AXIS2_PLACEMENT_3D ( 'NONE', #1046, #2915, #7973 ) ;
#822 = AXIS2_PLACEMENT_3D ( 'NONE', #4230, #306, #3440 ) ;
#823 = VERTEX_POINT ( 'NONE', #3955 ) ;
#824 = CARTESIAN_POINT ( 'NONE',  ( 13.42737253577502266, -32.23346033721222881, -23.68651262579958683 ) ) ;
#825 = ORIENTED_EDGE ( 'NONE', *, *, #2096, .F. ) ;
#826 = CARTESIAN_POINT ( 'NONE',  ( -7.500000000000000000, 4.814824860968089633E-32, 0.000000000000000000 ) ) ;
#827 = DIRECTION ( 'NONE',  ( 1.460811334704289448E-16, -0.8090169943749466741, -0.5877852522924741363 ) ) ;
#828 = CARTESIAN_POINT ( 'NONE',  ( 15.54046384447849150, -27.35260463503445649, 29.56988858092244854 ) ) ;
#829 = VECTOR ( 'NONE', #3986, 1000.000000000000000 ) ;
#830 = CARTESIAN_POINT ( 'NONE',  ( 15.00000000000007105, -4.722688079564134611, 39.99999999999995737 ) ) ;
#831 = CARTESIAN_POINT ( 'NONE',  ( 15.00000000000007105, -5.000000000000120792, 34.64101615137754209 ) ) ;
#832 = CARTESIAN_POINT ( 'NONE',  ( 15.18862017184826385, -26.21839485911007728, -23.18692632717339919 ) ) ;
#833 = VERTEX_POINT ( 'NONE', #7076 ) ;
#834 = EDGE_CURVE ( 'NONE', #6884, #2227, #2686, .T. ) ;
#835 = CARTESIAN_POINT ( 'NONE',  ( 0.000000000000000000, -38.04226065180602490, -12.36067977499818937 ) ) ;
#836 = CARTESIAN_POINT ( 'NONE',  ( 24.19512822508732341, -16.94878470208548649, 30.62277166169552345 ) ) ;
#837 = CARTESIAN_POINT ( 'NONE',  ( 16.29525471753020582, -34.73334048174631761, -4.312198856625536258 ) ) ;
#838 = CARTESIAN_POINT ( 'NONE',  ( 17.13211781824487545, -27.94255299148073490, -21.07637853897797342 ) ) ;
#839 = ORIENTED_EDGE ( 'NONE', *, *, #2267, .F. ) ;
#840 = VERTEX_POINT ( 'NONE', #813 ) ;
#841 = VERTEX_POINT ( 'NONE', #4568 ) ;
#842 = EDGE_CURVE ( 'NONE', #1278, #5046, #3302, .T. ) ;
#843 = EDGE_CURVE ( 'NONE', #1230, #190, #2943, .T. ) ;
#844 = CARTESIAN_POINT ( 'NONE',  ( -7.500000000000000000, 1.250000000000000000, -5.000000000000000888 ) ) ;
#845 = CARTESIAN_POINT ( 'NONE',  ( 24.99999999999999289, 39.99999999999997868, 0.3369234184500283780 ) ) ;
#846 = ORIENTED_EDGE ( 'NONE', *, *, #5115, .F. ) ;
#847 = EDGE_CURVE ( 'NONE', #4781, #3229, #5417, .T. ) ;
#848 = CYLINDRICAL_SURFACE ( 'NONE', #1061, 5.000000000000000000 ) ;
#849 = CARTESIAN_POINT ( 'NONE',  ( 24.01831258142419045, 9.472098316839490550, -33.69431333495130332 ) ) ;
#850 = AXIS2_PLACEMENT_3D ( 'NONE', #3609, #1203, #7434 ) ;
#851 = ORIENTED_EDGE ( 'NONE', *, *, #650, .F. ) ;
#852 = ADVANCED_FACE ( 'NONE', ( #5445 ), #4306, .T. ) ;
#853 = VECTOR ( 'NONE', #1461, 1000.000000000000000 ) ;
#854 = DIRECTION ( 'NONE',  ( -0.000000000000000000, 0.9510565162951576390, -0.3090169943749349613 ) ) ;
#855 = VERTEX_POINT ( 'NONE', #7432 ) ;
#856 = DIRECTION ( 'NONE',  ( -1.000000000000000000, 1.481484572605565909E-33, -0.000000000000000000 ) ) ;
#857 = EDGE_CURVE ( 'NONE', #1775, #5384, #3606, .T. ) ;
#858 = ORIENTED_EDGE ( 'NONE', *, *, #1279, .T. ) ;
#859 = ORIENTED_EDGE ( 'NONE', *, *, #4728, .T. ) ;
#860 = CYLINDRICAL_SURFACE ( 'NONE', #5565, 5.000000000000000000 ) ;
#861 = CARTESIAN_POINT ( 'NONE',  ( 22.86788218175522758, 33.19621908895816631, -11.09103413563813412 ) ) ;
#862 = EDGE_LOOP ( 'NONE', ( #6181, #4550, #1370, #3601, #7068, #5505, #3122, #6290, #1512, #4034 ) ) ;
#863 = CARTESIAN_POINT ( 'NONE',  ( 24.81993129918794239, -6.367670722775999437, 34.41598389563304039 ) ) ;
#864 = DIRECTION ( 'NONE',  ( 0.000000000000000000, 0.3090169943749484505, -0.9510565162951533091 ) ) ;
#865 = AXIS2_PLACEMENT_3D ( 'NONE', #4449, #6847, #5121 ) ;
#866 = CARTESIAN_POINT ( 'NONE',  ( 16.29525471753020938, -27.00005224983332397, 29.82603288212079917 ) ) ;
#867 = DIRECTION ( 'NONE',  ( 0.000000000000000000, 0.5877852522924741363, -0.8090169943749466741 ) ) ;
#868 = CARTESIAN_POINT ( 'NONE',  ( 15.18006210666845490, -16.39144551574065645, -30.92454867560706688 ) ) ;
#869 = EDGE_CURVE ( 'NONE', #663, #5803, #543, .T. ) ;
#870 = DIRECTION ( 'NONE',  ( 0.000000000000000000, 0.3090169943749485060, -0.9510565162951533091 ) ) ;
#871 = CARTESIAN_POINT ( 'NONE',  ( 24.99999999999999645, 36.60129074203556598, -16.79552914386384188 ) ) ;
#872 = ORIENTED_EDGE ( 'NONE', *, *, #2391, .F. ) ;
#873 = CARTESIAN_POINT ( 'NONE',  ( 24.99999999999999289, 34.68797654511718065, -4.663076581549969291 ) ) ;
#874 = LINE ( 'NONE', #340, #2086 ) ;
#875 = CARTESIAN_POINT ( 'NONE',  ( 15.00000000000007105, -39.50165152752342834, 7.869136502498878194 ) ) ;
#876 = ADVANCED_FACE ( 'NONE', ( #462 ), #6157, .F. ) ;
#877 = CYLINDRICAL_SURFACE ( 'NONE', #6736, 5.000000000000001776 ) ;
#878 = CARTESIAN_POINT ( 'NONE',  ( 16.10548734941335880, 34.96462306030312561, 1.580524230029636046 ) ) ;
#879 = ORIENTED_EDGE ( 'NONE', *, *, #1847, .F. ) ;
#880 = LINE ( 'NONE', #5913, #3708 ) ;
#881 = CARTESIAN_POINT ( 'NONE',  ( 25.00000000000000000, -1.782929408354794409, -40.00000000000000000 ) ) ;
#882 = ADVANCED_FACE ( 'NONE', ( #585 ), #1846, .T. ) ;
#883 = EDGE_CURVE ( 'NONE', #7404, #6202, #2333, .T. ) ;
#884 = CARTESIAN_POINT ( 'NONE',  ( 23.89409946658237516, 33.65042473767876174, 9.626619232961402872 ) ) ;
#885 = CARTESIAN_POINT ( 'NONE',  ( 20.67025973870254774, -1.248787361095457626, 35.01154913612410269 ) ) ;
#886 = ORIENTED_EDGE ( 'NONE', *, *, #1940, .T. ) ;
#887 = ADVANCED_FACE ( 'NONE', ( #4843 ), #1119, .T. ) ;
#888 = ORIENTED_EDGE ( 'NONE', *, *, #4544, .T. ) ;
#889 = CARTESIAN_POINT ( 'NONE',  ( 15.54046384447849682, -24.22350489953451103, 25.26305227762923877 ) ) ;
#890 = EDGE_CURVE ( 'NONE', #3737, #3299, #5969, .T. ) ;
#891 = ORIENTED_EDGE ( 'NONE', *, *, #2426, .F. ) ;
#892 = CARTESIAN_POINT ( 'NONE',  ( 23.49692031861293984, -33.52372186379140118, -10.06238559833464841 ) ) ;
#893 = ADVANCED_FACE ( 'NONE', ( #2981, #1728 ), #1776, .F. ) ;
#894 = DIRECTION ( 'NONE',  ( 0.000000000000000000, 0.000000000000000000, -1.000000000000000000 ) ) ;
#895 = VERTEX_POINT ( 'NONE', #8041 ) ;
#896 = CARTESIAN_POINT ( 'NONE',  ( 21.52238633098366449, 34.94820413681608784, -2.447171249265440274 ) ) ;
#897 = LINE ( 'NONE', #451, #2676 ) ;
#898 = ORIENTED_EDGE ( 'NONE', *, *, #7987, .F. ) ;
#899 = DIRECTION ( 'NONE',  ( -1.000000000000000000, 1.481484572605565909E-33, -0.000000000000000000 ) ) ;
#900 = FACE_OUTER_BOUND ( 'NONE', #195, .T. ) ;
#901 = CARTESIAN_POINT ( 'NONE',  ( 23.94355495384381172, -34.33349578939776592, -6.799955411849483156 ) ) ;
#902 = B_SPLINE_CURVE_WITH_KNOTS ( 'NONE', 3,
 ( #1674, #2326, #6014, #7860, #7823, #407, #4082, #1634, #2193, #4123, #1592, #4163, #3502, #5479 ),
 .UNSPECIFIED., .F., .F.,
 ( 4, 2, 2, 2, 2, 2, 4 ),
 ( 0.000000000000000000, 0.001196801401551010049, 0.001795202102326507593, 0.002393602803102005353, 0.002992003503877500078, 0.003590404204652995236, 0.004787205606203978614 ),
 .UNSPECIFIED. ) ;
#903 = CARTESIAN_POINT ( 'NONE',  ( 22.86788218175522758, -23.27679157156266498, 32.53114010773453657 ) ) ;
#904 = ADVANCED_FACE ( 'NONE', ( #2457 ), #7994, .T. ) ;
#905 = DIRECTION ( 'NONE',  ( 0.8191520442889923537, 0.3371397703496141762, 0.4640330845810178295 ) ) ;
#906 = DIRECTION ( 'NONE',  ( 6.938893903907229364E-16, -0.9510565162951499785, -0.3090169943749582204 ) ) ;
#907 = CARTESIAN_POINT ( 'NONE',  ( 24.45953615552155114, -14.92451753976471807, -31.65847084439259973 ) ) ;
#908 = ORIENTED_EDGE ( 'NONE', *, *, #8068, .T. ) ;
#909 = CARTESIAN_POINT ( 'NONE',  ( 15.00000000000000000, -3.703711431513914807E-32, 0.000000000000000000 ) ) ;
#910 = DIRECTION ( 'NONE',  ( 3.065694294534199468E-16, -0.3090169943749445647, -0.9510565162951545304 ) ) ;
#911 = DIRECTION ( 'NONE',  ( 0.5735764363510450492, -0.6627079248067755390, 0.4814854910182992387 ) ) ;
#912 = PLANE ( 'NONE',  #94 ) ;
#913 = DIRECTION ( 'NONE',  ( -0.000000000000000000, 0.3090169943749447312, 0.9510565162951544194 ) ) ;
#914 = FACE_OUTER_BOUND ( 'NONE', #4748, .T. ) ;
#915 = CARTESIAN_POINT ( 'NONE',  ( 15.38892734875749468, 34.04110240466258830, -8.138734265114766941 ) ) ;
#916 = EDGE_LOOP ( 'NONE', ( #5113, #266, #7185, #6062 ) ) ;
#917 = LINE ( 'NONE', #7719, #1092 ) ;
#918 = CARTESIAN_POINT ( 'NONE',  ( 15.00000000000007105, -31.40047916997842847, -15.45994527466871737 ) ) ;
#919 = AXIS2_PLACEMENT_3D ( 'NONE', #3767, #1893, #6938 ) ;
#920 = CARTESIAN_POINT ( 'NONE',  ( 15.00000000000006573, 1.481484572605556398E-32, 0.000000000000000000 ) ) ;
#921 = ORIENTED_EDGE ( 'NONE', *, *, #4125, .T. ) ;
#922 = ADVANCED_FACE ( 'NONE', ( #415 ), #7389, .T. ) ;
#923 = ORIENTED_EDGE ( 'NONE', *, *, #6863, .F. ) ;
#924 = CARTESIAN_POINT ( 'NONE',  ( 23.70474528246998247, 34.30000351133449499, 6.964894767506607742 ) ) ;
#925 = ORIENTED_EDGE ( 'NONE', *, *, #2996, .F. ) ;
#926 = DIRECTION ( 'NONE',  ( 1.000000000000000000, -1.072118069236030918E-16, 3.299640131595842622E-16 ) ) ;
#927 = AXIS2_PLACEMENT_3D ( 'NONE', #658, #6970, #6269 ) ;
#928 = ORIENTED_EDGE ( 'NONE', *, *, #3017, .F. ) ;
#929 = CARTESIAN_POINT ( 'NONE',  ( 15.00000000000006573, 6.225138546852560850, 34.44194608428058046 ) ) ;
#930 = EDGE_CURVE ( 'NONE', #388, #6336, #3687, .T. ) ;
#931 = AXIS2_PLACEMENT_3D ( 'NONE', #397, #2318, #2360 ) ;
#932 = CARTESIAN_POINT ( 'NONE',  ( 17.13211781824487900, -33.08790625289402954, -11.41010340880820095 ) ) ;
#933 = AXIS2_PLACEMENT_3D ( 'NONE', #2451, #7544, #6805 ) ;
#934 = ORIENTED_EDGE ( 'NONE', *, *, #2837, .T. ) ;
#935 = CARTESIAN_POINT ( 'NONE',  ( 24.99999999999999289, 0.3369234184504473206, -39.99999999999997158 ) ) ;
#936 = EDGE_CURVE ( 'NONE', #3965, #5991, #5834, .T. ) ;
#937 = LINE ( 'NONE', #3272, #6695 ) ;
#938 = DIRECTION ( 'NONE',  ( 6.938893903907228378E-16, 0.9510565162951544194, -0.3090169943749447312 ) ) ;
#939 = LINE ( 'NONE', #7635, #7095 ) ;
#940 = CARTESIAN_POINT ( 'NONE',  ( 23.70474528246985102, -34.30000351133444525, -6.964894767506915052 ) ) ;
#941 = ORIENTED_EDGE ( 'NONE', *, *, #4533, .T. ) ;
#942 = VECTOR ( 'NONE', #7322, 1000.000000000000114 ) ;
#943 = CARTESIAN_POINT ( 'NONE',  ( 24.52945112611145362, -18.70240095082392529, 29.58465042117898847 ) ) ;
#944 = CARTESIAN_POINT ( 'NONE',  ( 13.42737253577497292, 23.33630755759843822, 32.48789921278338255 ) ) ;
#945 = EDGE_CURVE ( 'NONE', #7535, #7426, #2288, .T. ) ;
#946 = CARTESIAN_POINT ( 'NONE',  ( 23.89409946658236095, -32.88215029528711852, 11.99112483634268145 ) ) ;
#947 = DIRECTION ( 'NONE',  ( -3.863805469914376241E-17, -0.3090169943749515591, 0.9510565162951521989 ) ) ;
#948 = VERTEX_POINT ( 'NONE', #1398 ) ;
#949 = CARTESIAN_POINT ( 'NONE',  ( -7.500000000000000000, -1.250000000000000000, 4.999999999999999112 ) ) ;
#950 = DIRECTION ( 'NONE',  ( 0.000000000000000000, -0.5877852522924744694, 0.8090169943749464521 ) ) ;
#951 = AXIS2_PLACEMENT_3D ( 'NONE', #5717, #5630, #6954 ) ;
#952 = CARTESIAN_POINT ( 'NONE',  ( 15.00000000000007105, -30.96409703034394667, 16.31639344633018140 ) ) ;
#953 = VERTEX_POINT ( 'NONE', #5169 ) ;
#954 = ORIENTED_EDGE ( 'NONE', *, *, #5342, .F. ) ;
#955 = CARTESIAN_POINT ( 'NONE',  ( 15.00000000000007105, -34.93574421695759469, -4.722688079563971186 ) ) ;
#956 = CARTESIAN_POINT ( 'NONE',  ( 19.32833852793587326, -9.956072330903319667, 33.58931739785168702 ) ) ;
#957 = EDGE_LOOP ( 'NONE', ( #1830, #2776, #2523, #7430 ) ) ;
#958 = VECTOR ( 'NONE', #5748, 1000.000000000000000 ) ;
#959 = CARTESIAN_POINT ( 'NONE',  ( 24.99999999999999289, -24.16158924563261579, -25.32227488053413822 ) ) ;
#960 = ORIENTED_EDGE ( 'NONE', *, *, #7674, .T. ) ;
#961 = CARTESIAN_POINT ( 'NONE',  ( 15.00000000000007283, -12.36067977499805615, 38.04226065180606753 ) ) ;
#962 = CARTESIAN_POINT ( 'NONE',  ( 25.00000000000000355, -38.59321613875867740, -10.66501314308771953 ) ) ;
#963 = ORIENTED_EDGE ( 'NONE', *, *, #1402, .F. ) ;
#964 = AXIS2_PLACEMENT_3D ( 'NONE', #944, #2129, #3323 ) ;
#965 = ORIENTED_EDGE ( 'NONE', *, *, #6593, .T. ) ;
#966 = FACE_OUTER_BOUND ( 'NONE', #4769, .T. ) ;
#967 = EDGE_CURVE ( 'NONE', #5623, #4732, #6723, .T. ) ;
#968 = AXIS2_PLACEMENT_3D ( 'NONE', #249, #5242, #2767 ) ;
#969 = VERTEX_POINT ( 'NONE', #7549 ) ;
#970 = FACE_OUTER_BOUND ( 'NONE', #2836, .T. ) ;
#971 = VECTOR ( 'NONE', #7745, 1000.000000000000000 ) ;
#972 = CARTESIAN_POINT ( 'NONE',  ( 24.81118820077486120, -22.93189747973609371, -26.44174374967079899 ) ) ;
#973 = VERTEX_POINT ( 'NONE', #5092 ) ;
#974 = CARTESIAN_POINT ( 'NONE',  ( 15.00000000000007105, 5.949380111716834563, 34.49064911372803977 ) ) ;
#975 = CARTESIAN_POINT ( 'NONE',  ( -7.500000000000000000, -35.00000000000000000, 0.000000000000000000 ) ) ;
#976 = DIRECTION ( 'NONE',  ( -1.000000000000000000, 0.000000000000000000, -0.000000000000000000 ) ) ;
#977 = CARTESIAN_POINT ( 'NONE',  ( 15.80489273818005280, -4.624672352193446301, 34.69334078544393662 ) ) ;
#978 = EDGE_CURVE ( 'NONE', #3451, #777, #1338, .T. ) ;
#979 = CARTESIAN_POINT ( 'NONE',  ( 15.00000000000007105, 5.000000000000419220, -39.99999999999992184 ) ) ;
#980 = CARTESIAN_POINT ( 'NONE',  ( 15.00000000000006573, 1.481484572605556398E-32, 0.000000000000000000 ) ) ;
#981 = EDGE_CURVE ( 'NONE', #671, #5991, #400, .T. ) ;
#982 =( BOUNDED_CURVE ( )  B_SPLINE_CURVE ( 3, ( #1041, #956, #3371, #3523 ),
 .UNSPECIFIED., .F., .T. ) 
 B_SPLINE_CURVE_WITH_KNOTS ( ( 4, 4 ),
 ( 1.552883144289287864, 1.684621253977660382 ),
 .UNSPECIFIED. ) 
 CURVE ( )  GEOMETRIC_REPRESENTATION_ITEM ( )  RATIONAL_B_SPLINE_CURVE ( ( 1.000000000000000000, 0.9985542787012120503, 0.9985542787012120503, 1.000000000000000000 ) ) 
 REPRESENTATION_ITEM ( '' )  );
#983 = ORIENTED_EDGE ( 'NONE', *, *, #2716, .T. ) ;
#984 = ORIENTED_EDGE ( 'NONE', *, *, #5168, .T. ) ;
#985 = AXIS2_PLACEMENT_3D ( 'NONE', #1794, #7971, #2434 ) ;
#986 = CARTESIAN_POINT ( 'NONE',  ( 15.00000000000007105, -16.85222304749682465, 36.58286977608879198 ) ) ;
#987 = DIRECTION ( 'NONE',  ( 0.000000000000000000, -0.8090169943749506709, 0.5877852522924686962 ) ) ;
#988 = CARTESIAN_POINT ( 'NONE',  ( 24.99999999999999289, 25.51452191370198719, -23.95848850648182093 ) ) ;
#989 = CARTESIAN_POINT ( 'NONE',  ( 23.70474528246981905, -31.84314817589949698, 14.52631798659619733 ) ) ;
#990 = CARTESIAN_POINT ( 'NONE',  ( 22.86788218175522758, -33.37545168956173569, -10.53941291143541292 ) ) ;
#991 = ADVANCED_FACE ( 'NONE', ( #5054 ), #6314, .F. ) ;
#992 = VERTEX_POINT ( 'NONE', #2001 ) ;
#993 = FACE_OUTER_BOUND ( 'NONE', #7770, .T. ) ;
#994 = CARTESIAN_POINT ( 'NONE',  ( 18.47620868754437495, -18.27401029716216030, -29.89027585091304928 ) ) ;
#995 = CARTESIAN_POINT ( 'NONE',  ( 16.29525471753025201, -25.56521582826694328, -23.90438745615811200 ) ) ;
#996 = PLANE ( 'NONE',  #4208 ) ;
#997 = EDGE_LOOP ( 'NONE', ( #2592, #1934, #5283, #4459 ) ) ;
#998 = EDGE_CURVE ( 'NONE', #4280, #4788, #7628, .T. ) ;
#999 = VERTEX_POINT ( 'NONE', #3232 ) ;
#1000 = DIRECTION ( 'NONE',  ( -1.000000000000000000, 1.481484572605565909E-33, -0.000000000000000000 ) ) ;
#1001 = VERTEX_POINT ( 'NONE', #3150 ) ;
#1002 = CARTESIAN_POINT ( 'NONE',  ( 24.99999999999999645, 35.10156741994332208, 19.73890189115320126 ) ) ;
#1003 = ORIENTED_EDGE ( 'NONE', *, *, #5386, .F. ) ;
#1004 = EDGE_CURVE ( 'NONE', #5036, #1807, #1888, .T. ) ;
#1005 = CARTESIAN_POINT ( 'NONE',  ( 15.36021751530112667, -15.30758995606815276, 31.47514712630215783 ) ) ;
#1006 = CYLINDRICAL_SURFACE ( 'NONE', #5665, 5.000000000000000888 ) ;
#1007 = ORIENTED_EDGE ( 'NONE', *, *, #2869, .T. ) ;
#1008 = B_SPLINE_CURVE_WITH_KNOTS ( 'NONE', 3,
 ( #4336, #1312, #6893, #3757, #1841, #1808, #3679, #6351, #657, #3108, #5607, #744, #7502, #2536 ),
 .UNSPECIFIED., .F., .F.,
 ( 4, 2, 2, 2, 2, 2, 4 ),
 ( 8.673617379884035472E-19, 0.001196137445628224754, 0.001794206168442336264, 0.002392274891256447773, 0.002990343614070559500, 0.003588412336884670359, 0.004784549782512892944 ),
 .UNSPECIFIED. ) ;
#1009 = ORIENTED_EDGE ( 'NONE', *, *, #3127, .F. ) ;
#1010 = EDGE_CURVE ( 'NONE', #7799, #2428, #5954, .T. ) ;
#1011 = VERTEX_POINT ( 'NONE', #2616 ) ;
#1012 = CARTESIAN_POINT ( 'NONE',  ( 16.80065191590786355, 19.87177520552507559, 28.81260896766511692 ) ) ;
#1013 = ORIENTED_EDGE ( 'NONE', *, *, #618, .F. ) ;
#1014 = CARTESIAN_POINT ( 'NONE',  ( 15.75577990824710994, 2.071902597725965300, -34.93901340816766776 ) ) ;
#1015 = CARTESIAN_POINT ( 'NONE',  ( 23.49692031861293984, -21.20673884492489947, -27.84539026649783366 ) ) ;
#1016 = ORIENTED_EDGE ( 'NONE', *, *, #2888, .F. ) ;
#1017 = CARTESIAN_POINT ( 'NONE',  ( 17.13211781824482571, -12.95692359970911056, 37.84852928940020433 ) ) ;
#1018 = FACE_OUTER_BOUND ( 'NONE', #3631, .T. ) ;
#1019 = LINE ( 'NONE', #2937, #1725 ) ;
#1020 = DIRECTION ( 'NONE',  ( 0.000000000000000000, 0.5877852522924713607, 0.8090169943749486725 ) ) ;
#1021 = CARTESIAN_POINT ( 'NONE',  ( 13.42737253577489831, -38.10914386831633038, 12.15483440063108667 ) ) ;
#1022 = CARTESIAN_POINT ( 'NONE',  ( 24.99999999999999645, 19.73890189115358140, -35.10156741994310892 ) ) ;
#1023 = ORIENTED_EDGE ( 'NONE', *, *, #1311, .T. ) ;
#1024 = EDGE_CURVE ( 'NONE', #7205, #7232, #4385, .T. ) ;
#1025 = EDGE_CURVE ( 'NONE', #3453, #1230, #2940, .T. ) ;
#1026 = PLANE ( 'NONE',  #2751 ) ;
#1027 = CARTESIAN_POINT ( 'NONE',  ( 20.00000000000000000, -0.8289074614507563332, -11.64151772873193913 ) ) ;
#1028 = CARTESIAN_POINT ( 'NONE',  ( 24.95238900918759484, 26.05748848431636233, -23.37002849949576344 ) ) ;
#1029 = CARTESIAN_POINT ( 'NONE',  ( 17.13211781824485058, -31.99218082574401123, -24.01860538316456939 ) ) ;
#1030 = DIRECTION ( 'NONE',  ( 3.469446951953614682E-16, 0.3090169943749517256, -0.9510565162951521989 ) ) ;
#1031 = CARTESIAN_POINT ( 'NONE',  ( 24.99999999999999289, 34.37988406144788200, 6.559235620207735096 ) ) ;
#1032 = PLANE ( 'NONE',  #5409 ) ;
#1033 =( BOUNDED_CURVE ( )  B_SPLINE_CURVE ( 3, ( #3633, #6143, #530, #6262 ),
 .UNSPECIFIED., .F., .T. ) 
 B_SPLINE_CURVE_WITH_KNOTS ( ( 4, 4 ),
 ( 1.427448757889531183, 1.434720266952592915 ),
 .UNSPECIFIED. ) 
 CURVE ( )  GEOMETRIC_REPRESENTATION_ITEM ( )  RATIONAL_B_SPLINE_CURVE ( ( 1.000000000000000000, 0.9999955937678493001, 0.9999955937678493001, 1.000000000000000000 ) ) 
 REPRESENTATION_ITEM ( '' )  );
#1034 = CARTESIAN_POINT ( 'NONE',  ( 15.00000000000006395, 31.69898284710544090, 14.84379361583762424 ) ) ;
#1035 = DIRECTION ( 'NONE',  ( -5.534164442390285589E-16, -0.5877852522924772449, 0.8090169943749443426 ) ) ;
#1036 = DIRECTION ( 'NONE',  ( -0.4226182617407010511, -0.7332184018470050413, 0.5327143512579627371 ) ) ;
#1037 = EDGE_LOOP ( 'NONE', ( #3113, #1164, #2720, #6071 ) ) ;
#1038 = ORIENTED_EDGE ( 'NONE', *, *, #5890, .T. ) ;
#1039 = CARTESIAN_POINT ( 'NONE',  ( 24.99999999999999289, 1.069105884036878258E-47, 0.000000000000000000 ) ) ;
#1040 = EDGE_CURVE ( 'NONE', #4346, #1619, #175, .T. ) ;
#1041 = CARTESIAN_POINT ( 'NONE',  ( 17.13211781824481506, -11.41010340880814233, 33.08790625289404375 ) ) ;
#1042 = DIRECTION ( 'NONE',  ( 0.000000000000000000, 0.8090169943749484505, -0.5877852522924716938 ) ) ;
#1043 = EDGE_CURVE ( 'NONE', #5594, #1542, #308, .T. ) ;
#1044 = EDGE_CURVE ( 'NONE', #190, #5958, #608, .T. ) ;
#1045 = ORIENTED_EDGE ( 'NONE', *, *, #6631, .F. ) ;
#1046 = CARTESIAN_POINT ( 'NONE',  ( 15.00000000000007105, 36.49717567993136669, 17.11596235647368758 ) ) ;
#1047 = VERTEX_POINT ( 'NONE', #7018 ) ;
#1048 = CARTESIAN_POINT ( 'NONE',  ( -7.500000000000000000, 1.250000000000000000, -5.000000000000000888 ) ) ;
#1049 = ORIENTED_EDGE ( 'NONE', *, *, #3651, .T. ) ;
#1050 = ORIENTED_EDGE ( 'NONE', *, *, #353, .T. ) ;
#1051 = COLOUR_RGB ( '',0.7921568627450980005, 0.8196078431372548767, 0.9333333333333333481 ) ;
#1052 = EDGE_CURVE ( 'NONE', #2821, #7890, #6393, .T. ) ;
#1053 = VERTEX_POINT ( 'NONE', #7667 ) ;
#1054 = CARTESIAN_POINT ( 'NONE',  ( 16.10548734941335169, 19.27301882469608429, 29.21598309100177815 ) ) ;
#1055 = DIRECTION ( 'NONE',  ( 1.000000000000000000, 0.000000000000000000, 0.000000000000000000 ) ) ;
#1056 = AXIS2_PLACEMENT_3D ( 'NONE', #2327, #5480, #1020 ) ;
#1057 = ORIENTED_EDGE ( 'NONE', *, *, #4500, .T. ) ;
#1058 = CARTESIAN_POINT ( 'NONE',  ( 24.99999999999999289, 23.23883332036986715, 32.55871839151482305 ) ) ;
#1059 = PLANE ( 'NONE',  #2548 ) ;
#1060 = ORIENTED_EDGE ( 'NONE', *, *, #7116, .F. ) ;
#1061 = AXIS2_PLACEMENT_3D ( 'NONE', #4065, #3338, #6572 ) ;
#1062 = LINE ( 'NONE', #1110, #6085 ) ;
#1063 = DIRECTION ( 'NONE',  ( 0.000000000000000000, 0.000000000000000000, -1.000000000000000000 ) ) ;
#1064 = VECTOR ( 'NONE', #1187, 1000.000000000000114 ) ;
#1065 = PLANE ( 'NONE',  #28 ) ;
#1066 = CARTESIAN_POINT ( 'NONE',  ( 15.00000000000007283, 12.36067977499778259, 38.04226065180615990 ) ) ;
#1067 = DIRECTION ( 'NONE',  ( -0.000000000000000000, -1.047444401652940007E-14, 1.000000000000000000 ) ) ;
#1068 = AXIS2_PLACEMENT_3D ( 'NONE', #5866, #2736, #7712 ) ;
#1069 = AXIS2_PLACEMENT_3D ( 'NONE', #5452, #4810, #5580 ) ;
#1070 = AXIS2_PLACEMENT_3D ( 'NONE', #5193, #270, #155 ) ;
#1071 = ORIENTED_EDGE ( 'NONE', *, *, #5597, .T. ) ;
#1072 = CARTESIAN_POINT ( 'NONE',  ( -7.500000000000000000, 4.814824860968089633E-32, 0.000000000000000000 ) ) ;
#1073 =( BOUNDED_CURVE ( )  B_SPLINE_CURVE ( 3, ( #1150, #4253, #3476, #6738 ),
 .UNSPECIFIED., .F., .T. ) 
 B_SPLINE_CURVE_WITH_KNOTS ( ( 4, 4 ),
 ( 1.427448757889531405, 1.434720266952592693 ),
 .UNSPECIFIED. ) 
 CURVE ( )  GEOMETRIC_REPRESENTATION_ITEM ( )  RATIONAL_B_SPLINE_CURVE ( ( 1.000000000000000000, 0.9999955937678493001, 0.9999955937678493001, 1.000000000000000000 ) ) 
 REPRESENTATION_ITEM ( '' )  );
#1074 = DIRECTION ( 'NONE',  ( 0.000000000000000000, -1.000000000000000000, 0.000000000000000000 ) ) ;
#1075 = CARTESIAN_POINT ( 'NONE',  ( 15.36021751530109647, -30.88472771195863942, 16.46635330131294239 ) ) ;
#1076 = FACE_OUTER_BOUND ( 'NONE', #7925, .T. ) ;
#1077 = AXIS2_PLACEMENT_3D ( 'NONE', #2551, #1253, #3734 ) ;
#1078 = DIRECTION ( 'NONE',  ( 1.000000000000000000, -1.072118069236030918E-16, 3.299640131595842622E-16 ) ) ;
#1079 = CIRCLE ( 'NONE', #4069, 35.00000000000000000 ) ;
#1080 = DIRECTION ( 'NONE',  ( -2.636779683484746290E-16, 0.3090169943749445092, 0.9510565162951544194 ) ) ;
#1081 = CARTESIAN_POINT ( 'NONE',  ( 24.45953615552168969, -4.411054151913477384, -34.72092454513398962 ) ) ;
#1082 = EDGE_CURVE ( 'NONE', #777, #4823, #2036, .T. ) ;
#1083 = DIRECTION ( 'NONE',  ( 5.019539109668780768E-18, 0.9510565162951556406, -0.3090169943749411230 ) ) ;
#1084 = CARTESIAN_POINT ( 'NONE',  ( 15.00000000000007105, 36.49717567993136669, 17.11596235647368758 ) ) ;
#1085 = CARTESIAN_POINT ( 'NONE',  ( 22.86788218175522758, -12.08486916289634117, 38.13187695210796591 ) ) ;
#1086 = ORIENTED_EDGE ( 'NONE', *, *, #5603, .F. ) ;
#1087 = ORIENTED_EDGE ( 'NONE', *, *, #1673, .F. ) ;
#1088 = VECTOR ( 'NONE', #3318, 1000.000000000000000 ) ;
#1089 = DIRECTION ( 'NONE',  ( -0.000000000000000000, 0.3090169943749582204, -0.9510565162951500895 ) ) ;
#1090 = CARTESIAN_POINT ( 'NONE',  ( 24.75193471525578204, 29.88019067453101840, 18.22662341043788459 ) ) ;
#1091 = CARTESIAN_POINT ( 'NONE',  ( 16.29525471753020938, -23.90438745615802318, 25.56521582826702499 ) ) ;
#1092 = VECTOR ( 'NONE', #150, 999.9999999999998863 ) ;
#1093 = ORIENTED_EDGE ( 'NONE', *, *, #7398, .F. ) ;
#1094 = EDGE_CURVE ( 'NONE', #7410, #948, #4035, .T. ) ;
#1095 = ORIENTED_EDGE ( 'NONE', *, *, #310, .T. ) ;
#1096 = FACE_OUTER_BOUND ( 'NONE', #5236, .T. ) ;
#1097 = ORIENTED_EDGE ( 'NONE', *, *, #3349, .F. ) ;
#1098 = EDGE_CURVE ( 'NONE', #6859, #5783, #5316, .T. ) ;
#1099 = VECTOR ( 'NONE', #6410, 1000.000000000000114 ) ;
#1100 = ORIENTED_EDGE ( 'NONE', *, *, #359, .F. ) ;
#1101 = ORIENTED_EDGE ( 'NONE', *, *, #4728, .F. ) ;
#1102 = LINE ( 'NONE', #1802, #1064 ) ;
#1103 = ADVANCED_FACE ( 'NONE', ( #970 ), #4665, .F. ) ;
#1104 = DIRECTION ( 'NONE',  ( 3.299640131595838678E-16, 0.5877852522924771339, -0.8090169943749444537 ) ) ;
#1105 = EDGE_CURVE ( 'NONE', #7696, #2154, #2931, .T. ) ;
#1106 = CARTESIAN_POINT ( 'NONE',  ( 26.57262746422512478, 23.60888432892786426, -32.28986059626615912 ) ) ;
#1107 = DIRECTION ( 'NONE',  ( -0.4226182617407011621, -0.2800645083286820713, 0.8619499266302433904 ) ) ;
#1108 = ORIENTED_EDGE ( 'NONE', *, *, #5335, .F. ) ;
#1109 = AXIS2_PLACEMENT_3D ( 'NONE', #7397, #4052, #343 ) ;
#1110 = CARTESIAN_POINT ( 'NONE',  ( 25.00000000000000000, -39.99999999999997868, 1.782929408355195866 ) ) ;
#1111 = DIRECTION ( 'NONE',  ( -0.9063077870366492705, 0.3419053558814235116, 0.2484087816006684268 ) ) ;
#1112 = DIRECTION ( 'NONE',  ( -0.000000000000000000, -0.8090169943749507819, 0.5877852522924685852 ) ) ;
#1113 = LINE ( 'NONE', #5442, #5517 ) ;
#1114 = AXIS2_PLACEMENT_3D ( 'NONE', #826, #899, #5287 ) ;
#1115 = ORIENTED_EDGE ( 'NONE', *, *, #5798, .T. ) ;
#1116 = CARTESIAN_POINT ( 'NONE',  ( 26.57262746422511057, 32.43149895372961566, -23.41393585446992276 ) ) ;
#1117 = VECTOR ( 'NONE', #5178, 1000.000000000000114 ) ;
#1118 = ORIENTED_EDGE ( 'NONE', *, *, #7062, .T. ) ;
#1119 = CYLINDRICAL_SURFACE ( 'NONE', #2557, 35.00000000000000000 ) ;
#1120 = VECTOR ( 'NONE', #7574, 1000.000000000000000 ) ;
#1121 = CARTESIAN_POINT ( 'NONE',  ( 15.00000000000007105, -29.42175351353527191, -27.55649506357390521 ) ) ;
#1122 = DIRECTION ( 'NONE',  ( -0.000000000000000000, -1.000000000000000000, -0.000000000000000000 ) ) ;
#1123 = FACE_OUTER_BOUND ( 'NONE', #862, .T. ) ;
#1124 = VECTOR ( 'NONE', #4075, 1000.000000000000000 ) ;
#1125 = DIRECTION ( 'NONE',  ( -0.4226182617407009401, 0.000000000000000000, 0.9063077870366492705 ) ) ;
#1126 = CARTESIAN_POINT ( 'NONE',  ( 24.99999999999999645, -16.79552914386396623, -36.60129074203550914 ) ) ;
#1127 = CARTESIAN_POINT ( 'NONE',  ( 15.54046384447847728, 19.67021554836342645, 35.15147096907322322 ) ) ;
#1128 = CARTESIAN_POINT ( 'NONE',  ( 24.99999999999999289, -30.80405017042471272, -16.61657284454159367 ) ) ;
#1129 = CARTESIAN_POINT ( 'NONE',  ( 15.04754234242350464, 31.86494773802528968, 14.48365394549405849 ) ) ;
#1130 = CARTESIAN_POINT ( 'NONE',  ( 23.19917531777617725, -11.31106049179581596, -33.12270710795979056 ) ) ;
#1131 =( BOUNDED_CURVE ( )  B_SPLINE_CURVE ( 3, ( #4109, #6000, #5629, #3712 ),
 .UNSPECIFIED., .F., .F. ) 
 B_SPLINE_CURVE_WITH_KNOTS ( ( 4, 4 ),
 ( 1.427448757889531183, 1.434720266952591583 ),
 .UNSPECIFIED. ) 
 CURVE ( )  GEOMETRIC_REPRESENTATION_ITEM ( )  RATIONAL_B_SPLINE_CURVE ( ( 1.000000000000000000, 0.9999955937678493001, 0.9999955937678493001, 1.000000000000000000 ) ) 
 REPRESENTATION_ITEM ( '' )  );
#1132 = LINE ( 'NONE', #2387, #6191 ) ;
#1133 = EDGE_LOOP ( 'NONE', ( #347, #7272, #565, #5911 ) ) ;
#1134 = ORIENTED_EDGE ( 'NONE', *, *, #1530, .T. ) ;
#1135 = CIRCLE ( 'NONE', #7418, 35.00000000000000000 ) ;
#1136 = LINE ( 'NONE', #4858, #5415 ) ;
#1137 = EDGE_CURVE ( 'NONE', #5387, #3912, #2479, .T. ) ;
#1138 = FACE_OUTER_BOUND ( 'NONE', #4925, .T. ) ;
#1139 = CARTESIAN_POINT ( 'NONE',  ( -7.500000000000000000, 4.814824860968089633E-32, 0.000000000000000000 ) ) ;
#1140 = CIRCLE ( 'NONE', #5708, 35.00000000000000000 ) ;
#1141 = ORIENTED_EDGE ( 'NONE', *, *, #7358, .T. ) ;
#1142 = ORIENTED_EDGE ( 'NONE', *, *, #6442, .T. ) ;
#1143 = CARTESIAN_POINT ( 'NONE',  ( 15.00000000000006573, -31.52316433284594410, -15.20822509185044780 ) ) ;
#1144 = ORIENTED_EDGE ( 'NONE', *, *, #7905, .T. ) ;
#1145 = ORIENTED_EDGE ( 'NONE', *, *, #5200, .F. ) ;
#1146 = EDGE_CURVE ( 'NONE', #529, #185, #7539, .T. ) ;
#1147 = EDGE_CURVE ( 'NONE', #5387, #7426, #2188, .T. ) ;
#1148 = EDGE_LOOP ( 'NONE', ( #3196, #872, #5240, #6377 ) ) ;
#1149 = CARTESIAN_POINT ( 'NONE',  ( 17.13211781824484703, -33.47536897770587672, 10.21761575938567290 ) ) ;
#1150 = CARTESIAN_POINT ( 'NONE',  ( 15.00000000000007105, 16.31639344633029154, 30.96409703034387917 ) ) ;
#1151 = CARTESIAN_POINT ( 'NONE',  ( 16.29525471753021648, -14.83433730242530224, 31.70082706804151229 ) ) ;
#1152 = CARTESIAN_POINT ( 'NONE',  ( 15.00000000000007816, -25.48768437830961631, -24.35545014408920039 ) ) ;
#1153 = EDGE_LOOP ( 'NONE', ( #4423, #7687, #1483, #1038 ) ) ;
#1154 = EDGE_CURVE ( 'NONE', #7071, #7802, #2807, .T. ) ;
#1155 = CARTESIAN_POINT ( 'NONE',  ( 24.95238900918759484, 34.81750911219978661, -3.590542772257260040 ) ) ;
#1156 = DIRECTION ( 'NONE',  ( 5.548602775246614749E-17, 0.8090169943749551118, -0.5877852522924625900 ) ) ;
#1157 = CARTESIAN_POINT ( 'NONE',  ( 24.19512822508729499, 34.73658838134134186, -4.287758709075368380 ) ) ;
#1158 = DIRECTION ( 'NONE',  ( 6.938893903907228378E-16, -1.000000000000000000, -1.110223024625156540E-14 ) ) ;
#1159 = EDGE_CURVE ( 'NONE', #524, #5214, #245, .T. ) ;
#1160 = EDGE_LOOP ( 'NONE', ( #6295, #5463, #7646, #4416 ) ) ;
#1161 = CARTESIAN_POINT ( 'NONE',  ( 23.70474528246985102, 30.44502306297891181, 17.20589335048808977 ) ) ;
#1162 = VERTEX_POINT ( 'NONE', #2722 ) ;
#1163 = DIRECTION ( 'NONE',  ( -3.469446951953614189E-16, 0.8090169943749531134, -0.5877852522924653655 ) ) ;
#1164 = ORIENTED_EDGE ( 'NONE', *, *, #2289, .F. ) ;
#1165 = CARTESIAN_POINT ( 'NONE',  ( 18.47620868754437140, 13.44054737703108948, -32.35304821790749941 ) ) ;
#1166 = DIRECTION ( 'NONE',  ( 0.000000000000000000, 0.000000000000000000, 1.000000000000000000 ) ) ;
#1167 = LINE ( 'NONE', #3652, #3276 ) ;
#1168 = CARTESIAN_POINT ( 'NONE',  ( 22.86788218175521692, 20.33715909436067903, -28.48508311328340881 ) ) ;
#1169 = CARTESIAN_POINT ( 'NONE',  ( 22.86788218175522402, 12.63649038709950112, 37.95264435150425442 ) ) ;
#1170 = EDGE_CURVE ( 'NONE', #7677, #1777, #3885, .T. ) ;
#1171 = DIRECTION ( 'NONE',  ( 1.000000000000000000, -1.072118069236030918E-16, 3.299640131595842622E-16 ) ) ;
#1172 = DIRECTION ( 'NONE',  ( 0.8191520442889927978, 0.5455036073850140221, -0.1772448664054916689 ) ) ;
#1173 = CARTESIAN_POINT ( 'NONE',  ( 15.00000000000006573, 31.52316433284603647, 15.20822509185025240 ) ) ;
#1174 = CARTESIAN_POINT ( 'NONE',  ( 24.95238900918759839, -30.27842466283221157, -17.56040825592384280 ) ) ;
#1175 = FACE_OUTER_BOUND ( 'NONE', #3134, .T. ) ;
#1176 = ORIENTED_EDGE ( 'NONE', *, *, #5696, .F. ) ;
#1177 = ORIENTED_EDGE ( 'NONE', *, *, #1756, .T. ) ;
#1178 = DIRECTION ( 'NONE',  ( 1.000000000000000000, -1.481484572605566251E-33, 0.000000000000000000 ) ) ;
#1179 = DIRECTION ( 'NONE',  ( -0.4226182617407009401, -0.9063077870366492705, -9.493070177060032374E-15 ) ) ;
#1180 = CARTESIAN_POINT ( 'NONE',  ( 15.54046384447845597, -7.845084767479755250, -39.50946640995969972 ) ) ;
#1181 = EDGE_LOOP ( 'NONE', ( #6857, #2389, #4265, #8075, #1620, #1533, #3421, #3535, #6692, #7283 ) ) ;
#1182 = ORIENTED_EDGE ( 'NONE', *, *, #5709, .T. ) ;
#1183 = DIRECTION ( 'NONE',  ( -4.578039098394215314E-34, -0.3090169943749446757, -0.9510565162951544194 ) ) ;
#1184 = CARTESIAN_POINT ( 'NONE',  ( 16.29525471753012411, -34.36591252768464955, 6.632047658116438704 ) ) ;
#1185 = ORIENTED_EDGE ( 'NONE', *, *, #1146, .F. ) ;
#1186 = EDGE_LOOP ( 'NONE', ( #6582, #3831, #6533, #4087 ) ) ;
#1187 = DIRECTION ( 'NONE',  ( 0.9063077870366491595, -0.1305962250110793976, 0.4019338517338234551 ) ) ;
#1188 = ADVANCED_FACE ( 'NONE', ( #5203 ), #860, .T. ) ;
#1189 = CARTESIAN_POINT ( 'NONE',  ( 17.13211781824483282, -32.72917872425167474, 23.00421480023335974 ) ) ;
#1190 = DIRECTION ( 'NONE',  ( 6.938893903907229364E-16, -0.8090169943749401238, -0.5877852522924832401 ) ) ;
#1191 = AXIS2_PLACEMENT_3D ( 'NONE', #5407, #4594, #2089 ) ;
#1192 = LINE ( 'NONE', #578, #2143 ) ;
#1193 = ORIENTED_EDGE ( 'NONE', *, *, #6454, .T. ) ;
#1194 = PLANE ( 'NONE',  #7086 ) ;
#1195 = LINE ( 'NONE', #1066, #3023 ) ;
#1196 = AXIS2_PLACEMENT_3D ( 'NONE', #6475, #5822, #1593 ) ;
#1197 = EDGE_CURVE ( 'NONE', #6343, #1506, #5238, .T. ) ;
#1198 = CARTESIAN_POINT ( 'NONE',  ( 24.45953615552161864, -34.72092454513393989, 4.411054151913809562 ) ) ;
#1199 = VERTEX_POINT ( 'NONE', #7736 ) ;
#1200 = DIRECTION ( 'NONE',  ( 0.4226182617407009401, -0.8619499266302463880, 0.2800645083286728565 ) ) ;
#1201 = VERTEX_POINT ( 'NONE', #5970 ) ;
#1202 = EDGE_CURVE ( 'NONE', #3660, #2232, #4793, .T. ) ;
#1203 = DIRECTION ( 'NONE',  ( -0.000000000000000000, 0.5877852522924830181, -0.8090169943749402348 ) ) ;
#1204 = DIRECTION ( 'NONE',  ( 0.000000000000000000, 1.000000000000000000, 0.000000000000000000 ) ) ;
#1205 = SURFACE_SIDE_STYLE ('',( #6820 ) ) ;
#1206 = LINE ( 'NONE', #4940, #7088 ) ;
#1207 =( NAMED_UNIT ( * ) PLANE_ANGLE_UNIT ( ) SI_UNIT ( $, .RADIAN. ) );
#1208 = CIRCLE ( 'NONE', #2635, 35.00000000000000000 ) ;
#1209 = CARTESIAN_POINT ( 'NONE',  ( 15.00000000000007105, 7.605397193522009047, 39.58734562368088206 ) ) ;
#1210 = AXIS2_PLACEMENT_3D ( 'NONE', #6236, #1996, #1355 ) ;
#1211 = EDGE_CURVE ( 'NONE', #7246, #520, #2841, .T. ) ;
#1212 = CARTESIAN_POINT ( 'NONE',  ( 24.01831258142418335, 32.82683180067263606, -12.14193195369245437 ) ) ;
#1213 = CARTESIAN_POINT ( 'NONE',  ( 24.81118820077486120, -13.63858234955959858, -32.23393872983354669 ) ) ;
#1214 = LINE ( 'NONE', #17, #5523 ) ;
#1215 = ORIENTED_EDGE ( 'NONE', *, *, #1252, .T. ) ;
#1216 = ORIENTED_EDGE ( 'NONE', *, *, #1239, .F. ) ;
#1217 = EDGE_CURVE ( 'NONE', #7597, #3347, #703, .T. ) ;
#1218 = VECTOR ( 'NONE', #1406, 1000.000000000000000 ) ;
#1219 = VECTOR ( 'NONE', #1684, 1000.000000000000114 ) ;
#1220 = CARTESIAN_POINT ( 'NONE',  ( 24.99999999999999645, 27.28391829224461063, 29.61979213005246692 ) ) ;
#1221 = CARTESIAN_POINT ( 'NONE',  ( 24.81118820077486120, 29.98047870867140219, 18.06124666082832420 ) ) ;
#1222 = LINE ( 'NONE', #2394, #2291 ) ;
#1223 = ORIENTED_EDGE ( 'NONE', *, *, #2402, .T. ) ;
#1224 = EDGE_CURVE ( 'NONE', #3518, #4674, #5307, .T. ) ;
#1225 = CIRCLE ( 'NONE', #694, 5.000000000000000000 ) ;
#1226 = CIRCLE ( 'NONE', #6312, 5.000000000000002665 ) ;
#1227 = ORIENTED_EDGE ( 'NONE', *, *, #2135, .T. ) ;
#1228 = CARTESIAN_POINT ( 'NONE',  ( 24.99999999999999645, -4.385764661113530138, -40.00000000000002842 ) ) ;
#1229 = DIRECTION ( 'NONE',  ( 0.000000000000000000, -0.5877852522924804646, 0.8090169943749421222 ) ) ;
#1230 = VERTEX_POINT ( 'NONE', #532 ) ;
#1231 = AXIS2_PLACEMENT_3D ( 'NONE', #7976, #2354, #4867 ) ;
#1232 = CARTESIAN_POINT ( 'NONE',  ( 15.00000000000006573, 34.44194608428063731, -6.225138546852252652 ) ) ;
#1233 = CARTESIAN_POINT ( 'NONE',  ( 15.00000000000007816, 36.49717567993136669, -2.119852826805230350 ) ) ;
#1234 = VECTOR ( 'NONE', #8024, 1000.000000000000000 ) ;
#1235 = FACE_OUTER_BOUND ( 'NONE', #5391, .T. ) ;
#1236 = CARTESIAN_POINT ( 'NONE',  ( 15.00000000000006573, -6.225138546852373445, -34.44194608428061599 ) ) ;
#1237 = VERTEX_POINT ( 'NONE', #3061 ) ;
#1238 = CARTESIAN_POINT ( 'NONE',  ( 15.00000000000007105, -36.49717567993125300, -17.11596235647394693 ) ) ;
#1239 = EDGE_CURVE ( 'NONE', #6701, #2182, #6801, .T. ) ;
#1240 = DIRECTION ( 'NONE',  ( 0.000000000000000000, 0.9510565162951563067, -0.3090169943749386805 ) ) ;
#1241 = EDGE_LOOP ( 'NONE', ( #7051, #5652, #790, #7993 ) ) ;
#1242 = ORIENTED_EDGE ( 'NONE', *, *, #5659, .T. ) ;
#1243 = ORIENTED_EDGE ( 'NONE', *, *, #3230, .T. ) ;
#1244 = DIRECTION ( 'NONE',  ( -7.175289641962344212E-31, 3.491481338843132566E-15, -1.000000000000000000 ) ) ;
#1245 = VECTOR ( 'NONE', #8097, 1000.000000000000227 ) ;
#1246 = EDGE_CURVE ( 'NONE', #5222, #4994, #6069, .T. ) ;
#1247 = CARTESIAN_POINT ( 'NONE',  ( 26.57262746422504307, -38.07949249740006081, 12.24609193675479268 ) ) ;
#1248 = DIRECTION ( 'NONE',  ( -0.4226182617407009401, -0.5327143512579602946, -0.7332184018470069287 ) ) ;
#1249 = FACE_OUTER_BOUND ( 'NONE', #627, .T. ) ;
#1250 = VECTOR ( 'NONE', #6560, 1000.000000000000000 ) ;
#1251 = CARTESIAN_POINT ( 'NONE',  ( 16.05646280002837045, 24.02745663837314893, -25.45014175905733822 ) ) ;
#1252 = EDGE_CURVE ( 'NONE', #5587, #6884, #4197, .T. ) ;
#1253 = DIRECTION ( 'NONE',  ( -0.4226182617407010511, -0.7332184018469933839, -0.5327143512579789464 ) ) ;
#1254 = CARTESIAN_POINT ( 'NONE',  ( 22.86788218175522047, -11.09103413563824247, -33.19621908895813078 ) ) ;
#1255 = FACE_OUTER_BOUND ( 'NONE', #2642, .T. ) ;
#1256 = ORIENTED_EDGE ( 'NONE', *, *, #500, .T. ) ;
#1257 = AXIS2_PLACEMENT_3D ( 'NONE', #2884, #4161, #7537 ) ;
#1258 = VERTEX_POINT ( 'NONE', #2879 ) ;
#1259 = AXIS2_PLACEMENT_3D ( 'NONE', #4451, #42, #7008 ) ;
#1260 = CARTESIAN_POINT ( 'NONE',  ( 16.29525471753017740, -6.622136994477960670, -34.33541064136226595 ) ) ;
#1261 = EDGE_CURVE ( 'NONE', #6301, #625, #3990, .T. ) ;
#1262 = DIRECTION ( 'NONE',  ( 0.4226182617407008291, -0.9063077870366493816, -3.164356725686676801E-15 ) ) ;
#1263 = CARTESIAN_POINT ( 'NONE',  ( 24.01831258142419045, -34.97223561158985916, 1.403614607076190790 ) ) ;
#1264 = ORIENTED_EDGE ( 'NONE', *, *, #1752, .T. ) ;
#1265 = EDGE_CURVE ( 'NONE', #4674, #2821, #5670, .T. ) ;
#1266 = VECTOR ( 'NONE', #2656, 999.9999999999998863 ) ;
#1267 = ORIENTED_EDGE ( 'NONE', *, *, #1800, .T. ) ;
#1268 = DIRECTION ( 'NONE',  ( -0.5735764363510447161, 0.7790598895575435723, -0.2531319026622761426 ) ) ;
#1269 = CARTESIAN_POINT ( 'NONE',  ( 24.45953615552157245, 34.95343235255625558, 19.94279231969253630 ) ) ;
#1270 =( BOUNDED_CURVE ( )  B_SPLINE_CURVE ( 3, ( #3427, #7135, #4041, #4005 ),
 .UNSPECIFIED., .F., .F. ) 
 B_SPLINE_CURVE_WITH_KNOTS ( ( 4, 4 ),
 ( 4.578760888222364045, 4.586022819131210682 ),
 .UNSPECIFIED. ) 
 CURVE ( )  GEOMETRIC_REPRESENTATION_ITEM ( )  RATIONAL_B_SPLINE_CURVE ( ( 1.000000000000000000, 0.9999956053681178236, 0.9999956053681178236, 1.000000000000000000 ) ) 
 REPRESENTATION_ITEM ( '' )  );
#1271 = ORIENTED_EDGE ( 'NONE', *, *, #2302, .T. ) ;
#1272 = CIRCLE ( 'NONE', #87, 5.000000000000000000 ) ;
#1273 = CARTESIAN_POINT ( 'NONE',  ( 15.00000000000007105, 17.11596235647407127, -36.49717567993119616 ) ) ;
#1274 = ADVANCED_FACE ( 'NONE', ( #449 ), #7333, .T. ) ;
#1275 = DIRECTION ( 'NONE',  ( -3.053113317719180979E-16, -0.8090169943749506709, 0.5877852522924686962 ) ) ;
#1276 = DIRECTION ( 'NONE',  ( 2.547988795891466203E-16, 0.8090169943749507819, -0.5877852522924685852 ) ) ;
#1277 = DIRECTION ( 'NONE',  ( -0.9063077870366492705, -0.000000000000000000, 0.4226182617407007736 ) ) ;
#1278 = VERTEX_POINT ( 'NONE', #3635 ) ;
#1279 = EDGE_CURVE ( 'NONE', #5293, #999, #6364, .T. ) ;
#1280 = CARTESIAN_POINT ( 'NONE',  ( 15.54046384447849150, 4.747977570364181332, -34.67645756116560563 ) ) ;
#1281 = CARTESIAN_POINT ( 'NONE',  ( 25.00000000000000000, -34.30409497040291456, -6.956480103272289384 ) ) ;
#1282 = CARTESIAN_POINT ( 'NONE',  ( 22.86788218175522047, -11.09103413563824247, -33.19621908895813078 ) ) ;
#1283 = VERTEX_POINT ( 'NONE', #4205 ) ;
#1284 = CARTESIAN_POINT ( 'NONE',  ( 24.99999999999999289, -12.68111298760739558, 37.93814558970210271 ) ) ;
#1285 = ORIENTED_EDGE ( 'NONE', *, *, #5337, .T. ) ;
#1286 = DIRECTION ( 'NONE',  ( -1.072118069236054460E-16, 0.8090169943749424553, 0.5877852522924801315 ) ) ;
#1287 = FACE_OUTER_BOUND ( 'NONE', #5720, .T. ) ;
#1288 = CARTESIAN_POINT ( 'NONE',  ( 15.54046384447847373, 30.84463466578017687, -16.54111581286318255 ) ) ;
#1289 = CARTESIAN_POINT ( 'NONE',  ( 23.19917531777618436, -0.5219783908676259854, -34.99687634872893227 ) ) ;
#1290 = PLANE ( 'NONE',  #566 ) ;
#1291 = CARTESIAN_POINT ( 'NONE',  ( 15.00000000000006573, 31.52316433284603647, 15.20822509185025240 ) ) ;
#1292 = ORIENTED_EDGE ( 'NONE', *, *, #3879, .T. ) ;
#1293 = ORIENTED_EDGE ( 'NONE', *, *, #2000, .F. ) ;
#1294 = EDGE_CURVE ( 'NONE', #185, #4335, #3602, .T. ) ;
#1295 = CARTESIAN_POINT ( 'NONE',  ( 15.47020472364245336, -34.90400392625863901, -2.596516668303288533 ) ) ;
#1296 = CARTESIAN_POINT ( 'NONE',  ( 24.45953615552159732, -34.95343235255611347, -19.94279231969278854 ) ) ;
#1297 = DIRECTION ( 'NONE',  ( 0.000000000000000000, 0.9510565162951521989, 0.3090169943749515036 ) ) ;
#1298 = ORIENTED_EDGE ( 'NONE', *, *, #6105, .F. ) ;
#1299 = ORIENTED_EDGE ( 'NONE', *, *, #4149, .T. ) ;
#1300 = ADVANCED_FACE ( 'NONE', ( #7379 ), #6188, .T. ) ;
#1301 = DIRECTION ( 'NONE',  ( -0.000000000000000000, -1.000000000000000000, -0.000000000000000000 ) ) ;
#1302 = ORIENTED_EDGE ( 'NONE', *, *, #3133, .T. ) ;
#1303 = EDGE_CURVE ( 'NONE', #3878, #2441, #4963, .T. ) ;
#1304 = CARTESIAN_POINT ( 'NONE',  ( 16.10548734941332683, -12.30783059568008753, 32.76492375420446024 ) ) ;
#1305 = CARTESIAN_POINT ( 'NONE',  ( 24.99999999999999645, -33.40865938710741290, -22.06898990056897958 ) ) ;
#1306 = LINE ( 'NONE', #3872, #5023 ) ;
#1307 = CARTESIAN_POINT ( 'NONE',  ( -12.50000000000000000, -1.250000000000000000, -5.000000000000000888 ) ) ;
#1308 = CARTESIAN_POINT ( 'NONE',  ( -7.500000000000000000, 4.814824860968089633E-32, 0.000000000000000000 ) ) ;
#1309 = PRODUCT_DEFINITION_CONTEXT ( 'detailed design', #6342, 'design' ) ;
#1310 = EDGE_LOOP ( 'NONE', ( #1677, #5459, #244, #1903 ) ) ;
#1311 = EDGE_CURVE ( 'NONE', #1920, #2104, #7967, .T. ) ;
#1312 = CARTESIAN_POINT ( 'NONE',  ( 24.99999999999999645, 3.984542589812126057, 34.77480363015180842 ) ) ;
#1313 = CARTESIAN_POINT ( 'NONE',  ( 23.70474528246989365, 17.20589335048840596, -30.44502306297873062 ) ) ;
#1314 = ORIENTED_EDGE ( 'NONE', *, *, #807, .F. ) ;
#1315 = ORIENTED_EDGE ( 'NONE', *, *, #487, .F. ) ;
#1316 = CARTESIAN_POINT ( 'NONE',  ( 15.18006210666843359, 15.38383548403349721, -31.43795162992775616 ) ) ;
#1317 = ORIENTED_EDGE ( 'NONE', *, *, #3922, .F. ) ;
#1318 = DIRECTION ( 'NONE',  ( 0.000000000000000000, 0.8090169943749486725, -0.5877852522924713607 ) ) ;
#1319 = AXIS2_PLACEMENT_3D ( 'NONE', #3860, #6373, #2628 ) ;
#1320 = DIRECTION ( 'NONE',  ( 0.000000000000000000, -0.9510565162951565288, 0.3090169943749386805 ) ) ;
#1321 = DIRECTION ( 'NONE',  ( -3.469446951953613203E-16, -0.9510565162951544194, 0.3090169943749447312 ) ) ;
#1322 = CARTESIAN_POINT ( 'NONE',  ( 24.52945112611146428, 32.51998141662815556, -12.94148950202043302 ) ) ;
#1323 = ADVANCED_FACE ( 'NONE', ( #3753 ), #6299, .T. ) ;
#1324 = LINE ( 'NONE', #1969, #3047 ) ;
#1325 = CARTESIAN_POINT ( 'NONE',  ( 15.54046384447840268, -39.50946640995968551, 7.845084767479852950 ) ) ;
#1326 = ORIENTED_EDGE ( 'NONE', *, *, #7049, .F. ) ;
#1327 = EDGE_LOOP ( 'NONE', ( #5999, #4973, #2476, #7335 ) ) ;
#1328 = DIRECTION ( 'NONE',  ( 0.9063077870366491595, -0.3419053558814237337, -0.2484087816006685379 ) ) ;
#1329 = DIRECTION ( 'NONE',  ( 2.521255258718826817E-16, 0.5877852522924829071, -0.8090169943749404569 ) ) ;
#1330 = VECTOR ( 'NONE', #5878, 999.9999999999998863 ) ;
#1331 = CARTESIAN_POINT ( 'NONE',  ( 17.13211781824486479, 12.95692359970935748, -37.84852928940012617 ) ) ;
#1332 = VECTOR ( 'NONE', #7330, 1000.000000000000227 ) ;
#1333 = EDGE_CURVE ( 'NONE', #5309, #636, #1272, .T. ) ;
#1334 = ORIENTED_EDGE ( 'NONE', *, *, #2294, .F. ) ;
#1335 = ORIENTED_EDGE ( 'NONE', *, *, #5850, .T. ) ;
#1336 = PLANE ( 'NONE',  #8032 ) ;
#1337 = AXIS2_PLACEMENT_3D ( 'NONE', #6150, #4754, #1063 ) ;
#1338 =( BOUNDED_CURVE ( )  B_SPLINE_CURVE ( 3, ( #2498, #1316, #3801, #6898 ),
 .UNSPECIFIED., .F., .F. ) 
 B_SPLINE_CURVE_WITH_KNOTS ( ( 4, 4 ),
 ( 1.427448757889531405, 1.434720266952592693 ),
 .UNSPECIFIED. ) 
 CURVE ( )  GEOMETRIC_REPRESENTATION_ITEM ( )  RATIONAL_B_SPLINE_CURVE ( ( 1.000000000000000000, 0.9999955937678493001, 0.9999955937678493001, 1.000000000000000000 ) ) 
 REPRESENTATION_ITEM ( '' )  );
#1339 = ORIENTED_EDGE ( 'NONE', *, *, #1569, .T. ) ;
#1340 = CARTESIAN_POINT ( 'NONE',  ( 23.70474528246982615, -39.27068831952360028, -8.579968165453321305 ) ) ;
#1341 = EDGE_CURVE ( 'NONE', #7877, #392, #775, .T. ) ;
#1342 = ORIENTED_EDGE ( 'NONE', *, *, #2790, .T. ) ;
#1343 = DIRECTION ( 'NONE',  ( 0.000000000000000000, 0.9510565162951500895, 0.3090169943749583314 ) ) ;
#1344 = VECTOR ( 'NONE', #1083, 1000.000000000000227 ) ;
#1345 = CIRCLE ( 'NONE', #4607, 35.00000000000000000 ) ;
#1346 = VERTEX_POINT ( 'NONE', #7497 ) ;
#1347 = ADVANCED_FACE ( 'NONE', ( #3791 ), #3993, .T. ) ;
#1348 = DIRECTION ( 'NONE',  ( 3.299640131595842622E-16, 0.000000000000000000, -1.000000000000000000 ) ) ;
#1349 = CARTESIAN_POINT ( 'NONE',  ( 24.99999999999999289, 34.68797654511718065, -4.663076581549969291 ) ) ;
#1350 = AXIS2_PLACEMENT_3D ( 'NONE', #6017, #410, #2892 ) ;
#1351 = CYLINDRICAL_SURFACE ( 'NONE', #1259, 5.000000000000000888 ) ;
#1352 = ORIENTED_EDGE ( 'NONE', *, *, #3336, .F. ) ;
#1353 = CARTESIAN_POINT ( 'NONE',  ( 16.29525471753020227, 4.312198856625899523, -34.73334048174626787 ) ) ;
#1354 = ADVANCED_FACE ( 'NONE', ( #39 ), #5638, .T. ) ;
#1355 = DIRECTION ( 'NONE',  ( -0.8978821065938830115, 0.000000000000000000, -0.4402359851926359591 ) ) ;
#1356 = VERTEX_POINT ( 'NONE', #7541 ) ;
#1357 = CIRCLE ( 'NONE', #2243, 35.00000000000000000 ) ;
#1358 = ADVANCED_FACE ( 'NONE', ( #1235 ), #1953, .T. ) ;
#1359 = FACE_OUTER_BOUND ( 'NONE', #4108, .T. ) ;
#1360 = ORIENTED_EDGE ( 'NONE', *, *, #4489, .F. ) ;
#1361 = DIRECTION ( 'NONE',  ( -1.000000000000000000, 0.000000000000000000, 0.000000000000000000 ) ) ;
#1362 = ORIENTED_EDGE ( 'NONE', *, *, #6100, .T. ) ;
#1363 = AXIS2_PLACEMENT_3D ( 'NONE', #797, #3940, #7759 ) ;
#1364 = CARTESIAN_POINT ( 'NONE',  ( -7.499999999999999112, 13.50000000000000000, 1.653273178848926867E-15 ) ) ;
#1365 = DIRECTION ( 'NONE',  ( 0.000000000000000000, -0.9510565162951556406, 0.3090169943749411785 ) ) ;
#1366 = DIRECTION ( 'NONE',  ( 1.300240650749944347E-18, 0.9510565162951576390, -0.3090169943749350168 ) ) ;
#1367 = CARTESIAN_POINT ( 'NONE',  ( 17.13211781824488611, 33.47536897770594777, -10.21761575938548461 ) ) ;
#1368 = FACE_OUTER_BOUND ( 'NONE', #2540, .T. ) ;
#1369 = CARTESIAN_POINT ( 'NONE',  ( 21.52238633098367160, 29.71210223972141051, 18.56223585692582745 ) ) ;
#1370 = ORIENTED_EDGE ( 'NONE', *, *, #1442, .T. ) ;
#1371 = VECTOR ( 'NONE', #2997, 1000.000000000000114 ) ;
#1372 = LINE ( 'NONE', #1446, #3970 ) ;
#1373 = EDGE_CURVE ( 'NONE', #1278, #5663, #5084, .T. ) ;
#1374 = AXIS2_PLACEMENT_3D ( 'NONE', #3159, #3656, #62 ) ;
#1375 = DIRECTION ( 'NONE',  ( 1.000000000000000000, -1.481484572605566251E-33, 0.000000000000000000 ) ) ;
#1376 = CARTESIAN_POINT ( 'NONE',  ( 24.75193471525578559, -34.88692249060355266, 2.817487325059943259 ) ) ;
#1377 = ORIENTED_EDGE ( 'NONE', *, *, #5002, .F. ) ;
#1378 = VERTEX_POINT ( 'NONE', #6385 ) ;
#1379 = VERTEX_POINT ( 'NONE', #3259 ) ;
#1380 = AXIS2_PLACEMENT_3D ( 'NONE', #6803, #7425, #3677 ) ;
#1381 = CARTESIAN_POINT ( 'NONE',  ( 25.00000000000000000, -1.782929408355213408, -3.852807348517696789E-13 ) ) ;
#1382 = ORIENTED_EDGE ( 'NONE', *, *, #5002, .T. ) ;
#1383 = LINE ( 'NONE', #5192, #5294 ) ;
#1384 = CARTESIAN_POINT ( 'NONE',  ( 24.61076051292646483, 13.11114720762636665, 32.45201711130148681 ) ) ;
#1385 = VECTOR ( 'NONE', #6273, 1000.000000000000227 ) ;
#1386 = ORIENTED_EDGE ( 'NONE', *, *, #7714, .F. ) ;
#1387 = DIRECTION ( 'NONE',  ( -0.000000000000000000, -1.000000000000000000, -0.000000000000000000 ) ) ;
#1388 =( BOUNDED_CURVE ( )  B_SPLINE_CURVE ( 3, ( #3368, #1419, #3865, #6453 ),
 .UNSPECIFIED., .F., .F. ) 
 B_SPLINE_CURVE_WITH_KNOTS ( ( 4, 4 ),
 ( 4.578760888222364045, 4.586022819131210682 ),
 .UNSPECIFIED. ) 
 CURVE ( )  GEOMETRIC_REPRESENTATION_ITEM ( )  RATIONAL_B_SPLINE_CURVE ( ( 1.000000000000000000, 0.9999956053681178236, 0.9999956053681178236, 1.000000000000000000 ) ) 
 REPRESENTATION_ITEM ( '' )  );
#1389 = CARTESIAN_POINT ( 'NONE',  ( 29.24696709544754114, -6.291816232269005422E-33, 0.000000000000000000 ) ) ;
#1390 = EDGE_CURVE ( 'NONE', #2871, #4789, #6964, .T. ) ;
#1391 = VECTOR ( 'NONE', #4000, 1000.000000000000227 ) ;
#1392 = DIRECTION ( 'NONE',  ( -0.4226182617407009956, -0.2800645083286640302, -0.8619499266302492746 ) ) ;
#1393 = ORIENTED_EDGE ( 'NONE', *, *, #1809, .F. ) ;
#1394 = CARTESIAN_POINT ( 'NONE',  ( 20.00000000000008171, 39.50165152752347097, -7.869136502498623287 ) ) ;
#1395 = PLANE ( 'NONE',  #1210 ) ;
#1396 = EDGE_LOOP ( 'NONE', ( #1243, #2179, #2615, #679, #5237, #3866, #4696, #1298, #4906, #3106, #6214, #4524, #5194, #4319, #4601, #1314, #6018, #3842, #4406, #1701, #839, #228, #4244, #1989 ) ) ;
#1397 = VERTEX_POINT ( 'NONE', #1349 ) ;
#1398 = CARTESIAN_POINT ( 'NONE',  ( 17.13211781824484703, -23.00421480023322829, -32.72917872425176000 ) ) ;
#1399 = ADVANCED_FACE ( 'NONE', ( #3224 ), #5762, .F. ) ;
#1400 = ORIENTED_EDGE ( 'NONE', *, *, #5229, .F. ) ;
#1401 = CARTESIAN_POINT ( 'NONE',  ( 15.54046384447848794, 39.99999999999997868, 4.747977570363819844 ) ) ;
#1402 = EDGE_CURVE ( 'NONE', #4648, #1416, #1135, .T. ) ;
#1403 = DIRECTION ( 'NONE',  ( 6.938893903907230350E-16, 0.000000000000000000, 1.000000000000000000 ) ) ;
#1404 = CARTESIAN_POINT ( 'NONE',  ( 15.00000000000007105, 39.50165152752347097, -7.869136502498625063 ) ) ;
#1405 = PLANE ( 'NONE',  #7128 ) ;
#1406 = DIRECTION ( 'NONE',  ( -3.299640131595850018E-16, -3.645346085095005552E-15, 1.000000000000000000 ) ) ;
#1407 = CARTESIAN_POINT ( 'NONE',  ( 20.00000000000000000, -27.05956823586888760, -29.78279198716987608 ) ) ;
#1408 = ORIENTED_EDGE ( 'NONE', *, *, #883, .T. ) ;
#1409 = B_SPLINE_CURVE_WITH_KNOTS ( 'NONE', 3,
 ( #5280, #7695, #5231, #4779, #2261, #6388, #239, #1426, #7276, #2689, #2651, #5846, #5729, #2110 ),
 .UNSPECIFIED., .F., .F.,
 ( 4, 2, 2, 2, 2, 2, 4 ),
 ( 0.000000000000000000, 0.001196801401550992485, 0.001795202102326489161, 0.002393602803101985838, 0.002992003503877480562, 0.003590404204652975721, 0.004787205606203965604 ),
 .UNSPECIFIED. ) ;
#1410 = CARTESIAN_POINT ( 'NONE',  ( 24.99999999999999289, 6.559235620208114348, -34.37988406144781095 ) ) ;
#1411 = CARTESIAN_POINT ( 'NONE',  ( 16.10548734941335169, -34.96462306030311140, -1.580524230029636934 ) ) ;
#1412 = ADVANCED_FACE ( 'NONE', ( #3104 ), #5604, .F. ) ;
#1413 = CARTESIAN_POINT ( 'NONE',  ( 15.00000000000006573, 1.481484572605556398E-32, 0.000000000000000000 ) ) ;
#1414 = CYLINDRICAL_SURFACE ( 'NONE', #1642, 5.000000000000000888 ) ;
#1415 = ORIENTED_EDGE ( 'NONE', *, *, #1800, .F. ) ;
#1416 = VERTEX_POINT ( 'NONE', #6264 ) ;
#1417 = ORIENTED_EDGE ( 'NONE', *, *, #4553, .T. ) ;
#1418 = ORIENTED_EDGE ( 'NONE', *, *, #7599, .F. ) ;
#1419 = CARTESIAN_POINT ( 'NONE',  ( 24.81993129918793528, -34.69926421657243765, 4.579109167367285238 ) ) ;
#1420 = ORIENTED_EDGE ( 'NONE', *, *, #6760, .F. ) ;
#1421 = CARTESIAN_POINT ( 'NONE',  ( 20.67025973870255484, 29.05895704461924467, -19.56898204463988122 ) ) ;
#1422 = LINE ( 'NONE', #5876, #2778 ) ;
#1423 = ORIENTED_EDGE ( 'NONE', *, *, #2625, .F. ) ;
#1424 = CARTESIAN_POINT ( 'NONE',  ( 16.80065191590788487, -9.995595476278310798, -33.54313575706811434 ) ) ;
#1425 = ORIENTED_EDGE ( 'NONE', *, *, #3328, .T. ) ;
#1426 = CARTESIAN_POINT ( 'NONE',  ( 15.65363052717489190, -2.243026303944808841, 34.92850156953296903 ) ) ;
#1427 = ORIENTED_EDGE ( 'NONE', *, *, #6359, .F. ) ;
#1428 = CYLINDRICAL_SURFACE ( 'NONE', #278, 5.000000000000000000 ) ;
#1429 = ORIENTED_EDGE ( 'NONE', *, *, #3837, .F. ) ;
#1430 = ADVANCED_FACE ( 'NONE', ( #5682 ), #1697, .T. ) ;
#1431 = ORIENTED_EDGE ( 'NONE', *, *, #6391, .T. ) ;
#1432 = CARTESIAN_POINT ( 'NONE',  ( 24.99999999999999289, -0.3369234184501679885, 39.99999999999997868 ) ) ;
#1433 = VERTEX_POINT ( 'NONE', #1829 ) ;
#1434 = CARTESIAN_POINT ( 'NONE',  ( 15.80489273818005636, 15.11915667062752178, -31.56622547580102633 ) ) ;
#1435 = CARTESIAN_POINT ( 'NONE',  ( 15.36021751530109825, -6.116526877193643408, -34.46150454994750589 ) ) ;
#1436 = FACE_OUTER_BOUND ( 'NONE', #6500, .T. ) ;
#1437 = EDGE_CURVE ( 'NONE', #4408, #1920, #6993, .T. ) ;
#1438 = DIRECTION ( 'NONE',  ( 1.496603571616593918E-16, -0.3090169943749382919, -0.9510565162951565288 ) ) ;
#1439 = DIRECTION ( 'NONE',  ( -4.887178819978055943E-16, 0.3090169943749444537, 0.9510565162951545304 ) ) ;
#1440 = CARTESIAN_POINT ( 'NONE',  ( 15.00000000000006573, 34.67991086065742223, 4.722688079563964969 ) ) ;
#1441 = CARTESIAN_POINT ( 'NONE',  ( 15.18862017184825142, -23.18692632717331747, 26.21839485911014833 ) ) ;
#1442 = EDGE_CURVE ( 'NONE', #4473, #948, #3574, .T. ) ;
#1443 = ORIENTED_EDGE ( 'NONE', *, *, #5844, .F. ) ;
#1444 = AXIS2_PLACEMENT_3D ( 'NONE', #512, #4898, #2461 ) ;
#1445 = DIRECTION ( 'NONE',  ( -1.198546196142207480E-33, -0.8090169943749466741, -0.5877852522924742473 ) ) ;
#1446 = CARTESIAN_POINT ( 'NONE',  ( 15.54046384447846130, -4.747977570363970834, 39.99999999999996447 ) ) ;
#1447 = DIRECTION ( 'NONE',  ( 1.481484572605566422E-33, 1.000000000000000000, -6.908276016444636426E-34 ) ) ;
#1448 = DIRECTION ( 'NONE',  ( 0.000000000000000000, 1.000000000000000000, 0.000000000000000000 ) ) ;
#1449 = ADVANCED_FACE ( 'NONE', ( #3664 ), #6218, .F. ) ;
#1450 = ORIENTED_EDGE ( 'NONE', *, *, #3237, .T. ) ;
#1451 = AXIS2_PLACEMENT_3D ( 'NONE', #4511, #179, #2660 ) ;
#1452 = ORIENTED_EDGE ( 'NONE', *, *, #1803, .T. ) ;
#1453 = ADVANCED_FACE ( 'NONE', ( #4861 ), #5548, .T. ) ;
#1454 = ORIENTED_EDGE ( 'NONE', *, *, #131, .F. ) ;
#1455 = DIRECTION ( 'NONE',  ( -8.707947832763667408E-34, -0.5877852522924713607, -0.8090169943749486725 ) ) ;
#1456 = CARTESIAN_POINT ( 'NONE',  ( 24.45953615552161864, 30.68257059498199268, 16.83982962158307828 ) ) ;
#1457 = AXIS2_PLACEMENT_3D ( 'NONE', #6482, #6517, #3931 ) ;
#1458 = CIRCLE ( 'NONE', #933, 4.999999999999999112 ) ;
#1459 = ORIENTED_EDGE ( 'NONE', *, *, #4239, .F. ) ;
#1460 = AXIS2_PLACEMENT_3D ( 'NONE', #5966, #361, #2067 ) ;
#1461 = DIRECTION ( 'NONE',  ( 3.299640131595855441E-16, 1.032057927027752787E-14, -1.000000000000000000 ) ) ;
#1462 = ORIENTED_EDGE ( 'NONE', *, *, #1901, .T. ) ;
#1463 = CIRCLE ( 'NONE', #3544, 5.000000000000000888 ) ;
#1464 = CIRCLE ( 'NONE', #5014, 35.00000000000000000 ) ;
#1465 = CARTESIAN_POINT ( 'NONE',  ( 21.52238633098367515, 32.48149977296356639, -13.12698716426464429 ) ) ;
#1466 = ORIENTED_EDGE ( 'NONE', *, *, #1333, .F. ) ;
#1467 = DIRECTION ( 'NONE',  ( -0.8978821065938840107, 0.4402359851926338496, 0.000000000000000000 ) ) ;
#1468 = AXIS2_PLACEMENT_3D ( 'NONE', #920, #4147, #7809 ) ;
#1469 = ORIENTED_EDGE ( 'NONE', *, *, #4851, .T. ) ;
#1470 = ORIENTED_EDGE ( 'NONE', *, *, #3127, .T. ) ;
#1471 = CARTESIAN_POINT ( 'NONE',  ( 15.00000000000006217, -31.11466154637102122, -25.22640705415841111 ) ) ;
#1472 = ORIENTED_EDGE ( 'NONE', *, *, #4846, .F. ) ;
#1473 = EDGE_CURVE ( 'NONE', #7017, #2972, #7467, .T. ) ;
#1474 = CARTESIAN_POINT ( 'NONE',  ( 21.52238633098367515, 22.52184211452875928, 26.83527989941672587 ) ) ;
#1475 = B_SPLINE_CURVE_WITH_KNOTS ( 'NONE', 3,
 ( #6985, #7137, #4469, #219 ),
 .UNSPECIFIED., .F., .F.,
 ( 4, 4 ),
 ( 1.204977436359573256E-17, 0.0008731425215613269333 ),
 .UNSPECIFIED. ) ;
#1476 = DIRECTION ( 'NONE',  ( 0.5735764363510459374, 0.6627079248067681005, 0.4814854910183085090 ) ) ;
#1477 = CARTESIAN_POINT ( 'NONE',  ( 16.29525471753018806, -4.312198856625665044, 34.73334048174630340 ) ) ;
#1478 = AXIS2_PLACEMENT_3D ( 'NONE', #3713, #6920, #3669 ) ;
#1479 = CARTESIAN_POINT ( 'NONE',  ( 24.52945112611145362, 8.644880541859746970, -33.91603429479513920 ) ) ;
#1480 = CARTESIAN_POINT ( 'NONE',  ( 24.99999999999999645, -19.96325194752881060, 34.93856756282605858 ) ) ;
#1481 = LINE ( 'NONE', #2814, #4889 ) ;
#1482 = FACE_OUTER_BOUND ( 'NONE', #8025, .T. ) ;
#1483 = ORIENTED_EDGE ( 'NONE', *, *, #713, .F. ) ;
#1484 = EDGE_CURVE ( 'NONE', #4732, #6390, #49, .T. ) ;
#1485 = EDGE_CURVE ( 'NONE', #3878, #2268, #1222, .T. ) ;
#1486 = DIRECTION ( 'NONE',  ( 0.000000000000000000, 0.000000000000000000, -1.000000000000000000 ) ) ;
#1487 = LINE ( 'NONE', #4637, #4377 ) ;
#1488 = CARTESIAN_POINT ( 'NONE',  ( 24.99999999999999289, -23.78398686302804066, 32.16264115848087357 ) ) ;
#1489 = DIRECTION ( 'NONE',  ( 8.707947832763752936E-34, 0.5877852522924771339, -0.8090169943749445647 ) ) ;
#1490 = ADVANCED_FACE ( 'NONE', ( #605 ), #7928, .T. ) ;
#1491 = CARTESIAN_POINT ( 'NONE',  ( 16.29525471753012056, -39.37480338162769300, 8.259534952843361921 ) ) ;
#1492 = ORIENTED_EDGE ( 'NONE', *, *, #936, .T. ) ;
#1493 = B_SPLINE_CURVE_WITH_KNOTS ( 'NONE', 3,
 ( #837, #5667, #6406, #3324 ),
 .UNSPECIFIED., .F., .F.,
 ( 4, 4 ),
 ( 3.878959614448864246E-18, 0.0008734117105027512954 ),
 .UNSPECIFIED. ) ;
#1494 = VERTEX_POINT ( 'NONE', #1180 ) ;
#1495 = VERTEX_POINT ( 'NONE', #564 ) ;
#1496 = PLANE ( 'NONE',  #6203 ) ;
#1497 = ADVANCED_FACE ( 'NONE', ( #4911 ), #7408, .T. ) ;
#1498 = AXIS2_PLACEMENT_3D ( 'NONE', #3513, #4175, #4770 ) ;
#1499 = CARTESIAN_POINT ( 'NONE',  ( 13.42737253577497292, 23.33630755759843467, 32.48789921278338255 ) ) ;
#1500 = ADVANCED_FACE ( 'NONE', ( #5420 ), #4283, .F. ) ;
#1501 = AXIS2_PLACEMENT_3D ( 'NONE', #6316, #2502, #4387 ) ;
#1502 = CARTESIAN_POINT ( 'NONE',  ( 24.45953615552158311, -29.76792719743962579, 27.08002786370517612 ) ) ;
#1503 = AXIS2_PLACEMENT_3D ( 'NONE', #1308, #7581, #4378 ) ;
#1504 = VERTEX_POINT ( 'NONE', #1869 ) ;
#1505 = VECTOR ( 'NONE', #3622, 1000.000000000000114 ) ;
#1506 = VERTEX_POINT ( 'NONE', #2959 ) ;
#1507 = VECTOR ( 'NONE', #8083, 999.9999999999998863 ) ;
#1508 = CARTESIAN_POINT ( 'NONE',  ( 21.52238633098366449, 26.83527989941698522, -22.52184211452845730 ) ) ;
#1509 = EDGE_CURVE ( 'NONE', #4934, #2409, #6790, .T. ) ;
#1510 = DIRECTION ( 'NONE',  ( 3.299640131595842622E-16, 0.000000000000000000, -1.000000000000000000 ) ) ;
#1511 = AXIS2_PLACEMENT_3D ( 'NONE', #2361, #3676, #4878 ) ;
#1512 = ORIENTED_EDGE ( 'NONE', *, *, #2625, .T. ) ;
#1513 = DIRECTION ( 'NONE',  ( -0.9063077870366492705, 0.1305962250110709322, 0.4019338517338260641 ) ) ;
#1514 = CARTESIAN_POINT ( 'NONE',  ( 24.81993129918793528, -16.69113863640311379, 30.76382728072927719 ) ) ;
#1515 = EDGE_LOOP ( 'NONE', ( #5528, #4711, #6966, #5028 ) ) ;
#1516 = CYLINDRICAL_SURFACE ( 'NONE', #1114, 35.00000000000000000 ) ;
#1517 = DIRECTION ( 'NONE',  ( 0.000000000000000000, 0.5877852522924739143, -0.8090169943749467851 ) ) ;
#1518 = CONICAL_SURFACE ( 'NONE', #481, 20.00000000000000355, 0.7853981633974461696 ) ;
#1519 = CARTESIAN_POINT ( 'NONE',  ( 20.00000000000000000, -4.385764661113948470, -4.125439869910402794E-13 ) ) ;
#1520 = CARTESIAN_POINT ( 'NONE',  ( 24.99999999999999289, 37.93814558970214534, 12.68111298760725525 ) ) ;
#1521 = CARTESIAN_POINT ( 'NONE',  ( 15.54046384447853768, -16.54111581286330690, -30.84463466578010227 ) ) ;
#1522 = DIRECTION ( 'NONE',  ( 2.081668171172168513E-15, -1.000000000000000000, -1.110223024625156540E-14 ) ) ;
#1523 = ORIENTED_EDGE ( 'NONE', *, *, #4758, .F. ) ;
#1524 = CARTESIAN_POINT ( 'NONE',  ( 24.01831258142418690, -19.42061626151272336, 29.11815690700251125 ) ) ;
#1525 = CARTESIAN_POINT ( 'NONE',  ( 24.63977589264509760, 34.71024693150967266, -4.495101321638332870 ) ) ;
#1526 = DIRECTION ( 'NONE',  ( -0.000000000000000000, 0.3090169943749447312, 0.9510565162951544194 ) ) ;
#1527 = CARTESIAN_POINT ( 'NONE',  ( 15.24782577960350594, 13.77243257656954967, -32.17694437460966128 ) ) ;
#1528 = VERTEX_POINT ( 'NONE', #8099 ) ;
#1529 = CARTESIAN_POINT ( 'NONE',  ( 13.42737253577502266, -32.23346033721222881, -23.68651262579958683 ) ) ;
#1530 = EDGE_CURVE ( 'NONE', #3012, #1162, #5699, .T. ) ;
#1531 = EDGE_CURVE ( 'NONE', #7480, #6785, #3524, .T. ) ;
#1532 = CARTESIAN_POINT ( 'NONE',  ( -7.499999999999999112, 4.814824860968089633E-32, 0.000000000000000000 ) ) ;
#1533 = ORIENTED_EDGE ( 'NONE', *, *, #3330, .T. ) ;
#1534 = DIRECTION ( 'NONE',  ( -3.469446951953613696E-16, -0.3090169943749579429, 0.9510565162951500895 ) ) ;
#1535 = ORIENTED_EDGE ( 'NONE', *, *, #3790, .T. ) ;
#1536 = CARTESIAN_POINT ( 'NONE',  ( 25.00000000000000000, -37.49130516485357845, 14.05634640690813519 ) ) ;
#1537 = EDGE_LOOP ( 'NONE', ( #2242, #2279, #6011, #5664 ) ) ;
#1538 = ADVANCED_FACE ( 'NONE', ( #4522 ), #640, .F. ) ;
#1539 = VERTEX_POINT ( 'NONE', #6407 ) ;
#1540 = ADVANCED_FACE ( 'NONE', ( #3212 ), #677, .F. ) ;
#1541 = ORIENTED_EDGE ( 'NONE', *, *, #6651, .T. ) ;
#1542 = VERTEX_POINT ( 'NONE', #111 ) ;
#1543 = FACE_OUTER_BOUND ( 'NONE', #1941, .T. ) ;
#1544 = AXIS2_PLACEMENT_3D ( 'NONE', #5758, #4135, #3907 ) ;
#1545 = ORIENTED_EDGE ( 'NONE', *, *, #1867, .T. ) ;
#1546 = ADVANCED_FACE ( 'NONE', ( #5034 ), #3246, .T. ) ;
#1547 = CARTESIAN_POINT ( 'NONE',  ( 19.32833852793590168, 35.02193473660833689, -0.9108824383789477785 ) ) ;
#1548 = CARTESIAN_POINT ( 'NONE',  ( 24.95238900918759484, -23.37002849949584160, -26.05748848431628062 ) ) ;
#1549 = ORIENTED_EDGE ( 'NONE', *, *, #1766, .T. ) ;
#1550 = PLANE ( 'NONE',  #968 ) ;
#1551 = CARTESIAN_POINT ( 'NONE',  ( 17.13211781824486479, -20.06198795604674245, -28.67955088998841973 ) ) ;
#1552 = DIRECTION ( 'NONE',  ( 6.938893903907228378E-16, 1.000000000000000000, 4.163336342344337027E-15 ) ) ;
#1553 = CARTESIAN_POINT ( 'NONE',  ( -7.500000000000000000, 4.814824860968089633E-32, 0.000000000000000000 ) ) ;
#1554 = CARTESIAN_POINT ( 'NONE',  ( 19.32833852793590523, 9.956072330903536383, -33.58931739785163018 ) ) ;
#1555 = DIRECTION ( 'NONE',  ( 0.9063077870366491595, 0.2484087816006648741, -0.3419053558814264537 ) ) ;
#1556 = ORIENTED_EDGE ( 'NONE', *, *, #6306, .T. ) ;
#1557 = CARTESIAN_POINT ( 'NONE',  ( 25.00000000000000000, -17.21655405520125015, 30.47546248426723281 ) ) ;
#1558 = DIRECTION ( 'NONE',  ( -0.4226182617407011066, 0.2800645083286696368, 0.8619499266302473872 ) ) ;
#1559 = CARTESIAN_POINT ( 'NONE',  ( 24.52945112611145362, -32.51998141662806319, 12.94148950202065329 ) ) ;
#1560 = DIRECTION ( 'NONE',  ( 1.072118069236030548E-16, -0.8090169943749465631, -0.5877852522924742473 ) ) ;
#1561 = EDGE_CURVE ( 'NONE', #7522, #7877, #2579, .T. ) ;
#1562 = ORIENTED_EDGE ( 'NONE', *, *, #5168, .F. ) ;
#1563 = EDGE_LOOP ( 'NONE', ( #1292, #3071, #3064, #1134, #6918, #801, #1789, #5965, #2020, #7972 ) ) ;
#1564 = CARTESIAN_POINT ( 'NONE',  ( 24.45953615552159377, -34.95343235255611347, -19.94279231969278854 ) ) ;
#1565 = CARTESIAN_POINT ( 'NONE',  ( 17.13211781824487190, 21.07637853897807645, -27.94255299148065674 ) ) ;
#1566 = ORIENTED_EDGE ( 'NONE', *, *, #5804, .T. ) ;
#1567 = ORIENTED_EDGE ( 'NONE', *, *, #359, .T. ) ;
#1568 = LINE ( 'NONE', #955, #4487 ) ;
#1569 = EDGE_CURVE ( 'NONE', #3347, #1955, #6664, .T. ) ;
#1570 = DIRECTION ( 'NONE',  ( 0.000000000000000000, -1.000000000000000000, 0.000000000000000000 ) ) ;
#1571 = VERTEX_POINT ( 'NONE', #4478 ) ;
#1572 = LINE ( 'NONE', #6570, #4352 ) ;
#1573 = EDGE_LOOP ( 'NONE', ( #4667, #3862, #1658, #2763 ) ) ;
#1574 = ORIENTED_EDGE ( 'NONE', *, *, #5593, .T. ) ;
#1575 = EDGE_CURVE ( 'NONE', #7318, #2270, #6254, .T. ) ;
#1576 = ORIENTED_EDGE ( 'NONE', *, *, #5224, .F. ) ;
#1577 = LINE ( 'NONE', #4071, #6296 ) ;
#1578 = VECTOR ( 'NONE', #7579, 1000.000000000000114 ) ;
#1579 = AXIS2_PLACEMENT_3D ( 'NONE', #8107, #6925, #82 ) ;
#1580 = EDGE_CURVE ( 'NONE', #2268, #6859, #764, .T. ) ;
#1581 = CARTESIAN_POINT ( 'NONE',  ( 24.99999999999999289, 25.32227488053421993, -24.16158924563252697 ) ) ;
#1582 = ORIENTED_EDGE ( 'NONE', *, *, #2294, .T. ) ;
#1583 = CARTESIAN_POINT ( 'NONE',  ( 15.00000000000006573, 1.481484572605556398E-32, 0.000000000000000000 ) ) ;
#1584 = CIRCLE ( 'NONE', #2629, 5.000000000000000888 ) ;
#1585 = DIRECTION ( 'NONE',  ( 0.000000000000000000, -0.8090169943749442316, -0.5877852522924776890 ) ) ;
#1586 = CIRCLE ( 'NONE', #1337, 4.999999999999999112 ) ;
#1587 = ORIENTED_EDGE ( 'NONE', *, *, #4431, .F. ) ;
#1588 = EDGE_CURVE ( 'NONE', #2428, #6256, #2685, .T. ) ;
#1589 =( BOUNDED_CURVE ( )  B_SPLINE_CURVE ( 3, ( #2160, #2126, #531, #4877 ),
 .UNSPECIFIED., .F., .T. ) 
 B_SPLINE_CURVE_WITH_KNOTS ( ( 4, 4 ),
 ( 4.578760888222364045, 4.586022819131210682 ),
 .UNSPECIFIED. ) 
 CURVE ( )  GEOMETRIC_REPRESENTATION_ITEM ( )  RATIONAL_B_SPLINE_CURVE ( ( 1.000000000000000000, 0.9999956053681178236, 0.9999956053681178236, 1.000000000000000000 ) ) 
 REPRESENTATION_ITEM ( '' )  );
#1590 = PLANE ( 'NONE',  #3069 ) ;
#1591 = CARTESIAN_POINT ( 'NONE',  ( 25.00000000000000000, -30.85671967754512224, -16.99761586602363650 ) ) ;
#1592 = CARTESIAN_POINT ( 'NONE',  ( 16.10548734941335880, 29.21598309100199131, -19.27301882469574679 ) ) ;
#1593 = DIRECTION ( 'NONE',  ( 0.8978821065938832335, 0.4402359851926356815, 0.000000000000000000 ) ) ;
#1594 = ADVANCED_FACE ( 'NONE', ( #7032 ), #1414, .T. ) ;
#1595 = AXIS2_PLACEMENT_3D ( 'NONE', #1553, #6547, #3275 ) ;
#1596 = CIRCLE ( 'NONE', #7228, 35.00000000000000000 ) ;
#1597 = CARTESIAN_POINT ( 'NONE',  ( 24.45953615552155469, -31.65847084439254999, 14.92451753976481399 ) ) ;
#1598 = LINE ( 'NONE', #2125, #6848 ) ;
#1599 = ORIENTED_EDGE ( 'NONE', *, *, #3871, .F. ) ;
#1600 = CARTESIAN_POINT ( 'NONE',  ( 24.95238900918759128, 23.37002849949604411, 26.05748848431609943 ) ) ;
#1601 = DIRECTION ( 'NONE',  ( 0.5735764363510450492, -0.7790598895575433502, 0.2531319026622761426 ) ) ;
#1602 = CARTESIAN_POINT ( 'NONE',  ( 24.95238900918759484, -32.00388018666595968, 14.17401111806586478 ) ) ;
#1603 = CARTESIAN_POINT ( 'NONE',  ( 15.00000000000007105, 27.33214500719851259, -29.58475337065237554 ) ) ;
#1604 = ADVANCED_FACE ( 'NONE', ( #5790 ), #2518, .F. ) ;
#1605 = LINE ( 'NONE', #5948, #7123 ) ;
#1606 = CARTESIAN_POINT ( 'NONE',  ( 17.13211781824485769, 11.41010340880834484, -33.08790625289397980 ) ) ;
#1607 = CARTESIAN_POINT ( 'NONE',  ( 16.29525471753021293, -14.82442663878689793, 31.67032518171912514 ) ) ;
#1608 = CIRCLE ( 'NONE', #7504, 35.00000000000000000 ) ;
#1609 = LINE ( 'NONE', #4684, #2643 ) ;
#1610 = ORIENTED_EDGE ( 'NONE', *, *, #7235, .F. ) ;
#1611 = ORIENTED_EDGE ( 'NONE', *, *, #6959, .T. ) ;
#1612 = EDGE_CURVE ( 'NONE', #4425, #8026, #72, .T. ) ;
#1613 = CARTESIAN_POINT ( 'NONE',  ( 24.99999999999999289, -6.559235620207874540, 34.37988406144786069 ) ) ;
#1614 = ORIENTED_EDGE ( 'NONE', *, *, #5593, .F. ) ;
#1615 = CIRCLE ( 'NONE', #3917, 35.00000000000000000 ) ;
#1616 = DIRECTION ( 'NONE',  ( 0.5735764363510453823, 0.7790598895575449045, -0.2531319026622707580 ) ) ;
#1617 = VERTEX_POINT ( 'NONE', #6949 ) ;
#1618 = CARTESIAN_POINT ( 'NONE',  ( 15.98126570279176661, -32.70810824968997110, -12.45821387828711480 ) ) ;
#1619 = VERTEX_POINT ( 'NONE', #1331 ) ;
#1620 = ORIENTED_EDGE ( 'NONE', *, *, #3992, .F. ) ;
#1621 = AXIS2_PLACEMENT_3D ( 'NONE', #7795, #5983, #4676 ) ;
#1622 = ORIENTED_EDGE ( 'NONE', *, *, #7317, .T. ) ;
#1623 = DIRECTION ( 'NONE',  ( 3.299640131595849525E-16, 3.645346085095005552E-15, -1.000000000000000000 ) ) ;
#1624 = VECTOR ( 'NONE', #3697, 1000.000000000000000 ) ;
#1625 = EDGE_CURVE ( 'NONE', #4398, #3914, #3851, .T. ) ;
#1626 = DIRECTION ( 'NONE',  ( 1.025519176787315067E-29, 1.047444401652939533E-14, -1.000000000000000000 ) ) ;
#1627 = ORIENTED_EDGE ( 'NONE', *, *, #6391, .F. ) ;
#1628 = CARTESIAN_POINT ( 'NONE',  ( 24.45953615552155114, -14.92451753976471807, -31.65847084439259973 ) ) ;
#1629 = VECTOR ( 'NONE', #5246, 1000.000000000000227 ) ;
#1630 = CARTESIAN_POINT ( 'NONE',  ( 15.00000000000006573, 1.481484572605556398E-32, 0.000000000000000000 ) ) ;
#1631 = ORIENTED_EDGE ( 'NONE', *, *, #3136, .T. ) ;
#1632 = DIRECTION ( 'NONE',  ( 0.4226182617407008846, 0.7332184018470051523, -0.5327143512579628482 ) ) ;
#1633 = DIRECTION ( 'NONE',  ( 0.5735764363510456043, -0.8191520442889922426, -2.796833114954283106E-15 ) ) ;
#1634 = CARTESIAN_POINT ( 'NONE',  ( 15.65363052717492032, 29.57616913976722017, -18.71581170852433829 ) ) ;
#1635 = CARTESIAN_POINT ( 'NONE',  ( 15.00000000000000000, -3.703711431513914807E-32, 0.000000000000000000 ) ) ;
#1636 = EDGE_CURVE ( 'NONE', #5341, #156, #341, .T. ) ;
#1637 = CARTESIAN_POINT ( 'NONE',  ( 20.00000000000000000, 7.513312658327795823, 8.930966101504919763 ) ) ;
#1638 = DIRECTION ( 'NONE',  ( 0.000000000000000000, 0.8090169943749487835, -0.5877852522924712497 ) ) ;
#1639 = VERTEX_POINT ( 'NONE', #1603 ) ;
#1640 =( BOUNDED_CURVE ( )  B_SPLINE_CURVE ( 3, ( #109, #6371, #7679, #2049 ),
 .UNSPECIFIED., .F., .F. ) 
 B_SPLINE_CURVE_WITH_KNOTS ( ( 4, 4 ),
 ( 4.578760888222364045, 4.586022819131210682 ),
 .UNSPECIFIED. ) 
 CURVE ( )  GEOMETRIC_REPRESENTATION_ITEM ( )  RATIONAL_B_SPLINE_CURVE ( ( 1.000000000000000000, 0.9999956053681178236, 0.9999956053681178236, 1.000000000000000000 ) ) 
 REPRESENTATION_ITEM ( '' )  );
#1641 = EDGE_CURVE ( 'NONE', #4106, #7015, #5986, .T. ) ;
#1642 = AXIS2_PLACEMENT_3D ( 'NONE', #3284, #4403, #5668 ) ;
#1643 = CARTESIAN_POINT ( 'NONE',  ( 22.86788218175522402, 32.19021944226142296, -23.74602861183488400 ) ) ;
#1644 = CARTESIAN_POINT ( 'NONE',  ( 24.81993129918793528, 34.69926421657243765, -4.579109167367285238 ) ) ;
#1645 = CARTESIAN_POINT ( 'NONE',  ( 17.13211781824485413, -34.99438471327528077, -0.6269278581189985378 ) ) ;
#1646 = DIRECTION ( 'NONE',  ( 0.000000000000000000, 0.8090169943749507819, -0.5877852522924685852 ) ) ;
#1647 = DIRECTION ( 'NONE',  ( -1.591994415048438627E-17, 0.3090169943749447312, 0.9510565162951544194 ) ) ;
#1648 = CARTESIAN_POINT ( 'NONE',  ( 22.86788218175522047, -28.14416244781023480, 20.80639613463295845 ) ) ;
#1649 = DIRECTION ( 'NONE',  ( 1.408975556567266867E-33, 0.9510565162951555296, -0.3090169943749411785 ) ) ;
#1650 = CARTESIAN_POINT ( 'NONE',  ( -12.50000000000000000, 1.250000000000000000, -5.000000000000000888 ) ) ;
#1651 = LINE ( 'NONE', #5264, #5274 ) ;
#1652 = CARTESIAN_POINT ( 'NONE',  ( 15.98126570279176661, 21.95582679335343457, -27.25745967860625640 ) ) ;
#1653 = ORIENTED_EDGE ( 'NONE', *, *, #2061, .T. ) ;
#1654 = ORIENTED_EDGE ( 'NONE', *, *, #5861, .T. ) ;
#1655 = EDGE_CURVE ( 'NONE', #625, #2809, #5259, .T. ) ;
#1656 = DIRECTION ( 'NONE',  ( -8.707947832763665697E-34, -0.5877852522924713607, -0.8090169943749486725 ) ) ;
#1657 = ORIENTED_EDGE ( 'NONE', *, *, #1834, .F. ) ;
#1658 = ORIENTED_EDGE ( 'NONE', *, *, #1279, .F. ) ;
#1659 = DIRECTION ( 'NONE',  ( 0.000000000000000000, 1.000000000000000000, 0.000000000000000000 ) ) ;
#1660 = DIRECTION ( 'NONE',  ( 2.806841545212825686E-16, 0.8090169943749507819, -0.5877852522924685852 ) ) ;
#1661 = VERTEX_POINT ( 'NONE', #990 ) ;
#1662 = VERTEX_POINT ( 'NONE', #378 ) ;
#1663 = B_SPLINE_CURVE_WITH_KNOTS ( 'NONE', 3,
 ( #7855, #7701, #1548, #972, #4119, #2230, #246, #3458, #3383, #4036, #6627, #1015, #5928, #6506 ),
 .UNSPECIFIED., .F., .F.,
 ( 4, 2, 2, 2, 2, 2, 4 ),
 ( 0.000000000000000000, 0.001196137445628220634, 0.001794206168442331710, 0.002392274891256443003, 0.002990343614070554296, 0.003588412336884665588, 0.004784549782512893812 ),
 .UNSPECIFIED. ) ;
#1664 = ORIENTED_EDGE ( 'NONE', *, *, #3651, .F. ) ;
#1665 = DIRECTION ( 'NONE',  ( 1.198546196142213467E-33, 0.8090169943749506709, -0.5877852522924686962 ) ) ;
#1666 = CARTESIAN_POINT ( 'NONE',  ( 15.00000000000007283, -39.99999999999997868, 0.000000000000000000 ) ) ;
#1667 = ORIENTED_EDGE ( 'NONE', *, *, #1341, .T. ) ;
#1668 = CARTESIAN_POINT ( 'NONE',  ( 16.80065191590786000, 9.995595476278493763, 33.54313575706805750 ) ) ;
#1669 = CARTESIAN_POINT ( 'NONE',  ( 22.86788218175522758, -10.53941291143529213, 33.37545168956177832 ) ) ;
#1670 = EDGE_LOOP ( 'NONE', ( #5794, #1049, #4615, #2796 ) ) ;
#1671 = CARTESIAN_POINT ( 'NONE',  ( 24.95238900918760194, 17.56040825592393873, -30.27842466283215472 ) ) ;
#1672 = DIRECTION ( 'NONE',  ( 0.000000000000000000, 0.5877852522924623679, 0.8090169943749552228 ) ) ;
#1673 = EDGE_CURVE ( 'NONE', #201, #325, #3739, .T. ) ;
#1674 = CARTESIAN_POINT ( 'NONE',  ( 15.00000000000006573, 30.83256365402554167, -16.56360523921236094 ) ) ;
#1675 = CARTESIAN_POINT ( 'NONE',  ( 15.80489273818001728, -30.78581649236972595, 16.65079554010037199 ) ) ;
#1676 = DIRECTION ( 'NONE',  ( -3.299640131595845580E-16, -1.032057927027752787E-14, 1.000000000000000000 ) ) ;
#1677 = ORIENTED_EDGE ( 'NONE', *, *, #2328, .F. ) ;
#1678 = DIRECTION ( 'NONE',  ( -1.000000000000000000, 1.481484572605565909E-33, -0.000000000000000000 ) ) ;
#1679 = LINE ( 'NONE', #1121, #7359 ) ;
#1680 = DIRECTION ( 'NONE',  ( 0.5735764363510460484, 0.6627079248067787587, -0.4814854910182936876 ) ) ;
#1681 = ADVANCED_FACE ( 'NONE', ( #2740 ), #1518, .T. ) ;
#1682 = DIRECTION ( 'NONE',  ( 0.4226182617407008291, -0.000000000000000000, 0.9063077870366493816 ) ) ;
#1683 = CARTESIAN_POINT ( 'NONE',  ( 15.00000000000006573, 1.481484572605556398E-32, 0.000000000000000000 ) ) ;
#1684 = DIRECTION ( 'NONE',  ( -1.665334536937734071E-16, 0.9510565162951555296, -0.3090169943749412895 ) ) ;
#1685 = B_SPLINE_CURVE_WITH_KNOTS ( 'NONE', 3,
 ( #988, #6682, #1028, #4131, #4092, #2379, #4221, #466, #5490, #7867, #4764, #6639, #6732, #4808 ),
 .UNSPECIFIED., .F., .F.,
 ( 4, 2, 2, 2, 2, 2, 4 ),
 ( 0.000000000000000000, 0.001196137445628228007, 0.001794206168442336914, 0.002392274891256446039, 0.002990343614070554729, 0.003588412336884664287, 0.004784549782512888608 ),
 .UNSPECIFIED. ) ;
#1686 = CARTESIAN_POINT ( 'NONE',  ( 24.52945112611146072, 33.91603429479523868, 8.644880541859366829 ) ) ;
#1687 = CYLINDRICAL_SURFACE ( 'NONE', #7003, 5.000000000000001776 ) ;
#1688 = EDGE_CURVE ( 'NONE', #6503, #4936, #7756, .T. ) ;
#1689 = CARTESIAN_POINT ( 'NONE',  ( 16.29525471753026622, -16.92710313988908055, -30.63450961402120498 ) ) ;
#1690 = FACE_OUTER_BOUND ( 'NONE', #1537, .T. ) ;
#1691 = CARTESIAN_POINT ( 'NONE',  ( 15.65363052717492032, 22.34510450596756925, -26.93933357584115740 ) ) ;
#1692 = ORIENTED_EDGE ( 'NONE', *, *, #4255, .T. ) ;
#1693 = ORIENTED_EDGE ( 'NONE', *, *, #6836, .F. ) ;
#1694 = DIRECTION ( 'NONE',  ( -2.806841545212853790E-16, 0.3090169943749384585, 0.9510565162951565288 ) ) ;
#1695 = ADVANCED_FACE ( 'NONE', ( #5365 ), #912, .F. ) ;
#1696 = CARTESIAN_POINT ( 'NONE',  ( 24.45953615552175719, 14.92451753976501472, 31.65847084439245407 ) ) ;
#1697 = CYLINDRICAL_SURFACE ( 'NONE', #4525, 5.000000000000002665 ) ;
#1698 = VERTEX_POINT ( 'NONE', #875 ) ;
#1699 = EDGE_CURVE ( 'NONE', #5482, #1873, #7830, .T. ) ;
#1700 = DIRECTION ( 'NONE',  ( 0.000000000000000000, 0.3090169943749414561, 0.9510565162951554186 ) ) ;
#1701 = ORIENTED_EDGE ( 'NONE', *, *, #4625, .F. ) ;
#1702 = DIRECTION ( 'NONE',  ( 1.517802845856439956E-17, 0.3090169943749581649, -0.9510565162951499785 ) ) ;
#1703 = DIRECTION ( 'NONE',  ( 0.8191520442889926867, -0.1772448664054974976, 0.5455036073850122458 ) ) ;
#1704 = ORIENTED_EDGE ( 'NONE', *, *, #2436, .T. ) ;
#1705 = VERTEX_POINT ( 'NONE', #2783 ) ;
#1706 = AXIS2_PLACEMENT_3D ( 'NONE', #3612, #7395, #3653 ) ;
#1707 = VERTEX_POINT ( 'NONE', #2166 ) ;
#1708 = CARTESIAN_POINT ( 'NONE',  ( 15.38892734875748225, 18.25967540753099527, 29.86000506320263526 ) ) ;
#1709 = PLANE ( 'NONE',  #6189 ) ;
#1710 = CARTESIAN_POINT ( 'NONE',  ( 23.70474528246987944, -20.29534470489376830, 34.69728805135784455 ) ) ;
#1711 = AXIS2_PLACEMENT_3D ( 'NONE', #4670, #4583, #7172 ) ;
#1712 = DIRECTION ( 'NONE',  ( 4.578039098394317093E-34, 0.3090169943749516146, -0.9510565162951521989 ) ) ;
#1713 = FACE_OUTER_BOUND ( 'NONE', #6835, .T. ) ;
#1714 = ORIENTED_EDGE ( 'NONE', *, *, #6465, .F. ) ;
#1715 = ADVANCED_FACE ( 'NONE', ( #7180 ), #7066, .F. ) ;
#1716 = VECTOR ( 'NONE', #418, 1000.000000000000000 ) ;
#1717 = CARTESIAN_POINT ( 'NONE',  ( 23.89409946658236450, 34.97824466423082157, -1.243094160477661081 ) ) ;
#1718 = CARTESIAN_POINT ( 'NONE',  ( 15.00000000000006750, -2.119852826805310286, 17.11596235647354192 ) ) ;
#1719 = CIRCLE ( 'NONE', #927, 5.000000000000000888 ) ;
#1720 = CARTESIAN_POINT ( 'NONE',  ( 23.94355495384386856, 6.799955411849572862, -34.33349578939773750 ) ) ;
#1721 = LINE ( 'NONE', #6808, #3525 ) ;
#1722 = B_SPLINE_CURVE_WITH_KNOTS ( 'NONE', 3,
 ( #1031, #3296, #5802, #5842, #198, #4811, #1686, #7115, #3989, #6494, #884, #3564, #2989, #3117 ),
 .UNSPECIFIED., .F., .F.,
 ( 4, 2, 2, 2, 2, 2, 4 ),
 ( 8.673617379884035472E-19, 0.001196137445628215213, 0.001794206168442324988, 0.002392274891256434763, 0.002990343614070544321, 0.003588412336884654313, 0.004784549782512872995 ),
 .UNSPECIFIED. ) ;
#1723 = ORIENTED_EDGE ( 'NONE', *, *, #4740, .F. ) ;
#1724 = DIRECTION ( 'NONE',  ( 0.5735764363510456043, 0.8191520442889921316, 8.643383190286596186E-15 ) ) ;
#1725 = VECTOR ( 'NONE', #7338, 1000.000000000000114 ) ;
#1726 = CIRCLE ( 'NONE', #6305, 5.000000000000001776 ) ;
#1727 = ORIENTED_EDGE ( 'NONE', *, *, #4, .T. ) ;
#1728 = FACE_BOUND ( 'NONE', #383, .T. ) ;
#1729 = EDGE_CURVE ( 'NONE', #146, #7597, #1140, .T. ) ;
#1730 = CARTESIAN_POINT ( 'NONE',  ( 24.01831258142419045, 21.69171240286765823, 27.46810897511928573 ) ) ;
#1731 = FACE_OUTER_BOUND ( 'NONE', #5529, .T. ) ;
#1732 = PLANE ( 'NONE',  #6960 ) ;
#1733 = LINE ( 'NONE', #6778, #2357 ) ;
#1734 = VECTOR ( 'NONE', #7211, 1000.000000000000000 ) ;
#1735 = CARTESIAN_POINT ( 'NONE',  ( 15.00000000000007105, -39.58734562368091758, 7.605397193521861610 ) ) ;
#1736 = CIRCLE ( 'NONE', #2756, 35.00000000000000000 ) ;
#1737 = CARTESIAN_POINT ( 'NONE',  ( 22.86788218175522047, -12.63649038709923111, -37.95264435150435389 ) ) ;
#1738 = DIRECTION ( 'NONE',  ( 3.885780586188047891E-16, 0.5877852522924651435, 0.8090169943749532244 ) ) ;
#1739 = CARTESIAN_POINT ( 'NONE',  ( 21.52238633098366805, -26.83527989941680758, 22.52184211452865625 ) ) ;
#1740 = CARTESIAN_POINT ( 'NONE',  ( 24.99999999999999289, 15.15402362178712359, 31.54925622055641909 ) ) ;
#1741 = ORIENTED_EDGE ( 'NONE', *, *, #344, .T. ) ;
#1742 = EDGE_LOOP ( 'NONE', ( #5877, #4030, #2913, #7328 ) ) ;
#1743 = EDGE_CURVE ( 'NONE', #7454, #5594, #3312, .T. ) ;
#1744 = AXIS2_PLACEMENT_3D ( 'NONE', #4602, #2092, #3401 ) ;
#1745 = CARTESIAN_POINT ( 'NONE',  ( 15.54046384447844176, -30.84463466578005963, 16.54111581286339572 ) ) ;
#1746 = EDGE_CURVE ( 'NONE', #4632, #6249, #4717, .T. ) ;
#1747 = DIRECTION ( 'NONE',  ( -1.814295339827590796E-49, -1.224646799147352961E-16, 1.000000000000000000 ) ) ;
#1748 = CARTESIAN_POINT ( 'NONE',  ( 15.00000000000006928, -21.79641312923937235, -33.60669800362471449 ) ) ;
#1749 = VECTOR ( 'NONE', #7069, 1000.000000000000227 ) ;
#1750 = ORIENTED_EDGE ( 'NONE', *, *, #7309, .T. ) ;
#1751 = ORIENTED_EDGE ( 'NONE', *, *, #38, .T. ) ;
#1752 = EDGE_CURVE ( 'NONE', #5506, #2694, #7219, .T. ) ;
#1753 = CARTESIAN_POINT ( 'NONE',  ( 15.00000000000007283, 23.51141009169930740, -32.36067977499759252 ) ) ;
#1754 = ORIENTED_EDGE ( 'NONE', *, *, #1894, .T. ) ;
#1755 = ORIENTED_EDGE ( 'NONE', *, *, #6487, .T. ) ;
#1756 = EDGE_CURVE ( 'NONE', #3772, #388, #4418, .T. ) ;
#1757 = AXIS2_PLACEMENT_3D ( 'NONE', #3775, #71, #2559 ) ;
#1758 = VERTEX_POINT ( 'NONE', #469 ) ;
#1759 = FACE_OUTER_BOUND ( 'NONE', #613, .T. ) ;
#1760 = DIRECTION ( 'NONE',  ( -0.9063077870366492705, 0.000000000000000000, -0.4226182617407007736 ) ) ;
#1761 = FACE_OUTER_BOUND ( 'NONE', #5130, .T. ) ;
#1762 = CARTESIAN_POINT ( 'NONE',  ( 15.65363052717493098, 2.243026303945027333, -34.92850156953296903 ) ) ;
#1763 = VECTOR ( 'NONE', #6788, 1000.000000000000114 ) ;
#1764 = CARTESIAN_POINT ( 'NONE',  ( 15.00000000000007283, -38.04226065180620964, 12.36067977499764048 ) ) ;
#1765 = ORIENTED_EDGE ( 'NONE', *, *, #40, .F. ) ;
#1766 = EDGE_CURVE ( 'NONE', #2071, #7575, #7264, .T. ) ;
#1767 = DIRECTION ( 'NONE',  ( 0.000000000000000000, 0.5877852522924652545, 0.8090169943749531134 ) ) ;
#1768 = CARTESIAN_POINT ( 'NONE',  ( 22.86788218175522758, 11.09103413563848051, 33.19621908895803841 ) ) ;
#1769 = CARTESIAN_POINT ( 'NONE',  ( 23.70474528246987234, 34.77351269559402169, -3.975275438175514431 ) ) ;
#1770 = CARTESIAN_POINT ( 'NONE',  ( 15.00000000000007105, 36.49717567993136669, 17.11596235647368758 ) ) ;
#1771 = VECTOR ( 'NONE', #3806, 1000.000000000000000 ) ;
#1772 = ORIENTED_EDGE ( 'NONE', *, *, #6335, .F. ) ;
#1773 = CARTESIAN_POINT ( 'NONE',  ( 24.99999999999999289, -16.61657284454147643, 30.80405017042477311 ) ) ;
#1774 = AXIS2_PLACEMENT_3D ( 'NONE', #3853, #5741, #867 ) ;
#1775 = VERTEX_POINT ( 'NONE', #6734 ) ;
#1776 = PLANE ( 'NONE',  #4390 ) ;
#1777 = VERTEX_POINT ( 'NONE', #3613 ) ;
#1778 = AXIS2_PLACEMENT_3D ( 'NONE', #2713, #2099, #4488 ) ;
#1779 = CARTESIAN_POINT ( 'NONE',  ( 23.70474528246989010, -25.79575444848860855, 23.65542331968041623 ) ) ;
#1780 = CARTESIAN_POINT ( 'NONE',  ( 26.57262746422514965, 0.1204847832698453802, -39.99999999999997158 ) ) ;
#1781 = CARTESIAN_POINT ( 'NONE',  ( 15.54046384447849327, 25.26305227762933470, 24.22350489953443287 ) ) ;
#1782 = DIRECTION ( 'NONE',  ( 0.000000000000000000, 1.000000000000000000, 0.000000000000000000 ) ) ;
#1783 = CARTESIAN_POINT ( 'NONE',  ( 22.86788218175522047, 20.80639613463304727, 28.14416244781016374 ) ) ;
#1784 = CARTESIAN_POINT ( 'NONE',  ( 15.54046384447848972, -27.35260463503445649, 29.56988858092244854 ) ) ;
#1785 = CARTESIAN_POINT ( 'NONE',  ( 23.89409946658235739, -1.243094160477310028, -34.97824466423082868 ) ) ;
#1786 = CARTESIAN_POINT ( 'NONE',  ( 23.70474528246987234, 34.77351269559402169, -3.975275438175514431 ) ) ;
#1787 = DIRECTION ( 'NONE',  ( 1.000000000000000000, -1.072118069236030918E-16, 3.299640131595842622E-16 ) ) ;
#1788 = CYLINDRICAL_SURFACE ( 'NONE', #3818, 5.000000000000000000 ) ;
#1789 = ORIENTED_EDGE ( 'NONE', *, *, #5702, .T. ) ;
#1790 = ORIENTED_EDGE ( 'NONE', *, *, #1010, .T. ) ;
#1791 = VECTOR ( 'NONE', #6374, 1000.000000000000000 ) ;
#1792 = LINE ( 'NONE', #8014, #1245 ) ;
#1793 = PLANE ( 'NONE',  #3590 ) ;
#1794 = CARTESIAN_POINT ( 'NONE',  ( 13.42737253577498713, -12.56652514936457088, 37.97537743529594678 ) ) ;
#1795 = EDGE_CURVE ( 'NONE', #4157, #1963, #5009, .T. ) ;
#1796 = ORIENTED_EDGE ( 'NONE', *, *, #5840, .F. ) ;
#1797 = ORIENTED_EDGE ( 'NONE', *, *, #4818, .T. ) ;
#1798 = CARTESIAN_POINT ( 'NONE',  ( 20.00000000000007816, 12.97266143562074348, -15.26275373726243245 ) ) ;
#1799 = ORIENTED_EDGE ( 'NONE', *, *, #5209, .T. ) ;
#1800 = EDGE_CURVE ( 'NONE', #5428, #5315, #2382, .T. ) ;
#1801 = ORIENTED_EDGE ( 'NONE', *, *, #930, .T. ) ;
#1802 = CARTESIAN_POINT ( 'NONE',  ( 24.99999999999999289, -37.93814558970206718, -12.68111298760752881 ) ) ;
#1803 = EDGE_CURVE ( 'NONE', #1619, #342, #6438, .T. ) ;
#1804 = CARTESIAN_POINT ( 'NONE',  ( 24.99999999999999289, 1.069105884036878258E-47, 0.000000000000000000 ) ) ;
#1805 = CARTESIAN_POINT ( 'NONE',  ( 24.99999999999999289, -37.93814558970206718, -12.68111298760752881 ) ) ;
#1806 = B_SPLINE_CURVE_WITH_KNOTS ( 'NONE', 3,
 ( #4688, #6174, #6135, #1221, #1090, #5590, #4986, #22, #3663, #3573, #563, #1868, #4282, #3045 ),
 .UNSPECIFIED., .F., .F.,
 ( 4, 2, 2, 2, 2, 2, 4 ),
 ( 0.000000000000000000, 0.001196137445628218466, 0.001794206168442330843, 0.002392274891256443003, 0.002990343614070554729, 0.003588412336884667323, 0.004784549782512891210 ),
 .UNSPECIFIED. ) ;
#1807 = VERTEX_POINT ( 'NONE', #6779 ) ;
#1808 = CARTESIAN_POINT ( 'NONE',  ( 24.61076051292646838, 2.441217198779283670, 34.91526964353329276 ) ) ;
#1809 = EDGE_CURVE ( 'NONE', #2176, #766, #3693, .T. ) ;
#1810 = FACE_OUTER_BOUND ( 'NONE', #7388, .T. ) ;
#1811 = DIRECTION ( 'NONE',  ( -4.578039098394414595E-34, -0.3090169943749581649, 0.9510565162951499785 ) ) ;
#1812 = EDGE_CURVE ( 'NONE', #4106, #3207, #3032, .T. ) ;
#1813 = DIRECTION ( 'NONE',  ( -0.8191520442889920206, 0.4640330845810123339, 0.3371397703496228915 ) ) ;
#1814 = VERTEX_POINT ( 'NONE', #1783 ) ;
#1815 = CARTESIAN_POINT ( 'NONE',  ( 16.05646280002842374, -16.77963072772253383, -30.71599551872420975 ) ) ;
#1816 = ORIENTED_EDGE ( 'NONE', *, *, #1154, .T. ) ;
#1817 = CARTESIAN_POINT ( 'NONE',  ( -7.500000000000000000, -1.250000000000000000, 4.999999999999999112 ) ) ;
#1818 = CYLINDRICAL_SURFACE ( 'NONE', #5508, 5.000000000000001776 ) ;
#1819 = FILL_AREA_STYLE ('',( #4351 ) ) ;
#1820 = CARTESIAN_POINT ( 'NONE',  ( 15.54046384447843288, -35.15147096907330848, 19.67021554836329500 ) ) ;
#1821 =( LENGTH_UNIT ( ) NAMED_UNIT ( * ) SI_UNIT ( .MILLI., .METRE. ) );
#1822 = CARTESIAN_POINT ( 'NONE',  ( 16.29525471753019517, 34.89532666787509640, -20.02276793356417528 ) ) ;
#1823 = CARTESIAN_POINT ( 'NONE',  ( 24.24381083264136549, 32.71052256049450335, -12.45187180536046689 ) ) ;
#1824 = CYLINDRICAL_SURFACE ( 'NONE', #2770, 4.999999999999999112 ) ;
#1825 = ORIENTED_EDGE ( 'NONE', *, *, #5008, .F. ) ;
#1826 = ORIENTED_EDGE ( 'NONE', *, *, #5841, .F. ) ;
#1827 = CARTESIAN_POINT ( 'NONE',  ( 15.00000000000006573, 1.481484572605556398E-32, 0.000000000000000000 ) ) ;
#1828 = DIRECTION ( 'NONE',  ( 1.000000000000000000, -0.000000000000000000, -0.000000000000000000 ) ) ;
#1829 = CARTESIAN_POINT ( 'NONE',  ( 24.45953615552157956, -29.76792719743962579, 27.08002786370517256 ) ) ;
#1830 = ORIENTED_EDGE ( 'NONE', *, *, #842, .F. ) ;
#1831 = ORIENTED_EDGE ( 'NONE', *, *, #7092, .T. ) ;
#1832 = DIRECTION ( 'NONE',  ( -0.000000000000000000, -1.047444401652940007E-14, 1.000000000000000000 ) ) ;
#1833 = CARTESIAN_POINT ( 'NONE',  ( 20.00000000000000000, 20.32990961373299399, 20.19164717933551145 ) ) ;
#1834 = EDGE_CURVE ( 'NONE', #4151, #4947, #6684, .T. ) ;
#1835 = LINE ( 'NONE', #1305, #7214 ) ;
#1836 = CARTESIAN_POINT ( 'NONE',  ( 24.99999999999999289, -15.15402362178690865, -31.54925622055652212 ) ) ;
#1837 = CARTESIAN_POINT ( 'NONE',  ( -7.500000000000000000, 4.814824860968089633E-32, 0.000000000000000000 ) ) ;
#1838 = ADVANCED_FACE ( 'NONE', ( #4173 ), #4899, .T. ) ;
#1839 = CARTESIAN_POINT ( 'NONE',  ( 16.50278156089887105, -33.61914109541995543, 9.738841941904942345 ) ) ;
#1840 = ORIENTED_EDGE ( 'NONE', *, *, #7987, .T. ) ;
#1841 = CARTESIAN_POINT ( 'NONE',  ( 24.75193471525578204, 2.817487325059834014, 34.88692249060355977 ) ) ;
#1842 = ADVANCED_FACE ( 'NONE', ( #513 ), #3654, .F. ) ;
#1843 = CARTESIAN_POINT ( 'NONE',  ( 17.13211781824481506, -11.41010340880814233, 33.08790625289404375 ) ) ;
#1844 = VECTOR ( 'NONE', #330, 1000.000000000000114 ) ;
#1845 = VERTEX_POINT ( 'NONE', #2248 ) ;
#1846 = CYLINDRICAL_SURFACE ( 'NONE', #2682, 35.00000000000000000 ) ;
#1847 = EDGE_CURVE ( 'NONE', #33, #5222, #8001, .T. ) ;
#1848 = AXIS2_PLACEMENT_3D ( 'NONE', #1917, #6230, #8109 ) ;
#1849 = ORIENTED_EDGE ( 'NONE', *, *, #1473, .T. ) ;
#1850 = FACE_OUTER_BOUND ( 'NONE', #2309, .T. ) ;
#1851 = EDGE_CURVE ( 'NONE', #7991, #1011, #3291, .T. ) ;
#1852 = CARTESIAN_POINT ( 'NONE',  ( 22.86788218175522402, -23.74602861183499058, -32.19021944226133769 ) ) ;
#1853 = FACE_OUTER_BOUND ( 'NONE', #4420, .T. ) ;
#1854 = LINE ( 'NONE', #4353, #5379 ) ;
#1855 = CARTESIAN_POINT ( 'NONE',  ( 21.52238633098366805, 2.447171249265311044, 34.94820413681610205 ) ) ;
#1856 = VECTOR ( 'NONE', #2157, 1000.000000000000114 ) ;
#1857 = CARTESIAN_POINT ( 'NONE',  ( 15.00000000000006573, 1.481484572605556398E-32, 0.000000000000000000 ) ) ;
#1858 = DIRECTION ( 'NONE',  ( -0.000000000000000000, -0.9510565162951556406, 0.3090169943749411785 ) ) ;
#1859 = CARTESIAN_POINT ( 'NONE',  ( 24.75193471525578204, -29.88019067453088340, -18.22662341043812617 ) ) ;
#1860 = DIRECTION ( 'NONE',  ( 1.000000000000000000, -1.481484572605566251E-33, 0.000000000000000000 ) ) ;
#1861 = ORIENTED_EDGE ( 'NONE', *, *, #1909, .T. ) ;
#1862 = EDGE_LOOP ( 'NONE', ( #7573, #5444, #1948, #389 ) ) ;
#1863 = AXIS2_PLACEMENT_3D ( 'NONE', #7440, #7519, #669 ) ;
#1864 = VECTOR ( 'NONE', #4530, 999.9999999999998863 ) ;
#1865 = CIRCLE ( 'NONE', #7490, 35.00000000000000000 ) ;
#1866 = CARTESIAN_POINT ( 'NONE',  ( 15.00000000000008349, -6.304195401677105792, -34.68525806487556196 ) ) ;
#1867 = EDGE_CURVE ( 'NONE', #3667, #5801, #1206, .T. ) ;
#1868 = CARTESIAN_POINT ( 'NONE',  ( 23.49692031861293984, 28.77350597518613284, 19.92929716338101898 ) ) ;
#1869 = CARTESIAN_POINT ( 'NONE',  ( 23.70474528246983326, -16.14139138454240552, -36.81383298408873372 ) ) ;
#1870 = ORIENTED_EDGE ( 'NONE', *, *, #6408, .T. ) ;
#1871 = AXIS2_PLACEMENT_3D ( 'NONE', #3880, #6502, #894 ) ;
#1872 = VECTOR ( 'NONE', #4098, 1000.000000000000114 ) ;
#1873 = VERTEX_POINT ( 'NONE', #6025 ) ;
#1874 = CARTESIAN_POINT ( 'NONE',  ( 15.18862017184827629, 23.18692632717349866, -26.21839485910998846 ) ) ;
#1875 = DIRECTION ( 'NONE',  ( -1.198546196142207480E-33, -0.8090169943749466741, -0.5877852522924742473 ) ) ;
#1876 = EDGE_LOOP ( 'NONE', ( #4971, #4102, #1466, #6084 ) ) ;
#1877 = VECTOR ( 'NONE', #3131, 1000.000000000000114 ) ;
#1878 = CYLINDRICAL_SURFACE ( 'NONE', #2509, 5.000000000000001776 ) ;
#1879 = FACE_OUTER_BOUND ( 'NONE', #482, .T. ) ;
#1880 = VECTOR ( 'NONE', #5538, 999.9999999999998863 ) ;
#1881 = CARTESIAN_POINT ( 'NONE',  ( 16.10548734941338367, -9.301494859415484484, -33.74174144840569056 ) ) ;
#1882 = VERTEX_POINT ( 'NONE', #6207 ) ;
#1883 = CYLINDRICAL_SURFACE ( 'NONE', #5006, 35.00000000000000000 ) ;
#1884 = CARTESIAN_POINT ( 'NONE',  ( 23.70474528246987234, -34.77351269559402880, 3.975275438175516207 ) ) ;
#1885 = AXIS2_PLACEMENT_3D ( 'NONE', #2661, #3809, #5740 ) ;
#1886 = ADVANCED_FACE ( 'NONE', ( #3080 ), #4766, .F. ) ;
#1887 = ORIENTED_EDGE ( 'NONE', *, *, #4695, .F. ) ;
#1888 = LINE ( 'NONE', #1432, #734 ) ;
#1889 = ORIENTED_EDGE ( 'NONE', *, *, #4127, .F. ) ;
#1890 = DIRECTION ( 'NONE',  ( 0.000000000000000000, -0.3090169943749483950, 0.9510565162951533091 ) ) ;
#1891 = CONICAL_SURFACE ( 'NONE', #5166, 20.00000000000000355, 0.7853981633974461696 ) ;
#1892 = CARTESIAN_POINT ( 'NONE',  ( 25.00000000000000000, 39.99999999999997868, -1.782929408355195866 ) ) ;
#1893 = DIRECTION ( 'NONE',  ( -0.000000000000000000, -3.491481338843133355E-15, 1.000000000000000000 ) ) ;
#1894 = EDGE_CURVE ( 'NONE', #1698, #5939, #4849, .T. ) ;
#1895 = DIRECTION ( 'NONE',  ( 3.885780586188046905E-16, 0.5877852522924829071, -0.8090169943749403458 ) ) ;
#1896 = AXIS2_PLACEMENT_3D ( 'NONE', #3889, #2123, #2621 ) ;
#1897 = CARTESIAN_POINT ( 'NONE',  ( 25.00000000000000000, -3.984542589811886693, -34.77480363015183684 ) ) ;
#1898 = CARTESIAN_POINT ( 'NONE',  ( 15.04754234242350108, 25.82967097785003929, 23.62158384054549742 ) ) ;
#1899 = CARTESIAN_POINT ( 'NONE',  ( 23.70474528246987589, 17.22329254607031856, -30.46897100120840918 ) ) ;
#1900 = ORIENTED_EDGE ( 'NONE', *, *, #1947, .T. ) ;
#1901 = EDGE_CURVE ( 'NONE', #7895, #5628, #1854, .T. ) ;
#1902 = CIRCLE ( 'NONE', #7911, 4.999999999999999112 ) ;
#1903 = ORIENTED_EDGE ( 'NONE', *, *, #45, .F. ) ;
#1904 = CARTESIAN_POINT ( 'NONE',  ( -12.50000000000000000, -1.250000000000000000, -5.000000000000000888 ) ) ;
#1905 = CARTESIAN_POINT ( 'NONE',  ( 15.00000000000007105, 25.08624450741907097, 24.40656339007986375 ) ) ;
#1906 = DIRECTION ( 'NONE',  ( 1.000000000000000000, -1.072118069236030918E-16, 3.299640131595842622E-16 ) ) ;
#1907 = EDGE_LOOP ( 'NONE', ( #8082, #2350, #5947, #5882, #7729, #7932, #4917, #2644, #4484, #6238 ) ) ;
#1908 = EDGE_LOOP ( 'NONE', ( #3128, #2187, #719, #7941 ) ) ;
#1909 = EDGE_CURVE ( 'NONE', #7535, #3912, #2462, .T. ) ;
#1910 = VERTEX_POINT ( 'NONE', #7946 ) ;
#1911 = DIRECTION ( 'NONE',  ( 0.000000000000000000, 0.8090169943749466741, 0.5877852522924742473 ) ) ;
#1912 =( BOUNDED_CURVE ( )  B_SPLINE_CURVE ( 3, ( #5703, #3083, #4395, #595 ),
 .UNSPECIFIED., .F., .F. ) 
 B_SPLINE_CURVE_WITH_KNOTS ( ( 4, 4 ),
 ( 1.427448757889531405, 1.434720266952592915 ),
 .UNSPECIFIED. ) 
 CURVE ( )  GEOMETRIC_REPRESENTATION_ITEM ( )  RATIONAL_B_SPLINE_CURVE ( ( 1.000000000000000000, 0.9999955937678493001, 0.9999955937678493001, 1.000000000000000000 ) ) 
 REPRESENTATION_ITEM ( '' )  );
#1913 = ORIENTED_EDGE ( 'NONE', *, *, #6029, .T. ) ;
#1914 = VECTOR ( 'NONE', #3834, 1000.000000000000000 ) ;
#1915 = PLANE ( 'NONE',  #1257 ) ;
#1916 = ORIENTED_EDGE ( 'NONE', *, *, #4604, .F. ) ;
#1917 = CARTESIAN_POINT ( 'NONE',  ( -7.500000000000000000, 4.814824860968089633E-32, 0.000000000000000000 ) ) ;
#1918 = CARTESIAN_POINT ( 'NONE',  ( 15.80489273818004570, -6.322507118059836451, -34.42443017628865931 ) ) ;
#1919 = CARTESIAN_POINT ( 'NONE',  ( 24.81993129918795660, -4.579109167366931743, -34.69926421657248028 ) ) ;
#1920 = VERTEX_POINT ( 'NONE', #3461 ) ;
#1921 = CARTESIAN_POINT ( 'NONE',  ( 24.99999999999999289, -25.51452191370179889, 23.95848850648201989 ) ) ;
#1922 = PLANE ( 'NONE',  #810 ) ;
#1923 = ORIENTED_EDGE ( 'NONE', *, *, #3486, .F. ) ;
#1924 = ORIENTED_EDGE ( 'NONE', *, *, #4198, .T. ) ;
#1925 = DIRECTION ( 'NONE',  ( -0.8191520442889926867, -0.000000000000000000, 0.5735764363510449382 ) ) ;
#1926 = ORIENTED_EDGE ( 'NONE', *, *, #2173, .F. ) ;
#1927 = EDGE_CURVE ( 'NONE', #348, #1416, #7294, .T. ) ;
#1928 = DIRECTION ( 'NONE',  ( -1.509605978124093377E-16, 0.9510565162951533091, 0.3090169943749482284 ) ) ;
#1929 = CARTESIAN_POINT ( 'NONE',  ( 15.00000000000007105, -39.58734562368091758, 7.605397193521861610 ) ) ;
#1930 = CARTESIAN_POINT ( 'NONE',  ( 21.52238633098374265, 33.99393478130097890, 8.472190838056958384 ) ) ;
#1931 = CARTESIAN_POINT ( 'NONE',  ( 15.75577990824709040, 27.04842182277220886, 22.21284122321958421 ) ) ;
#1932 = CARTESIAN_POINT ( 'NONE',  ( 20.00000000000007816, 36.49717567993136669, -4.722688079563965857 ) ) ;
#1933 = DIRECTION ( 'NONE',  ( 0.000000000000000000, 1.000000000000000000, 0.000000000000000000 ) ) ;
#1934 = ORIENTED_EDGE ( 'NONE', *, *, #5934, .T. ) ;
#1935 = EDGE_LOOP ( 'NONE', ( #7663, #365, #3367, #1825, #1299, #4531, #6229, #4624, #6840, #2208 ) ) ;
#1936 = ADVANCED_FACE ( 'NONE', ( #5477 ), #6013, .T. ) ;
#1937 = CARTESIAN_POINT ( 'NONE',  ( 26.57262746422508215, -32.43149895372945224, 23.41393585447016079 ) ) ;
#1938 = CARTESIAN_POINT ( 'NONE',  ( 24.19512822508731986, 4.287758709075258245, 34.73658838134136317 ) ) ;
#1939 = CARTESIAN_POINT ( 'NONE',  ( 24.34597678335757109, -34.94854409015666619, 1.905415400148037230 ) ) ;
#1940 = EDGE_CURVE ( 'NONE', #2176, #5501, #5261, .T. ) ;
#1941 = EDGE_LOOP ( 'NONE', ( #6005, #7604, #3094, #7820 ) ) ;
#1942 = VERTEX_POINT ( 'NONE', #7207 ) ;
#1943 = CYLINDRICAL_SURFACE ( 'NONE', #7112, 4.999999999999999112 ) ;
#1944 = EDGE_CURVE ( 'NONE', #973, #3331, #1586, .T. ) ;
#1945 = VERTEX_POINT ( 'NONE', #2936 ) ;
#1946 = DIRECTION ( 'NONE',  ( 0.000000000000000000, -0.8090169943749402348, -0.5877852522924829071 ) ) ;
#1947 = EDGE_CURVE ( 'NONE', #4154, #5801, #1865, .T. ) ;
#1948 = ORIENTED_EDGE ( 'NONE', *, *, #3445, .F. ) ;
#1949 = DIRECTION ( 'NONE',  ( 3.196759791958943419E-16, -0.5877852522924771339, 0.8090169943749446757 ) ) ;
#1950 = EDGE_LOOP ( 'NONE', ( #2982, #7568, #3494, #7735 ) ) ;
#1951 = DIRECTION ( 'NONE',  ( 0.8191520442889921316, -0.1772448664054863121, -0.5455036073850166867 ) ) ;
#1952 =( BOUNDED_CURVE ( )  B_SPLINE_CURVE ( 3, ( #6131, #5498, #7560, #8009 ),
 .UNSPECIFIED., .F., .F. ) 
 B_SPLINE_CURVE_WITH_KNOTS ( ( 4, 4 ),
 ( 1.552883144289288753, 1.684621253977661270 ),
 .UNSPECIFIED. ) 
 CURVE ( )  GEOMETRIC_REPRESENTATION_ITEM ( )  RATIONAL_B_SPLINE_CURVE ( ( 1.000000000000000000, 0.9985542787012120503, 0.9985542787012120503, 1.000000000000000000 ) ) 
 REPRESENTATION_ITEM ( '' )  );
#1953 = CYLINDRICAL_SURFACE ( 'NONE', #6489, 35.00000000000000000 ) ;
#1954 = CARTESIAN_POINT ( 'NONE',  ( 24.45953615552168969, -4.411054151913477384, -34.72092454513398962 ) ) ;
#1955 = VERTEX_POINT ( 'NONE', #2192 ) ;
#1956 = CARTESIAN_POINT ( 'NONE',  ( 13.42737253577497825, -37.97537743529591125, -12.56652514936470411 ) ) ;
#1957 = CARTESIAN_POINT ( 'NONE',  ( 20.00000000000000000, 34.93856756282612253, 19.96325194752870047 ) ) ;
#1958 = ORIENTED_EDGE ( 'NONE', *, *, #328, .T. ) ;
#1959 = CARTESIAN_POINT ( 'NONE',  ( 22.86788218175522758, 37.95264435150438942, -12.63649038709910677 ) ) ;
#1960 = ORIENTED_EDGE ( 'NONE', *, *, #869, .T. ) ;
#1961 = CARTESIAN_POINT ( 'NONE',  ( 23.94355495384386501, 31.77329507725507085, -14.67944299547545839 ) ) ;
#1962 = ADVANCED_FACE ( 'NONE', ( #7986 ), #7248, .F. ) ;
#1963 = VERTEX_POINT ( 'NONE', #4211 ) ;
#1964 = DIRECTION ( 'NONE',  ( 0.000000000000000000, -1.000000000000000000, 0.000000000000000000 ) ) ;
#1965 = VECTOR ( 'NONE', #4093, 1000.000000000000114 ) ;
#1966 = CARTESIAN_POINT ( 'NONE',  ( 15.80489273818006701, 30.78581649236984319, -16.65079554010016238 ) ) ;
#1967 = CARTESIAN_POINT ( 'NONE',  ( 15.00000000000007283, -32.36067977499801174, 23.51141009169873186 ) ) ;
#1968 = CARTESIAN_POINT ( 'NONE',  ( 16.50278156089888171, 27.63972396716039626, 21.47410881462467458 ) ) ;
#1969 = CARTESIAN_POINT ( 'NONE',  ( 24.45953615552164351, -4.411054151913401000, -40.00000000000002132 ) ) ;
#1970 = DIRECTION ( 'NONE',  ( -4.640729943624919261E-17, -0.3090169943749581649, 0.9510565162951499785 ) ) ;
#1971 = EDGE_LOOP ( 'NONE', ( #6052, #7582, #718, #1566 ) ) ;
#1972 = CARTESIAN_POINT ( 'NONE',  ( 24.45953615552159377, 4.411054151913656796, 39.99999999999999289 ) ) ;
#1973 = CIRCLE ( 'NONE', #7614, 35.00000000000000000 ) ;
#1974 = CARTESIAN_POINT ( 'NONE',  ( 23.89409946658236450, -34.97824466423082157, 1.243094160477661081 ) ) ;
#1975 = AXIS2_PLACEMENT_3D ( 'NONE', #6842, #1949, #7001 ) ;
#1976 = EDGE_LOOP ( 'NONE', ( #3441, #6033, #7843, #7280, #6324, #5674, #7837, #4248, #6743, #781 ) ) ;
#1977 = ADVANCED_FACE ( 'NONE', ( #4162 ), #2234, .F. ) ;
#1978 = ORIENTED_EDGE ( 'NONE', *, *, #1137, .F. ) ;
#1979 = VERTEX_POINT ( 'NONE', #6722 ) ;
#1980 = VECTOR ( 'NONE', #3551, 1000.000000000000000 ) ;
#1981 = AXIS2_PLACEMENT_3D ( 'NONE', #3377, #167, #5881 ) ;
#1982 = EDGE_LOOP ( 'NONE', ( #1454, #2956, #3152, #1772 ) ) ;
#1983 = DIRECTION ( 'NONE',  ( -6.383782391594649121E-16, 0.5877852522924711387, 0.8090169943749488946 ) ) ;
#1984 = CYLINDRICAL_SURFACE ( 'NONE', #1975, 5.000000000000000888 ) ;
#1985 = VECTOR ( 'NONE', #7862, 1000.000000000000114 ) ;
#1986 = ORIENTED_EDGE ( 'NONE', *, *, #4381, .T. ) ;
#1987 = CIRCLE ( 'NONE', #6565, 5.000000000000000000 ) ;
#1988 = EDGE_CURVE ( 'NONE', #5693, #5293, #5395, .T. ) ;
#1989 = ORIENTED_EDGE ( 'NONE', *, *, #5449, .F. ) ;
#1990 = CARTESIAN_POINT ( 'NONE',  ( 20.00000000000008527, 4.722688079564399288, -39.99999999999992895 ) ) ;
#1991 = ADVANCED_FACE ( 'NONE', ( #7859 ), #499, .F. ) ;
#1992 = VECTOR ( 'NONE', #2196, 999.9999999999998863 ) ;
#1993 = LINE ( 'NONE', #5605, #5943 ) ;
#1994 = EDGE_LOOP ( 'NONE', ( #303, #1013, #5467, #7585 ) ) ;
#1995 = DIRECTION ( 'NONE',  ( -1.072118069236054830E-16, 0.8090169943749423442, 0.5877852522924801315 ) ) ;
#1996 = DIRECTION ( 'NONE',  ( 0.4226182617407008846, 0.2800645083286821269, -0.8619499266302435014 ) ) ;
#1997 = ORIENTED_EDGE ( 'NONE', *, *, #6209, .F. ) ;
#1998 = CIRCLE ( 'NONE', #4238, 5.000000000000000000 ) ;
#1999 = ORIENTED_EDGE ( 'NONE', *, *, #1699, .T. ) ;
#2000 = EDGE_CURVE ( 'NONE', #4216, #2694, #2372, .T. ) ;
#2001 = CARTESIAN_POINT ( 'NONE',  ( 15.54046384447845952, 36.57505489365260587, 16.87627478251567226 ) ) ;
#2002 = EDGE_LOOP ( 'NONE', ( #3628, #6799, #6170, #2653 ) ) ;
#2003 = CARTESIAN_POINT ( 'NONE',  ( 24.99999999999999645, -19.73890189115332205, 35.10156741994325102 ) ) ;
#2004 = DIRECTION ( 'NONE',  ( -1.408975556567263788E-33, -0.9510565162951534202, -0.3090169943749481174 ) ) ;
#2005 = CARTESIAN_POINT ( 'NONE',  ( 17.13211781824483637, 11.76443595028669975, 38.23599201421202309 ) ) ;
#2006 = LINE ( 'NONE', #2662, #1117 ) ;
#2007 = CARTESIAN_POINT ( 'NONE',  ( 15.00000000000007283, 37.38719010274951415, 14.37677961951775885 ) ) ;
#2008 = LINE ( 'NONE', #3893, #173 ) ;
#2009 = VERTEX_POINT ( 'NONE', #5439 ) ;
#2010 = AXIS2_PLACEMENT_3D ( 'NONE', #5901, #1601, #910 ) ;
#2011 = CARTESIAN_POINT ( 'NONE',  ( 23.49692031861294339, -19.92929716338110779, 28.77350597518606889 ) ) ;
#2012 = DIRECTION ( 'NONE',  ( 3.299640131595842622E-16, 0.000000000000000000, -1.000000000000000000 ) ) ;
#2013 = AXIS2_PLACEMENT_3D ( 'NONE', #6522, #913, #379 ) ;
#2014 = CARTESIAN_POINT ( 'NONE',  ( 15.00000000000006573, -31.52316433284594410, -15.20822509185044780 ) ) ;
#2015 = CARTESIAN_POINT ( 'NONE',  ( 15.00000000000006573, 1.481484572605556398E-32, 0.000000000000000000 ) ) ;
#2016 = CARTESIAN_POINT ( 'NONE',  ( 24.99999999999999645, -29.61979213005256284, 27.28391829224451115 ) ) ;
#2017 = AXIS2_PLACEMENT_3D ( 'NONE', #1027, #3508, #4937 ) ;
#2018 = VERTEX_POINT ( 'NONE', #6766 ) ;
#2019 = ORIENTED_EDGE ( 'NONE', *, *, #2526, .F. ) ;
#2020 = ORIENTED_EDGE ( 'NONE', *, *, #6216, .T. ) ;
#2021 = AXIS2_PLACEMENT_3D ( 'NONE', #6437, #3316, #290 ) ;
#2022 = ORIENTED_EDGE ( 'NONE', *, *, #5558, .T. ) ;
#2023 = EDGE_CURVE ( 'NONE', #2803, #6394, #412, .T. ) ;
#2024 = FACE_OUTER_BOUND ( 'NONE', #4011, .T. ) ;
#2025 = LINE ( 'NONE', #7310, #5215 ) ;
#2026 = ORIENTED_EDGE ( 'NONE', *, *, #6458, .T. ) ;
#2027 = VECTOR ( 'NONE', #3046, 1000.000000000000000 ) ;
#2028 = DIRECTION ( 'NONE',  ( 1.658702023837215913E-16, -0.9510565162951555296, 0.3090169943749412340 ) ) ;
#2029 = ORIENTED_EDGE ( 'NONE', *, *, #154, .F. ) ;
#2030 = ADVANCED_FACE ( 'NONE', ( #1018 ), #2366, .T. ) ;
#2031 = CARTESIAN_POINT ( 'NONE',  ( 22.86788218175522047, -28.14416244781023480, 20.80639613463295845 ) ) ;
#2032 = CARTESIAN_POINT ( 'NONE',  ( 17.13211781824487545, -27.94255299148073490, -21.07637853897797342 ) ) ;
#2033 = ADVANCED_FACE ( 'NONE', ( #536 ), #6671, .T. ) ;
#2034 = EDGE_LOOP ( 'NONE', ( #7876, #1727, #6003, #67 ) ) ;
#2035 = ORIENTED_EDGE ( 'NONE', *, *, #4691, .T. ) ;
#2036 = LINE ( 'NONE', #3112, #3335 ) ;
#2037 = CARTESIAN_POINT ( 'NONE',  ( 23.49692031861293984, 10.06238559833476209, -33.52372186379137986 ) ) ;
#2038 = ORIENTED_EDGE ( 'NONE', *, *, #7057, .F. ) ;
#2039 = EDGE_CURVE ( 'NONE', #6049, #528, #6584, .T. ) ;
#2040 = CARTESIAN_POINT ( 'NONE',  ( 24.99999999999999289, 14.90145573998649198, 31.66933243422134936 ) ) ;
#2041 = CARTESIAN_POINT ( 'NONE',  ( 15.18862017184827451, -17.77002099513950384, -30.15400695301171297 ) ) ;
#2042 = ADVANCED_FACE ( 'NONE', ( #5047 ), #1883, .T. ) ;
#2043 = DIRECTION ( 'NONE',  ( -0.8191520442889925757, -0.000000000000000000, -0.5735764363510450492 ) ) ;
#2044 = CARTESIAN_POINT ( 'NONE',  ( 15.00000000000007105, 36.49717567993136669, 17.11596235647368758 ) ) ;
#2045 = CARTESIAN_POINT ( 'NONE',  ( 25.00000000000000000, 5.037869230349000915, -9.735286428165766281 ) ) ;
#2046 = ORIENTED_EDGE ( 'NONE', *, *, #7525, .F. ) ;
#2047 = ADVANCED_FACE ( 'NONE', ( #5007 ), #6844, .T. ) ;
#2048 = DIRECTION ( 'NONE',  ( -3.469446951953614189E-16, 1.000000000000000000, 1.047444401652940007E-14 ) ) ;
#2049 = CARTESIAN_POINT ( 'NONE',  ( 24.45953615552161864, -23.97706516559567191, -25.49706543986540908 ) ) ;
#2050 = CARTESIAN_POINT ( 'NONE',  ( 15.00000000000006573, 1.481484572605556398E-32, 0.000000000000000000 ) ) ;
#2051 = CARTESIAN_POINT ( 'NONE',  ( 25.00000000000000000, -34.77480363015180842, 3.984542589812233526 ) ) ;
#2052 = DIRECTION ( 'NONE',  ( -0.000000000000000000, 0.8090169943749507819, -0.5877852522924685852 ) ) ;
#2053 = ORIENTED_EDGE ( 'NONE', *, *, #2338, .F. ) ;
#2054 = ORIENTED_EDGE ( 'NONE', *, *, #506, .F. ) ;
#2055 = ORIENTED_EDGE ( 'NONE', *, *, #6433, .F. ) ;
#2056 = CARTESIAN_POINT ( 'NONE',  ( 24.99999999999999645, 39.39753646541940668, 8.189569715108479642 ) ) ;
#2057 = ORIENTED_EDGE ( 'NONE', *, *, #1575, .T. ) ;
#2058 = CARTESIAN_POINT ( 'NONE',  ( 25.00000000000000000, 24.09393215436381297, 25.70094410188877987 ) ) ;
#2059 = DIRECTION ( 'NONE',  ( -0.9063077870366491595, 0.000000000000000000, 0.4226182617407008846 ) ) ;
#2060 = ORIENTED_EDGE ( 'NONE', *, *, #3136, .F. ) ;
#2061 = EDGE_CURVE ( 'NONE', #3777, #5572, #4299, .T. ) ;
#2062 = DIRECTION ( 'NONE',  ( 1.000000000000000000, -1.481484572605566251E-33, 0.000000000000000000 ) ) ;
#2063 = ORIENTED_EDGE ( 'NONE', *, *, #2440, .T. ) ;
#2064 = CARTESIAN_POINT ( 'NONE',  ( 15.00000000000007105, -3.561184816394530550, 4.100212032419017660 ) ) ;
#2065 = CARTESIAN_POINT ( 'NONE',  ( 15.00000000000007105, -25.08624450741890044, -24.40656339008005205 ) ) ;
#2066 = VERTEX_POINT ( 'NONE', #1280 ) ;
#2067 = DIRECTION ( 'NONE',  ( 0.000000000000000000, -0.9510565162951521989, -0.3090169943749513926 ) ) ;
#2068 = EDGE_CURVE ( 'NONE', #2441, #6859, #3795, .T. ) ;
#2069 = EDGE_CURVE ( 'NONE', #6202, #3667, #1458, .T. ) ;
#2070 = ORIENTED_EDGE ( 'NONE', *, *, #3385, .F. ) ;
#2071 = VERTEX_POINT ( 'NONE', #6304 ) ;
#2072 = DIRECTION ( 'NONE',  ( 0.000000000000000000, 1.000000000000000000, 0.000000000000000000 ) ) ;
#2073 = CARTESIAN_POINT ( 'NONE',  ( 23.19917531777617725, 10.31819859179601195, -33.44530749490895261 ) ) ;
#2074 = ORIENTED_EDGE ( 'NONE', *, *, #4830, .T. ) ;
#2075 = EDGE_CURVE ( 'NONE', #4875, #2066, #279, .T. ) ;
#2076 = CARTESIAN_POINT ( 'NONE',  ( 20.00000000000008171, -19.69067517619934549, -35.13660617934323938 ) ) ;
#2077 = DIRECTION ( 'NONE',  ( -5.959546391659772303E-17, -0.8090169943749423442, -0.5877852522924802425 ) ) ;
#2078 = CARTESIAN_POINT ( 'NONE',  ( 24.45953615552160088, -19.94279231969264998, 34.95343235255619163 ) ) ;
#2079 = CARTESIAN_POINT ( 'NONE',  ( 24.81118820077485765, 7.912788908719457837, -34.09436179532367817 ) ) ;
#2080 = EDGE_CURVE ( 'NONE', #5571, #7899, #5874, .T. ) ;
#2081 = LINE ( 'NONE', #2007, #6843 ) ;
#2082 = CARTESIAN_POINT ( 'NONE',  ( 20.00000000000006395, 16.92785292446637158, 31.33390758258198971 ) ) ;
#2083 = CARTESIAN_POINT ( 'NONE',  ( 15.04754234242349220, -23.62158384054559335, 25.82967097784994337 ) ) ;
#2084 = ORIENTED_EDGE ( 'NONE', *, *, #697, .T. ) ;
#2085 = EDGE_CURVE ( 'NONE', #2172, #2600, #5260, .T. ) ;
#2086 = VECTOR ( 'NONE', #419, 1000.000000000000227 ) ;
#2087 = CARTESIAN_POINT ( 'NONE',  ( 24.45953615552155114, -14.92451753976471807, -31.65847084439259973 ) ) ;
#2088 = CARTESIAN_POINT ( 'NONE',  ( 15.00000000000006573, -16.56360523921247108, -30.83256365402549193 ) ) ;
#2089 = DIRECTION ( 'NONE',  ( 0.000000000000000000, 1.000000000000000000, 0.000000000000000000 ) ) ;
#2090 = DIRECTION ( 'NONE',  ( -0.8191520442889922426, -0.5735764363510454933, -2.002631423919821936E-15 ) ) ;
#2091 = EDGE_LOOP ( 'NONE', ( #4569, #3170, #7965, #5372 ) ) ;
#2092 = DIRECTION ( 'NONE',  ( 0.4226182617407007736, 0.8619499266302425022, 0.2800645083286850689 ) ) ;
#2093 = ORIENTED_EDGE ( 'NONE', *, *, #4239, .T. ) ;
#2094 = ORIENTED_EDGE ( 'NONE', *, *, #2680, .T. ) ;
#2095 = LINE ( 'NONE', #2636, #829 ) ;
#2096 = EDGE_CURVE ( 'NONE', #4442, #3012, #7583, .T. ) ;
#2097 = VECTOR ( 'NONE', #5042, 1000.000000000000114 ) ;
#2098 = VECTOR ( 'NONE', #6352, 1000.000000000000000 ) ;
#2099 = DIRECTION ( 'NONE',  ( -1.000000000000000000, 1.481484572605565909E-33, -0.000000000000000000 ) ) ;
#2100 = B_SPLINE_CURVE_WITH_KNOTS ( 'NONE', 3,
 ( #4313, #3696, #3732, #8048, #6780, #6127, #2339, #3655, #8089, #4900, #6904, #514, #5494, #3081 ),
 .UNSPECIFIED., .F., .F.,
 ( 4, 2, 2, 2, 2, 2, 4 ),
 ( 0.000000000000000000, 0.001196801401550990534, 0.001795202102326486342, 0.002393602803101981934, 0.002992003503877475358, 0.003590404204652967914, 0.004787205606203954328 ),
 .UNSPECIFIED. ) ;
#2101 = DIRECTION ( 'NONE',  ( -0.000000000000000000, 0.9510565162951576390, -0.3090169943749349613 ) ) ;
#2102 = AXIS2_PLACEMENT_3D ( 'NONE', #5857, #827, #1517 ) ;
#2103 = VECTOR ( 'NONE', #591, 999.9999999999998863 ) ;
#2104 = VERTEX_POINT ( 'NONE', #5644 ) ;
#2105 = VECTOR ( 'NONE', #5048, 1000.000000000000114 ) ;
#2106 = LINE ( 'NONE', #161, #7731 ) ;
#2107 = ORIENTED_EDGE ( 'NONE', *, *, #1561, .F. ) ;
#2108 = VECTOR ( 'NONE', #1738, 1000.000000000000000 ) ;
#2109 = AXIS2_PLACEMENT_3D ( 'NONE', #3668, #1268, #1183 ) ;
#2110 = CARTESIAN_POINT ( 'NONE',  ( 17.13211781824483282, -0.6269278581191499722, 34.99438471327527367 ) ) ;
#2111 = VERTEX_POINT ( 'NONE', #7461 ) ;
#2112 = DIRECTION ( 'NONE',  ( 0.000000000000000000, -1.000000000000000000, -4.163336342344337027E-15 ) ) ;
#2113 = B_SPLINE_CURVE_WITH_KNOTS ( 'NONE', 3,
 ( #3515, #4721, #6604, #3983, #7183, #2205, #2787, #4646, #5412, #5304, #878, #4019, #426, #6523 ),
 .UNSPECIFIED., .F., .F.,
 ( 4, 2, 2, 2, 2, 2, 4 ),
 ( 0.000000000000000000, 0.001196801401550995087, 0.001795202102326491763, 0.002393602803101988873, 0.002992003503877486200, 0.003590404204652982659, 0.004787205606203976879 ),
 .UNSPECIFIED. ) ;
#2114 = CIRCLE ( 'NONE', #5022, 5.000000000000002665 ) ;
#2115 = ORIENTED_EDGE ( 'NONE', *, *, #1867, .F. ) ;
#2116 = EDGE_LOOP ( 'NONE', ( #783, #5843, #4462, #660 ) ) ;
#2117 = DIRECTION ( 'NONE',  ( -0.000000000000000000, -0.8090169943749551118, 0.5877852522924625900 ) ) ;
#2118 = ORIENTED_EDGE ( 'NONE', *, *, #6172, .T. ) ;
#2119 = DIRECTION ( 'NONE',  ( -0.000000000000000000, -0.9510565162951533091, -0.3090169943749481174 ) ) ;
#2120 = ADVANCED_FACE ( 'NONE', ( #7427 ), #3187, .T. ) ;
#2121 = FACE_OUTER_BOUND ( 'NONE', #6665, .T. ) ;
#2122 = VECTOR ( 'NONE', #1703, 1000.000000000000114 ) ;
#2123 = DIRECTION ( 'NONE',  ( -0.000000000000000000, 1.000000000000000000, -0.000000000000000000 ) ) ;
#2124 = CARTESIAN_POINT ( 'NONE',  ( 15.18006210666842826, -4.916035660717140487, 34.65313535984937232 ) ) ;
#2125 = CARTESIAN_POINT ( 'NONE',  ( 24.99999999999999645, 36.60129074203556598, -16.79552914386384188 ) ) ;
#2126 = CARTESIAN_POINT ( 'NONE',  ( 24.81993129918793528, -30.76382728072920614, -16.69113863640323459 ) ) ;
#2127 = ORIENTED_EDGE ( 'NONE', *, *, #606, .F. ) ;
#2128 = FACE_OUTER_BOUND ( 'NONE', #6412, .T. ) ;
#2129 = DIRECTION ( 'NONE',  ( -0.000000000000000000, 0.5877852522924713607, 0.8090169943749486725 ) ) ;
#2130 = VECTOR ( 'NONE', #2669, 1000.000000000000000 ) ;
#2131 = EDGE_CURVE ( 'NONE', #3229, #3100, #1008, .T. ) ;
#2132 = CARTESIAN_POINT ( 'NONE',  ( 24.99999999999999645, -27.28391829224439391, -29.61979213005267653 ) ) ;
#2133 = CARTESIAN_POINT ( 'NONE',  ( 19.32833852793591944, -28.86874364165762685, -19.84845737240184960 ) ) ;
#2134 = CARTESIAN_POINT ( 'NONE',  ( 23.70474528246986523, -23.65542331968030965, -25.79575444848871513 ) ) ;
#2135 = EDGE_CURVE ( 'NONE', #3824, #7895, #2474, .T. ) ;
#2136 = CARTESIAN_POINT ( 'NONE',  ( 20.00000000000006040, -35.13660617934317543, 19.69067517619947338 ) ) ;
#2137 = VERTEX_POINT ( 'NONE', #5163 ) ;
#2138 = AXIS2_PLACEMENT_3D ( 'NONE', #1937, #3244, #3166 ) ;
#2139 = LINE ( 'NONE', #1536, #4252 ) ;
#2140 = VECTOR ( 'NONE', #1455, 1000.000000000000114 ) ;
#2141 = EDGE_CURVE ( 'NONE', #3257, #6607, #1409, .T. ) ;
#2142 = DIRECTION ( 'NONE',  ( -0.000000000000000000, -0.9510565162951556406, 0.3090169943749411785 ) ) ;
#2143 = VECTOR ( 'NONE', #3063, 1000.000000000000114 ) ;
#2144 = ORIENTED_EDGE ( 'NONE', *, *, #386, .T. ) ;
#2145 = FACE_OUTER_BOUND ( 'NONE', #1515, .T. ) ;
#2147 = ADVANCED_FACE ( 'NONE', ( #125 ), #3913, .F. ) ;
#2146 = ORIENTED_EDGE ( 'NONE', *, *, #8076, .F. ) ;
#2148 = ORIENTED_EDGE ( 'NONE', *, *, #1252, .F. ) ;
#2149 = DIRECTION ( 'NONE',  ( 1.591994415048438627E-17, -0.9510565162951511997, -0.3090169943749548342 ) ) ;
#2150 = AXIS2_PLACEMENT_3D ( 'NONE', #1139, #6136, #4322 ) ;
#2151 = ORIENTED_EDGE ( 'NONE', *, *, #612, .T. ) ;
#2152 = CARTESIAN_POINT ( 'NONE',  ( 15.47020472364244625, 8.316496287884856287, 33.99804815554347215 ) ) ;
#2153 = DIRECTION ( 'NONE',  ( -3.482449358461114141E-16, -0.3090169943749517256, 0.9510565162951521989 ) ) ;
#2154 = VERTEX_POINT ( 'NONE', #2065 ) ;
#2155 =( BOUNDED_CURVE ( )  B_SPLINE_CURVE ( 3, ( #381, #2169, #5871, #5908 ),
 .UNSPECIFIED., .F., .T. ) 
 B_SPLINE_CURVE_WITH_KNOTS ( ( 4, 4 ),
 ( 1.427448757889531183, 1.434720266952593359 ),
 .UNSPECIFIED. ) 
 CURVE ( )  GEOMETRIC_REPRESENTATION_ITEM ( )  RATIONAL_B_SPLINE_CURVE ( ( 1.000000000000000000, 0.9999955937678493001, 0.9999955937678493001, 1.000000000000000000 ) ) 
 REPRESENTATION_ITEM ( '' )  );
#2156 = DIRECTION ( 'NONE',  ( 0.000000000000000000, -0.9510565162951545304, 0.3090169943749442871 ) ) ;
#2157 = DIRECTION ( 'NONE',  ( 2.984952394164423029E-16, -0.3090169943749445092, -0.9510565162951544194 ) ) ;
#2158 = CARTESIAN_POINT ( 'NONE',  ( 24.99999999999999645, 16.79552914386421492, 36.60129074203539545 ) ) ;
#2159 = FACE_OUTER_BOUND ( 'NONE', #2789, .T. ) ;
#2160 = CARTESIAN_POINT ( 'NONE',  ( 24.99999999999999289, -30.80405017042471272, -16.61657284454159367 ) ) ;
#2161 = ORIENTED_EDGE ( 'NONE', *, *, #3871, .T. ) ;
#2162 = EDGE_CURVE ( 'NONE', #448, #671, #5569, .T. ) ;
#2163 = DIRECTION ( 'NONE',  ( -0.5735764363510443831, 2.838517995258262316E-34, -0.8191520442889930198 ) ) ;
#2164 = DIRECTION ( 'NONE',  ( 0.000000000000000000, 0.3090169943749485060, -0.9510565162951533091 ) ) ;
#2165 = LINE ( 'NONE', #2132, #3140 ) ;
#2166 = CARTESIAN_POINT ( 'NONE',  ( 15.00000000000007105, -35.29960603646036077, 19.46632511982397773 ) ) ;
#2167 = ORIENTED_EDGE ( 'NONE', *, *, #6, .T. ) ;
#2168 = ORIENTED_EDGE ( 'NONE', *, *, #7792, .F. ) ;
#2169 = CARTESIAN_POINT ( 'NONE',  ( 15.18006210666844602, -25.14540215338000451, -24.34575830468785540 ) ) ;
#2170 = CARTESIAN_POINT ( 'NONE',  ( -12.50000000000000000, -1.250000000000000000, -5.000000000000000888 ) ) ;
#2171 = VERTEX_POINT ( 'NONE', #6499 ) ;
#2172 = VERTEX_POINT ( 'NONE', #4145 ) ;
#2173 = EDGE_CURVE ( 'NONE', #2497, #2977, #769, .T. ) ;
#2174 = ADVANCED_FACE ( 'NONE', ( #3227 ), #3343, .F. ) ;
#2175 = CARTESIAN_POINT ( 'NONE',  ( 15.54046384447841511, 7.845084767480003940, 39.50946640995965708 ) ) ;
#2176 = VERTEX_POINT ( 'NONE', #5766 ) ;
#2177 = VERTEX_POINT ( 'NONE', #6424 ) ;
#2178 = CARTESIAN_POINT ( 'NONE',  ( 15.54046384447847551, 35.15147096907344348, -19.67021554836304276 ) ) ;
#2179 = ORIENTED_EDGE ( 'NONE', *, *, #5841, .T. ) ;
#2180 = EDGE_CURVE ( 'NONE', #2832, #2414, #7728, .T. ) ;
#2181 = CARTESIAN_POINT ( 'NONE',  ( 8.033763659851169692, 2.513521739311040622E-32, 0.000000000000000000 ) ) ;
#2182 = VERTEX_POINT ( 'NONE', #817 ) ;
#2183 = EDGE_CURVE ( 'NONE', #207, #4620, #3957, .T. ) ;
#2184 = EDGE_LOOP ( 'NONE', ( #4433, #4723, #1714, #7369 ) ) ;
#2185 = CARTESIAN_POINT ( 'NONE',  ( 24.99999999999999645, -16.79552914386396623, -36.60129074203550914 ) ) ;
#2186 = PLANE ( 'NONE',  #5515 ) ;
#2187 = ORIENTED_EDGE ( 'NONE', *, *, #4381, .F. ) ;
#2188 = LINE ( 'NONE', #2695, #1124 ) ;
#2189 = ORIENTED_EDGE ( 'NONE', *, *, #1940, .F. ) ;
#2190 = EDGE_CURVE ( 'NONE', #4965, #7071, #4343, .T. ) ;
#2191 = FACE_OUTER_BOUND ( 'NONE', #4689, .T. ) ;
#2192 = CARTESIAN_POINT ( 'NONE',  ( 23.70474528247000734, 14.52631798659640339, 31.84314817589940105 ) ) ;
#2193 = CARTESIAN_POINT ( 'NONE',  ( 15.75577990824709396, 29.48408940503162512, -18.86043239871994714 ) ) ;
#2194 = LINE ( 'NONE', #5858, #3923 ) ;
#2195 = LINE ( 'NONE', #2941, #2755 ) ;
#2196 = DIRECTION ( 'NONE',  ( 0.8191520442889925757, -0.5455036073850119127, -0.1772448664054994960 ) ) ;
#2197 = ORIENTED_EDGE ( 'NONE', *, *, #6855, .F. ) ;
#2198 =( BOUNDED_CURVE ( )  B_SPLINE_CURVE ( 3, ( #6619, #7886, #6659, #6046 ),
 .UNSPECIFIED., .F., .T. ) 
 B_SPLINE_CURVE_WITH_KNOTS ( ( 4, 4 ),
 ( 4.704103044437398573, 4.835908513616244520 ),
 .UNSPECIFIED. ) 
 CURVE ( )  GEOMETRIC_REPRESENTATION_ITEM ( )  RATIONAL_B_SPLINE_CURVE ( ( 1.000000000000000000, 0.9985528004245092237, 0.9985528004245092237, 1.000000000000000000 ) ) 
 REPRESENTATION_ITEM ( '' )  );
#2199 = CARTESIAN_POINT ( 'NONE',  ( 24.45953615552161864, -25.49706543986530605, 23.97706516559577494 ) ) ;
#2200 = CARTESIAN_POINT ( 'NONE',  ( 16.50278156089886750, -34.98317087662548630, -1.126696844756484683 ) ) ;
#2201 = DIRECTION ( 'NONE',  ( 0.000000000000000000, -0.5877852522924771339, 0.8090169943749445647 ) ) ;
#2202 = DIRECTION ( 'NONE',  ( 1.000000000000000000, -1.481484572605566251E-33, 0.000000000000000000 ) ) ;
#2203 = VERTEX_POINT ( 'NONE', #7120 ) ;
#2204 = DIRECTION ( 'NONE',  ( 8.707947832763578458E-34, 0.5877852522924653655, 0.8090169943749532244 ) ) ;
#2205 = CARTESIAN_POINT ( 'NONE',  ( 15.38892734875748580, 34.89001946444719238, 2.778882893066146664 ) ) ;
#2206 = CARTESIAN_POINT ( 'NONE',  ( 16.50278156089889947, 33.61914109542002649, -9.738841941904748722 ) ) ;
#2207 = VERTEX_POINT ( 'NONE', #889 ) ;
#2208 = ORIENTED_EDGE ( 'NONE', *, *, #7757, .T. ) ;
#2209 = VECTOR ( 'NONE', #5328, 1000.000000000000000 ) ;
#2210 = DIRECTION ( 'NONE',  ( 0.000000000000000000, -1.000000000000000000, 0.000000000000000000 ) ) ;
#2211 = DIRECTION ( 'NONE',  ( -1.000000000000000000, 1.481484572605565909E-33, -0.000000000000000000 ) ) ;
#2212 = EDGE_CURVE ( 'NONE', #6249, #663, #5516, .T. ) ;
#2213 = EDGE_CURVE ( 'NONE', #2275, #6614, #2917, .T. ) ;
#2214 = CIRCLE ( 'NONE', #6021, 35.00000000000000000 ) ;
#2215 = ORIENTED_EDGE ( 'NONE', *, *, #3790, .F. ) ;
#2216 = DIRECTION ( 'NONE',  ( 8.157165877333707856E-17, 0.8090169943749551118, -0.5877852522924625900 ) ) ;
#2217 = ORIENTED_EDGE ( 'NONE', *, *, #6309, .T. ) ;
#2218 = CARTESIAN_POINT ( 'NONE',  ( 22.86788218175522402, 23.27679157156292788, -32.53114010773435893 ) ) ;
#2219 = CIRCLE ( 'NONE', #5896, 35.00000000000000000 ) ;
#2220 = DIRECTION ( 'NONE',  ( 0.000000000000000000, -0.5877852522924831291, 0.8090169943749402348 ) ) ;
#2221 = ORIENTED_EDGE ( 'NONE', *, *, #5691, .F. ) ;
#2222 = ADVANCED_FACE ( 'NONE', ( #3579 ), #7233, .T. ) ;
#2223 = CARTESIAN_POINT ( 'NONE',  ( 23.70474528246988299, 25.77180651025911828, -23.63802412409831533 ) ) ;
#2224 = AXIS2_PLACEMENT_3D ( 'NONE', #753, #2503, #5021 ) ;
#2225 = VECTOR ( 'NONE', #5560, 1000.000000000000000 ) ;
#2226 = EDGE_CURVE ( 'NONE', #3351, #5222, #7567, .T. ) ;
#2227 = VERTEX_POINT ( 'NONE', #6706 ) ;
#2228 = CARTESIAN_POINT ( 'NONE',  ( 15.00000000000007816, 34.68525806487559038, -6.304195401676985888 ) ) ;
#2229 = CIRCLE ( 'NONE', #7869, 35.00000000000000000 ) ;
#2230 = CARTESIAN_POINT ( 'NONE',  ( 24.61076051292646483, -22.49766677705661166, -26.81213503771708062 ) ) ;
#2231 = CIRCLE ( 'NONE', #5651, 35.00000000000000000 ) ;
#2232 = VERTEX_POINT ( 'NONE', #8023 ) ;
#2233 = CARTESIAN_POINT ( 'NONE',  ( 24.34597678335756754, 19.00072536522420918, -29.39394116929661749 ) ) ;
#2234 = PLANE ( 'NONE',  #3938 ) ;
#2235 = LINE ( 'NONE', #7903, #560 ) ;
#2236 = CARTESIAN_POINT ( 'NONE',  ( 24.99999999999999645, 7.925830406131910699, -39.48323056157681066 ) ) ;
#2237 = VECTOR ( 'NONE', #3072, 999.9999999999998863 ) ;
#2238 = VECTOR ( 'NONE', #1832, 1000.000000000000000 ) ;
#2239 = EDGE_CURVE ( 'NONE', #1571, #804, #2231, .T. ) ;
#2240 = CARTESIAN_POINT ( 'NONE',  ( 15.54046384447848617, -39.99999999999997868, -4.747977570363820732 ) ) ;
#2241 = VERTEX_POINT ( 'NONE', #7281 ) ;
#2242 = ORIENTED_EDGE ( 'NONE', *, *, #2061, .F. ) ;
#2243 = AXIS2_PLACEMENT_3D ( 'NONE', #8104, #5037, #7489 ) ;
#2244 = CARTESIAN_POINT ( 'NONE',  ( 20.67025973870255839, 12.00683103969298138, -32.91206543455955824 ) ) ;
#2245 = DIRECTION ( 'NONE',  ( 1.000000000000000000, -1.481484572605565909E-33, 0.000000000000000000 ) ) ;
#2246 = CARTESIAN_POINT ( 'NONE',  ( 15.00000000000007283, 39.99999999999997868, 0.000000000000000000 ) ) ;
#2247 = LINE ( 'NONE', #2852, #7605 ) ;
#2248 = CARTESIAN_POINT ( 'NONE',  ( 24.99999999999999289, 30.67029748935819455, 16.86217221814166933 ) ) ;
#2249 = PLANE ( 'NONE',  #5859 ) ;
#2250 = ORIENTED_EDGE ( 'NONE', *, *, #1094, .F. ) ;
#2251 = CARTESIAN_POINT ( 'NONE',  ( 22.86788218175523468, 38.13187695210801564, 12.08486916289618662 ) ) ;
#2252 = CARTESIAN_POINT ( 'NONE',  ( 20.67025973870254418, -19.56898204463996294, -29.05895704461918427 ) ) ;
#2253 = DIRECTION ( 'NONE',  ( 6.938893903907228378E-16, -0.9510565162951500895, -0.3090169943749582204 ) ) ;
#2254 = LINE ( 'NONE', #7184, #4881 ) ;
#2255 = ORIENTED_EDGE ( 'NONE', *, *, #1040, .T. ) ;
#2256 = ORIENTED_EDGE ( 'NONE', *, *, #1052, .F. ) ;
#2257 = DIRECTION ( 'NONE',  ( 0.000000000000000000, -0.5877852522924679191, -0.8090169943749511150 ) ) ;
#2258 = B_SPLINE_CURVE_WITH_KNOTS ( 'NONE', 3,
 ( #5860, #755, #5210, #2079, #4585, #7096, #1479, #4567, #2753, #849, #236, #2037, #2073, #324 ),
 .UNSPECIFIED., .F., .F.,
 ( 4, 2, 2, 2, 2, 2, 4 ),
 ( 8.673617379884035472E-19, 0.001196137445628219984, 0.001794206168442331927, 0.002392274891256444304, 0.002990343614070556030, 0.003588412336884668190, 0.004784549782512888608 ),
 .UNSPECIFIED. ) ;
#2259 = CARTESIAN_POINT ( 'NONE',  ( 24.34597678335757465, -8.987536319960744535, 33.82684633196142698 ) ) ;
#2260 = AXIS2_PLACEMENT_3D ( 'NONE', #550, #6244, #3034 ) ;
#2261 = CARTESIAN_POINT ( 'NONE',  ( 15.24782577960348817, -3.155139108370126344, 34.85800834198237652 ) ) ;
#2262 = ORIENTED_EDGE ( 'NONE', *, *, #2865, .T. ) ;
#2263 = DIRECTION ( 'NONE',  ( -2.806841545212810402E-16, -0.8090169943749551118, 0.5877852522924625900 ) ) ;
#2264 = ORIENTED_EDGE ( 'NONE', *, *, #653, .T. ) ;
#2265 = CARTESIAN_POINT ( 'NONE',  ( 25.00000000000000000, -34.95455853997906104, 4.385764661113933371 ) ) ;
#2266 = EDGE_LOOP ( 'NONE', ( #1334, #2450, #2094, #444, #4603, #5769, #442, #2320, #5852, #934 ) ) ;
#2267 = EDGE_CURVE ( 'NONE', #3216, #2520, #1079, .T. ) ;
#2268 = VERTEX_POINT ( 'NONE', #1048 ) ;
#2269 = CIRCLE ( 'NONE', #850, 5.000000000000001776 ) ;
#2270 = VERTEX_POINT ( 'NONE', #2218 ) ;
#2271 = DIRECTION ( 'NONE',  ( 0.000000000000000000, -1.000000000000000000, 0.000000000000000000 ) ) ;
#2272 = VECTOR ( 'NONE', #5701, 1000.000000000000114 ) ;
#2273 = AXIS2_PLACEMENT_3D ( 'NONE', #405, #3639, #5354 ) ;
#2274 = CARTESIAN_POINT ( 'NONE',  ( 15.00000000000006217, -24.35545014408910092, 25.48768437830969091 ) ) ;
#2275 = VERTEX_POINT ( 'NONE', #2353 ) ;
#2276 = EDGE_CURVE ( 'NONE', #7444, #2871, #36, .T. ) ;
#2277 = AXIS2_PLACEMENT_3D ( 'NONE', #6763, #4924, #7334 ) ;
#2278 = CARTESIAN_POINT ( 'NONE',  ( 15.47020472364245158, -33.99804815554348636, 8.316496287884760363 ) ) ;
#2279 = ORIENTED_EDGE ( 'NONE', *, *, #5233, .T. ) ;
#2280 = LINE ( 'NONE', #2528, #3329 ) ;
#2281 = CARTESIAN_POINT ( 'NONE',  ( 20.00000000000006040, 7.869136502498985664, 39.50165152752341413 ) ) ;
#2282 = EDGE_CURVE ( 'NONE', #1639, #529, #5962, .T. ) ;
#2283 = CARTESIAN_POINT ( 'NONE',  ( 24.99999999999999645, -16.79552914386396623, -36.60129074203550914 ) ) ;
#2284 = DIRECTION ( 'NONE',  ( 0.000000000000000000, -0.5877852522924744694, 0.8090169943749464521 ) ) ;
#2285 = AXIS2_PLACEMENT_3D ( 'NONE', #5530, #6813, #4167 ) ;
#2286 = DIRECTION ( 'NONE',  ( 0.000000000000000000, 0.9510565162951544194, -0.3090169943749445647 ) ) ;
#2287 = EDGE_LOOP ( 'NONE', ( #4051, #6978, #4822, #6754, #5301, #158, #8, #3788, #1335, #2797 ) ) ;
#2288 = LINE ( 'NONE', #5653, #6890 ) ;
#2289 = EDGE_CURVE ( 'NONE', #7318, #2018, #4286, .T. ) ;
#2290 = ORIENTED_EDGE ( 'NONE', *, *, #2875, .T. ) ;
#2291 = VECTOR ( 'NONE', #8060, 1000.000000000000000 ) ;
#2292 = FACE_OUTER_BOUND ( 'NONE', #3172, .T. ) ;
#2293 = CARTESIAN_POINT ( 'NONE',  ( 16.29525471753019872, 16.90825193742106336, 30.60856315976468878 ) ) ;
#2294 = EDGE_CURVE ( 'NONE', #4022, #4632, #5781, .T. ) ;
#2295 = CARTESIAN_POINT ( 'NONE',  ( 24.99999999999999289, -39.99999999999997868, -0.3369234184500283780 ) ) ;
#2296 = CARTESIAN_POINT ( 'NONE',  ( 15.00000000000007105, 36.49717567993136669, 17.11596235647368758 ) ) ;
#2297 = LINE ( 'NONE', #2749, #7315 ) ;
#2298 = CARTESIAN_POINT ( 'NONE',  ( 15.00000000000007105, -39.99999999999997868, -5.000000000000000000 ) ) ;
#2299 = DIRECTION ( 'NONE',  ( 3.299640131595842622E-16, 0.000000000000000000, -1.000000000000000000 ) ) ;
#2300 = CARTESIAN_POINT ( 'NONE',  ( 15.54046384447846663, 16.87627478251605595, -36.57505489365244244 ) ) ;
#2301 = DIRECTION ( 'NONE',  ( -1.294263746606794336E-17, -0.9510565162951533091, -0.3090169943749481729 ) ) ;
#2302 = EDGE_CURVE ( 'NONE', #2994, #441, #7414, .T. ) ;
#2303 = ORIENTED_EDGE ( 'NONE', *, *, #1373, .F. ) ;
#2304 = ORIENTED_EDGE ( 'NONE', *, *, #252, .T. ) ;
#2305 = CARTESIAN_POINT ( 'NONE',  ( 23.70474528246982615, -34.27185102150600216, -6.955747469063678246 ) ) ;
#2306 = LINE ( 'NONE', #2748, #3206 ) ;
#2307 = CARTESIAN_POINT ( 'NONE',  ( 15.00000000000007105, 39.58734562368096022, -7.605397193521604038 ) ) ;
#2308 = ORIENTED_EDGE ( 'NONE', *, *, #4115, .F. ) ;
#2309 = EDGE_LOOP ( 'NONE', ( #954, #5300, #5074, #6387 ) ) ;
#2310 = EDGE_CURVE ( 'NONE', #969, #4994, #1131, .T. ) ;
#2311 = DIRECTION ( 'NONE',  ( 0.000000000000000000, -0.5877852522924625900, -0.8090169943749551118 ) ) ;
#2312 = CARTESIAN_POINT ( 'NONE',  ( 17.13211781824487900, -33.08790625289402954, -11.41010340880820095 ) ) ;
#2313 = ORIENTED_EDGE ( 'NONE', *, *, #1636, .T. ) ;
#2314 = ORIENTED_EDGE ( 'NONE', *, *, #70, .F. ) ;
#2315 = ORIENTED_EDGE ( 'NONE', *, *, #3662, .F. ) ;
#2316 = DIRECTION ( 'NONE',  ( 0.000000000000000000, 1.000000000000000000, 3.491481338843133355E-15 ) ) ;
#2317 = EDGE_CURVE ( 'NONE', #7802, #6785, #1345, .T. ) ;
#2318 = DIRECTION ( 'NONE',  ( 1.000000000000000000, -1.072118069236030918E-16, 3.299640131595842622E-16 ) ) ;
#2319 = DIRECTION ( 'NONE',  ( 0.000000000000000000, -1.000000000000000000, 0.000000000000000000 ) ) ;
#2320 = ORIENTED_EDGE ( 'NONE', *, *, #6465, .T. ) ;
#2321 = DIRECTION ( 'NONE',  ( -0.000000000000000000, -0.3090169943749515591, 0.9510565162951521989 ) ) ;
#2322 = LINE ( 'NONE', #1152, #3724 ) ;
#2323 = EDGE_LOOP ( 'NONE', ( #4113, #7650, #7966, #6255, #7186, #4055, #6854, #4045, #886, #4656 ) ) ;
#2324 = CARTESIAN_POINT ( 'NONE',  ( 23.49692031861293628, 34.99240228286425491, -0.7895023778401168979 ) ) ;
#2325 = DIRECTION ( 'NONE',  ( 1.198546196142200808E-33, 0.8090169943749422332, 0.5877852522924802425 ) ) ;
#2326 = CARTESIAN_POINT ( 'NONE',  ( 15.00000000000006395, 30.64107592640781874, -16.92005285224535882 ) ) ;
#2327 = CARTESIAN_POINT ( 'NONE',  ( 24.99999999999999289, 23.23883332036986715, 32.55871839151482305 ) ) ;
#2328 = EDGE_CURVE ( 'NONE', #7232, #4152, #1226, .T. ) ;
#2329 = ADVANCED_FACE ( 'NONE', ( #6258 ), #4991, .F. ) ;
#2330 = DIRECTION ( 'NONE',  ( 2.806841545212825686E-16, 0.8090169943749507819, -0.5877852522924685852 ) ) ;
#2331 = EDGE_CURVE ( 'NONE', #95, #321, #7097, .T. ) ;
#2332 = EDGE_LOOP ( 'NONE', ( #7578, #1654, #3412, #174, #7924, #6452, #6176, #2664, #3303, #1425, #5110 ) ) ;
#2333 = LINE ( 'NONE', #5486, #83 ) ;
#2334 = CARTESIAN_POINT ( 'NONE',  ( 25.00000000000000000, 23.66367939513879648, 25.79135174142157894 ) ) ;
#2335 = CARTESIAN_POINT ( 'NONE',  ( 15.00000000000006928, -14.37677961951787253, 37.38719010274947152 ) ) ;
#2336 = CARTESIAN_POINT ( 'NONE',  ( -7.500000000000000000, 4.814824860968089633E-32, 0.000000000000000000 ) ) ;
#2337 = DIRECTION ( 'NONE',  ( 3.299640131595842622E-16, 0.000000000000000000, -1.000000000000000000 ) ) ;
#2338 = EDGE_CURVE ( 'NONE', #4074, #6390, #6106, .T. ) ;
#2339 = CARTESIAN_POINT ( 'NONE',  ( 15.47020472364243560, -29.76412655303349553, 18.41543264297803972 ) ) ;
#2340 = FACE_OUTER_BOUND ( 'NONE', #6935, .T. ) ;
#2341 = DIRECTION ( 'NONE',  ( -0.000000000000000000, 0.8090169943749551118, -0.5877852522924624790 ) ) ;
#2342 = CARTESIAN_POINT ( 'NONE',  ( 24.75193471525578559, -13.46024161111501627, -32.30878350329305704 ) ) ;
#2343 = CARTESIAN_POINT ( 'NONE',  ( 16.50278156089888881, 21.47410881462497656, -27.63972396716016178 ) ) ;
#2344 = EDGE_LOOP ( 'NONE', ( #7548, #2706, #3443, #6795 ) ) ;
#2345 = EDGE_CURVE ( 'NONE', #7597, #3431, #1464, .T. ) ;
#2346 = ORIENTED_EDGE ( 'NONE', *, *, #4541, .F. ) ;
#2347 = DIRECTION ( 'NONE',  ( 5.019539109668773835E-18, 0.3090169943749581649, -0.9510565162951499785 ) ) ;
#2348 = DIRECTION ( 'NONE',  ( 0.9063077870366492705, 0.4226182617407007736, 0.000000000000000000 ) ) ;
#2349 = DIRECTION ( 'NONE',  ( 0.8978821065938834556, 0.000000000000000000, -0.4402359851926352374 ) ) ;
#2350 = ORIENTED_EDGE ( 'NONE', *, *, #8015, .T. ) ;
#2351 = ORIENTED_EDGE ( 'NONE', *, *, #7599, .T. ) ;
#2352 = EDGE_CURVE ( 'NONE', #7367, #841, #7450, .T. ) ;
#2353 = CARTESIAN_POINT ( 'NONE',  ( 24.99999999999999645, 4.663076581549830735, 39.99999999999999289 ) ) ;
#2354 = DIRECTION ( 'NONE',  ( 0.000000000000000000, 0.8090169943749422332, 0.5877852522924802425 ) ) ;
#2355 = ORIENTED_EDGE ( 'NONE', *, *, #568, .F. ) ;
#2356 = VERTEX_POINT ( 'NONE', #2524 ) ;
#2357 = VECTOR ( 'NONE', #4222, 1000.000000000000000 ) ;
#2358 = ORIENTED_EDGE ( 'NONE', *, *, #2131, .F. ) ;
#2359 = DIRECTION ( 'NONE',  ( -0.5735764363510452712, 0.4814854910182969072, 0.6627079248067772044 ) ) ;
#2360 = DIRECTION ( 'NONE',  ( 3.299640131595842622E-16, 0.000000000000000000, -1.000000000000000000 ) ) ;
#2361 = CARTESIAN_POINT ( 'NONE',  ( 15.00000000000006573, 1.481484572605556398E-32, 0.000000000000000000 ) ) ;
#2362 = CARTESIAN_POINT ( 'NONE',  ( 17.13211781824484703, -33.47536897770587672, 10.21761575938567290 ) ) ;
#2363 = ORIENTED_EDGE ( 'NONE', *, *, #3884, .T. ) ;
#2364 = CIRCLE ( 'NONE', #3531, 5.000000000000000888 ) ;
#2365 = CARTESIAN_POINT ( 'NONE',  ( 24.81118820077486120, 18.06124666082865104, -29.98047870867119613 ) ) ;
#2366 = CYLINDRICAL_SURFACE ( 'NONE', #4202, 5.000000000000000000 ) ;
#2367 = DIRECTION ( 'NONE',  ( 0.000000000000000000, 0.000000000000000000, -1.000000000000000000 ) ) ;
#2368 = CARTESIAN_POINT ( 'NONE',  ( 16.05646280002832071, -30.71599551872416711, 16.77963072772262265 ) ) ;
#2369 = ORIENTED_EDGE ( 'NONE', *, *, #5481, .T. ) ;
#2370 = DIRECTION ( 'NONE',  ( 6.393519583917863173E-16, 0.5877852522924827960, -0.8090169943749404569 ) ) ;
#2371 = AXIS2_PLACEMENT_3D ( 'NONE', #2896, #3468, #4762 ) ;
#2372 = CIRCLE ( 'NONE', #3685, 35.00000000000000000 ) ;
#2373 = VERTEX_POINT ( 'NONE', #1228 ) ;
#2374 = DIRECTION ( 'NONE',  ( -1.000000000000000000, 1.481484572605565909E-33, -0.000000000000000000 ) ) ;
#2375 = ORIENTED_EDGE ( 'NONE', *, *, #5784, .T. ) ;
#2376 = EDGE_CURVE ( 'NONE', #529, #6796, #3138, .T. ) ;
#2377 = CARTESIAN_POINT ( 'NONE',  ( 24.99999999999999645, -29.78279198716975529, 27.05956823586901905 ) ) ;
#2378 = DIRECTION ( 'NONE',  ( 1.000000000000000000, -1.481484572605566251E-33, 0.000000000000000000 ) ) ;
#2379 = CARTESIAN_POINT ( 'NONE',  ( 24.61076051292646838, 26.81213503771715878, -22.49766677705652995 ) ) ;
#2380 = CYLINDRICAL_SURFACE ( 'NONE', #7722, 35.00000000000000000 ) ;
#2381 = VECTOR ( 'NONE', #1067, 1000.000000000000000 ) ;
#2382 = LINE ( 'NONE', #1820, #4597 ) ;
#2383 = CIRCLE ( 'NONE', #6974, 35.00000000000000000 ) ;
#2384 = CARTESIAN_POINT ( 'NONE',  ( 15.00000000000007105, 36.49717567993136669, 17.11596235647368758 ) ) ;
#2385 = CARTESIAN_POINT ( 'NONE',  ( 15.00000000000007283, 39.99999999999997868, 2.119852826805230350 ) ) ;
#2386 = CARTESIAN_POINT ( 'NONE',  ( 24.95238900918760550, -14.17401111806575464, -32.00388018666600942 ) ) ;
#2387 = CARTESIAN_POINT ( 'NONE',  ( -12.50000000000000000, 1.250000000000000000, -5.000000000000000888 ) ) ;
#2388 = ORIENTED_EDGE ( 'NONE', *, *, #6194, .T. ) ;
#2389 = ORIENTED_EDGE ( 'NONE', *, *, #5049, .T. ) ;
#2390 = AXIS2_PLACEMENT_3D ( 'NONE', #7231, #1616, #3449 ) ;
#2391 = EDGE_CURVE ( 'NONE', #3518, #2177, #1609, .T. ) ;
#2392 = CARTESIAN_POINT ( 'NONE',  ( 17.13211781824485413, 34.99438471327527367, 0.6269278581189990929 ) ) ;
#2393 = CARTESIAN_POINT ( 'NONE',  ( 24.99999999999999289, 0.3369234184504473206, -39.99999999999997158 ) ) ;
#2394 = CARTESIAN_POINT ( 'NONE',  ( -12.50000000000000000, 1.250000000000000000, -5.000000000000000888 ) ) ;
#2395 = ADVANCED_FACE ( 'NONE', ( #2788 ), #346, .F. ) ;
#2396 = VECTOR ( 'NONE', #6883, 1000.000000000000000 ) ;
#2397 = VERTEX_POINT ( 'NONE', #1740 ) ;
#2398 = ORIENTED_EDGE ( 'NONE', *, *, #7557, .T. ) ;
#2399 = CARTESIAN_POINT ( 'NONE',  ( 15.18006210666843181, -15.38383548403328405, 31.43795162992786629 ) ) ;
#2400 = CARTESIAN_POINT ( 'NONE',  ( 15.47020472364246224, -32.39331260217627317, -13.25536448200286443 ) ) ;
#2401 = VERTEX_POINT ( 'NONE', #7314 ) ;
#2402 = EDGE_CURVE ( 'NONE', #7802, #448, #6270, .T. ) ;
#2403 = ORIENTED_EDGE ( 'NONE', *, *, #2671, .F. ) ;
#2404 = CARTESIAN_POINT ( 'NONE',  ( 15.24782577960348995, 17.93646206941685861, 30.05526537555856592 ) ) ;
#2405 = CARTESIAN_POINT ( 'NONE',  ( 24.19512822508734473, 16.94878470208570320, -30.62277166169540621 ) ) ;
#2406 = CARTESIAN_POINT ( 'NONE',  ( 16.10548734941334459, 9.301494859415653238, 33.74174144840563372 ) ) ;
#2407 = VECTOR ( 'NONE', #2737, 1000.000000000000114 ) ;
#2408 = FACE_OUTER_BOUND ( 'NONE', #3424, .T. ) ;
#2409 = VERTEX_POINT ( 'NONE', #3478 ) ;
#2410 = DIRECTION ( 'NONE',  ( -1.198546196142219796E-33, -0.8090169943749551118, 0.5877852522924624790 ) ) ;
#2411 = PLANE ( 'NONE',  #157 ) ;
#2412 = DIRECTION ( 'NONE',  ( 3.299640131595842622E-16, 0.000000000000000000, -1.000000000000000000 ) ) ;
#2413 = AXIS2_PLACEMENT_3D ( 'NONE', #1780, #6730, #5577 ) ;
#2414 = VERTEX_POINT ( 'NONE', #5456 ) ;
#2415 = PLANE ( 'NONE',  #2521 ) ;
#2416 = ORIENTED_EDGE ( 'NONE', *, *, #199, .F. ) ;
#2417 = CARTESIAN_POINT ( 'NONE',  ( -7.500000000000000000, -13.50000000000000000, 0.000000000000000000 ) ) ;
#2418 = ORIENTED_EDGE ( 'NONE', *, *, #4745, .T. ) ;
#2419 = PLANE ( 'NONE',  #1501 ) ;
#2420 = DIRECTION ( 'NONE',  ( 1.200305501501681531E-16, 0.9510565162951576390, -0.3090169943749350723 ) ) ;
#2421 = AXIS2_PLACEMENT_3D ( 'NONE', #5128, #6358, #4506 ) ;
#2422 = CARTESIAN_POINT ( 'NONE',  ( 24.99999999999999289, 32.55871839151507885, -23.23883332036951188 ) ) ;
#2423 = DIRECTION ( 'NONE',  ( 0.000000000000000000, -0.3090169943749347392, -0.9510565162951577500 ) ) ;
#2424 = LINE ( 'NONE', #4941, #7511 ) ;
#2425 = CARTESIAN_POINT ( 'NONE',  ( 24.45953615552155469, -34.38465223649144775, -6.534193949948506663 ) ) ;
#2426 = EDGE_CURVE ( 'NONE', #7402, #4576, #2859, .T. ) ;
#2427 = CARTESIAN_POINT ( 'NONE',  ( 16.05646280002836335, -31.62941559345139453, -14.98694289312365768 ) ) ;
#2428 = VERTEX_POINT ( 'NONE', #952 ) ;
#2429 = ORIENTED_EDGE ( 'NONE', *, *, #5112, .T. ) ;
#2430 = AXIS2_PLACEMENT_3D ( 'NONE', #6717, #3593, #577 ) ;
#2431 = CARTESIAN_POINT ( 'NONE',  ( 17.13211781824485769, 32.72917872425183816, -23.00421480023312526 ) ) ;
#2432 =( BOUNDED_CURVE ( )  B_SPLINE_CURVE ( 3, ( #5174, #7631, #5891, #7741 ),
 .UNSPECIFIED., .F., .F. ) 
 B_SPLINE_CURVE_WITH_KNOTS ( ( 4, 4 ),
 ( 4.704103044437397685, 4.835908513616244520 ),
 .UNSPECIFIED. ) 
 CURVE ( )  GEOMETRIC_REPRESENTATION_ITEM ( )  RATIONAL_B_SPLINE_CURVE ( ( 1.000000000000000000, 0.9985528004245092237, 0.9985528004245092237, 1.000000000000000000 ) ) 
 REPRESENTATION_ITEM ( '' )  );
#2433 = CARTESIAN_POINT ( 'NONE',  ( 23.70474528246987234, 30.46897100120859747, 17.22329254606998106 ) ) ;
#2434 = DIRECTION ( 'NONE',  ( 0.000000000000000000, -0.9510565162951524210, -0.3090169943749512260 ) ) ;
#2435 = ORIENTED_EDGE ( 'NONE', *, *, #3922, .T. ) ;
#2436 = EDGE_CURVE ( 'NONE', #325, #201, #2890, .T. ) ;
#2437 = EDGE_LOOP ( 'NONE', ( #8069, #908, #1216, #1567 ) ) ;
#2438 = DIRECTION ( 'NONE',  ( 6.938893903907228378E-16, 0.3090169943749415671, 0.9510565162951554186 ) ) ;
#2439 = PLANE ( 'NONE',  #5919 ) ;
#2440 = EDGE_CURVE ( 'NONE', #5464, #5803, #6690, .T. ) ;
#2441 = VERTEX_POINT ( 'NONE', #2170 ) ;
#2442 = ORIENTED_EDGE ( 'NONE', *, *, #1944, .T. ) ;
#2443 = ORIENTED_EDGE ( 'NONE', *, *, #3827, .T. ) ;
#2444 = CARTESIAN_POINT ( 'NONE',  ( 24.99999999999999289, 4.663076581549843169, 34.68797654511720197 ) ) ;
#2445 = EDGE_CURVE ( 'NONE', #3846, #3772, #3568, .T. ) ;
#2446 = DIRECTION ( 'NONE',  ( 0.000000000000000000, 0.8090169943749486725, -0.5877852522924714718 ) ) ;
#2447 = EDGE_CURVE ( 'NONE', #7575, #7890, #2254, .T. ) ;
#2448 = CARTESIAN_POINT ( 'NONE',  ( 26.57262746422508215, -12.47526761324088085, 38.00502880621222346 ) ) ;
#2449 = DIRECTION ( 'NONE',  ( -0.000000000000000000, 0.9510565162951511997, 0.3090169943749548898 ) ) ;
#2450 = ORIENTED_EDGE ( 'NONE', *, *, #6802, .T. ) ;
#2451 = CARTESIAN_POINT ( 'NONE',  ( 20.00000000000006040, -16.85222304749682465, 36.58286977608879198 ) ) ;
#2452 = DIRECTION ( 'NONE',  ( -0.000000000000000000, -0.8090169943749466741, -0.5877852522924742473 ) ) ;
#2453 = ORIENTED_EDGE ( 'NONE', *, *, #5435, .F. ) ;
#2454 = ORIENTED_EDGE ( 'NONE', *, *, #7160, .T. ) ;
#2455 = ORIENTED_EDGE ( 'NONE', *, *, #2352, .F. ) ;
#2456 = EDGE_CURVE ( 'NONE', #895, #4120, #3950, .T. ) ;
#2457 = FACE_OUTER_BOUND ( 'NONE', #1310, .T. ) ;
#2458 = ORIENTED_EDGE ( 'NONE', *, *, #5052, .T. ) ;
#2459 = PLANE ( 'NONE',  #197 ) ;
#2460 = CARTESIAN_POINT ( 'NONE',  ( 20.67025973870252997, 19.56898204464018676, 29.05895704461904572 ) ) ;
#2461 = DIRECTION ( 'NONE',  ( 0.000000000000000000, 0.3090169943749411785, 0.9510565162951555296 ) ) ;
#2462 = LINE ( 'NONE', #4978, #5643 ) ;
#2463 = CARTESIAN_POINT ( 'NONE',  ( 19.32833852793588747, 0.9108824383788080015, 35.02193473660834400 ) ) ;
#2464 = ADVANCED_FACE ( 'NONE', ( #6605 ), #996, .F. ) ;
#2465 = DIRECTION ( 'NONE',  ( 0.000000000000000000, 1.000000000000000000, 0.000000000000000000 ) ) ;
#2466 = DIRECTION ( 'NONE',  ( 3.299640131595842622E-16, 0.000000000000000000, -1.000000000000000000 ) ) ;
#2467 = CARTESIAN_POINT ( 'NONE',  ( 24.24381083264137260, -12.45187180536057348, -32.71052256049446072 ) ) ;
#2468 = CARTESIAN_POINT ( 'NONE',  ( -7.500000000000000000, 4.814824860968089633E-32, 0.000000000000000000 ) ) ;
#2469 = ORIENTED_EDGE ( 'NONE', *, *, #4544, .F. ) ;
#2470 = ORIENTED_EDGE ( 'NONE', *, *, #7892, .F. ) ;
#2471 = DIRECTION ( 'NONE',  ( 1.198546196142213467E-33, 0.8090169943749507819, -0.5877852522924685852 ) ) ;
#2472 = PLANE ( 'NONE',  #60 ) ;
#2473 = CARTESIAN_POINT ( 'NONE',  ( 20.67025973870253708, -21.58956243961393540, 27.59091945641672794 ) ) ;
#2474 = B_SPLINE_CURVE_WITH_KNOTS ( 'NONE', 3,
 ( #1921, #4417, #5687, #90, #2574, #274, #2757, #3304, #2612, #7078, #4570, #7882, #778, #2031 ),
 .UNSPECIFIED., .F., .F.,
 ( 4, 2, 2, 2, 2, 2, 4 ),
 ( 0.000000000000000000, 0.001196137445628227139, 0.001794206168442339733, 0.002392274891256452544, 0.002990343614070565138, 0.003588412336884677298, 0.004784549782512897281 ),
 .UNSPECIFIED. ) ;
#2475 = ORIENTED_EDGE ( 'NONE', *, *, #1851, .F. ) ;
#2476 = ORIENTED_EDGE ( 'NONE', *, *, #7664, .F. ) ;
#2477 = CARTESIAN_POINT ( 'NONE',  ( 15.54046384447846130, 31.51206516742544039, 15.23120969863960639 ) ) ;
#2478 = DIRECTION ( 'NONE',  ( 0.5735764363510452712, -0.2531319026622731450, -0.7790598895575440164 ) ) ;
#2479 =( BOUNDED_CURVE ( )  B_SPLINE_CURVE ( 3, ( #7167, #1547, #896, #3457 ),
 .UNSPECIFIED., .F., .F. ) 
 B_SPLINE_CURVE_WITH_KNOTS ( ( 4, 4 ),
 ( 1.552883144289288753, 1.684621253977660382 ),
 .UNSPECIFIED. ) 
 CURVE ( )  GEOMETRIC_REPRESENTATION_ITEM ( )  RATIONAL_B_SPLINE_CURVE ( ( 1.000000000000000000, 0.9985542787012120503, 0.9985542787012120503, 1.000000000000000000 ) ) 
 REPRESENTATION_ITEM ( '' )  );
#2480 = VERTEX_POINT ( 'NONE', #7875 ) ;
#2481 = EDGE_CURVE ( 'NONE', #6751, #6441, #690, .T. ) ;
#2482 = EDGE_CURVE ( 'NONE', #6884, #4787, #1952, .T. ) ;
#2483 = DIRECTION ( 'NONE',  ( -3.469446951953613696E-16, 0.9510565162951499785, 0.3090169943749582204 ) ) ;
#2484 = ORIENTED_EDGE ( 'NONE', *, *, #2317, .F. ) ;
#2485 = CARTESIAN_POINT ( 'NONE',  ( 16.29525471753020938, 34.36591252768467797, -6.632047658116259292 ) ) ;
#2486 = DIRECTION ( 'NONE',  ( -0.000000000000000000, -1.000000000000000000, -0.000000000000000000 ) ) ;
#2487 = CIRCLE ( 'NONE', #4708, 35.00000000000000000 ) ;
#2488 = FACE_OUTER_BOUND ( 'NONE', #6660, .T. ) ;
#2489 = ORIENTED_EDGE ( 'NONE', *, *, #4650, .F. ) ;
#2490 = EDGE_CURVE ( 'NONE', #3431, #3257, #3416, .T. ) ;
#2491 = CARTESIAN_POINT ( 'NONE',  ( 15.00000000000007105, 5.000000000000362377, -34.64101615137749945 ) ) ;
#2492 = CYLINDRICAL_SURFACE ( 'NONE', #553, 5.000000000000000888 ) ;
#2493 = EDGE_CURVE ( 'NONE', #6260, #3878, #1132, .T. ) ;
#2494 = EDGE_LOOP ( 'NONE', ( #3378, #3832, #7507, #2215 ) ) ;
#2495 = CIRCLE ( 'NONE', #4186, 5.000000000000000888 ) ;
#2496 = DIRECTION ( 'NONE',  ( 0.000000000000000000, 0.8090169943749444537, 0.5877852522924772449 ) ) ;
#2497 = VERTEX_POINT ( 'NONE', #7478 ) ;
#2498 = CARTESIAN_POINT ( 'NONE',  ( 15.00000000000007105, 15.45994527466882040, -31.40047916997836808 ) ) ;
#2499 = AXIS2_PLACEMENT_3D ( 'NONE', #7540, #692, #1348 ) ;
#2500 = ORIENTED_EDGE ( 'NONE', *, *, #495, .T. ) ;
#2501 = B_SPLINE_CURVE_WITH_KNOTS ( 'NONE', 3,
 ( #2568, #3751, #688, #5634, #7493, #1384, #3178, #4491, #6339, #772, #5600, #4330, #3868, #3256 ),
 .UNSPECIFIED., .F., .F.,
 ( 4, 2, 2, 2, 2, 2, 4 ),
 ( 0.000000000000000000, 0.001196137445628225188, 0.001794206168442335179, 0.002392274891256445171, 0.002990343614070554729, 0.003588412336884665155, 0.004784549782512886006 ),
 .UNSPECIFIED. ) ;
#2502 = DIRECTION ( 'NONE',  ( 0.5735764363510449382, -0.6627079248067724304, -0.4814854910183038461 ) ) ;
#2503 = DIRECTION ( 'NONE',  ( -1.000000000000000000, 1.481484572605565909E-33, -0.000000000000000000 ) ) ;
#2504 = FACE_OUTER_BOUND ( 'NONE', #5469, .T. ) ;
#2505 = ADVANCED_FACE ( 'NONE', ( #8052 ), #518, .F. ) ;
#2506 = AXIS2_PLACEMENT_3D ( 'NONE', #6242, #4426, #629 ) ;
#2507 = CARTESIAN_POINT ( 'NONE',  ( 24.61076051292647193, -2.441217198779042530, -34.91526964353332119 ) ) ;
#2508 = VECTOR ( 'NONE', #4223, 1000.000000000000114 ) ;
#2509 = AXIS2_PLACEMENT_3D ( 'NONE', #3786, #6293, #4373 ) ;
#2510 = CARTESIAN_POINT ( 'NONE',  ( 15.18862017184827096, 26.21839485911025491, 23.18692632717322866 ) ) ;
#2511 = CARTESIAN_POINT ( 'NONE',  ( 16.29525471753013122, 6.632047658116573707, 34.36591252768461402 ) ) ;
#2512 = CARTESIAN_POINT ( 'NONE',  ( 16.29525471753020227, -36.70971792198449180, -16.46182459715241819 ) ) ;
#2513 = EDGE_LOOP ( 'NONE', ( #7285, #5433, #3132, #3293 ) ) ;
#2514 = ORIENTED_EDGE ( 'NONE', *, *, #2445, .T. ) ;
#2515 = AXIS2_PLACEMENT_3D ( 'NONE', #2044, #6513, #182 ) ;
#2516 = CARTESIAN_POINT ( 'NONE',  ( 22.45371291929561863, -35.00000000000000000, 0.000000000000000000 ) ) ;
#2517 = LINE ( 'NONE', #522, #2908 ) ;
#2518 = PLANE ( 'NONE',  #7277 ) ;
#2519 = B_SPLINE_CURVE_WITH_KNOTS ( 'NONE', 3,
 ( #634, #4903, #1174, #6824, #1859, #7477, #7922, #7354, #4359, #5455, #3617, #5585, #7963, #4316 ),
 .UNSPECIFIED., .F., .F.,
 ( 4, 2, 2, 2, 2, 2, 4 ),
 ( 0.000000000000000000, 0.001196137445628219984, 0.001794206168442331059, 0.002392274891256442569, 0.002990343614070554296, 0.003588412336884664721, 0.004784549782512880801 ),
 .UNSPECIFIED. ) ;
#2520 = VERTEX_POINT ( 'NONE', #1291 ) ;
#2521 = AXIS2_PLACEMENT_3D ( 'NONE', #5649, #2580, #4422 ) ;
#2522 = VECTOR ( 'NONE', #4027, 1000.000000000000227 ) ;
#2523 = ORIENTED_EDGE ( 'NONE', *, *, #4453, .T. ) ;
#2524 = CARTESIAN_POINT ( 'NONE',  ( 15.00000000000007105, -27.33214500719830653, 29.58475337065257449 ) ) ;
#2525 = CARTESIAN_POINT ( 'NONE',  ( 24.99999999999999289, 32.16264115848095884, 23.78398686302793053 ) ) ;
#2526 = EDGE_CURVE ( 'NONE', #4875, #4398, #5914, .T. ) ;
#2527 = ORIENTED_EDGE ( 'NONE', *, *, #7092, .F. ) ;
#2528 = CARTESIAN_POINT ( 'NONE',  ( 23.70474528246983326, -14.51717068815285216, -31.81499568607111428 ) ) ;
#2529 = LINE ( 'NONE', #5117, #6036 ) ;
#2530 = EDGE_CURVE ( 'NONE', #4934, #2860, #2552, .T. ) ;
#2531 = PLANE ( 'NONE',  #2499 ) ;
#2532 = VECTOR ( 'NONE', #7067, 1000.000000000000000 ) ;
#2533 = CARTESIAN_POINT ( 'NONE',  ( 16.29525471753017385, -6.632047658116366762, -34.36591252768466376 ) ) ;
#2534 = CARTESIAN_POINT ( 'NONE',  ( 15.00000000000007283, 23.51141009169884200, 32.36067977499793358 ) ) ;
#2535 = VERTEX_POINT ( 'NONE', #4905 ) ;
#2536 = CARTESIAN_POINT ( 'NONE',  ( 22.86788218175522047, 0.2900044396688614690, 34.99879851402005926 ) ) ;
#2537 = FACE_OUTER_BOUND ( 'NONE', #3149, .T. ) ;
#2538 = CIRCLE ( 'NONE', #3577, 35.00000000000000000 ) ;
#2539 = EDGE_CURVE ( 'NONE', #773, #5588, #1736, .T. ) ;
#2540 = EDGE_LOOP ( 'NONE', ( #7113, #6219, #6575, #4952 ) ) ;
#2541 = CARTESIAN_POINT ( 'NONE',  ( 16.29525471753019872, 31.70082706804156558, 14.83433730242519211 ) ) ;
#2542 = VERTEX_POINT ( 'NONE', #1899 ) ;
#2543 = ADVANCED_FACE ( 'NONE', ( #1255 ), #1788, .T. ) ;
#2544 = CARTESIAN_POINT ( 'NONE',  ( 20.00000000000007105, 34.80276177609746213, 19.44812301950560141 ) ) ;
#2545 = AXIS2_PLACEMENT_3D ( 'NONE', #7304, #1680, #4170 ) ;
#2546 = LINE ( 'NONE', #2619, #3013 ) ;
#2547 = DIRECTION ( 'NONE',  ( 0.8191520442889920206, -0.4640330845810195504, 0.3371397703496126219 ) ) ;
#2548 = AXIS2_PLACEMENT_3D ( 'NONE', #1805, #1107, #496 ) ;
#2549 = DIRECTION ( 'NONE',  ( 1.000000000000000000, -1.481484572605566251E-33, 0.000000000000000000 ) ) ;
#2550 = ADVANCED_FACE ( 'NONE', ( #5586 ), #8094, .T. ) ;
#2551 = CARTESIAN_POINT ( 'NONE',  ( 24.99999999999999289, 23.78398686302828224, -32.16264115848069594 ) ) ;
#2552 = LINE ( 'NONE', #6740, #5269 ) ;
#2553 = ORIENTED_EDGE ( 'NONE', *, *, #5910, .T. ) ;
#2554 = VECTOR ( 'NONE', #7187, 1000.000000000000227 ) ;
#2555 = ORIENTED_EDGE ( 'NONE', *, *, #5075, .T. ) ;
#2556 = ADVANCED_FACE ( 'NONE', ( #1175 ), #4982, .T. ) ;
#2557 = AXIS2_PLACEMENT_3D ( 'NONE', #1072, #1678, #505 ) ;
#2558 = DIRECTION ( 'NONE',  ( 9.020562075079396891E-15, 0.000000000000000000, 1.000000000000000000 ) ) ;
#2559 = DIRECTION ( 'NONE',  ( 0.000000000000000000, -1.000000000000000000, 0.000000000000000000 ) ) ;
#2560 = CARTESIAN_POINT ( 'NONE',  ( 24.61076051292646483, -34.91526964353327855, 2.441217198779391140 ) ) ;
#2561 = VERTEX_POINT ( 'NONE', #6248 ) ;
#2562 = AXIS2_PLACEMENT_3D ( 'NONE', #162, #4414, #6231 ) ;
#2563 = ORIENTED_EDGE ( 'NONE', *, *, #1580, .T. ) ;
#2564 = DIRECTION ( 'NONE',  ( -0.4226182617407009956, 0.5327143512579709528, -0.7332184018469992681 ) ) ;
#2565 = ORIENTED_EDGE ( 'NONE', *, *, #4226, .T. ) ;
#2566 = AXIS2_PLACEMENT_3D ( 'NONE', #5869, #6556, #1489 ) ;
#2567 = ORIENTED_EDGE ( 'NONE', *, *, #7256, .F. ) ;
#2568 = CARTESIAN_POINT ( 'NONE',  ( 24.99999999999999289, 14.90145573998649198, 31.66933243422134936 ) ) ;
#2569 = ORIENTED_EDGE ( 'NONE', *, *, #4846, .T. ) ;
#2570 = CARTESIAN_POINT ( 'NONE',  ( 23.70474528246995050, 39.27068831952367134, 8.579968165452989126 ) ) ;
#2571 = DIRECTION ( 'NONE',  ( -1.000000000000000000, 1.481484572605566251E-33, -0.000000000000000000 ) ) ;
#2572 = DIRECTION ( 'NONE',  ( -0.8978821065938841217, 0.000000000000000000, 0.4402359851926336831 ) ) ;
#2573 = ORIENTED_EDGE ( 'NONE', *, *, #3575, .T. ) ;
#2574 = CARTESIAN_POINT ( 'NONE',  ( 24.75193471525578204, -26.56803567814875322, 22.78541366525674405 ) ) ;
#2575 = EDGE_CURVE ( 'NONE', #1882, #4947, #2383, .T. ) ;
#2576 = FACE_OUTER_BOUND ( 'NONE', #4288, .T. ) ;
#2577 = ORIENTED_EDGE ( 'NONE', *, *, #7131, .F. ) ;
#2578 = ORIENTED_EDGE ( 'NONE', *, *, #2599, .F. ) ;
#2579 = B_SPLINE_CURVE_WITH_KNOTS ( 'NONE', 3,
 ( #7682, #2051, #6876, #7529, #1376, #2560, #7602, #1939, #6285, #1263, #1974, #796, #2630, #3899 ),
 .UNSPECIFIED., .F., .F.,
 ( 4, 2, 2, 2, 2, 2, 4 ),
 ( 8.673617379884035472E-19, 0.001196137445628222369, 0.001794206168442334529, 0.002392274891256446906, 0.002990343614070559500, 0.003588412336884671660, 0.004784549782512896414 ),
 .UNSPECIFIED. ) ;
#2580 = DIRECTION ( 'NONE',  ( 1.000000000000000000, -1.072118069236030918E-16, 3.299640131595842622E-16 ) ) ;
#2581 = ORIENTED_EDGE ( 'NONE', *, *, #1699, .F. ) ;
#2582 = CARTESIAN_POINT ( 'NONE',  ( 25.00000000000000711, -22.06898990056882326, 33.40865938710751948 ) ) ;
#2583 = ORIENTED_EDGE ( 'NONE', *, *, #4993, .F. ) ;
#2584 = CYLINDRICAL_SURFACE ( 'NONE', #3848, 5.000000000000001776 ) ;
#2585 = EDGE_CURVE ( 'NONE', #6796, #2542, #3839, .T. ) ;
#2586 = DIRECTION ( 'NONE',  ( -0.000000000000000000, 0.9510565162951556406, -0.3090169943749411230 ) ) ;
#2587 = DIRECTION ( 'NONE',  ( 0.4226182617407008846, -0.5327143512579659568, -0.7332184018470029319 ) ) ;
#2588 = CARTESIAN_POINT ( 'NONE',  ( 24.24381083264137615, -1.734326454482140401, -34.95739563221256674 ) ) ;
#2589 = CARTESIAN_POINT ( 'NONE',  ( 19.32833852793590523, -21.32229611745385256, -27.79793711395529598 ) ) ;
#2590 = DIRECTION ( 'NONE',  ( 3.299640131595862344E-16, 1.032057927027752787E-14, -1.000000000000000000 ) ) ;
#2591 = CARTESIAN_POINT ( 'NONE',  ( 24.99999999999999289, -6.559235620207874540, 34.37988406144786069 ) ) ;
#2592 = ORIENTED_EDGE ( 'NONE', *, *, #4883, .T. ) ;
#2593 = ORIENTED_EDGE ( 'NONE', *, *, #5680, .T. ) ;
#2594 = DIRECTION ( 'NONE',  ( -0.4226182617407009401, -0.5327143512579762819, 0.7332184018469953823 ) ) ;
#2595 = EDGE_CURVE ( 'NONE', #8055, #4486, #3326, .T. ) ;
#2596 = DIRECTION ( 'NONE',  ( -2.690131392028863610E-16, 0.3090169943749446202, 0.9510565162951545304 ) ) ;
#2597 = DIRECTION ( 'NONE',  ( 0.000000000000000000, -1.000000000000000000, 0.000000000000000000 ) ) ;
#2598 = VERTEX_POINT ( 'NONE', #4360 ) ;
#2599 = EDGE_CURVE ( 'NONE', #5838, #3268, #1214, .T. ) ;
#2600 = VERTEX_POINT ( 'NONE', #2512 ) ;
#2601 = CARTESIAN_POINT ( 'NONE',  ( 24.45953615552155469, -31.65847084439254999, 14.92451753976481399 ) ) ;
#2602 = ORIENTED_EDGE ( 'NONE', *, *, #5008, .T. ) ;
#2603 = FACE_OUTER_BOUND ( 'NONE', #3381, .T. ) ;
#2604 = ORIENTED_EDGE ( 'NONE', *, *, #6306, .F. ) ;
#2605 = CARTESIAN_POINT ( 'NONE',  ( 15.00000000000007283, -32.36067977499767068, -23.51141009169919727 ) ) ;
#2606 = ORIENTED_EDGE ( 'NONE', *, *, #5104, .F. ) ;
#2607 = EDGE_CURVE ( 'NONE', #7696, #7454, #223, .T. ) ;
#2608 = VERTEX_POINT ( 'NONE', #5213 ) ;
#2609 = DIRECTION ( 'NONE',  ( 0.000000000000000000, 1.000000000000000000, 0.000000000000000000 ) ) ;
#2610 = DIRECTION ( 'NONE',  ( 0.4226182617407008291, -0.7332184018470011555, 0.5327143512579683993 ) ) ;
#2611 = EDGE_LOOP ( 'NONE', ( #4111, #928, #6138, #1923 ) ) ;
#2612 = CARTESIAN_POINT ( 'NONE',  ( 24.24381083264137260, -27.26171563294311895, 21.95054118663809817 ) ) ;
#2613 = CARTESIAN_POINT ( 'NONE',  ( 24.45953615552166838, 39.40535134785565674, 8.165517980089475714 ) ) ;
#2614 = ORIENTED_EDGE ( 'NONE', *, *, #101, .F. ) ;
#2615 = ORIENTED_EDGE ( 'NONE', *, *, #7757, .F. ) ;
#2616 = CARTESIAN_POINT ( 'NONE',  ( 16.29525471753021648, 39.37480338162773563, -8.259534952843150535 ) ) ;
#2617 = VERTEX_POINT ( 'NONE', #7596 ) ;
#2618 = FACE_OUTER_BOUND ( 'NONE', #7364, .T. ) ;
#2619 = CARTESIAN_POINT ( 'NONE',  ( 24.45953615552157245, 34.95343235255625558, 19.94279231969253274 ) ) ;
#2620 = DIRECTION ( 'NONE',  ( 3.036162636983683866E-16, -0.5877852522924769119, 0.8090169943749446757 ) ) ;
#2621 = DIRECTION ( 'NONE',  ( 9.020562075079396891E-15, 0.000000000000000000, -1.000000000000000000 ) ) ;
#2622 = CARTESIAN_POINT ( 'NONE',  ( 21.81948005081035546, -34.92442265482881680, 2.655198511442853793 ) ) ;
#2623 = CARTESIAN_POINT ( 'NONE',  ( 15.38892734875750001, -26.59323229841814751, -22.75600237926795799 ) ) ;
#2624 = ORIENTED_EDGE ( 'NONE', *, *, #1311, .F. ) ;
#2625 = EDGE_CURVE ( 'NONE', #3268, #6503, #1987, .T. ) ;
#2626 = CARTESIAN_POINT ( 'NONE',  ( 15.00000000000007105, 5.000000000000419220, -39.99999999999992184 ) ) ;
#2627 = CARTESIAN_POINT ( 'NONE',  ( 20.00000000000000000, -8.189569715108635961, 39.39753646541937115 ) ) ;
#2628 = DIRECTION ( 'NONE',  ( 0.000000000000000000, -0.000000000000000000, -1.000000000000000000 ) ) ;
#2629 = AXIS2_PLACEMENT_3D ( 'NONE', #5396, #1112, #4261 ) ;
#2630 = CARTESIAN_POINT ( 'NONE',  ( 23.19917531777617370, -34.99687634872891095, 0.5219783908679715978 ) ) ;
#2631 = VECTOR ( 'NONE', #2483, 1000.000000000000114 ) ;
#2632 = CARTESIAN_POINT ( 'NONE',  ( 22.86788218175523468, 38.13187695210801564, 12.08486916289618662 ) ) ;
#2633 = ORIENTED_EDGE ( 'NONE', *, *, #2693, .F. ) ;
#2634 = ADVANCED_FACE ( 'NONE', ( #1482 ), #7676, .F. ) ;
#2635 = AXIS2_PLACEMENT_3D ( 'NONE', #329, #785, #287 ) ;
#2636 = CARTESIAN_POINT ( 'NONE',  ( 24.99999999999999645, 39.48323056157688882, 7.925830406131489703 ) ) ;
#2637 = AXIS2_PLACEMENT_3D ( 'NONE', #2281, #6115, #6630 ) ;
#2638 = ORIENTED_EDGE ( 'NONE', *, *, #4168, .T. ) ;
#2639 = EDGE_CURVE ( 'NONE', #3451, #529, #1596, .T. ) ;
#2640 = CARTESIAN_POINT ( 'NONE',  ( -7.500000000000000000, 4.814824860968089633E-32, 0.000000000000000000 ) ) ;
#2641 = CIRCLE ( 'NONE', #6973, 5.000000000000001776 ) ;
#2642 = EDGE_LOOP ( 'NONE', ( #5716, #3958, #7618, #6995 ) ) ;
#2643 = VECTOR ( 'NONE', #7801, 1000.000000000000114 ) ;
#2644 = ORIENTED_EDGE ( 'NONE', *, *, #7518, .T. ) ;
#2645 = EDGE_CURVE ( 'NONE', #4346, #3265, #2008, .T. ) ;
#2646 = CARTESIAN_POINT ( 'NONE',  ( 24.99999999999999289, 1.069105884036878258E-47, 0.000000000000000000 ) ) ;
#2647 = CIRCLE ( 'NONE', #1350, 35.00000000000000000 ) ;
#2648 = FACE_OUTER_BOUND ( 'NONE', #4518, .T. ) ;
#2649 = ORIENTED_EDGE ( 'NONE', *, *, #5952, .T. ) ;
#2650 = EDGE_CURVE ( 'NONE', #701, #7316, #6401, .T. ) ;
#2651 = CARTESIAN_POINT ( 'NONE',  ( 16.10548734941334104, -1.580524230029791255, 34.96462306030311851 ) ) ;
#2652 = CARTESIAN_POINT ( 'NONE',  ( 24.24381083264137260, -33.78239525695255452, -9.152986853523850996 ) ) ;
#2653 = ORIENTED_EDGE ( 'NONE', *, *, #6900, .T. ) ;
#2654 = AXIS2_PLACEMENT_3D ( 'NONE', #1932, #4516, #3892 ) ;
#2655 = ORIENTED_EDGE ( 'NONE', *, *, #3183, .T. ) ;
#2656 = DIRECTION ( 'NONE',  ( -5.291066992975794141E-17, -0.3090169943749383474, -0.9510565162951566398 ) ) ;
#2657 = VERTEX_POINT ( 'NONE', #7060 ) ;
#2658 = CARTESIAN_POINT ( 'NONE',  ( 24.45953615552161864, 31.65847084439262460, -14.92451753976463813 ) ) ;
#2659 = CARTESIAN_POINT ( 'NONE',  ( 15.00000000000007461, 6.185337270638409990, -4.906877349904581465 ) ) ;
#2660 = DIRECTION ( 'NONE',  ( 0.000000000000000000, -1.000000000000000000, 0.000000000000000000 ) ) ;
#2661 = CARTESIAN_POINT ( 'NONE',  ( 0.000000000000000000, 0.000000000000000000, 0.000000000000000000 ) ) ;
#2662 = CARTESIAN_POINT ( 'NONE',  ( 17.13211781824483992, -38.23599201421208704, 11.76443595028660738 ) ) ;
#2663 = CARTESIAN_POINT ( 'NONE',  ( 15.00000000000006573, -24.20507507021137528, 25.28071084533487323 ) ) ;
#2664 = ORIENTED_EDGE ( 'NONE', *, *, #6760, .T. ) ;
#2665 = AXIS2_PLACEMENT_3D ( 'NONE', #4090, #6596, #987 ) ;
#2666 = B_SPLINE_CURVE_WITH_KNOTS ( 'NONE', 3,
 ( #2134, #765, #4523, #2741 ),
 .UNSPECIFIED., .F., .F.,
 ( 4, 4 ),
 ( 6.009258394948636926E-18, 0.0008731425215613167418 ),
 .UNSPECIFIED. ) ;
#2667 = DIRECTION ( 'NONE',  ( 0.8191520442889914655, 0.1772448664054941669, -0.5455036073850151324 ) ) ;
#2668 = CARTESIAN_POINT ( 'NONE',  ( 24.99999999999999289, -31.66933243422140265, 14.90145573998637474 ) ) ;
#2669 = DIRECTION ( 'NONE',  ( 3.299640131595846567E-16, 3.645346085095005552E-15, -1.000000000000000000 ) ) ;
#2670 = DIRECTION ( 'NONE',  ( -0.000000000000000000, -0.9510565162951576390, 0.3090169943749349613 ) ) ;
#2671 = EDGE_CURVE ( 'NONE', #5938, #7194, #184, .T. ) ;
#2672 = ORIENTED_EDGE ( 'NONE', *, *, #1024, .T. ) ;
#2673 = AXIS2_PLACEMENT_3D ( 'NONE', #6936, #6860, #1318 ) ;
#2674 = ORIENTED_EDGE ( 'NONE', *, *, #2530, .F. ) ;
#2675 = EDGE_LOOP ( 'NONE', ( #3074, #214, #2107, #4481 ) ) ;
#2676 = VECTOR ( 'NONE', #7898, 1000.000000000000000 ) ;
#2677 = DIRECTION ( 'NONE',  ( 0.000000000000000000, 0.5877852522924770229, -0.8090169943749445647 ) ) ;
#2678 = ORIENTED_EDGE ( 'NONE', *, *, #4767, .T. ) ;
#2679 = CARTESIAN_POINT ( 'NONE',  ( 24.45953615552161864, 16.83982962158340513, -30.68257059498180439 ) ) ;
#2680 = EDGE_CURVE ( 'NONE', #3488, #4157, #4609, .T. ) ;
#2681 = CYLINDRICAL_SURFACE ( 'NONE', #6647, 5.000000000000000888 ) ;
#2682 = AXIS2_PLACEMENT_3D ( 'NONE', #3025, #6072, #7953 ) ;
#2683 = EDGE_LOOP ( 'NONE', ( #3930, #5262, #2785, #2721 ) ) ;
#2684 = EDGE_CURVE ( 'NONE', #4994, #4803, #7100, .T. ) ;
#2685 = CIRCLE ( 'NONE', #3863, 35.00000000000000000 ) ;
#2686 = LINE ( 'NONE', #5195, #853 ) ;
#2687 = ORIENTED_EDGE ( 'NONE', *, *, #7105, .F. ) ;
#2688 = PLANE ( 'NONE',  #6967 ) ;
#2689 = CARTESIAN_POINT ( 'NONE',  ( 15.98126570279173997, -1.741104187333964326, 34.95705929450348037 ) ) ;
#2690 = EDGE_CURVE ( 'NONE', #6343, #3965, #717, .T. ) ;
#2691 = ORIENTED_EDGE ( 'NONE', *, *, #5247, .F. ) ;
#2692 = FACE_OUTER_BOUND ( 'NONE', #6313, .T. ) ;
#2693 = EDGE_CURVE ( 'NONE', #5196, #3337, #7520, .T. ) ;
#2694 = VERTEX_POINT ( 'NONE', #2591 ) ;
#2695 = CARTESIAN_POINT ( 'NONE',  ( 17.13211781824484703, 39.99999999999997868, 0.6269278581190043109 ) ) ;
#2696 = ORIENTED_EDGE ( 'NONE', *, *, #4541, .T. ) ;
#2697 = CARTESIAN_POINT ( 'NONE',  ( 18.02746358918860636, -35.00000000000000000, 0.000000000000000000 ) ) ;
#2698 = CARTESIAN_POINT ( 'NONE',  ( 15.54046384447853768, -16.54111581286330690, -30.84463466578010227 ) ) ;
#2699 = CARTESIAN_POINT ( 'NONE',  ( 18.47620868754436785, 26.61621977644822223, 22.78036188466440493 ) ) ;
#2700 = DIRECTION ( 'NONE',  ( 0.000000000000000000, 0.3090169943749383474, 0.9510565162951566398 ) ) ;
#2701 = EDGE_CURVE ( 'NONE', #1528, #1346, #122, .T. ) ;
#2702 = DIRECTION ( 'NONE',  ( -1.000000000000000000, 1.481484572605565909E-33, -0.000000000000000000 ) ) ;
#2703 = DIRECTION ( 'NONE',  ( 0.000000000000000000, 1.000000000000000000, 0.000000000000000000 ) ) ;
#2704 = CARTESIAN_POINT ( 'NONE',  ( 15.47020472364246757, -26.71173814311267236, -22.61668486464881411 ) ) ;
#2705 =( BOUNDED_CURVE ( )  B_SPLINE_CURVE ( 3, ( #6903, #7555, #5098, #1288 ),
 .UNSPECIFIED., .F., .F. ) 
 B_SPLINE_CURVE_WITH_KNOTS ( ( 4, 4 ),
 ( 1.427448757889531405, 1.434720266952592693 ),
 .UNSPECIFIED. ) 
 CURVE ( )  GEOMETRIC_REPRESENTATION_ITEM ( )  RATIONAL_B_SPLINE_CURVE ( ( 1.000000000000000000, 0.9999955937678493001, 0.9999955937678493001, 1.000000000000000000 ) ) 
 REPRESENTATION_ITEM ( '' )  );
#2706 = ORIENTED_EDGE ( 'NONE', *, *, #5795, .F. ) ;
#2707 = CARTESIAN_POINT ( 'NONE',  ( 24.63977589264505141, -15.00115158413813354, -31.62234382660276921 ) ) ;
#2708 = CARTESIAN_POINT ( 'NONE',  ( 24.45953615552161864, -16.83982962158317775, 30.68257059498193229 ) ) ;
#2709 = LINE ( 'NONE', #1296, #958 ) ;
#2710 = CARTESIAN_POINT ( 'NONE',  ( 15.00000000000006750, 30.78081714312584793, 24.98385489746383215 ) ) ;
#2711 = ORIENTED_EDGE ( 'NONE', *, *, #1147, .T. ) ;
#2712 = ORIENTED_EDGE ( 'NONE', *, *, #5961, .F. ) ;
#2713 = CARTESIAN_POINT ( 'NONE',  ( 24.99999999999999289, 1.069105884036878258E-47, 0.000000000000000000 ) ) ;
#2714 = CARTESIAN_POINT ( 'NONE',  ( 15.00000000000007105, 35.29960603646049577, -19.46632511982371483 ) ) ;
#2715 = VERTEX_POINT ( 'NONE', #6369 ) ;
#2716 = EDGE_CURVE ( 'NONE', #130, #1542, #1589, .T. ) ;
#2717 = ORIENTED_EDGE ( 'NONE', *, *, #3028, .T. ) ;
#2718 = CARTESIAN_POINT ( 'NONE',  ( 23.70474528246986878, 25.79575444848880039, -23.65542331968021372 ) ) ;
#2719 = CARTESIAN_POINT ( 'NONE',  ( 20.00000000000000000, 36.68698483819304812, -16.53178983488683329 ) ) ;
#2720 = ORIENTED_EDGE ( 'NONE', *, *, #7416, .F. ) ;
#2721 = ORIENTED_EDGE ( 'NONE', *, *, #7309, .F. ) ;
#2722 = CARTESIAN_POINT ( 'NONE',  ( 15.00000000000007105, 19.69067517619960483, 35.13660617934309016 ) ) ;
#2723 = ADVANCED_FACE ( 'NONE', ( #7940 ), #3009, .F. ) ;
#2724 = CARTESIAN_POINT ( 'NONE',  ( 15.00000000000007105, 35.29960603646049577, -19.46632511982371483 ) ) ;
#2725 = ORIENTED_EDGE ( 'NONE', *, *, #4153, .F. ) ;
#2726 =( BOUNDED_CURVE ( )  B_SPLINE_CURVE ( 3, ( #283, #1514, #2842, #5239 ),
 .UNSPECIFIED., .F., .F. ) 
 B_SPLINE_CURVE_WITH_KNOTS ( ( 4, 4 ),
 ( 4.578760888222364045, 4.586022819131210682 ),
 .UNSPECIFIED. ) 
 CURVE ( )  GEOMETRIC_REPRESENTATION_ITEM ( )  RATIONAL_B_SPLINE_CURVE ( ( 1.000000000000000000, 0.9999956053681178236, 0.9999956053681178236, 1.000000000000000000 ) ) 
 REPRESENTATION_ITEM ( '' )  );
#2727 = DIRECTION ( 'NONE',  ( 0.000000000000000000, -0.8090169943749531134, 0.5877852522924651435 ) ) ;
#2728 = EDGE_CURVE ( 'NONE', #6946, #2373, #4354, .T. ) ;
#2729 = CARTESIAN_POINT ( 'NONE',  ( 16.10548734941335169, -19.27301882469584982, -29.21598309100192026 ) ) ;
#2730 = CARTESIAN_POINT ( 'NONE',  ( 24.99999999999999289, -35.00000000000000000, 0.000000000000000000 ) ) ;
#2731 = CARTESIAN_POINT ( 'NONE',  ( 15.00000000000007994, -38.69733120086278433, 10.34457993047782942 ) ) ;
#2732 = DIRECTION ( 'NONE',  ( -0.8191520442889922426, -0.1772448664054938894, 0.5455036073850142442 ) ) ;
#2733 = DIRECTION ( 'NONE',  ( -0.000000000000000000, 0.9510565162951533091, 0.3090169943749481174 ) ) ;
#2734 = CARTESIAN_POINT ( 'NONE',  ( 16.10548734941336946, -27.35796542439688039, -21.83036074892708811 ) ) ;
#2735 = ORIENTED_EDGE ( 'NONE', *, *, #2338, .T. ) ;
#2736 = DIRECTION ( 'NONE',  ( -6.610627594822501106E-16, 0.5877852522924711387, 0.8090169943749488946 ) ) ;
#2737 = DIRECTION ( 'NONE',  ( -1.408975556567263617E-33, -0.9510565162951533091, -0.3090169943749481174 ) ) ;
#2738 = EDGE_CURVE ( 'NONE', #5693, #1942, #295, .T. ) ;
#2739 = DIRECTION ( 'NONE',  ( 1.000000000000000000, -1.481484572605566251E-33, 0.000000000000000000 ) ) ;
#2740 = FACE_OUTER_BOUND ( 'NONE', #1396, .T. ) ;
#2741 = CARTESIAN_POINT ( 'NONE',  ( 24.45953615552161864, -23.97706516559567191, -25.49706543986540908 ) ) ;
#2742 = CARTESIAN_POINT ( 'NONE',  ( 16.29525471753019872, 31.70082706804156558, 14.83433730242519211 ) ) ;
#2743 = ORIENTED_EDGE ( 'NONE', *, *, #3517, .F. ) ;
#2744 = ORIENTED_EDGE ( 'NONE', *, *, #238, .F. ) ;
#2745 = CARTESIAN_POINT ( 'NONE',  ( -7.500000000000000000, -35.00000000000000000, 0.000000000000000000 ) ) ;
#2746 = AXIS2_PLACEMENT_3D ( 'NONE', #2898, #7914, #6597 ) ;
#2747 = CIRCLE ( 'NONE', #4194, 4.999999999999998224 ) ;
#2748 = CARTESIAN_POINT ( 'NONE',  ( 15.00000000000007105, 39.58734562368096022, -7.605397193521604038 ) ) ;
#2749 = CARTESIAN_POINT ( 'NONE',  ( 15.00000000000007638, -25.22640705415826545, 31.11466154637112780 ) ) ;
#2750 = CARTESIAN_POINT ( 'NONE',  ( 22.86788218175522047, 0.2900044396688614690, 34.99879851402005926 ) ) ;
#2751 = AXIS2_PLACEMENT_3D ( 'NONE', #337, #4129, #7912 ) ;
#2752 = ORIENTED_EDGE ( 'NONE', *, *, #4975, .T. ) ;
#2753 = CARTESIAN_POINT ( 'NONE',  ( 24.24381083264137615, 9.152986853523961130, -33.78239525695251899 ) ) ;
#2754 = ORIENTED_EDGE ( 'NONE', *, *, #272, .T. ) ;
#2755 = VECTOR ( 'NONE', #3555, 1000.000000000000227 ) ;
#2756 = AXIS2_PLACEMENT_3D ( 'NONE', #4945, #556, #5027 ) ;
#2757 = CARTESIAN_POINT ( 'NONE',  ( 24.52945112611145007, -26.92920004743204032, 22.35731483595763436 ) ) ;
#2758 = CARTESIAN_POINT ( 'NONE',  ( 23.94355495384392540, 34.33349578939781566, 6.799955411849180287 ) ) ;
#2759 = DIRECTION ( 'NONE',  ( -0.8191520442889929088, 0.1772448664054860068, 0.5455036073850157985 ) ) ;
#2760 = EDGE_CURVE ( 'NONE', #1910, #6249, #3060, .T. ) ;
#2761 = CARTESIAN_POINT ( 'NONE',  ( 24.45953615552161864, -16.83982962158317775, 30.68257059498193229 ) ) ;
#2762 = VECTOR ( 'NONE', #3477, 1000.000000000000114 ) ;
#2763 = ORIENTED_EDGE ( 'NONE', *, *, #4, .F. ) ;
#2764 = CARTESIAN_POINT ( 'NONE',  ( 15.24782577960348995, 7.771001358903168565, 34.12692758281654903 ) ) ;
#2765 = CARTESIAN_POINT ( 'NONE',  ( 13.42737253577497825, -37.97537743529591836, -12.56652514936470588 ) ) ;
#2766 = ORIENTED_EDGE ( 'NONE', *, *, #487, .T. ) ;
#2767 = DIRECTION ( 'NONE',  ( 0.8978821065938840107, -0.4402359851926340717, 0.000000000000000000 ) ) ;
#2768 = CARTESIAN_POINT ( 'NONE',  ( 23.70474528246987234, 30.46897100120859747, 17.22329254606998106 ) ) ;
#2769 = DIRECTION ( 'NONE',  ( 1.000000000000000000, -0.000000000000000000, -0.000000000000000000 ) ) ;
#2770 = AXIS2_PLACEMENT_3D ( 'NONE', #6130, #4853, #4944 ) ;
#2771 = EDGE_CURVE ( 'NONE', #4990, #4142, #5472, .T. ) ;
#2772 = FACE_OUTER_BOUND ( 'NONE', #7739, .T. ) ;
#2773 = CARTESIAN_POINT ( 'NONE',  ( 25.00000000000000000, 10.66501314308784032, -38.59321613875862766 ) ) ;
#2774 = CARTESIAN_POINT ( 'NONE',  ( 24.45953615552161864, 16.83982962158340513, -30.68257059498180439 ) ) ;
#2775 = EDGE_CURVE ( 'NONE', #1230, #7449, #3928, .T. ) ;
#2776 = ORIENTED_EDGE ( 'NONE', *, *, #1373, .T. ) ;
#2777 =( BOUNDED_CURVE ( )  B_SPLINE_CURVE ( 3, ( #6478, #868, #7747, #1521 ),
 .UNSPECIFIED., .F., .F. ) 
 B_SPLINE_CURVE_WITH_KNOTS ( ( 4, 4 ),
 ( 1.427448757889531405, 1.434720266952593581 ),
 .UNSPECIFIED. ) 
 CURVE ( )  GEOMETRIC_REPRESENTATION_ITEM ( )  RATIONAL_B_SPLINE_CURVE ( ( 1.000000000000000000, 0.9999955937678493001, 0.9999955937678493001, 1.000000000000000000 ) ) 
 REPRESENTATION_ITEM ( '' )  );
#2778 = VECTOR ( 'NONE', #5273, 1000.000000000000000 ) ;
#2779 = CARTESIAN_POINT ( 'NONE',  ( 15.00000000000007105, 36.49717567993136669, 17.11596235647368758 ) ) ;
#2780 = LINE ( 'NONE', #5830, #5551 ) ;
#2781 = AXIS2_PLACEMENT_3D ( 'NONE', #7601, #5831, #4477 ) ;
#2782 = DIRECTION ( 'NONE',  ( 2.039289751969390063E-16, 0.9510565162951556406, -0.3090169943749410120 ) ) ;
#2783 = CARTESIAN_POINT ( 'NONE',  ( 24.45953615552157956, 27.08002786370527559, 29.76792719743952986 ) ) ;
#2784 = EDGE_CURVE ( 'NONE', #766, #7623, #2364, .T. ) ;
#2785 = ORIENTED_EDGE ( 'NONE', *, *, #6710, .T. ) ;
#2786 = ORIENTED_EDGE ( 'NONE', *, *, #1927, .F. ) ;
#2787 = CARTESIAN_POINT ( 'NONE',  ( 15.47020472364245869, 34.90400392625864612, 2.596516668303285869 ) ) ;
#2788 = FACE_OUTER_BOUND ( 'NONE', #475, .T. ) ;
#2789 = EDGE_LOOP ( 'NONE', ( #5718, #2883, #6899, #5116 ) ) ;
#2790 = EDGE_CURVE ( 'NONE', #2542, #1001, #6542, .T. ) ;
#2791 = AXIS2_PLACEMENT_3D ( 'NONE', #4763, #1558, #2850 ) ;
#2792 = DIRECTION ( 'NONE',  ( 1.000000000000000000, -1.481484572605566251E-33, 0.000000000000000000 ) ) ;
#2793 = VECTOR ( 'NONE', #4942, 1000.000000000000114 ) ;
#2794 = DIRECTION ( 'NONE',  ( -3.469446951953614189E-16, 0.3090169943749349613, 0.9510565162951576390 ) ) ;
#2795 = PRODUCT_DEFINITION ( 'UNKNOWN', '', #4904, #1309 ) ;
#2796 = ORIENTED_EDGE ( 'NONE', *, *, #4957, .T. ) ;
#2797 = ORIENTED_EDGE ( 'NONE', *, *, #3349, .T. ) ;
#2798 = VECTOR ( 'NONE', #2153, 1000.000000000000114 ) ;
#2799 = ORIENTED_EDGE ( 'NONE', *, *, #5500, .F. ) ;
#2800 = CIRCLE ( 'NONE', #6748, 35.00000000000000000 ) ;
#2801 = VERTEX_POINT ( 'NONE', #4673 ) ;
#2802 = VECTOR ( 'NONE', #3075, 1000.000000000000000 ) ;
#2803 = VERTEX_POINT ( 'NONE', #8031 ) ;
#2804 = CARTESIAN_POINT ( 'NONE',  ( 15.00000000000006750, 16.92005285224569633, 30.64107592640764111 ) ) ;
#2805 = DIRECTION ( 'NONE',  ( 0.000000000000000000, -0.9510565162951499785, -0.3090169943749582204 ) ) ;
#2806 = EDGE_LOOP ( 'NONE', ( #2672, #399, #5475, #6815, #3816, #7271, #5204, #6851, #4193, #1302 ) ) ;
#2807 = LINE ( 'NONE', #2228, #7016 ) ;
#2808 = FACE_OUTER_BOUND ( 'NONE', #2611, .T. ) ;
#2809 = VERTEX_POINT ( 'NONE', #7175 ) ;
#2810 = DIRECTION ( 'NONE',  ( -4.964015821248462029E-16, 0.3090169943749445092, 0.9510565162951546414 ) ) ;
#2811 = CYLINDRICAL_SURFACE ( 'NONE', #5904, 5.000000000000000888 ) ;
#2812 = CYLINDRICAL_SURFACE ( 'NONE', #673, 5.000000000000000888 ) ;
#2813 = DIRECTION ( 'NONE',  ( 3.299640131595842622E-16, 0.000000000000000000, -1.000000000000000000 ) ) ;
#2814 = CARTESIAN_POINT ( 'NONE',  ( 17.13211781824484348, 37.84852928940024697, 12.95692359970898799 ) ) ;
#2815 = ORIENTED_EDGE ( 'NONE', *, *, #3985, .T. ) ;
#2816 = ADVANCED_FACE ( 'NONE', ( #1761 ), #4832, .F. ) ;
#2817 = CARTESIAN_POINT ( 'NONE',  ( 15.54046384447847373, 30.84463466578017687, -16.54111581286318255 ) ) ;
#2818 = LINE ( 'NONE', #3395, #2407 ) ;
#2819 = LINE ( 'NONE', #2899, #3666 ) ;
#2820 = CARTESIAN_POINT ( 'NONE',  ( 16.10548734941336235, 12.30783059568028825, -32.76492375420440339 ) ) ;
#2821 = VERTEX_POINT ( 'NONE', #907 ) ;
#2822 = CARTESIAN_POINT ( 'NONE',  ( 17.13211781824486124, 12.95692359970935570, -37.84852928940011907 ) ) ;
#2823 = DIRECTION ( 'NONE',  ( 2.367126293028898668E-17, 0.5877852522924652545, 0.8090169943749531134 ) ) ;
#2824 = CARTESIAN_POINT ( 'NONE',  ( 20.00000000000007105, -39.99999999999997868, -4.722688079563969410 ) ) ;
#2825 = ORIENTED_EDGE ( 'NONE', *, *, #4149, .F. ) ;
#2826 = VERTEX_POINT ( 'NONE', #6549 ) ;
#2827 = CARTESIAN_POINT ( 'NONE',  ( 13.42737253577492851, -32.48789921278348203, 23.33630755759830677 ) ) ;
#2828 = EDGE_CURVE ( 'NONE', #229, #92, #7350, .T. ) ;
#2829 = VERTEX_POINT ( 'NONE', #3541 ) ;
#2830 = LINE ( 'NONE', #3483, #2554 ) ;
#2831 = EDGE_CURVE ( 'NONE', #6331, #7159, #1973, .T. ) ;
#2832 = VERTEX_POINT ( 'NONE', #6761 ) ;
#2833 = LINE ( 'NONE', #1002, #7371 ) ;
#2834 = VERTEX_POINT ( 'NONE', #1710 ) ;
#2835 = LINE ( 'NONE', #5425, #1234 ) ;
#2836 = EDGE_LOOP ( 'NONE', ( #6515, #3252, #7045, #5253 ) ) ;
#2837 = EDGE_CURVE ( 'NONE', #211, #4632, #4694, .T. ) ;
#2838 = LINE ( 'NONE', #6501, #4589 ) ;
#2839 = CARTESIAN_POINT ( 'NONE',  ( 15.00000000000007105, -36.58286977608874935, -16.85222304749692768 ) ) ;
#2840 = VERTEX_POINT ( 'NONE', #4204 ) ;
#2841 = LINE ( 'NONE', #4577, #1391 ) ;
#2842 = CARTESIAN_POINT ( 'NONE',  ( 24.63977589264509760, -16.76555788912890321, 30.72333391096152866 ) ) ;
#2843 = B_SPLINE_CURVE_WITH_KNOTS ( 'NONE', 3,
 ( #178, #3968, #5775, #2041, #4545, #7054, #7093, #7171, #4510, #5244, #2729, #7134, #3352, #1551 ),
 .UNSPECIFIED., .F., .F.,
 ( 4, 2, 2, 2, 2, 2, 4 ),
 ( 0.000000000000000000, 0.001196801401550992485, 0.001795202102326493064, 0.002393602803101993644, 0.002992003503877493573, 0.003590404204652994369, 0.004787205606203989022 ),
 .UNSPECIFIED. ) ;
#2844 = ORIENTED_EDGE ( 'NONE', *, *, #650, .T. ) ;
#2845 = DIRECTION ( 'NONE',  ( -0.000000000000000000, -0.5877852522924653655, -0.8090169943749531134 ) ) ;
#2846 = CARTESIAN_POINT ( 'NONE',  ( 8.033763659851169692, -28.03376365985115015, 3.859704845212373089E-15 ) ) ;
#2847 = CYLINDRICAL_SURFACE ( 'NONE', #3031, 5.000000000000000000 ) ;
#2848 = ORIENTED_EDGE ( 'NONE', *, *, #4642, .F. ) ;
#2849 = CARTESIAN_POINT ( 'NONE',  ( 24.61076051292646483, 22.49766677705681772, 26.81213503771690299 ) ) ;
#2850 = DIRECTION ( 'NONE',  ( 0.8978821065938837886, 0.000000000000000000, 0.4402359851926345713 ) ) ;
#2851 = CARTESIAN_POINT ( 'NONE',  ( 20.00000000000007105, 39.99999999999997868, 4.722688079563966745 ) ) ;
#2852 = CARTESIAN_POINT ( 'NONE',  ( 15.00000000000006750, -34.68525806487554775, 6.304195401677208821 ) ) ;
#2853 = CARTESIAN_POINT ( 'NONE',  ( 15.18862017184826563, 13.95014779961623574, -32.10032955997242254 ) ) ;
#2854 = B_SPLINE_CURVE_WITH_KNOTS ( 'NONE', 3,
 ( #1477, #6586, #977, #369 ),
 .UNSPECIFIED., .F., .F.,
 ( 4, 4 ),
 ( 3.878959614448864246E-18, 0.0008734117105027681006 ),
 .UNSPECIFIED. ) ;
#2855 = CARTESIAN_POINT ( 'NONE',  ( 22.86788218175522047, 39.99999999999997868, -0.2900044396689678283 ) ) ;
#2856 = EDGE_CURVE ( 'NONE', #2801, #6614, #4923, .T. ) ;
#2857 = DIRECTION ( 'NONE',  ( -0.5735764363510446051, 0.2531319026622733115, 0.7790598895575445715 ) ) ;
#2858 = FACE_OUTER_BOUND ( 'NONE', #5118, .T. ) ;
#2859 = LINE ( 'NONE', #5305, #6703 ) ;
#2860 = VERTEX_POINT ( 'NONE', #1189 ) ;
#2861 = ORIENTED_EDGE ( 'NONE', *, *, #5376, .T. ) ;
#2862 = DIRECTION ( 'NONE',  ( -0.8191520442889925757, 0.3371397703496105125, 0.4640330845810202165 ) ) ;
#2863 = CARTESIAN_POINT ( 'NONE',  ( 24.95238900918759839, -7.344392916882723554, 34.22295765798109102 ) ) ;
#2864 = ORIENTED_EDGE ( 'NONE', *, *, #38, .F. ) ;
#2865 = EDGE_CURVE ( 'NONE', #7677, #2826, #8003, .T. ) ;
#2866 = VERTEX_POINT ( 'NONE', #6926 ) ;
#2867 = CARTESIAN_POINT ( 'NONE',  ( 24.99999999999999645, -36.60129074203545940, 16.79552914386407636 ) ) ;
#2868 = ORIENTED_EDGE ( 'NONE', *, *, #6756, .T. ) ;
#2869 = EDGE_CURVE ( 'NONE', #7480, #7991, #4413, .T. ) ;
#2870 = ORIENTED_EDGE ( 'NONE', *, *, #3895, .F. ) ;
#2871 = VERTEX_POINT ( 'NONE', #2570 ) ;
#2872 = PLANE ( 'NONE',  #5511 ) ;
#2873 = VECTOR ( 'NONE', #3155, 1000.000000000000114 ) ;
#2874 = AXIS2_PLACEMENT_3D ( 'NONE', #4837, #3501, #6064 ) ;
#2875 = EDGE_CURVE ( 'NONE', #833, #1397, #4494, .T. ) ;
#2876 = CARTESIAN_POINT ( 'NONE',  ( 15.54046384447849682, -24.22350489953451103, 25.26305227762923877 ) ) ;
#2877 = VERTEX_POINT ( 'NONE', #3180 ) ;
#2878 = EDGE_CURVE ( 'NONE', #2227, #1379, #4191, .T. ) ;
#2879 = CARTESIAN_POINT ( 'NONE',  ( 24.99999999999999645, -36.68698483819294154, 16.53178983488708553 ) ) ;
#2880 = VECTOR ( 'NONE', #5139, 999.9999999999998863 ) ;
#2881 = CARTESIAN_POINT ( 'NONE',  ( 24.99999999999999645, 4.663076581549830735, 39.99999999999999289 ) ) ;
#2882 = VECTOR ( 'NONE', #1647, 1000.000000000000114 ) ;
#2883 = ORIENTED_EDGE ( 'NONE', *, *, #6610, .T. ) ;
#2884 = CARTESIAN_POINT ( 'NONE',  ( 0.000000000000000000, -39.99999999999997868, 0.000000000000000000 ) ) ;
#2885 = DIRECTION ( 'NONE',  ( -2.547988795891451412E-16, -0.8090169943749551118, 0.5877852522924625900 ) ) ;
#2886 = CARTESIAN_POINT ( 'NONE',  ( 24.99999999999999645, -19.73890189115332205, 35.10156741994325102 ) ) ;
#2887 = CARTESIAN_POINT ( 'NONE',  ( 20.00000000000000000, 33.01307321517498394, -6.115131855228653990 ) ) ;
#2888 = EDGE_CURVE ( 'NONE', #1011, #2009, #1306, .T. ) ;
#2889 = VECTOR ( 'NONE', #541, 1000.000000000000114 ) ;
#2890 = CIRCLE ( 'NONE', #822, 11.00000000000000000 ) ;
#2891 = CYLINDRICAL_SURFACE ( 'NONE', #6311, 35.00000000000000000 ) ;
#2892 = DIRECTION ( 'NONE',  ( 0.000000000000000000, 1.000000000000000000, 0.000000000000000000 ) ) ;
#2893 = ORIENTED_EDGE ( 'NONE', *, *, #2080, .F. ) ;
#2894 = DIRECTION ( 'NONE',  ( 0.000000000000000000, -1.000000000000000000, 0.000000000000000000 ) ) ;
#2895 = VECTOR ( 'NONE', #6942, 1000.000000000000000 ) ;
#2896 = CARTESIAN_POINT ( 'NONE',  ( 24.99999999999999289, 37.93814558970214534, 12.68111298760725525 ) ) ;
#2897 = DIRECTION ( 'NONE',  ( 0.7071067811865489050, -0.7071067811865461294, 8.659560562354914369E-17 ) ) ;
#2898 = CARTESIAN_POINT ( 'NONE',  ( 0.000000000000000000, -23.51141009169860396, -32.36067977499811121 ) ) ;
#2899 = CARTESIAN_POINT ( 'NONE',  ( 15.00000000000007105, -27.55649506357379153, 29.42175351353537849 ) ) ;
#2900 = DIRECTION ( 'NONE',  ( -0.000000000000000000, -1.000000000000000000, -0.000000000000000000 ) ) ;
#2901 = DIRECTION ( 'NONE',  ( -9.159339953157541458E-16, -0.8090169943749510040, 0.5877852522924682521 ) ) ;
#2902 = CARTESIAN_POINT ( 'NONE',  ( 26.57262746422506083, -12.24609193675468610, -38.07949249740009634 ) ) ;
#2903 = LINE ( 'NONE', #7962, #3692 ) ;
#2904 = PLANE ( 'NONE',  #1744 ) ;
#2905 = CARTESIAN_POINT ( 'NONE',  ( 16.80065191590787776, 33.54313575706813566, -9.995595476278193559 ) ) ;
#2906 = ORIENTED_EDGE ( 'NONE', *, *, #5353, .F. ) ;
#2907 = ORIENTED_EDGE ( 'NONE', *, *, #2075, .T. ) ;
#2908 = VECTOR ( 'NONE', #4321, 1000.000000000000114 ) ;
#2909 = DIRECTION ( 'NONE',  ( -0.5735764363510450492, -0.7790598895575396865, -0.2531319026622871338 ) ) ;
#2910 = ADVANCED_FACE ( 'NONE', ( #6846 ), #617, .T. ) ;
#2911 = FACE_OUTER_BOUND ( 'NONE', #5627, .T. ) ;
#2912 = CARTESIAN_POINT ( 'NONE',  ( 16.05646280002835269, 31.62941559345149756, 14.98694289312343741 ) ) ;
#2913 = ORIENTED_EDGE ( 'NONE', *, *, #4801, .F. ) ;
#2914 = VECTOR ( 'NONE', #7641, 1000.000000000000227 ) ;
#2915 = DIRECTION ( 'NONE',  ( 1.000000000000000000, -1.072118069236030918E-16, 3.299640131595842622E-16 ) ) ;
#2916 = VERTEX_POINT ( 'NONE', #652 ) ;
#2917 = LINE ( 'NONE', #5343, #6557 ) ;
#2918 = CARTESIAN_POINT ( 'NONE',  ( 15.00000000000006395, -31.69898284710533076, -14.84379361583781609 ) ) ;
#2919 = EDGE_LOOP ( 'NONE', ( #5990, #7543, #2403, #8061 ) ) ;
#2920 = ORIENTED_EDGE ( 'NONE', *, *, #3292, .F. ) ;
#2921 = EDGE_CURVE ( 'NONE', #3905, #2860, #3223, .T. ) ;
#2922 = CIRCLE ( 'NONE', #4101, 4.999999999999999112 ) ;
#2923 = ADVANCED_FACE ( 'NONE', ( #1879 ), #3137, .F. ) ;
#2924 = ORIENTED_EDGE ( 'NONE', *, *, #6794, .T. ) ;
#2925 = DIRECTION ( 'NONE',  ( 0.000000000000000000, 1.000000000000000000, 3.469446951953614189E-15 ) ) ;
#2926 = EDGE_CURVE ( 'NONE', #2137, #5393, #4718, .T. ) ;
#2927 = CIRCLE ( 'NONE', #2273, 5.000000000000000888 ) ;
#2928 = DIRECTION ( 'NONE',  ( -1.000000000000000000, 1.481484572605565909E-33, -0.000000000000000000 ) ) ;
#2929 = ORIENTED_EDGE ( 'NONE', *, *, #4141, .T. ) ;
#2930 = CARTESIAN_POINT ( 'NONE',  ( 15.80489273817999063, -34.42443017628864510, 6.322507118059913722 ) ) ;
#2931 = CIRCLE ( 'NONE', #7412, 35.00000000000000000 ) ;
#2932 = LINE ( 'NONE', #6147, #4922 ) ;
#2933 = ORIENTED_EDGE ( 'NONE', *, *, #857, .F. ) ;
#2934 = EDGE_CURVE ( 'NONE', #1705, #1617, #23, .T. ) ;
#2935 = DIRECTION ( 'NONE',  ( -3.948274227997406877E-19, -0.9510565162951555296, 0.3090169943749411785 ) ) ;
#2936 = CARTESIAN_POINT ( 'NONE',  ( 24.99999999999999645, 19.96325194752908416, -34.93856756282590226 ) ) ;
#2937 = CARTESIAN_POINT ( 'NONE',  ( 15.54046384447848439, -36.57505489365249218, -16.87627478251592450 ) ) ;
#2938 = DIRECTION ( 'NONE',  ( -0.000000000000000000, 1.047444401652940007E-14, -1.000000000000000000 ) ) ;
#2939 = EDGE_CURVE ( 'NONE', #3299, #7781, #5120, .T. ) ;
#2940 = CIRCLE ( 'NONE', #467, 30.00000000000000000 ) ;
#2941 = CARTESIAN_POINT ( 'NONE',  ( 15.00000000000007283, 12.36067977499832260, -38.04226065180598226 ) ) ;
#2942 = VERTEX_POINT ( 'NONE', #5681 ) ;
#2943 = LINE ( 'NONE', #2417, #5423 ) ;
#2944 = CARTESIAN_POINT ( 'NONE',  ( 23.94355495384386145, -25.68200197383178462, 23.77946806259204848 ) ) ;
#2945 = CYLINDRICAL_SURFACE ( 'NONE', #2017, 5.000000000000000000 ) ;
#2946 = LINE ( 'NONE', #2335, #1716 ) ;
#2947 = DIRECTION ( 'NONE',  ( -0.000000000000000000, 1.047444401652940007E-14, -1.000000000000000000 ) ) ;
#2948 = DIRECTION ( 'NONE',  ( 0.000000000000000000, -0.9510565162951500895, -0.3090169943749582204 ) ) ;
#2949 = EDGE_CURVE ( 'NONE', #4151, #4160, #7456, .T. ) ;
#2950 = PLANE ( 'NONE',  #7767 ) ;
#2951 = DIRECTION ( 'NONE',  ( 0.000000000000000000, -0.8090169943749466741, -0.5877852522924743583 ) ) ;
#2952 = CARTESIAN_POINT ( 'NONE',  ( 17.13211781824484703, 33.08790625289407927, 11.41010340880802332 ) ) ;
#2953 = FACE_OUTER_BOUND ( 'NONE', #7141, .T. ) ;
#2954 = CARTESIAN_POINT ( 'NONE',  ( 24.99999999999999645, 29.61979213005276534, -27.28391829224428378 ) ) ;
#2955 = ORIENTED_EDGE ( 'NONE', *, *, #1688, .F. ) ;
#2956 = ORIENTED_EDGE ( 'NONE', *, *, #1098, .F. ) ;
#2957 = CARTESIAN_POINT ( 'NONE',  ( 16.29525471753013122, 6.632047658116573707, 34.36591252768461402 ) ) ;
#2958 = FACE_OUTER_BOUND ( 'NONE', #1133, .T. ) ;
#2959 = CARTESIAN_POINT ( 'NONE',  ( 24.45953615552157956, 36.67916995575680517, -16.55584156990581235 ) ) ;
#2960 = ORIENTED_EDGE ( 'NONE', *, *, #1641, .F. ) ;
#2961 = VERTEX_POINT ( 'NONE', #1836 ) ;
#2962 = CARTESIAN_POINT ( 'NONE',  ( 16.29525471753012411, -34.36591252768464955, 6.632047658116438704 ) ) ;
#2963 = CARTESIAN_POINT ( 'NONE',  ( 15.00000000000007105, -39.99999999999997868, -5.000000000000000000 ) ) ;
#2964 = ORIENTED_EDGE ( 'NONE', *, *, #8106, .F. ) ;
#2965 = EDGE_LOOP ( 'NONE', ( #3537, #5524, #7530, #4842 ) ) ;
#2966 = ORIENTED_EDGE ( 'NONE', *, *, #3941, .F. ) ;
#2967 = FACE_OUTER_BOUND ( 'NONE', #7009, .T. ) ;
#2968 = EDGE_CURVE ( 'NONE', #5571, #6946, #3717, .T. ) ;
#2969 = DIRECTION ( 'NONE',  ( 0.4226182617407008291, -0.7332184018469973807, -0.5327143512579736173 ) ) ;
#2970 = CARTESIAN_POINT ( 'NONE',  ( 15.47020472364247290, 2.596516668303661568, -34.90400392625861770 ) ) ;
#2971 = PLANE ( 'NONE',  #7262 ) ;
#2972 = VERTEX_POINT ( 'NONE', #5637 ) ;
#2973 = CARTESIAN_POINT ( 'NONE',  ( 25.00000000000000355, 17.21655405520150239, -30.47546248426711202 ) ) ;
#2974 = CARTESIAN_POINT ( 'NONE',  ( 24.99999999999999289, 1.069105884036878258E-47, 0.000000000000000000 ) ) ;
#2975 = DIRECTION ( 'NONE',  ( 0.000000000000000000, -1.000000000000000000, -1.047444401652940007E-14 ) ) ;
#2976 = CARTESIAN_POINT ( 'NONE',  ( 24.63977589264518997, 15.00115158413840177, 31.62234382660263776 ) ) ;
#2977 = VERTEX_POINT ( 'NONE', #85 ) ;
#2978 = EDGE_CURVE ( 'NONE', #6563, #4732, #37, .T. ) ;
#2979 = CARTESIAN_POINT ( 'NONE',  ( 26.57262746422512478, 23.60888432892786071, -32.28986059626615202 ) ) ;
#2980 = ORIENTED_EDGE ( 'NONE', *, *, #2162, .F. ) ;
#2981 = FACE_OUTER_BOUND ( 'NONE', #372, .T. ) ;
#2982 = ORIENTED_EDGE ( 'NONE', *, *, #394, .F. ) ;
#2983 = ADVANCED_FACE ( 'NONE', ( #4332 ), #2531, .F. ) ;
#2984 = CARTESIAN_POINT ( 'NONE',  ( 23.19917531777618080, 20.99293718299474776, 28.00625651599285248 ) ) ;
#2985 = CARTESIAN_POINT ( 'NONE',  ( 15.54046384447853058, -25.26305227762915351, -24.22350489953460695 ) ) ;
#2986 = DIRECTION ( 'NONE',  ( -1.650596486501172456E-16, 0.5877852522924653655, 0.8090169943749530024 ) ) ;
#2987 = DIRECTION ( 'NONE',  ( 1.000000000000000000, -1.481484572605566251E-33, 0.000000000000000000 ) ) ;
#2988 = DIRECTION ( 'NONE',  ( 5.291066992975792292E-17, -0.8090169943749506709, 0.5877852522924685852 ) ) ;
#2989 = CARTESIAN_POINT ( 'NONE',  ( 23.19917531777618791, 33.44530749490908761, 10.31819859179564247 ) ) ;
#2990 = DIRECTION ( 'NONE',  ( -1.000000000000000000, 1.481484572605565909E-33, -0.000000000000000000 ) ) ;
#2991 = CARTESIAN_POINT ( 'NONE',  ( 15.38892734875748580, 32.32365832599196409, 13.42448363205862094 ) ) ;
#2992 = CARTESIAN_POINT ( 'NONE',  ( 17.13211781824482216, -28.67955088998834867, 20.06198795604683127 ) ) ;
#2993 = DIRECTION ( 'NONE',  ( 0.000000000000000000, -0.8090169943749551118, 0.5877852522924624790 ) ) ;
#2994 = VERTEX_POINT ( 'NONE', #739 ) ;
#2995 = ORIENTED_EDGE ( 'NONE', *, *, #6257, .F. ) ;
#2996 = EDGE_CURVE ( 'NONE', #5587, #4875, #6426, .T. ) ;
#2997 = DIRECTION ( 'NONE',  ( 7.416287505187807531E-17, 0.9510565162951511997, 0.3090169943749549453 ) ) ;
#2998 =( BOUNDED_CURVE ( )  B_SPLINE_CURVE ( 3, ( #715, #3035, #5539, #7439 ),
 .UNSPECIFIED., .F., .F. ) 
 B_SPLINE_CURVE_WITH_KNOTS ( ( 4, 4 ),
 ( 4.578760888222364045, 4.586022819131210682 ),
 .UNSPECIFIED. ) 
 CURVE ( )  GEOMETRIC_REPRESENTATION_ITEM ( )  RATIONAL_B_SPLINE_CURVE ( ( 1.000000000000000000, 0.9999956053681178236, 0.9999956053681178236, 1.000000000000000000 ) ) 
 REPRESENTATION_ITEM ( '' )  );
#2999 = CARTESIAN_POINT ( 'NONE',  ( 17.13211781824483282, -0.6269278581191499722, 34.99438471327527367 ) ) ;
#3000 = DIRECTION ( 'NONE',  ( 0.4226182617407008291, 0.9063077870366493816, 9.493070177060030796E-15 ) ) ;
#3001 = ORIENTED_EDGE ( 'NONE', *, *, #7619, .F. ) ;
#3002 = ORIENTED_EDGE ( 'NONE', *, *, #6871, .F. ) ;
#3003 = LINE ( 'NONE', #6753, #5278 ) ;
#3004 = ORIENTED_EDGE ( 'NONE', *, *, #1303, .T. ) ;
#3005 = ORIENTED_EDGE ( 'NONE', *, *, #7038, .T. ) ;
#3006 = ORIENTED_EDGE ( 'NONE', *, *, #231, .T. ) ;
#3007 = DIRECTION ( 'NONE',  ( -0.000000000000000000, -0.8090169943749422332, -0.5877852522924802425 ) ) ;
#3008 = EDGE_CURVE ( 'NONE', #92, #201, #3910, .T. ) ;
#3009 = PLANE ( 'NONE',  #7879 ) ;
#3010 = CARTESIAN_POINT ( 'NONE',  ( 17.13211781824487900, 0.6269278581193685751, -34.99438471327526656 ) ) ;
#3011 = CARTESIAN_POINT ( 'NONE',  ( 15.00000000000007105, -36.49717567993125300, -17.11596235647394693 ) ) ;
#3012 = VERTEX_POINT ( 'NONE', #3953 ) ;
#3013 = VECTOR ( 'NONE', #3690, 1000.000000000000114 ) ;
#3014 = CARTESIAN_POINT ( 'NONE',  ( 24.01831258142419045, 34.97223561158985916, -1.403614607076190790 ) ) ;
#3015 = DIRECTION ( 'NONE',  ( 2.418148279744581701E-16, -0.3090169943749446202, -0.9510565162951546414 ) ) ;
#3016 = AXIS2_PLACEMENT_3D ( 'NONE', #6183, #574, #2316 ) ;
#3017 = EDGE_CURVE ( 'NONE', #2600, #8055, #2106, .T. ) ;
#3018 = DIRECTION ( 'NONE',  ( 1.000000000000000000, -1.072118069236030918E-16, 3.299640131595842622E-16 ) ) ;
#3019 = CARTESIAN_POINT ( 'NONE',  ( 16.29525471753015609, -30.63450961402116235, 16.92710313988916937 ) ) ;
#3020 = CARTESIAN_POINT ( 'NONE',  ( 17.13211781824484703, -39.99999999999997868, -0.6269278581190064203 ) ) ;
#3021 = AXIS2_PLACEMENT_3D ( 'NONE', #2659, #1476, #7022 ) ;
#3022 = VECTOR ( 'NONE', #7308, 999.9999999999998863 ) ;
#3023 = VECTOR ( 'NONE', #3681, 1000.000000000000227 ) ;
#3024 = EDGE_LOOP ( 'NONE', ( #5123, #3005, #6288, #3794 ) ) ;
#3025 = CARTESIAN_POINT ( 'NONE',  ( -7.500000000000000000, 4.814824860968089633E-32, 0.000000000000000000 ) ) ;
#3026 = ORIENTED_EDGE ( 'NONE', *, *, #5890, .F. ) ;
#3027 = FACE_OUTER_BOUND ( 'NONE', #7791, .T. ) ;
#3028 = EDGE_CURVE ( 'NONE', #2715, #3287, #6462, .T. ) ;
#3029 = CARTESIAN_POINT ( 'NONE',  ( 16.29525471753025201, -20.02276793356432094, -34.89532666787501114 ) ) ;
#3030 = DIRECTION ( 'NONE',  ( -1.000000000000000000, 1.481484572605565909E-33, -0.000000000000000000 ) ) ;
#3031 = AXIS2_PLACEMENT_3D ( 'NONE', #1116, #3604, #6119 ) ;
#3032 = LINE ( 'NONE', #7349, #8013 ) ;
#3033 = VECTOR ( 'NONE', #7325, 1000.000000000000227 ) ;
#3034 = DIRECTION ( 'NONE',  ( 0.000000000000000000, -0.5877852522924625900, -0.8090169943749551118 ) ) ;
#3035 = CARTESIAN_POINT ( 'NONE',  ( 24.81993129918793528, -25.38076160629798395, 24.10029290739932151 ) ) ;
#3036 = EDGE_CURVE ( 'NONE', #5791, #3660, #4566, .T. ) ;
#3037 = CARTESIAN_POINT ( 'NONE',  ( 15.00000000000007105, -35.29960603646036077, 19.46632511982397773 ) ) ;
#3038 = CARTESIAN_POINT ( 'NONE',  ( 24.99999999999999645, -27.28391829224439391, -29.61979213005267653 ) ) ;
#3039 = DIRECTION ( 'NONE',  ( 0.000000000000000000, -0.9510565162951533091, -0.3090169943749481174 ) ) ;
#3040 = ORIENTED_EDGE ( 'NONE', *, *, #252, .F. ) ;
#3041 = ORIENTED_EDGE ( 'NONE', *, *, #2760, .F. ) ;
#3042 = AXIS2_PLACEMENT_3D ( 'NONE', #1532, #6031, #5331 ) ;
#3043 = DIRECTION ( 'NONE',  ( 0.000000000000000000, 1.000000000000000000, 0.000000000000000000 ) ) ;
#3044 = ADVANCED_FACE ( 'NONE', ( #2145 ), #848, .T. ) ;
#3045 = CARTESIAN_POINT ( 'NONE',  ( 22.86788218175522758, 28.48508311328362197, 20.33715909436035929 ) ) ;
#3046 = DIRECTION ( 'NONE',  ( 9.023018106048026545E-16, 0.8090169943749510040, -0.5877852522924682521 ) ) ;
#3047 = VECTOR ( 'NONE', #2590, 1000.000000000000000 ) ;
#3048 = ORIENTED_EDGE ( 'NONE', *, *, #1746, .F. ) ;
#3049 = EDGE_CURVE ( 'NONE', #3586, #6301, #7771, .T. ) ;
#3050 = B_SPLINE_CURVE_WITH_KNOTS ( 'NONE', 3,
 ( #1769, #6767, #1157, #8037 ),
 .UNSPECIFIED., .F., .F.,
 ( 4, 4 ),
 ( 1.592264493058081649E-17, 0.0008731425215613223796 ),
 .UNSPECIFIED. ) ;
#3051 = ORIENTED_EDGE ( 'NONE', *, *, #70, .T. ) ;
#3052 = DIRECTION ( 'NONE',  ( 1.000000000000000000, -1.481484572605566251E-33, 0.000000000000000000 ) ) ;
#3053 = CYLINDRICAL_SURFACE ( 'NONE', #951, 5.000000000000000000 ) ;
#3054 =( BOUNDED_CURVE ( )  B_SPLINE_CURVE ( 3, ( #2516, #5710, #3281, #5031 ),
 .UNSPECIFIED., .F., .F. ) 
 B_SPLINE_CURVE_WITH_KNOTS ( ( 4, 4 ),
 ( 4.712388980384689674, 4.835908513616244520 ),
 .UNSPECIFIED. ) 
 CURVE ( )  GEOMETRIC_REPRESENTATION_ITEM ( )  RATIONAL_B_SPLINE_CURVE ( ( 1.000000000000000000, 0.9987289811535395856, 0.9987289811535395856, 1.000000000000000000 ) ) 
 REPRESENTATION_ITEM ( '' )  );
#3055 = B_SPLINE_CURVE_WITH_KNOTS ( 'NONE', 3,
 ( #2433, #4910, #5461, #7407 ),
 .UNSPECIFIED., .F., .F.,
 ( 4, 4 ),
 ( 2.428612866367529932E-17, 0.0008731425215613256323 ),
 .UNSPECIFIED. ) ;
#3056 = ORIENTED_EDGE ( 'NONE', *, *, #834, .F. ) ;
#3057 = ORIENTED_EDGE ( 'NONE', *, *, #2949, .F. ) ;
#3058 = FACE_OUTER_BOUND ( 'NONE', #6792, .T. ) ;
#3059 = EDGE_CURVE ( 'NONE', #4787, #164, #6984, .T. ) ;
#3060 = LINE ( 'NONE', #5562, #3945 ) ;
#3061 = CARTESIAN_POINT ( 'NONE',  ( 15.54046384447848972, 24.22350489953470287, -25.26305227762904693 ) ) ;
#3062 = CIRCLE ( 'NONE', #7906, 5.000000000000000000 ) ;
#3063 = DIRECTION ( 'NONE',  ( 0.9063077870366491595, 0.4019338517338248429, -0.1305962250110751233 ) ) ;
#3064 = ORIENTED_EDGE ( 'NONE', *, *, #6577, .T. ) ;
#3065 = EDGE_CURVE ( 'NONE', #3453, #3738, #6832, .T. ) ;
#3066 = CIRCLE ( 'NONE', #3195, 35.00000000000000000 ) ;
#3067 = DIRECTION ( 'NONE',  ( -1.000000000000000000, 1.481484572605565909E-33, -0.000000000000000000 ) ) ;
#3068 = CARTESIAN_POINT ( 'NONE',  ( 24.99999999999999289, 15.15402362178712359, 31.54925622055641909 ) ) ;
#3069 = AXIS2_PLACEMENT_3D ( 'NONE', #3425, #7669, #7703 ) ;
#3070 = VERTEX_POINT ( 'NONE', #260 ) ;
#3071 = ORIENTED_EDGE ( 'NONE', *, *, #2934, .T. ) ;
#3072 = DIRECTION ( 'NONE',  ( -3.469446951953613696E-16, -0.9510565162951523099, -0.3090169943749515591 ) ) ;
#3073 = VECTOR ( 'NONE', #2043, 999.9999999999998863 ) ;
#3074 = ORIENTED_EDGE ( 'NONE', *, *, #5850, .F. ) ;
#3075 = DIRECTION ( 'NONE',  ( 4.163336342344337027E-16, 0.8090169943749550008, -0.5877852522924627010 ) ) ;
#3076 = ORIENTED_EDGE ( 'NONE', *, *, #6541, .F. ) ;
#3077 = DIRECTION ( 'NONE',  ( 3.885780586188046905E-16, -0.8090169943749464521, -0.5877852522924743583 ) ) ;
#3078 = CARTESIAN_POINT ( 'NONE',  ( 15.18006210666842648, -31.43795162992780234, -15.38383548403339418 ) ) ;
#3079 = PLANE ( 'NONE',  #4046 ) ;
#3080 = FACE_OUTER_BOUND ( 'NONE', #957, .T. ) ;
#3081 = CARTESIAN_POINT ( 'NONE',  ( 17.13211781824482216, -28.67955088998834867, 20.06198795604683127 ) ) ;
#3082 = DIRECTION ( 'NONE',  ( -0.000000000000000000, -0.3090169943749446757, -0.9510565162951544194 ) ) ;
#3083 = CARTESIAN_POINT ( 'NONE',  ( 15.18006210666843891, -34.65313535984939364, -4.916035660717015254 ) ) ;
#3084 = CARTESIAN_POINT ( 'NONE',  ( 24.01831258142419045, -12.14193195369255918, -32.82683180067260764 ) ) ;
#3085 = DIRECTION ( 'NONE',  ( -0.000000000000000000, -0.000000000000000000, -1.000000000000000000 ) ) ;
#3086 = EDGE_LOOP ( 'NONE', ( #5880, #7817, #1450, #504 ) ) ;
#3087 = EDGE_LOOP ( 'NONE', ( #3399, #5458, #5226, #3670 ) ) ;
#3088 = ADVANCED_FACE ( 'NONE', ( #4715 ), #3396, .F. ) ;
#3089 = AXIS2_PLACEMENT_3D ( 'NONE', #1389, #2571, #6345 ) ;
#3090 = DIRECTION ( 'NONE',  ( -4.578039098394415451E-34, -0.3090169943749582204, 0.9510565162951500895 ) ) ;
#3091 = LINE ( 'NONE', #5547, #1505 ) ;
#3092 = CARTESIAN_POINT ( 'NONE',  ( 15.00000000000007283, 38.04226065180611016, 12.36067977499791759 ) ) ;
#3093 = ORIENTED_EDGE ( 'NONE', *, *, #4405, .F. ) ;
#3094 = ORIENTED_EDGE ( 'NONE', *, *, #1146, .T. ) ;
#3095 = ADVANCED_FACE ( 'NONE', ( #1076 ), #3561, .T. ) ;
#3096 = DIRECTION ( 'NONE',  ( 0.000000000000000000, 1.000000000000000000, 0.000000000000000000 ) ) ;
#3097 = FACE_OUTER_BOUND ( 'NONE', #4297, .T. ) ;
#3098 = VERTEX_POINT ( 'NONE', #3029 ) ;
#3099 = EDGE_CURVE ( 'NONE', #5991, #1506, #1167, .T. ) ;
#3100 = VERTEX_POINT ( 'NONE', #7261 ) ;
#3101 = DIRECTION ( 'NONE',  ( 1.000000000000000000, 0.000000000000000000, 0.000000000000000000 ) ) ;
#3102 = ORIENTED_EDGE ( 'NONE', *, *, #4153, .T. ) ;
#3103 = CARTESIAN_POINT ( 'NONE',  ( 24.99999999999999289, 1.069105884036878258E-47, 0.000000000000000000 ) ) ;
#3104 = FACE_OUTER_BOUND ( 'NONE', #3233, .T. ) ;
#3105 = CARTESIAN_POINT ( 'NONE',  ( 24.63977589264514734, -4.495101321637990033, -34.71024693150972240 ) ) ;
#3106 = ORIENTED_EDGE ( 'NONE', *, *, #231, .F. ) ;
#3107 = EDGE_CURVE ( 'NONE', #7327, #6049, #6409, .T. ) ;
#3108 = CARTESIAN_POINT ( 'NONE',  ( 24.01831258142419756, 1.403614607076083987, 34.97223561158986627 ) ) ;
#3109 = CARTESIAN_POINT ( 'NONE',  ( 25.00000000000000000, 1.646535966527737482, 10.83719740207062188 ) ) ;
#3110 = CARTESIAN_POINT ( 'NONE',  ( 20.00000000000007461, 0.6496053926797612510, -8.928821982876227636 ) ) ;
#3111 = ORIENTED_EDGE ( 'NONE', *, *, #3389, .T. ) ;
#3112 = CARTESIAN_POINT ( 'NONE',  ( 15.54046384447846663, 16.87627478251605595, -36.57505489365244244 ) ) ;
#3113 = ORIENTED_EDGE ( 'NONE', *, *, #212, .F. ) ;
#3114 = FACE_OUTER_BOUND ( 'NONE', #7936, .T. ) ;
#3115 = CARTESIAN_POINT ( 'NONE',  ( 15.36021751530111423, -31.47514712630210099, -15.30758995606826645 ) ) ;
#3116 =( NAMED_UNIT ( * ) PLANE_ANGLE_UNIT ( ) SI_UNIT ( $, .RADIAN. ) );
#3117 = CARTESIAN_POINT ( 'NONE',  ( 22.86788218175524179, 33.37545168956182096, 10.53941291143514647 ) ) ;
#3118 = CARTESIAN_POINT ( 'NONE',  ( 25.00000000000000000, 14.05634640690827730, 37.49130516485353581 ) ) ;
#3119 = DIRECTION ( 'NONE',  ( 0.9063077870366491595, 0.1305962250110735967, 0.4019338517338252870 ) ) ;
#3120 = LINE ( 'NONE', #7313, #5151 ) ;
#3121 = CARTESIAN_POINT ( 'NONE',  ( 23.70474528246987589, 17.22329254607031856, -30.46897100120840918 ) ) ;
#3122 = ORIENTED_EDGE ( 'NONE', *, *, #5737, .T. ) ;
#3123 = ORIENTED_EDGE ( 'NONE', *, *, #5457, .T. ) ;
#3124 = CARTESIAN_POINT ( 'NONE',  ( 15.24782577960349883, -34.85800834198239784, -3.155139108369977130 ) ) ;
#3125 = CARTESIAN_POINT ( 'NONE',  ( 23.94355495384387567, 25.68200197383195160, -23.77946806259186019 ) ) ;
#3126 = CARTESIAN_POINT ( 'NONE',  ( 25.00000000000000000, 22.06898990056909327, -33.40865938710734184 ) ) ;
#3127 = EDGE_CURVE ( 'NONE', #5384, #4542, #1685, .T. ) ;
#3128 = ORIENTED_EDGE ( 'NONE', *, *, #7557, .F. ) ;
#3129 = ORIENTED_EDGE ( 'NONE', *, *, #53, .T. ) ;
#3130 = CARTESIAN_POINT ( 'NONE',  ( 24.99999999999999645, -4.663076581549550959, -40.00000000000002842 ) ) ;
#3131 = DIRECTION ( 'NONE',  ( -2.465190328815661542E-30, 0.9510565162951511997, 0.3090169943749548898 ) ) ;
#3132 = ORIENTED_EDGE ( 'NONE', *, *, #2775, .F. ) ;
#3133 = EDGE_CURVE ( 'NONE', #8026, #7205, #5250, .T. ) ;
#3134 = EDGE_LOOP ( 'NONE', ( #7571, #2346, #7148, #4579 ) ) ;
#3135 = CARTESIAN_POINT ( 'NONE',  ( 15.54046384447853058, -19.67021554836318842, -35.15147096907336532 ) ) ;
#3136 = EDGE_CURVE ( 'NONE', #625, #6202, #2946, .T. ) ;
#3137 = PLANE ( 'NONE',  #4997 ) ;
#3138 = B_SPLINE_CURVE_WITH_KNOTS ( 'NONE', 3,
 ( #27, #7487, #6222, #1874, #4370, #6881, #7923, #1691, #3402, #1652, #4854, #2343, #7355, #1565 ),
 .UNSPECIFIED., .F., .F.,
 ( 4, 2, 2, 2, 2, 2, 4 ),
 ( 0.000000000000000000, 0.001196801401550987715, 0.001795202102326488728, 0.002393602803101989741, 0.002992003503877490537, 0.003590404204652991767, 0.004787205606203993359 ),
 .UNSPECIFIED. ) ;
#3139 = CARTESIAN_POINT ( 'NONE',  ( 15.00000000000008171, -16.71398031309018961, -31.03953718700030251 ) ) ;
#3140 = VECTOR ( 'NONE', #4677, 1000.000000000000000 ) ;
#3141 = CARTESIAN_POINT ( 'NONE',  ( 22.86788218175522402, 12.63649038709950112, 37.95264435150426152 ) ) ;
#3142 = ORIENTED_EDGE ( 'NONE', *, *, #6694, .F. ) ;
#3143 = DIRECTION ( 'NONE',  ( -2.538844932260001053E-16, 0.5877852522924713607, 0.8090169943749486725 ) ) ;
#3144 = EDGE_CURVE ( 'NONE', #5380, #6774, #6294, .T. ) ;
#3145 = DIRECTION ( 'NONE',  ( 0.000000000000000000, -0.8090169943749404569, -0.5877852522924829071 ) ) ;
#3146 = VECTOR ( 'NONE', #7672, 1000.000000000000114 ) ;
#3147 = ADVANCED_FACE ( 'NONE', ( #1123 ), #4847, .F. ) ;
#3148 = CARTESIAN_POINT ( 'NONE',  ( 24.19512822508729499, -34.73658838134134186, 4.287758709075368380 ) ) ;
#3149 = EDGE_LOOP ( 'NONE', ( #3142, #923, #6579, #4558 ) ) ;
#3150 = CARTESIAN_POINT ( 'NONE',  ( 24.45953615552161864, 16.83982962158340513, -30.68257059498180439 ) ) ;
#3151 = VECTOR ( 'NONE', #315, 1000.000000000000000 ) ;
#3152 = ORIENTED_EDGE ( 'NONE', *, *, #1580, .F. ) ;
#3153 = AXIS2_PLACEMENT_3D ( 'NONE', #5645, #3840, #1240 ) ;
#3154 = CARTESIAN_POINT ( 'NONE',  ( 16.29525471753020582, 25.56521582826710670, 23.90438745615793792 ) ) ;
#3155 = DIRECTION ( 'NONE',  ( 0.8191520442889929088, -0.000000000000000000, -0.5735764363510443831 ) ) ;
#3156 = DIRECTION ( 'NONE',  ( 0.000000000000000000, -1.000000000000000000, 0.000000000000000000 ) ) ;
#3157 = APPLICATION_PROTOCOL_DEFINITION ( 'draft international standard', 'automotive_design', 1998, #5093 ) ;
#3158 = VECTOR ( 'NONE', #7177, 1000.000000000000114 ) ;
#3159 = CARTESIAN_POINT ( 'NONE',  ( 15.00000000000000000, -3.703711431513914807E-32, 0.000000000000000000 ) ) ;
#3160 = DIRECTION ( 'NONE',  ( 0.000000000000000000, 0.3090169943749413450, 0.9510565162951554186 ) ) ;
#3161 = CARTESIAN_POINT ( 'NONE',  ( 15.00000000000006217, -25.56053970837954736, -23.91281104903848842 ) ) ;
#3162 = ORIENTED_EDGE ( 'NONE', *, *, #5386, .T. ) ;
#3163 = ORIENTED_EDGE ( 'NONE', *, *, #7680, .F. ) ;
#3164 = CIRCLE ( 'NONE', #5142, 5.000000000000000888 ) ;
#3165 = VECTOR ( 'NONE', #4737, 1000.000000000000000 ) ;
#3166 = DIRECTION ( 'NONE',  ( 0.000000000000000000, 0.5877852522924684742, 0.8090169943749508930 ) ) ;
#3167 = ADVANCED_FACE ( 'NONE', ( #7347 ), #1732, .F. ) ;
#3168 = DIRECTION ( 'NONE',  ( 9.020562075079396891E-15, 0.3090169943749485060, -0.9510565162951533091 ) ) ;
#3169 = DIRECTION ( 'NONE',  ( 0.000000000000000000, 1.000000000000000000, 0.000000000000000000 ) ) ;
#3170 = ORIENTED_EDGE ( 'NONE', *, *, #4993, .T. ) ;
#3171 = AXIS2_PLACEMENT_3D ( 'NONE', #3346, #4619, #4663 ) ;
#3172 = EDGE_LOOP ( 'NONE', ( #3001, #7452, #2980, #5557 ) ) ;
#3173 = DIRECTION ( 'NONE',  ( 1.198546196142200808E-33, 0.8090169943749422332, 0.5877852522924802425 ) ) ;
#3174 = EDGE_CURVE ( 'NONE', #6540, #4680, #4464, .T. ) ;
#3175 = ORIENTED_EDGE ( 'NONE', *, *, #5619, .T. ) ;
#3176 = VECTOR ( 'NONE', #5466, 1000.000000000000000 ) ;
#3177 = CARTESIAN_POINT ( 'NONE',  ( 24.99999999999999289, 16.61657284454171446, -30.80405017042464522 ) ) ;
#3178 = CARTESIAN_POINT ( 'NONE',  ( 24.52945112611145362, 12.94148950202077231, 32.51998141662802055 ) ) ;
#3179 = ORIENTED_EDGE ( 'NONE', *, *, #7324, .T. ) ;
#3180 = CARTESIAN_POINT ( 'NONE',  ( 23.70474528246986523, 36.81383298408878346, -16.14139138454229894 ) ) ;
#3181 = ADVANCED_FACE ( 'NONE', ( #3611 ), #8045, .T. ) ;
#3182 = DIRECTION ( 'NONE',  ( 1.092257492167087392E-16, -0.9510565162951533091, -0.3090169943749482284 ) ) ;
#3183 = EDGE_CURVE ( 'NONE', #7426, #4151, #277, .T. ) ;
#3184 = CARTESIAN_POINT ( 'NONE',  ( 15.00000000000007283, 39.99999999999997868, 0.000000000000000000 ) ) ;
#3185 = ORIENTED_EDGE ( 'NONE', *, *, #3728, .T. ) ;
#3186 = VECTOR ( 'NONE', #5184, 1000.000000000000227 ) ;
#3187 = CYLINDRICAL_SURFACE ( 'NONE', #7360, 5.000000000000000000 ) ;
#3188 = EDGE_CURVE ( 'NONE', #5939, #969, #6363, .T. ) ;
#3189 = CARTESIAN_POINT ( 'NONE',  ( 2.000004173017514029E-32, 13.50000000000000000, 1.653273178848926867E-15 ) ) ;
#3190 = ORIENTED_EDGE ( 'NONE', *, *, #1851, .T. ) ;
#3191 = VECTOR ( 'NONE', #1328, 1000.000000000000114 ) ;
#3192 = ORIENTED_EDGE ( 'NONE', *, *, #1988, .T. ) ;
#3193 = DIRECTION ( 'NONE',  ( 0.9063077870366491595, 0.4226182617407009401, 1.475563774321980333E-15 ) ) ;
#3194 = EDGE_CURVE ( 'NONE', #3257, #4154, #2219, .T. ) ;
#3195 = AXIS2_PLACEMENT_3D ( 'NONE', #1857, #4275, #102 ) ;
#3196 = ORIENTED_EDGE ( 'NONE', *, *, #7020, .F. ) ;
#3197 = B_SPLINE_CURVE_WITH_KNOTS ( 'NONE', 3,
 ( #2511, #5064, #5780, #7059 ),
 .UNSPECIFIED., .F., .F.,
 ( 4, 4 ),
 ( 3.878959614448864246E-18, 0.0008734117105027520544 ),
 .UNSPECIFIED. ) ;
#3198 = CARTESIAN_POINT ( 'NONE',  ( 15.00000000000007105, -39.58734562368091758, 7.605397193521861610 ) ) ;
#3199 = ADVANCED_FACE ( 'NONE', ( #1287 ), #1818, .T. ) ;
#3200 = AXIS2_PLACEMENT_3D ( 'NONE', #3313, #326, #5819 ) ;
#3201 = LINE ( 'NONE', #216, #5374 ) ;
#3202 = CIRCLE ( 'NONE', #7779, 35.00000000000000000 ) ;
#3203 = CARTESIAN_POINT ( 'NONE',  ( 15.00000000000007105, -7.605397193521742594, -39.58734562368093890 ) ) ;
#3204 = CARTESIAN_POINT ( 'NONE',  ( 23.19917531777618436, 33.12270710795983319, -11.31106049179572359 ) ) ;
#3205 = ORIENTED_EDGE ( 'NONE', *, *, #2141, .F. ) ;
#3206 = VECTOR ( 'NONE', #2794, 1000.000000000000000 ) ;
#3207 = VERTEX_POINT ( 'NONE', #5578 ) ;
#3208 = AXIS2_PLACEMENT_3D ( 'NONE', #3310, #5816, #2072 ) ;
#3209 = CARTESIAN_POINT ( 'NONE',  ( 15.98126570279175063, -34.95705929450347327, -1.741104187333809117 ) ) ;
#3210 = EDGE_CURVE ( 'NONE', #2561, #5309, #2546, .T. ) ;
#3211 = CARTESIAN_POINT ( 'NONE',  ( 13.42737253577495515, 37.97537743529598941, 12.56652514936444831 ) ) ;
#3212 = FACE_OUTER_BOUND ( 'NONE', #113, .T. ) ;
#3213 = ORIENTED_EDGE ( 'NONE', *, *, #4368, .T. ) ;
#3214 = ORIENTED_EDGE ( 'NONE', *, *, #242, .T. ) ;
#3215 = VECTOR ( 'NONE', #2670, 1000.000000000000000 ) ;
#3216 = VERTEX_POINT ( 'NONE', #6206 ) ;
#3217 = CARTESIAN_POINT ( 'NONE',  ( 13.42737253577497647, 32.23346033721239223, 23.68651262579936301 ) ) ;
#3218 = ORIENTED_EDGE ( 'NONE', *, *, #1484, .F. ) ;
#3219 = DIRECTION ( 'NONE',  ( 3.299640131595842622E-16, 0.000000000000000000, -1.000000000000000000 ) ) ;
#3220 = CARTESIAN_POINT ( 'NONE',  ( 26.57262746422509281, 12.47526761324114375, -38.00502880621214530 ) ) ;
#3221 = ORIENTED_EDGE ( 'NONE', *, *, #784, .F. ) ;
#3222 = ORIENTED_EDGE ( 'NONE', *, *, #3682, .F. ) ;
#3223 = LINE ( 'NONE', #6384, #4612 ) ;
#3224 = FACE_OUTER_BOUND ( 'NONE', #362, .T. ) ;
#3225 = CARTESIAN_POINT ( 'NONE',  ( 15.38892734875751245, -8.138734265114893063, -34.04110240466258830 ) ) ;
#3226 = ORIENTED_EDGE ( 'NONE', *, *, #2162, .T. ) ;
#3227 = FACE_OUTER_BOUND ( 'NONE', #2002, .T. ) ;
#3228 = CARTESIAN_POINT ( 'NONE',  ( 13.42737253577498358, -39.99999999999997868, -0.2164386351805732966 ) ) ;
#3229 = VERTEX_POINT ( 'NONE', #5133 ) ;
#3230 = EDGE_CURVE ( 'NONE', #3738, #3453, #4057, .T. ) ;
#3231 = ORIENTED_EDGE ( 'NONE', *, *, #394, .T. ) ;
#3232 = CARTESIAN_POINT ( 'NONE',  ( 23.70474528246990076, 20.29534470489402054, -34.69728805135770955 ) ) ;
#3233 = EDGE_LOOP ( 'NONE', ( #2674, #4369, #7485, #7887 ) ) ;
#3234 = CARTESIAN_POINT ( 'NONE',  ( 23.70474528246985102, -34.30000351133444525, -6.964894767506915052 ) ) ;
#3235 = CARTESIAN_POINT ( 'NONE',  ( 20.00000000000000000, 4.385764661113805474, 39.99999999999999289 ) ) ;
#3236 = DIRECTION ( 'NONE',  ( 1.072118069236030671E-16, 1.000000000000000000, 4.999368661311141297E-17 ) ) ;
#3237 = EDGE_CURVE ( 'NONE', #6256, #969, #3283, .T. ) ;
#3238 = CARTESIAN_POINT ( 'NONE',  ( 15.00000000000007105, 16.85222304749705557, -36.58286977608868540 ) ) ;
#3239 = CARTESIAN_POINT ( 'NONE',  ( 23.89409946658236450, 32.88215029528719668, -11.99112483634246473 ) ) ;
#3240 = PLANE ( 'NONE',  #3558 ) ;
#3241 = CARTESIAN_POINT ( 'NONE',  ( 15.80489273818006701, 16.65079554010049989, 30.78581649236965845 ) ) ;
#3242 = EDGE_CURVE ( 'NONE', #6390, #992, #4309, .T. ) ;
#3243 = VERTEX_POINT ( 'NONE', #6937 ) ;
#3244 = DIRECTION ( 'NONE',  ( -0.000000000000000000, -0.8090169943749507819, 0.5877852522924685852 ) ) ;
#3245 = DIRECTION ( 'NONE',  ( 1.591994415048437703E-17, -0.3090169943749383474, -0.9510565162951566398 ) ) ;
#3246 = CYLINDRICAL_SURFACE ( 'NONE', #614, 13.50000000000000000 ) ;
#3247 = EDGE_CURVE ( 'NONE', #3400, #7077, #6430, .T. ) ;
#3248 = ORIENTED_EDGE ( 'NONE', *, *, #5032, .T. ) ;
#3249 = ORIENTED_EDGE ( 'NONE', *, *, #6398, .F. ) ;
#3250 = EDGE_CURVE ( 'NONE', #6441, #4486, #4195, .T. ) ;
#3251 = EDGE_LOOP ( 'NONE', ( #296, #1751, #148, #5066 ) ) ;
#3252 = ORIENTED_EDGE ( 'NONE', *, *, #5583, .T. ) ;
#3253 = PLANE ( 'NONE',  #3982 ) ;
#3254 = EDGE_CURVE ( 'NONE', #1814, #1528, #4729, .T. ) ;
#3255 = ORIENTED_EDGE ( 'NONE', *, *, #4250, .T. ) ;
#3256 = CARTESIAN_POINT ( 'NONE',  ( 22.86788218175522758, 11.09103413563848051, 33.19621908895803841 ) ) ;
#3257 = VERTEX_POINT ( 'NONE', #6317 ) ;
#3258 = DIRECTION ( 'NONE',  ( 1.072118069236030795E-16, 1.000000000000000000, 4.999368661311141297E-17 ) ) ;
#3259 = CARTESIAN_POINT ( 'NONE',  ( 15.00000000000007105, 4.722688079564399288, -39.99999999999992184 ) ) ;
#3260 = CARTESIAN_POINT ( 'NONE',  ( 24.99999999999999289, 30.80405017042482996, 16.61657284454138050 ) ) ;
#3261 = ORIENTED_EDGE ( 'NONE', *, *, #2650, .F. ) ;
#3262 = CARTESIAN_POINT ( 'NONE',  ( 19.32833852793591944, 33.02636109117831609, -11.68867368810097673 ) ) ;
#3263 =( BOUNDED_CURVE ( )  B_SPLINE_CURVE ( 3, ( #555, #6082, #4981, #7441 ),
 .UNSPECIFIED., .F., .T. ) 
 B_SPLINE_CURVE_WITH_KNOTS ( ( 4, 4 ),
 ( 1.427448757889531405, 1.434720266952592915 ),
 .UNSPECIFIED. ) 
 CURVE ( )  GEOMETRIC_REPRESENTATION_ITEM ( )  RATIONAL_B_SPLINE_CURVE ( ( 1.000000000000000000, 0.9999955937678493001, 0.9999955937678493001, 1.000000000000000000 ) ) 
 REPRESENTATION_ITEM ( '' )  );
#3264 = CARTESIAN_POINT ( 'NONE',  ( 24.75193471525578204, -34.05008643305193061, -8.101062250961064137 ) ) ;
#3265 = VERTEX_POINT ( 'NONE', #6861 ) ;
#3266 = VERTEX_POINT ( 'NONE', #6276 ) ;
#3267 = CARTESIAN_POINT ( 'NONE',  ( 24.19512822508729144, 31.71146842505392272, -14.81209699700882965 ) ) ;
#3268 = VERTEX_POINT ( 'NONE', #1852 ) ;
#3269 = ADVANCED_FACE ( 'NONE', ( #5097 ), #12, .T. ) ;
#3270 = DIRECTION ( 'NONE',  ( 0.000000000000000000, -0.5877852522924801315, 0.8090169943749423442 ) ) ;
#3271 = AXIS2_PLACEMENT_3D ( 'NONE', #4756, #6545, #5357 ) ;
#3272 = CARTESIAN_POINT ( 'NONE',  ( -12.50000000000000000, -1.250000000000000000, 4.999999999999999112 ) ) ;
#3273 = DIRECTION ( 'NONE',  ( -1.000000000000000000, 1.481484572605565909E-33, -0.000000000000000000 ) ) ;
#3274 = CARTESIAN_POINT ( 'NONE',  ( 24.45953615552159022, 8.165517980089930461, -39.40535134785557148 ) ) ;
#3275 = DIRECTION ( 'NONE',  ( 0.000000000000000000, -1.000000000000000000, 0.000000000000000000 ) ) ;
#3276 = VECTOR ( 'NONE', #5406, 1000.000000000000000 ) ;
#3277 = CARTESIAN_POINT ( 'NONE',  ( 15.00000000000006573, 1.481484572605556398E-32, 0.000000000000000000 ) ) ;
#3278 = VERTEX_POINT ( 'NONE', #7513 ) ;
#3279 = EDGE_CURVE ( 'NONE', #855, #973, #7591, .T. ) ;
#3280 = PLANE ( 'NONE',  #4595 ) ;
#3281 = CARTESIAN_POINT ( 'NONE',  ( 18.33892290830192451, -34.91100037371310805, -2.881206983847790504 ) ) ;
#3282 = CARTESIAN_POINT ( 'NONE',  ( 24.99999999999999289, 1.069105884036878258E-47, 0.000000000000000000 ) ) ;
#3283 = CIRCLE ( 'NONE', #2506, 35.00000000000000000 ) ;
#3284 = CARTESIAN_POINT ( 'NONE',  ( 26.57262746422508570, -39.99999999999997868, -0.1204847832694559417 ) ) ;
#3285 = EDGE_CURVE ( 'NONE', #7205, #2972, #6902, .T. ) ;
#3286 = FACE_OUTER_BOUND ( 'NONE', #3583, .T. ) ;
#3287 = VERTEX_POINT ( 'NONE', #7554 ) ;
#3288 = ORIENTED_EDGE ( 'NONE', *, *, #945, .T. ) ;
#3289 = VECTOR ( 'NONE', #554, 1000.000000000000000 ) ;
#3290 = CARTESIAN_POINT ( 'NONE',  ( 15.00000000000006573, 1.481484572605556398E-32, 0.000000000000000000 ) ) ;
#3291 = CIRCLE ( 'NONE', #6303, 4.999999999999998224 ) ;
#3292 = EDGE_CURVE ( 'NONE', #2916, #3725, #7374, .T. ) ;
#3293 = ORIENTED_EDGE ( 'NONE', *, *, #1025, .F. ) ;
#3294 = CARTESIAN_POINT ( 'NONE',  ( 15.00000000000006573, -34.44194608428059468, 6.225138546852473809 ) ) ;
#3295 = EDGE_CURVE ( 'NONE', #2373, #2942, #3201, .T. ) ;
#3296 = CARTESIAN_POINT ( 'NONE',  ( 25.00000000000000355, 34.30409497040298561, 6.956480103272027371 ) ) ;
#3297 = AXIS2_PLACEMENT_3D ( 'NONE', #5732, #7788, #4710 ) ;
#3298 = VECTOR ( 'NONE', #3856, 1000.000000000000000 ) ;
#3299 = VERTEX_POINT ( 'NONE', #2698 ) ;
#3300 = CARTESIAN_POINT ( 'NONE',  ( 24.45953615552168969, -4.411054151913477384, -34.72092454513398962 ) ) ;
#3301 = AXIS2_PLACEMENT_3D ( 'NONE', #2827, #5373, #2257 ) ;
#3302 = LINE ( 'NONE', #5806, #7533 ) ;
#3303 = ORIENTED_EDGE ( 'NONE', *, *, #3987, .T. ) ;
#3304 = CARTESIAN_POINT ( 'NONE',  ( 24.34597678335757109, -27.15399102590101421, 22.08375224535072689 ) ) ;
#3305 = ADVANCED_FACE ( 'NONE', ( #2121 ), #4669, .F. ) ;
#3306 = DIRECTION ( 'NONE',  ( 2.081668171172169302E-15, -0.3090169943749347392, -0.9510565162951577500 ) ) ;
#3307 = ORIENTED_EDGE ( 'NONE', *, *, #1795, .F. ) ;
#3308 = CARTESIAN_POINT ( 'NONE',  ( 24.99999999999999645, -35.10156741994317997, -19.73890189115346061 ) ) ;
#3309 = ORIENTED_EDGE ( 'NONE', *, *, #7363, .F. ) ;
#3310 = CARTESIAN_POINT ( 'NONE',  ( 15.00000000000006573, 1.481484572605556398E-32, 0.000000000000000000 ) ) ;
#3311 = ORIENTED_EDGE ( 'NONE', *, *, #385, .T. ) ;
#3312 =( BOUNDED_CURVE ( )  B_SPLINE_CURVE ( 3, ( #838, #2133, #6485, #3364 ),
 .UNSPECIFIED., .F., .F. ) 
 B_SPLINE_CURVE_WITH_KNOTS ( ( 4, 4 ),
 ( 1.552883144289288753, 1.684621253977660382 ),
 .UNSPECIFIED. ) 
 CURVE ( )  GEOMETRIC_REPRESENTATION_ITEM ( )  RATIONAL_B_SPLINE_CURVE ( ( 1.000000000000000000, 0.9985542787012120503, 0.9985542787012120503, 1.000000000000000000 ) ) 
 REPRESENTATION_ITEM ( '' )  );
#3313 = CARTESIAN_POINT ( 'NONE',  ( 26.57262746422508215, 39.99999999999997868, 0.1204847832694568022 ) ) ;
#3314 = CARTESIAN_POINT ( 'NONE',  ( 17.13211781824485769, 10.21761575938577060, 33.47536897770585540 ) ) ;
#3315 = CARTESIAN_POINT ( 'NONE',  ( 24.19512822508727723, -34.36144904282062384, -6.656295275874673401 ) ) ;
#3316 = DIRECTION ( 'NONE',  ( -2.612494912478724401E-16, 0.3090169943749384585, 0.9510565162951565288 ) ) ;
#3317 = CARTESIAN_POINT ( 'NONE',  ( 15.36021751530110535, -4.832027814013680533, 34.66494921516667205 ) ) ;
#3318 = DIRECTION ( 'NONE',  ( -0.000000000000000000, 0.8090169943749507819, -0.5877852522924685852 ) ) ;
#3319 = CARTESIAN_POINT ( 'NONE',  ( 15.24782577960348640, -23.04158438599372971, 26.34617690189622152 ) ) ;
#3320 = ORIENTED_EDGE ( 'NONE', *, *, #242, .F. ) ;
#3321 = AXIS2_PLACEMENT_3D ( 'NONE', #5418, #6134, #7926 ) ;
#3322 = LINE ( 'NONE', #2626, #3539 ) ;
#3323 = DIRECTION ( 'NONE',  ( 0.000000000000000000, 0.8090169943749486725, -0.5877852522924714718 ) ) ;
#3324 = CARTESIAN_POINT ( 'NONE',  ( 15.54046384447849150, -34.67645756116565536, -4.747977570363818067 ) ) ;
#3325 = DIRECTION ( 'NONE',  ( 3.558029438935070571E-16, 0.3090169943749517256, -0.9510565162951521989 ) ) ;
#3326 = B_SPLINE_CURVE_WITH_KNOTS ( 'NONE', 3,
 ( #5542, #2427, #4317, #6825 ),
 .UNSPECIFIED., .F., .F.,
 ( 4, 4 ),
 ( 3.878959614448864246E-18, 0.0008734117105027639806 ),
 .UNSPECIFIED. ) ;
#3327 = LINE ( 'NONE', #7033, #2532 ) ;
#3328 = EDGE_CURVE ( 'NONE', #598, #2137, #2432, .T. ) ;
#3329 = VECTOR ( 'NONE', #7858, 999.9999999999998863 ) ;
#3330 = EDGE_CURVE ( 'NONE', #6635, #6751, #1208, .T. ) ;
#3331 = VERTEX_POINT ( 'NONE', #4004 ) ;
#3332 = ORIENTED_EDGE ( 'NONE', *, *, #1437, .F. ) ;
#3333 = CARTESIAN_POINT ( 'NONE',  ( 24.81993129918793528, 16.69113863640334472, -30.76382728072914929 ) ) ;
#3334 = FACE_OUTER_BOUND ( 'NONE', #4452, .T. ) ;
#3335 = VECTOR ( 'NONE', #6505, 1000.000000000000227 ) ;
#3336 = EDGE_CURVE ( 'NONE', #804, #2104, #7772, .T. ) ;
#3337 = VERTEX_POINT ( 'NONE', #2768 ) ;
#3338 = DIRECTION ( 'NONE',  ( -3.299640131595815505E-16, -3.645346085095002396E-15, 1.000000000000000000 ) ) ;
#3339 = EDGE_CURVE ( 'NONE', #2829, #1979, #7670, .T. ) ;
#3340 = VECTOR ( 'NONE', #6146, 1000.000000000000114 ) ;
#3341 = B_SPLINE_CURVE_WITH_KNOTS ( 'NONE', 3,
 ( #4402, #6991, #1938, #6328 ),
 .UNSPECIFIED., .F., .F.,
 ( 4, 4 ),
 ( 1.592264493058081649E-17, 0.0008731425215613072008 ),
 .UNSPECIFIED. ) ;
#3342 = ORIENTED_EDGE ( 'NONE', *, *, #1484, .T. ) ;
#3343 = PLANE ( 'NONE',  #3812 ) ;
#3344 = EDGE_LOOP ( 'NONE', ( #7812, #6221, #6325, #5119 ) ) ;
#3345 = CARTESIAN_POINT ( 'NONE',  ( 25.00000000000000000, 21.85981778945230047, -18.08590922629529985 ) ) ;
#3346 = CARTESIAN_POINT ( 'NONE',  ( 26.57262746422506083, -12.24609193675468433, -38.07949249740009634 ) ) ;
#3347 = VERTEX_POINT ( 'NONE', #3314 ) ;
#3348 = ORIENTED_EDGE ( 'NONE', *, *, #1834, .T. ) ;
#3349 = EDGE_CURVE ( 'NONE', #7036, #7402, #5289, .T. ) ;
#3350 = DIRECTION ( 'NONE',  ( -0.4226182617407009401, 0.9063077870366492705, 3.164356725686676801E-15 ) ) ;
#3351 = VERTEX_POINT ( 'NONE', #6509 ) ;
#3352 = CARTESIAN_POINT ( 'NONE',  ( 16.80065191590788132, -19.87177520552485532, -28.81260896766525903 ) ) ;
#3353 = CYLINDRICAL_SURFACE ( 'NONE', #6421, 11.00000000000000000 ) ;
#3354 = ADVANCED_FACE ( 'NONE', ( #4582 ), #2811, .T. ) ;
#3355 = LINE ( 'NONE', #2731, #4374 ) ;
#3356 = CARTESIAN_POINT ( 'NONE',  ( 19.92500795537637259, -35.00000000000000711, 1.328674869292036709 ) ) ;
#3357 = CARTESIAN_POINT ( 'NONE',  ( 17.13211781824485769, 11.41010340880834484, -33.08790625289397980 ) ) ;
#3358 = CARTESIAN_POINT ( 'NONE',  ( 15.98126570279175951, -27.25745967860634522, -21.95582679335333509 ) ) ;
#3359 = ORIENTED_EDGE ( 'NONE', *, *, #107, .T. ) ;
#3360 =( BOUNDED_CURVE ( )  B_SPLINE_CURVE ( 3, ( #7760, #4097, #304, #995 ),
 .UNSPECIFIED., .F., .F. ) 
 B_SPLINE_CURVE_WITH_KNOTS ( ( 4, 4 ),
 ( 4.704103044437398573, 4.835908513616244520 ),
 .UNSPECIFIED. ) 
 CURVE ( )  GEOMETRIC_REPRESENTATION_ITEM ( )  RATIONAL_B_SPLINE_CURVE ( ( 1.000000000000000000, 0.9985528004245092237, 0.9985528004245092237, 1.000000000000000000 ) ) 
 REPRESENTATION_ITEM ( '' )  );
#3361 = DIRECTION ( 'NONE',  ( 1.000000000000000000, 0.000000000000000000, 0.000000000000000000 ) ) ;
#3362 = DIRECTION ( 'NONE',  ( -0.000000000000000000, 0.9510565162951533091, 0.3090169943749481174 ) ) ;
#3363 = CARTESIAN_POINT ( 'NONE',  ( 23.49692031861294339, -33.03578256008749747, 11.56410836048492285 ) ) ;
#3364 = CARTESIAN_POINT ( 'NONE',  ( 23.70474528246988299, -30.46897100120846957, -17.22329254607020488 ) ) ;
#3365 = DIRECTION ( 'NONE',  ( 2.521255258718819915E-16, -0.8090169943749424553, -0.5877852522924801315 ) ) ;
#3366 = DIRECTION ( 'NONE',  ( -0.000000000000000000, -0.8090169943749507819, 0.5877852522924685852 ) ) ;
#3367 = ORIENTED_EDGE ( 'NONE', *, *, #4405, .T. ) ;
#3368 = CARTESIAN_POINT ( 'NONE',  ( 24.99999999999999289, -34.68797654511718065, 4.663076581549969291 ) ) ;
#3369 = ORIENTED_EDGE ( 'NONE', *, *, #7196, .T. ) ;
#3370 = EDGE_CURVE ( 'NONE', #5663, #7410, #2843, .T. ) ;
#3371 = CARTESIAN_POINT ( 'NONE',  ( 21.52238633098365383, -8.472190838057123585, 33.99393478130094337 ) ) ;
#3372 = LINE ( 'NONE', #1502, #3760 ) ;
#3373 = CARTESIAN_POINT ( 'NONE',  ( 24.99999999999999289, -12.04024656238818558, -38.14637571391019577 ) ) ;
#3374 = ORIENTED_EDGE ( 'NONE', *, *, #2539, .F. ) ;
#3375 = ORIENTED_EDGE ( 'NONE', *, *, #8076, .T. ) ;
#3376 = ADVANCED_FACE ( 'NONE', ( #900 ), #6435, .T. ) ;
#3377 = CARTESIAN_POINT ( 'NONE',  ( 13.42737253577498713, -12.56652514936457088, 37.97537743529594678 ) ) ;
#3378 = ORIENTED_EDGE ( 'NONE', *, *, #7298, .F. ) ;
#3379 = CARTESIAN_POINT ( 'NONE',  ( 24.99999999999999645, 27.28391829224461063, 29.61979213005246692 ) ) ;
#3380 = EDGE_CURVE ( 'NONE', #4447, #2111, #250, .T. ) ;
#3381 = EDGE_LOOP ( 'NONE', ( #7084, #1443, #5352, #7101 ) ) ;
#3382 = CARTESIAN_POINT ( 'NONE',  ( 24.81993129918794949, 34.41598389563306881, 6.367670722775864434 ) ) ;
#3383 = CARTESIAN_POINT ( 'NONE',  ( 24.24381083264137260, -21.95054118663798093, -27.26171563294321842 ) ) ;
#3384 = EDGE_LOOP ( 'NONE', ( #2416, #1045, #491, #6897 ) ) ;
#3385 = EDGE_CURVE ( 'NONE', #7004, #5501, #3887, .T. ) ;
#3386 = CARTESIAN_POINT ( 'NONE',  ( 16.29525471753020582, 34.73334048174631761, 4.312198856625536258 ) ) ;
#3387 = DIRECTION ( 'NONE',  ( -3.469446951953614189E-16, 0.5877852522924802425, -0.8090169943749422332 ) ) ;
#3388 = DIRECTION ( 'NONE',  ( -0.000000000000000000, -0.8090169943749466741, -0.5877852522924742473 ) ) ;
#3389 = EDGE_CURVE ( 'NONE', #3243, #6260, #937, .T. ) ;
#3390 = DIRECTION ( 'NONE',  ( 9.547872025611546081E-18, -0.5877852522924770229, 0.8090169943749445647 ) ) ;
#3391 = DIRECTION ( 'NONE',  ( -4.578039098394215314E-34, -0.3090169943749447312, -0.9510565162951544194 ) ) ;
#3392 = CYLINDRICAL_SURFACE ( 'NONE', #5658, 5.000000000000000888 ) ;
#3393 = ORIENTED_EDGE ( 'NONE', *, *, #4532, .T. ) ;
#3394 = CARTESIAN_POINT ( 'NONE',  ( 25.00000000000000000, 38.59321613875874846, 10.66501314308741222 ) ) ;
#3395 = CARTESIAN_POINT ( 'NONE',  ( 25.00000000000000000, 34.59903648728077741, 6.630442559838064298 ) ) ;
#3396 = PLANE ( 'NONE',  #676 ) ;
#3397 = CARTESIAN_POINT ( 'NONE',  ( 17.13211781824487900, 0.6269278581193685751, -34.99438471327526656 ) ) ;
#3398 = DIRECTION ( 'NONE',  ( -0.000000000000000000, -0.5877852522924713607, -0.8090169943749486725 ) ) ;
#3399 = ORIENTED_EDGE ( 'NONE', *, *, #5209, .F. ) ;
#3400 = VERTEX_POINT ( 'NONE', #6152 ) ;
#3401 = DIRECTION ( 'NONE',  ( -0.8978821065938829005, 0.4402359851926363477, 0.000000000000000000 ) ) ;
#3402 = CARTESIAN_POINT ( 'NONE',  ( 15.75577990824709929, 22.21284122321988264, -27.04842182277196017 ) ) ;
#3403 = ORIENTED_EDGE ( 'NONE', *, *, #4125, .F. ) ;
#3404 = DIRECTION ( 'NONE',  ( -1.000000000000000000, 1.481484572605565909E-33, -0.000000000000000000 ) ) ;
#3405 = VECTOR ( 'NONE', #1555, 1000.000000000000114 ) ;
#3406 = AXIS2_PLACEMENT_3D ( 'NONE', #6931, #46, #170 ) ;
#3407 = CARTESIAN_POINT ( 'NONE',  ( 24.24381083264137615, -9.152986853523726651, 33.78239525695259005 ) ) ;
#3408 = PLANE ( 'NONE',  #2390 ) ;
#3409 = AXIS2_PLACEMENT_3D ( 'NONE', #3599, #6116, #2367 ) ;
#3410 = CARTESIAN_POINT ( 'NONE',  ( 24.45953615552168259, 34.38465223649151170, 6.534193949948201130 ) ) ;
#3411 = VECTOR ( 'NONE', #4454, 1000.000000000000114 ) ;
#3412 = ORIENTED_EDGE ( 'NONE', *, *, #2575, .T. ) ;
#3413 = AXIS2_PLACEMENT_3D ( 'NONE', #4968, #6117, #2284 ) ;
#3414 = ORIENTED_EDGE ( 'NONE', *, *, #3049, .F. ) ;
#3415 = CIRCLE ( 'NONE', #6702, 35.00000000000000000 ) ;
#3416 = CIRCLE ( 'NONE', #7626, 35.00000000000000000 ) ;
#3417 = CARTESIAN_POINT ( 'NONE',  ( 24.99999999999999289, -34.72412804286559407, 4.385764661113934260 ) ) ;
#3418 = EDGE_CURVE ( 'NONE', #4621, #4576, #4706, .T. ) ;
#3419 = EDGE_CURVE ( 'NONE', #7575, #2961, #4799, .T. ) ;
#3420 = CIRCLE ( 'NONE', #4073, 5.000000000000000000 ) ;
#3421 = ORIENTED_EDGE ( 'NONE', *, *, #5150, .T. ) ;
#3422 = CARTESIAN_POINT ( 'NONE',  ( 15.65363052717490611, 8.660255790449587820, 33.91211226887878638 ) ) ;
#3423 = CARTESIAN_POINT ( 'NONE',  ( 15.00000000000007105, 17.11596235647407127, -36.49717567993119616 ) ) ;
#3424 = EDGE_LOOP ( 'NONE', ( #6474, #846, #1176, #4538 ) ) ;
#3425 = CARTESIAN_POINT ( 'NONE',  ( 24.99999999999999289, 12.68111298760765848, -37.93814558970202455 ) ) ;
#3426 = DIRECTION ( 'NONE',  ( 0.000000000000000000, 1.000000000000000000, 0.000000000000000000 ) ) ;
#3427 = CARTESIAN_POINT ( 'NONE',  ( 24.99999999999999289, 24.16158924563280763, 25.32227488053396414 ) ) ;
#3428 = EDGE_CURVE ( 'NONE', #5036, #4154, #2235, .T. ) ;
#3429 = CARTESIAN_POINT ( 'NONE',  ( 17.13211781824482927, -0.6269278581191691790, 39.99999999999996447 ) ) ;
#3430 = DIRECTION ( 'NONE',  ( 6.938893903907230350E-16, -0.3090169943749349613, -0.9510565162951576390 ) ) ;
#3431 = VERTEX_POINT ( 'NONE', #7250 ) ;
#3432 = EDGE_CURVE ( 'NONE', #3265, #2994, #5030, .T. ) ;
#3433 = CARTESIAN_POINT ( 'NONE',  ( 22.86788218175522758, -20.33715909436045166, 28.48508311328355802 ) ) ;
#3434 = FACE_OUTER_BOUND ( 'NONE', #5186, .T. ) ;
#3435 = CARTESIAN_POINT ( 'NONE',  ( 23.19917531777617725, -33.12270710795975504, 11.31106049179593320 ) ) ;
#3436 = CARTESIAN_POINT ( 'NONE',  ( 15.47020472364246757, 13.25536448200299944, -32.39331260217621633 ) ) ;
#3437 = ORIENTED_EDGE ( 'NONE', *, *, #2934, .F. ) ;
#3438 = LINE ( 'NONE', #2855, #1250 ) ;
#3439 = CARTESIAN_POINT ( 'NONE',  ( 13.42737253577497647, 32.23346033721238513, 23.68651262579935945 ) ) ;
#3440 = DIRECTION ( 'NONE',  ( 0.000000000000000000, 0.000000000000000000, -1.000000000000000000 ) ) ;
#3441 = ORIENTED_EDGE ( 'NONE', *, *, #7510, .F. ) ;
#3442 = CIRCLE ( 'NONE', #964, 4.999999999999998224 ) ;
#3443 = ORIENTED_EDGE ( 'NONE', *, *, #3750, .F. ) ;
#3444 = DIRECTION ( 'NONE',  ( 1.072118069236030795E-16, 1.000000000000000000, 4.999368661311141297E-17 ) ) ;
#3445 = EDGE_CURVE ( 'NONE', #7367, #823, #537, .T. ) ;
#3446 = CARTESIAN_POINT ( 'NONE',  ( 24.61076051292647193, -8.467676158444687573, 33.96077231406789565 ) ) ;
#3447 = VECTOR ( 'NONE', #1928, 1000.000000000000114 ) ;
#3448 = ORIENTED_EDGE ( 'NONE', *, *, #4412, .F. ) ;
#3449 = DIRECTION ( 'NONE',  ( -2.936267919873532545E-16, 0.3090169943749384585, 0.9510565162951565288 ) ) ;
#3450 = AXIS2_PLACEMENT_3D ( 'NONE', #2534, #2610, #655 ) ;
#3451 = VERTEX_POINT ( 'NONE', #455 ) ;
#3452 = LINE ( 'NONE', #962, #2122 ) ;
#3453 = VERTEX_POINT ( 'NONE', #2846 ) ;
#3454 = DIRECTION ( 'NONE',  ( -1.827578157147226328E-16, 0.9510565162951533091, 0.3090169943749481729 ) ) ;
#3455 = CARTESIAN_POINT ( 'NONE',  ( 15.18006210666843359, -24.34575830468775592, 25.14540215338008977 ) ) ;
#3456 = ORIENTED_EDGE ( 'NONE', *, *, #1044, .F. ) ;
#3457 = CARTESIAN_POINT ( 'NONE',  ( 23.70474528246987234, 34.77351269559402169, -3.975275438175514431 ) ) ;
#3458 = CARTESIAN_POINT ( 'NONE',  ( 24.34597678335757820, -22.08375224535059900, -27.15399102590111013 ) ) ;
#3459 = ORIENTED_EDGE ( 'NONE', *, *, #2585, .T. ) ;
#3460 = CARTESIAN_POINT ( 'NONE',  ( 15.18006210666841582, 6.032979985104489629, 34.47622875815761034 ) ) ;
#3461 = CARTESIAN_POINT ( 'NONE',  ( 16.29525471753017385, -6.632047658116366762, -34.36591252768466376 ) ) ;
#3462 = ADVANCED_FACE ( 'NONE', ( #5975 ), #4755, .F. ) ;
#3463 = LINE ( 'NONE', #2886, #1980 ) ;
#3464 = CARTESIAN_POINT ( 'NONE',  ( 23.70474528246985102, -34.30000351133444525, -6.964894767506915052 ) ) ;
#3465 = CARTESIAN_POINT ( 'NONE',  ( 24.99999999999999645, -35.10156741994317997, -19.73890189115346061 ) ) ;
#3466 = ORIENTED_EDGE ( 'NONE', *, *, #7792, .T. ) ;
#3467 = ORIENTED_EDGE ( 'NONE', *, *, #2865, .F. ) ;
#3468 = DIRECTION ( 'NONE',  ( -0.4226182617407011066, 0.2800645083286759096, -0.8619499266302452778 ) ) ;
#3469 = DIRECTION ( 'NONE',  ( 0.000000000000000000, 0.5877852522924686962, 0.8090169943749507819 ) ) ;
#3470 = EDGE_CURVE ( 'NONE', #4335, #2497, #902, .T. ) ;
#3471 = CARTESIAN_POINT ( 'NONE',  ( 17.43053847553205316, -34.99812818770617184, -0.4179714643290062259 ) ) ;
#3472 = FACE_OUTER_BOUND ( 'NONE', #3870, .T. ) ;
#3473 = DIRECTION ( 'NONE',  ( 1.000000000000000000, 0.000000000000000000, 0.000000000000000000 ) ) ;
#3474 = DIRECTION ( 'NONE',  ( 1.408975556567260538E-33, 0.9510565162951511997, 0.3090169943749548898 ) ) ;
#3475 = ADVANCED_FACE ( 'NONE', ( #6672 ), #1065, .F. ) ;
#3476 = CARTESIAN_POINT ( 'NONE',  ( 15.36021751530111601, 16.46635330131305608, 30.88472771195857902 ) ) ;
#3477 = DIRECTION ( 'NONE',  ( 3.685942741063762188E-17, 0.3090169943749515591, -0.9510565162951521989 ) ) ;
#3478 = CARTESIAN_POINT ( 'NONE',  ( 23.70474528246989010, -25.79575444848860855, 23.65542331968041623 ) ) ;
#3479 = ORIENTED_EDGE ( 'NONE', *, *, #1909, .F. ) ;
#3480 = ORIENTED_EDGE ( 'NONE', *, *, #2289, .T. ) ;
#3481 =( BOUNDED_CURVE ( )  B_SPLINE_CURVE ( 3, ( #7251, #6633, #3969, #6196 ),
 .UNSPECIFIED., .F., .F. ) 
 B_SPLINE_CURVE_WITH_KNOTS ( ( 4, 4 ),
 ( 4.704103044437397685, 4.835908513616245408 ),
 .UNSPECIFIED. ) 
 CURVE ( )  GEOMETRIC_REPRESENTATION_ITEM ( )  RATIONAL_B_SPLINE_CURVE ( ( 1.000000000000000000, 0.9985528004245092237, 0.9985528004245092237, 1.000000000000000000 ) ) 
 REPRESENTATION_ITEM ( '' )  );
#3482 = EDGE_CURVE ( 'NONE', #5938, #4216, #3463, .T. ) ;
#3483 = CARTESIAN_POINT ( 'NONE',  ( 24.99999999999999645, 39.48323056157688882, 7.925830406131489703 ) ) ;
#3484 = EDGE_LOOP ( 'NONE', ( #5311, #2864, #4421, #81 ) ) ;
#3485 = AXIS2_PLACEMENT_3D ( 'NONE', #7723, #3512, #7689 ) ;
#3486 = EDGE_CURVE ( 'NONE', #4486, #2172, #1019, .T. ) ;
#3487 = DIRECTION ( 'NONE',  ( 6.938893903907228378E-16, 0.5877852522924742473, -0.8090169943749465631 ) ) ;
#3488 = VERTEX_POINT ( 'NONE', #5356 ) ;
#3489 = CARTESIAN_POINT ( 'NONE',  ( 15.00000000000006573, 1.481484572605556398E-32, 0.000000000000000000 ) ) ;
#3490 = CARTESIAN_POINT ( 'NONE',  ( 16.10548734941337656, -32.76492375420445313, -12.30783059568013904 ) ) ;
#3491 = EDGE_LOOP ( 'NONE', ( #5080, #2649, #7702, #176 ) ) ;
#3493 = EDGE_CURVE ( 'NONE', #5315, #97, #1584, .T. ) ;
#3492 = VERTEX_POINT ( 'NONE', #6724 ) ;
#3494 = ORIENTED_EDGE ( 'NONE', *, *, #1261, .F. ) ;
#3495 = CARTESIAN_POINT ( 'NONE',  ( 15.00000000000006573, -25.28071084533478796, -24.20507507021146409 ) ) ;
#3496 = ORIENTED_EDGE ( 'NONE', *, *, #2445, .F. ) ;
#3497 = CARTESIAN_POINT ( 'NONE',  ( 21.52238633098367515, -13.12698716426475798, -32.48149977296351665 ) ) ;
#3498 = DIRECTION ( 'NONE',  ( -0.000000000000000000, -0.3090169943749581649, 0.9510565162951499785 ) ) ;
#3499 = ORIENTED_EDGE ( 'NONE', *, *, #2267, .T. ) ;
#3500 = CARTESIAN_POINT ( 'NONE',  ( 22.86788218175522047, 34.99879851402005926, -0.2900044396689680504 ) ) ;
#3501 = DIRECTION ( 'NONE',  ( 1.481484572605565909E-33, 1.000000000000000000, 6.908276016444633005E-34 ) ) ;
#3502 = CARTESIAN_POINT ( 'NONE',  ( 16.80065191590788487, 28.81260896766532653, -19.87177520552475585 ) ) ;
#3503 = PLANE ( 'NONE',  #1056 ) ;
#3504 = DIRECTION ( 'NONE',  ( -0.000000000000000000, -0.9510565162951556406, 0.3090169943749411785 ) ) ;
#3505 = DIRECTION ( 'NONE',  ( 6.938893903907229364E-16, -0.8090169943749402348, -0.5877852522924830181 ) ) ;
#3506 = ORIENTED_EDGE ( 'NONE', *, *, #5918, .T. ) ;
#3507 = ADVANCED_FACE ( 'NONE', ( #4886 ), #7988, .T. ) ;
#3508 = DIRECTION ( 'NONE',  ( -4.578039098394415451E-34, -0.3090169943749582204, 0.9510565162951502005 ) ) ;
#3509 = DIRECTION ( 'NONE',  ( -0.000000000000000000, 0.8090169943749551118, -0.5877852522924624790 ) ) ;
#3510 = DIRECTION ( 'NONE',  ( 2.039289751969411264E-16, -0.5877852522924713607, -0.8090169943749487835 ) ) ;
#3511 = CARTESIAN_POINT ( 'NONE',  ( 21.52238633098366449, -18.56223585692593758, 29.71210223972133946 ) ) ;
#3512 = DIRECTION ( 'NONE',  ( -0.000000000000000000, 0.8090169943749551118, -0.5877852522924624790 ) ) ;
#3513 = CARTESIAN_POINT ( 'NONE',  ( 13.42737253577496226, 12.56652514936484444, -37.97537743529586862 ) ) ;
#3514 = CARTESIAN_POINT ( 'NONE',  ( 15.98126570279174707, 32.70810824969004926, 12.45821387828693005 ) ) ;
#3515 = CARTESIAN_POINT ( 'NONE',  ( 15.00000000000006573, 34.67991086065742223, 4.722688079563964969 ) ) ;
#3516 = CARTESIAN_POINT ( 'NONE',  ( 15.00000000000007283, 37.38719010274951415, 14.37677961951775885 ) ) ;
#3517 = EDGE_CURVE ( 'NONE', #3912, #5855, #3050, .T. ) ;
#3518 = VERTEX_POINT ( 'NONE', #7384 ) ;
#3519 = EDGE_LOOP ( 'NONE', ( #6769, #5609, #3261, #7751 ) ) ;
#3520 = ADVANCED_FACE ( 'NONE', ( #4929 ), #2411, .F. ) ;
#3521 = AXIS2_PLACEMENT_3D ( 'NONE', #8087, #2947, #7436 ) ;
#3522 = ADVANCED_FACE ( 'NONE', ( #1810 ), #1194, .F. ) ;
#3523 = CARTESIAN_POINT ( 'NONE',  ( 23.70474528246986878, -6.964894767506794260, 34.30000351133447367 ) ) ;
#3524 = LINE ( 'NONE', #2307, #3215 ) ;
#3525 = VECTOR ( 'NONE', #2452, 1000.000000000000000 ) ;
#3526 = EDGE_LOOP ( 'NONE', ( #5108, #1723, #6315, #3048 ) ) ;
#3527 = CARTESIAN_POINT ( 'NONE',  ( 24.99999999999999289, 6.284324884054742100, -34.43119604009785206 ) ) ;
#3528 = ORIENTED_EDGE ( 'NONE', *, *, #4479, .T. ) ;
#3529 = ADVANCED_FACE ( 'NONE', ( #6807 ), #7678, .F. ) ;
#3530 = DIRECTION ( 'NONE',  ( 6.938893903907228378E-16, 0.3090169943749485060, -0.9510565162951533091 ) ) ;
#3531 = AXIS2_PLACEMENT_3D ( 'NONE', #7140, #7981, #6514 ) ;
#3532 = DIRECTION ( 'NONE',  ( 1.000000000000000000, -0.000000000000000000, -0.000000000000000000 ) ) ;
#3533 = ORIENTED_EDGE ( 'NONE', *, *, #6413, .T. ) ;
#3534 =( BOUNDED_CURVE ( )  B_SPLINE_CURVE ( 3, ( #4003, #4580, #1474, #5889 ),
 .UNSPECIFIED., .F., .F. ) 
 B_SPLINE_CURVE_WITH_KNOTS ( ( 4, 4 ),
 ( 1.552883144289288753, 1.684621253977660382 ),
 .UNSPECIFIED. ) 
 CURVE ( )  GEOMETRIC_REPRESENTATION_ITEM ( )  RATIONAL_B_SPLINE_CURVE ( ( 1.000000000000000000, 0.9985542787012120503, 0.9985542787012120503, 1.000000000000000000 ) ) 
 REPRESENTATION_ITEM ( '' )  );
#3535 = ORIENTED_EDGE ( 'NONE', *, *, #5961, .T. ) ;
#3536 = EDGE_CURVE ( 'NONE', #6563, #75, #4592, .T. ) ;
#3537 = ORIENTED_EDGE ( 'NONE', *, *, #1040, .F. ) ;
#3538 = CARTESIAN_POINT ( 'NONE',  ( 23.70474528246988299, -17.20589335048818214, 30.44502306297885497 ) ) ;
#3539 = VECTOR ( 'NONE', #2048, 1000.000000000000000 ) ;
#3540 = VECTOR ( 'NONE', #2900, 1000.000000000000000 ) ;
#3541 = CARTESIAN_POINT ( 'NONE',  ( 22.86788218175522758, -28.48508311328346920, -20.33715909436057601 ) ) ;
#3542 = ORIENTED_EDGE ( 'NONE', *, *, #6814, .F. ) ;
#3543 = CARTESIAN_POINT ( 'NONE',  ( 15.54046384447839912, -34.44647668373247740, 6.200019683603813725 ) ) ;
#3544 = AXIS2_PLACEMENT_3D ( 'NONE', #5291, #4671, #7173 ) ;
#3545 = PLANE ( 'NONE',  #2277 ) ;
#3546 = AXIS2_PLACEMENT_3D ( 'NONE', #3516, #5909, #2301 ) ;
#3547 = VERTEX_POINT ( 'NONE', #6552 ) ;
#3548 = EDGE_CURVE ( 'NONE', #1639, #1356, #5786, .T. ) ;
#3549 = FACE_OUTER_BOUND ( 'NONE', #2287, .T. ) ;
#3550 = DIRECTION ( 'NONE',  ( 3.299640131595847553E-16, 3.645346085095003974E-15, -1.000000000000000000 ) ) ;
#3551 = DIRECTION ( 'NONE',  ( -0.000000000000000000, 0.5877852522924770229, -0.8090169943749445647 ) ) ;
#3552 = CARTESIAN_POINT ( 'NONE',  ( 16.29525471753020227, 27.00005224983355845, -29.82603288212058956 ) ) ;
#3553 = CIRCLE ( 'NONE', #41, 35.00000000000000000 ) ;
#3554 = AXIS2_PLACEMENT_3D ( 'NONE', #7957, #7999, #5535 ) ;
#3555 = DIRECTION ( 'NONE',  ( -0.9063077870366492705, 0.4019338517338227890, 0.1305962250110807576 ) ) ;
#3556 = ORIENTED_EDGE ( 'NONE', *, *, #768, .T. ) ;
#3557 = CARTESIAN_POINT ( 'NONE',  ( 15.80489273818012208, -16.65079554010029028, -30.78581649236977213 ) ) ;
#3558 = AXIS2_PLACEMENT_3D ( 'NONE', #1381, #4485, #5189 ) ;
#3559 = CYLINDRICAL_SURFACE ( 'NONE', #8012, 35.00000000000000000 ) ;
#3560 = DIRECTION ( 'NONE',  ( 0.000000000000000000, -0.9510565162951534202, -0.3090169943749481729 ) ) ;
#3561 = CYLINDRICAL_SURFACE ( 'NONE', #6051, 5.000000000000001776 ) ;
#3562 = CARTESIAN_POINT ( 'NONE',  ( 20.67025973870252642, 21.58956243961415211, -27.59091945641656807 ) ) ;
#3563 = CARTESIAN_POINT ( 'NONE',  ( 20.00000000000008527, 16.85222304749705557, -36.58286977608868540 ) ) ;
#3564 = CARTESIAN_POINT ( 'NONE',  ( 23.49692031861295405, 33.52372186379150065, 10.06238559833438551 ) ) ;
#3565 = CARTESIAN_POINT ( 'NONE',  ( 15.00000000000007105, 24.40656339008013376, -25.08624450741881162 ) ) ;
#3566 = CARTESIAN_POINT ( 'NONE',  ( 15.65363052717490966, 32.52584577538090116, 12.92674535562576388 ) ) ;
#3567 = LINE ( 'NONE', #473, #6198 ) ;
#3568 = LINE ( 'NONE', #2954, #7746 ) ;
#3569 = VERTEX_POINT ( 'NONE', #6404 ) ;
#3570 = ORIENTED_EDGE ( 'NONE', *, *, #1575, .F. ) ;
#3571 = DIRECTION ( 'NONE',  ( 2.081668171172168513E-15, -0.9510565162951500895, -0.3090169943749582204 ) ) ;
#3572 =( BOUNDED_CURVE ( )  B_SPLINE_CURVE ( 3, ( #3911, #1919, #3105, #1954 ),
 .UNSPECIFIED., .F., .T. ) 
 B_SPLINE_CURVE_WITH_KNOTS ( ( 4, 4 ),
 ( 4.578760888222364045, 4.586022819131209793 ),
 .UNSPECIFIED. ) 
 CURVE ( )  GEOMETRIC_REPRESENTATION_ITEM ( )  RATIONAL_B_SPLINE_CURVE ( ( 1.000000000000000000, 0.9999956053681178236, 0.9999956053681178236, 1.000000000000000000 ) ) 
 REPRESENTATION_ITEM ( '' )  );
#3573 = CARTESIAN_POINT ( 'NONE',  ( 24.01831258142419756, 29.11815690700258585, 19.42061626151262743 ) ) ;
#3574 = LINE ( 'NONE', #1748, #7671 ) ;
#3575 = EDGE_CURVE ( 'NONE', #1379, #4140, #3322, .T. ) ;
#3576 = EDGE_LOOP ( 'NONE', ( #725, #5920, #4685, #6592 ) ) ;
#3577 = AXIS2_PLACEMENT_3D ( 'NONE', #1827, #1178, #3043 ) ;
#3578 = VERTEX_POINT ( 'NONE', #1410 ) ;
#3579 = FACE_OUTER_BOUND ( 'NONE', #6620, .T. ) ;
#3580 = AXIS2_PLACEMENT_3D ( 'NONE', #6737, #2990, #4901 ) ;
#3581 = CARTESIAN_POINT ( 'NONE',  ( 15.65363052717491676, -32.52584577538083010, -12.92674535562593974 ) ) ;
#3582 = ORIENTED_EDGE ( 'NONE', *, *, #5440, .T. ) ;
#3583 = EDGE_LOOP ( 'NONE', ( #527, #5360, #5202, #7883 ) ) ;
#3584 = AXIS2_PLACEMENT_3D ( 'NONE', #710, #1964, #7551 ) ;
#3585 = EDGE_CURVE ( 'NONE', #3875, #7017, #4290, .T. ) ;
#3586 = VERTEX_POINT ( 'NONE', #7103 ) ;
#3587 = LINE ( 'NONE', #7938, #5636 ) ;
#3588 = EDGE_LOOP ( 'NONE', ( #7658, #2070, #1693, #3942 ) ) ;
#3589 = ADVANCED_FACE ( 'NONE', ( #4519 ), #5900, .F. ) ;
#3590 = AXIS2_PLACEMENT_3D ( 'NONE', #5625, #1262, #2348 ) ;
#3591 = CARTESIAN_POINT ( 'NONE',  ( 22.86788218175522402, 0.2900044396688449821, 39.99999999999997868 ) ) ;
#3592 = CARTESIAN_POINT ( 'NONE',  ( 20.00000000000000000, -4.385764661113530138, -40.00000000000002842 ) ) ;
#3593 = DIRECTION ( 'NONE',  ( -1.000000000000000000, 1.481484572605565909E-33, -0.000000000000000000 ) ) ;
#3594 = VECTOR ( 'NONE', #7588, 1000.000000000000000 ) ;
#3595 = DIRECTION ( 'NONE',  ( -5.959546391659774769E-17, 0.8090169943749424553, 0.5877852522924801315 ) ) ;
#3596 = ORIENTED_EDGE ( 'NONE', *, *, #6863, .T. ) ;
#3597 = DIRECTION ( 'NONE',  ( 0.8191520442889929088, -0.000000000000000000, 0.5735764363510443831 ) ) ;
#3598 = CARTESIAN_POINT ( 'NONE',  ( 20.67025973870250866, 9.631496325218996901, 33.68385846843792564 ) ) ;
#3599 = CARTESIAN_POINT ( 'NONE',  ( 20.00000000000007105, 39.99999999999997868, 4.722688079563966745 ) ) ;
#3600 = CARTESIAN_POINT ( 'NONE',  ( 15.80489273818007057, 4.624672352193679892, -34.69334078544390820 ) ) ;
#3601 = ORIENTED_EDGE ( 'NONE', *, *, #6040, .T. ) ;
#3602 = CIRCLE ( 'NONE', #1511, 35.00000000000000000 ) ;
#3603 = ADVANCED_FACE ( 'NONE', ( #5829 ), #224, .T. ) ;
#3604 = DIRECTION ( 'NONE',  ( 4.210016591819142974E-16, 0.8090169943749550008, -0.5877852522924627010 ) ) ;
#3605 = ORIENTED_EDGE ( 'NONE', *, *, #2599, .T. ) ;
#3606 = LINE ( 'NONE', #6201, #1507 ) ;
#3607 = VECTOR ( 'NONE', #262, 1000.000000000000114 ) ;
#3608 = CARTESIAN_POINT ( 'NONE',  ( 24.24381083264136905, 21.95054118663817988, 27.26171563294304434 ) ) ;
#3609 = CARTESIAN_POINT ( 'NONE',  ( 20.00000000000008527, 27.33214500719851614, -29.58475337065238264 ) ) ;
#3610 = EDGE_CURVE ( 'NONE', #7015, #476, #4201, .T. ) ;
#3611 = FACE_OUTER_BOUND ( 'NONE', #5349, .T. ) ;
#3612 = CARTESIAN_POINT ( 'NONE',  ( 25.00000000000000000, 35.00000000000000000, 1.782929408355195866 ) ) ;
#3613 = CARTESIAN_POINT ( 'NONE',  ( 24.45953615552168259, 34.38465223649151170, 6.534193949948201130 ) ) ;
#3614 = DIRECTION ( 'NONE',  ( 3.299640131595842622E-16, 0.000000000000000000, -1.000000000000000000 ) ) ;
#3615 = DIRECTION ( 'NONE',  ( -3.377522666200632930E-17, -0.3090169943749382919, -0.9510565162951566398 ) ) ;
#3616 = CARTESIAN_POINT ( 'NONE',  ( 16.50278156089886039, 32.92280415034311147, 11.88194669409490345 ) ) ;
#3617 = CARTESIAN_POINT ( 'NONE',  ( 23.89409946658236095, -29.02866678150704871, -19.55401206327832142 ) ) ;
#3618 = DIRECTION ( 'NONE',  ( 1.000000000000000000, -1.481484572605566251E-33, 0.000000000000000000 ) ) ;
#3619 = ORIENTED_EDGE ( 'NONE', *, *, #4443, .F. ) ;
#3620 = ORIENTED_EDGE ( 'NONE', *, *, #751, .T. ) ;
#3621 = CARTESIAN_POINT ( 'NONE',  ( 16.29525471753021648, 34.33541064136229437, -6.622136994477865635 ) ) ;
#3622 = DIRECTION ( 'NONE',  ( -3.894834718467549696E-16, 0.8090169943749464521, 0.5877852522924744694 ) ) ;
#3623 = CARTESIAN_POINT ( 'NONE',  ( 18.47620868754432522, -8.143013367473558972, -34.07432135907641424 ) ) ;
#3624 = EDGE_LOOP ( 'NONE', ( #2221, #6827, #7856, #5631 ) ) ;
#3625 = ORIENTED_EDGE ( 'NONE', *, *, #3800, .F. ) ;
#3626 = CARTESIAN_POINT ( 'NONE',  ( 16.29525471753020227, 23.88553625368999889, -25.53926937401044128 ) ) ;
#3627 = DIRECTION ( 'NONE',  ( -1.000000000000000000, 1.481484572605565909E-33, -0.000000000000000000 ) ) ;
#3628 = ORIENTED_EDGE ( 'NONE', *, *, #1159, .F. ) ;
#3629 = EDGE_CURVE ( 'NONE', #2961, #2821, #235, .T. ) ;
#3630 =( BOUNDED_CURVE ( )  B_SPLINE_CURVE ( 3, ( #6775, #2244, #1165, #4169 ),
 .UNSPECIFIED., .F., .T. ) 
 B_SPLINE_CURVE_WITH_KNOTS ( ( 4, 4 ),
 ( 4.704103044437397685, 4.835908513616244520 ),
 .UNSPECIFIED. ) 
 CURVE ( )  GEOMETRIC_REPRESENTATION_ITEM ( )  RATIONAL_B_SPLINE_CURVE ( ( 1.000000000000000000, 0.9985528004245092237, 0.9985528004245092237, 1.000000000000000000 ) ) 
 REPRESENTATION_ITEM ( '' )  );
#3631 = EDGE_LOOP ( 'NONE', ( #2920, #6870, #414, #7718 ) ) ;
#3632 = ORIENTED_EDGE ( 'NONE', *, *, #3585, .T. ) ;
#3633 = CARTESIAN_POINT ( 'NONE',  ( 15.00000000000007105, 34.49064911372810371, -5.949380111716481068 ) ) ;
#3634 = CARTESIAN_POINT ( 'NONE',  ( 0.000000000000000000, 38.04226065180628069, -12.36067977499739179 ) ) ;
#3635 = CARTESIAN_POINT ( 'NONE',  ( 15.00000000000007105, -19.69067517619934193, -35.13660617934323227 ) ) ;
#3636 = ADVANCED_FACE ( 'NONE', ( #298 ), #258, .T. ) ;
#3637 = CARTESIAN_POINT ( 'NONE',  ( 15.24782577960349350, -34.12692758281656324, 7.771001358903073530 ) ) ;
#3638 = ORIENTED_EDGE ( 'NONE', *, *, #2190, .F. ) ;
#3639 = DIRECTION ( 'NONE',  ( -0.000000000000000000, 0.5877852522924713607, 0.8090169943749486725 ) ) ;
#3640 = DIRECTION ( 'NONE',  ( -8.707947832763840175E-34, -0.5877852522924830181, 0.8090169943749402348 ) ) ;
#3641 = ADVANCED_FACE ( 'NONE', ( #7640 ), #3280, .F. ) ;
#3642 = DIRECTION ( 'NONE',  ( -0.9063077870366492705, 0.4226182617407007736, 4.426691322965939423E-15 ) ) ;
#3643 = LINE ( 'NONE', #4213, #5633 ) ;
#3644 = LINE ( 'NONE', #4341, #2889 ) ;
#3645 = ORIENTED_EDGE ( 'NONE', *, *, #2039, .T. ) ;
#3646 = CARTESIAN_POINT ( 'NONE',  ( 24.99999999999999289, 1.069105884036878258E-47, 0.000000000000000000 ) ) ;
#3647 = ADVANCED_FACE ( 'NONE', ( #2128 ), #4636, .F. ) ;
#3648 = ORIENTED_EDGE ( 'NONE', *, *, #3028, .F. ) ;
#3649 = FACE_OUTER_BOUND ( 'NONE', #5553, .T. ) ;
#3650 = CARTESIAN_POINT ( 'NONE',  ( 15.54046384447844176, -30.84463466578005963, 16.54111581286339572 ) ) ;
#3651 = EDGE_CURVE ( 'NONE', #7159, #7522, #682, .T. ) ;
#3652 = CARTESIAN_POINT ( 'NONE',  ( 24.45953615552158311, 36.67916995575680517, -16.55584156990581235 ) ) ;
#3653 = DIRECTION ( 'NONE',  ( 1.481484572605565909E-33, 1.000000000000000000, 6.908276016444634715E-34 ) ) ;
#3654 = PLANE ( 'NONE',  #30 ) ;
#3655 = CARTESIAN_POINT ( 'NONE',  ( 15.65363052717488479, -29.57616913976707806, 18.71581170852454079 ) ) ;
#3656 = DIRECTION ( 'NONE',  ( 1.000000000000000000, -0.000000000000000000, -0.000000000000000000 ) ) ;
#3657 = CARTESIAN_POINT ( 'NONE',  ( 16.29525471753015609, -30.63450961402116235, 16.92710313988916937 ) ) ;
#3658 = CARTESIAN_POINT ( 'NONE',  ( 21.52238633098367870, 18.56223585692615430, -29.71210223972120801 ) ) ;
#3659 = ORIENTED_EDGE ( 'NONE', *, *, #1217, .F. ) ;
#3660 = VERTEX_POINT ( 'NONE', #5362 ) ;
#3661 = LINE ( 'NONE', #6745, #4775 ) ;
#3662 = EDGE_CURVE ( 'NONE', #5628, #3756, #5258, .T. ) ;
#3663 = CARTESIAN_POINT ( 'NONE',  ( 24.24381083264137970, 29.30053865815400016, 19.14434203569749826 ) ) ;
#3664 = FACE_OUTER_BOUND ( 'NONE', #1862, .T. ) ;
#3665 = ORIENTED_EDGE ( 'NONE', *, *, #784, .T. ) ;
#3666 = VECTOR ( 'NONE', #7868, 1000.000000000000000 ) ;
#3667 = VERTEX_POINT ( 'NONE', #986 ) ;
#3668 = CARTESIAN_POINT ( 'NONE',  ( 25.00000000000000000, 5.037869230348855254, 9.735286428165570882 ) ) ;
#3669 = DIRECTION ( 'NONE',  ( 0.000000000000000000, 0.5877852522924801315, -0.8090169943749423442 ) ) ;
#3670 = ORIENTED_EDGE ( 'NONE', *, *, #6100, .F. ) ;
#3671 = VECTOR ( 'NONE', #2547, 1000.000000000000114 ) ;
#3672 = ORIENTED_EDGE ( 'NONE', *, *, #4851, .F. ) ;
#3673 = ORIENTED_EDGE ( 'NONE', *, *, #45, .T. ) ;
#3674 = DIRECTION ( 'NONE',  ( 0.000000000000000000, -0.5877852522924804646, 0.8090169943749421222 ) ) ;
#3675 = CARTESIAN_POINT ( 'NONE',  ( 0.000000000000000000, 3.703711431513915355E-32, 0.000000000000000000 ) ) ;
#3676 = DIRECTION ( 'NONE',  ( 1.000000000000000000, -1.481484572605566251E-33, 0.000000000000000000 ) ) ;
#3677 = DIRECTION ( 'NONE',  ( -0.8978821065938835666, -0.4402359851926349599, 0.000000000000000000 ) ) ;
#3678 = EDGE_LOOP ( 'NONE', ( #7191, #285, #384, #4303, #2151, #5917, #4291, #6428, #4539, #2035 ) ) ;
#3679 = CARTESIAN_POINT ( 'NONE',  ( 24.52945112611145362, 2.258861006966612628, 34.92748042473078129 ) ) ;
#3680 = DIRECTION ( 'NONE',  ( 3.299640131595842622E-16, 0.000000000000000000, -1.000000000000000000 ) ) ;
#3681 = DIRECTION ( 'NONE',  ( -0.9063077870366492705, -0.4019338517338247319, 0.1305962250110750678 ) ) ;
#3682 = EDGE_CURVE ( 'NONE', #2203, #7176, #3630, .T. ) ;
#3683 = CARTESIAN_POINT ( 'NONE',  ( 16.29525471753020938, -23.90438745615802318, 25.56521582826702499 ) ) ;
#3684 = VECTOR ( 'NONE', #7288, 1000.000000000000000 ) ;
#3685 = AXIS2_PLACEMENT_3D ( 'NONE', #2974, #4122, #7902 ) ;
#3686 = ORIENTED_EDGE ( 'NONE', *, *, #6347, .T. ) ;
#3687 = LINE ( 'NONE', #3726, #2802 ) ;
#3688 = ORIENTED_EDGE ( 'NONE', *, *, #2190, .T. ) ;
#3689 = LINE ( 'NONE', #588, #5940 ) ;
#3690 = DIRECTION ( 'NONE',  ( -5.525110310110783784E-16, 0.8090169943749464521, 0.5877852522924744694 ) ) ;
#3691 = SURFACE_STYLE_USAGE ( .BOTH. , #1205 ) ;
#3692 = VECTOR ( 'NONE', #6603, 1000.000000000000227 ) ;
#3693 = LINE ( 'NONE', #1169, #2882 ) ;
#3694 = AXIS2_PLACEMENT_3D ( 'NONE', #2824, #5332, #7835 ) ;
#3695 = ADVANCED_FACE ( 'NONE', ( #2292 ), #1026, .F. ) ;
#3696 = CARTESIAN_POINT ( 'NONE',  ( 15.00000000000006928, -30.64107592640771571, 16.92005285224557909 ) ) ;
#3697 = DIRECTION ( 'NONE',  ( -0.8191520442889923537, -0.3371397703496175069, 0.4640330845810155536 ) ) ;
#3698 = CARTESIAN_POINT ( 'NONE',  ( 23.49692031861294694, 33.03578256008758274, -11.56410836048470792 ) ) ;
#3699 = PLANE ( 'NONE',  #5793 ) ;
#3700 = DIRECTION ( 'NONE',  ( 0.000000000000000000, 1.000000000000000000, 0.000000000000000000 ) ) ;
#3701 = ORIENTED_EDGE ( 'NONE', *, *, #1625, .F. ) ;
#3702 = ADVANCED_FACE ( 'NONE', ( #3649 ), #6022, .T. ) ;
#3703 = ORIENTED_EDGE ( 'NONE', *, *, #549, .F. ) ;
#3704 = VECTOR ( 'NONE', #6933, 1000.000000000000114 ) ;
#3705 = LINE ( 'NONE', #6215, #5814 ) ;
#3706 = CARTESIAN_POINT ( 'NONE',  ( 23.70474528246986523, 31.81499568607115691, -14.51717068815275802 ) ) ;
#3707 = DIRECTION ( 'NONE',  ( -9.252527109256812386E-16, -0.8090169943749510040, 0.5877852522924683631 ) ) ;
#3708 = VECTOR ( 'NONE', #1534, 1000.000000000000227 ) ;
#3709 = VERTEX_POINT ( 'NONE', #1643 ) ;
#3710 = ORIENTED_EDGE ( 'NONE', *, *, #5603, .T. ) ;
#3711 = EDGE_CURVE ( 'NONE', #2409, #4323, #3888, .T. ) ;
#3712 = CARTESIAN_POINT ( 'NONE',  ( 15.54046384447839912, -34.44647668373247740, 6.200019683603813725 ) ) ;
#3713 = CARTESIAN_POINT ( 'NONE',  ( 26.57262746422509991, -32.28986059626623728, -23.60888432892776478 ) ) ;
#3714 = ORIENTED_EDGE ( 'NONE', *, *, #5861, .F. ) ;
#3715 = VERTEX_POINT ( 'NONE', #5982 ) ;
#3716 = CYLINDRICAL_SURFACE ( 'NONE', #4337, 5.000000000000000000 ) ;
#3717 = LINE ( 'NONE', #5602, #5768 ) ;
#3718 = CARTESIAN_POINT ( 'NONE',  ( 23.70474528246994694, 34.27185102150606610, 6.955747469063382482 ) ) ;
#3719 = AXIS2_PLACEMENT_3D ( 'NONE', #521, #2909, #3090 ) ;
#3720 = CARTESIAN_POINT ( 'NONE',  ( 15.65363052717490611, -33.91211226887882191, 8.660255790449493674 ) ) ;
#3721 = ORIENTED_EDGE ( 'NONE', *, *, #7954, .T. ) ;
#3722 = FACE_OUTER_BOUND ( 'NONE', #6192, .T. ) ;
#3723 = VECTOR ( 'NONE', #2119, 1000.000000000000227 ) ;
#3724 = VECTOR ( 'NONE', #7380, 1000.000000000000114 ) ;
#3725 = VERTEX_POINT ( 'NONE', #2817 ) ;
#3726 = CARTESIAN_POINT ( 'NONE',  ( 24.45953615552160798, 29.76792719743981763, -27.08002786370496295 ) ) ;
#3727 = ORIENTED_EDGE ( 'NONE', *, *, #2282, .F. ) ;
#3728 = EDGE_CURVE ( 'NONE', #2111, #2154, #1679, .T. ) ;
#3729 = FACE_OUTER_BOUND ( 'NONE', #1563, .T. ) ;
#3730 = CARTESIAN_POINT ( 'NONE',  ( 15.00000000000006573, 1.481484572605556398E-32, 0.000000000000000000 ) ) ;
#3731 = AXIS2_PLACEMENT_3D ( 'NONE', #4892, #1200, #6858 ) ;
#3732 = CARTESIAN_POINT ( 'NONE',  ( 15.04754234242348510, -30.44726852803219330, 17.26600605646274289 ) ) ;
#3733 = CARTESIAN_POINT ( 'NONE',  ( 24.95238900918759839, -3.590542772256912318, -34.81750911219982214 ) ) ;
#3734 = DIRECTION ( 'NONE',  ( 0.000000000000000000, 0.5877852522924830181, -0.8090169943749402348 ) ) ;
#3735 = DIRECTION ( 'NONE',  ( -0.000000000000000000, 0.5877852522924653655, 0.8090169943749531134 ) ) ;
#3736 = CARTESIAN_POINT ( 'NONE',  ( 26.57262746422508926, -23.41393585447003645, -32.43149895372955172 ) ) ;
#3737 = VERTEX_POINT ( 'NONE', #4713 ) ;
#3738 = VERTEX_POINT ( 'NONE', #5404 ) ;
#3739 = CIRCLE ( 'NONE', #7151, 11.00000000000000000 ) ;
#3740 = ADVANCED_FACE ( 'NONE', ( #6680 ), #5326, .F. ) ;
#3741 = LINE ( 'NONE', #2305, #1371 ) ;
#3742 = CARTESIAN_POINT ( 'NONE',  ( 29.24696709544754114, 6.820560224254683668, 8.352777247025250411E-16 ) ) ;
#3743 = CARTESIAN_POINT ( 'NONE',  ( 19.32833852793594787, 11.68867368810129825, 33.02636109117819530 ) ) ;
#3744 = EDGE_CURVE ( 'NONE', #334, #2916, #5447, .T. ) ;
#3745 = ORIENTED_EDGE ( 'NONE', *, *, #7287, .F. ) ;
#3746 = ORIENTED_EDGE ( 'NONE', *, *, #2456, .F. ) ;
#3747 = CYLINDRICAL_SURFACE ( 'NONE', #1478, 5.000000000000001776 ) ;
#3748 = ADVANCED_FACE ( 'NONE', ( #4268 ), #3559, .T. ) ;
#3749 = ORIENTED_EDGE ( 'NONE', *, *, #203, .F. ) ;
#3750 = EDGE_CURVE ( 'NONE', #149, #1814, #7524, .T. ) ;
#3751 = CARTESIAN_POINT ( 'NONE',  ( 25.00000000000001066, 14.53553049226494309, 31.84151222027752937 ) ) ;
#3752 = CARTESIAN_POINT ( 'NONE',  ( 15.00000000000007105, 39.99999999999997868, 5.000000000000000000 ) ) ;
#3753 = FACE_OUTER_BOUND ( 'NONE', #6934, .T. ) ;
#3754 = FACE_OUTER_BOUND ( 'NONE', #3024, .T. ) ;
#3755 = UNCERTAINTY_MEASURE_WITH_UNIT (LENGTH_MEASURE( 1.000000000000000082E-05 ), #1821, 'distance_accuracy_value', 'NONE');
#3756 = VERTEX_POINT ( 'NONE', #2377 ) ;
#3757 = CARTESIAN_POINT ( 'NONE',  ( 24.81118820077486120, 3.010227753417575869, 34.87085120006300798 ) ) ;
#3758 =( BOUNDED_CURVE ( )  B_SPLINE_CURVE ( 3, ( #2444, #5677, #4959, #733 ),
 .UNSPECIFIED., .F., .F. ) 
 B_SPLINE_CURVE_WITH_KNOTS ( ( 4, 4 ),
 ( 4.578760888222364045, 4.586022819131210682 ),
 .UNSPECIFIED. ) 
 CURVE ( )  GEOMETRIC_REPRESENTATION_ITEM ( )  RATIONAL_B_SPLINE_CURVE ( ( 1.000000000000000000, 0.9999956053681178236, 0.9999956053681178236, 1.000000000000000000 ) ) 
 REPRESENTATION_ITEM ( '' )  );
#3759 = CARTESIAN_POINT ( 'NONE',  ( 24.81118820077485765, -34.09436179532370659, -7.912788908719348591 ) ) ;
#3760 = VECTOR ( 'NONE', #2901, 1000.000000000000000 ) ;
#3761 = LINE ( 'NONE', #1959, #3704 ) ;
#3762 = ORIENTED_EDGE ( 'NONE', *, *, #1025, .T. ) ;
#3763 = CARTESIAN_POINT ( 'NONE',  ( 24.45953615552161864, 31.65847084439262460, -14.92451753976463813 ) ) ;
#3764 = ORIENTED_EDGE ( 'NONE', *, *, #3418, .T. ) ;
#3765 = LINE ( 'NONE', #5096, #7656 ) ;
#3766 = DIRECTION ( 'NONE',  ( 1.000000000000000000, -1.481484572605566251E-33, 0.000000000000000000 ) ) ;
#3767 = CARTESIAN_POINT ( 'NONE',  ( 13.42737253577495693, -0.2164386351807250919, 39.99999999999997868 ) ) ;
#3768 = CARTESIAN_POINT ( 'NONE',  ( 22.86788218175522047, -0.2900044396686170534, -34.99879851402005926 ) ) ;
#3769 = ADVANCED_FACE ( 'NONE', ( #4895 ), #2688, .F. ) ;
#3770 = CARTESIAN_POINT ( 'NONE',  ( 24.61076051292646838, 32.45201711130162181, -13.11114720762602559 ) ) ;
#3771 = DIRECTION ( 'NONE',  ( 0.000000000000000000, 0.8090169943749531134, -0.5877852522924651435 ) ) ;
#3772 = VERTEX_POINT ( 'NONE', #1581 ) ;
#3773 = ORIENTED_EDGE ( 'NONE', *, *, #5996, .F. ) ;
#3774 = PLANE ( 'NONE',  #6587 ) ;
#3775 = CARTESIAN_POINT ( 'NONE',  ( -7.500000000000000000, 4.814824860968089633E-32, 0.000000000000000000 ) ) ;
#3776 = DIRECTION ( 'NONE',  ( -1.000000000000000000, 1.481484572605565909E-33, -0.000000000000000000 ) ) ;
#3777 = VERTEX_POINT ( 'NONE', #2839 ) ;
#3778 = ADVANCED_FACE ( 'NONE', ( #7200 ), #4072, .F. ) ;
#3779 = ADVANCED_FACE ( 'NONE', ( #7816 ), #2186, .F. ) ;
#3780 = EDGE_LOOP ( 'NONE', ( #3040, #3255, #2633, #7323 ) ) ;
#3781 = DIRECTION ( 'NONE',  ( 6.938893903907228378E-16, 0.000000000000000000, 1.000000000000000000 ) ) ;
#3782 = EDGE_CURVE ( 'NONE', #3266, #2207, #6943, .T. ) ;
#3783 = ORIENTED_EDGE ( 'NONE', *, *, #3328, .F. ) ;
#3784 = CARTESIAN_POINT ( 'NONE',  ( 15.00000000000007283, -23.51141009169860396, -32.36067977499811121 ) ) ;
#3785 = ORIENTED_EDGE ( 'NONE', *, *, #7062, .F. ) ;
#3786 = CARTESIAN_POINT ( 'NONE',  ( 20.00000000000000000, 30.30252158794809958, 14.45735197500791003 ) ) ;
#3787 = ADVANCED_FACE ( 'NONE', ( #4746 ), #1709, .F. ) ;
#3788 = ORIENTED_EDGE ( 'NONE', *, *, #6209, .T. ) ;
#3789 = CARTESIAN_POINT ( 'NONE',  ( 15.54046384447849150, 34.44647668373252003, -6.200019683603637866 ) ) ;
#3790 = EDGE_CURVE ( 'NONE', #2066, #7758, #6578, .T. ) ;
#3791 = FACE_OUTER_BOUND ( 'NONE', #7908, .T. ) ;
#3792 = AXIS2_PLACEMENT_3D ( 'NONE', #6640, #911, #3510 ) ;
#3793 = CARTESIAN_POINT ( 'NONE',  ( 15.47020472364247823, -8.316496287884682204, -33.99804815554352189 ) ) ;
#3794 = ORIENTED_EDGE ( 'NONE', *, *, #1531, .T. ) ;
#3795 = LINE ( 'NONE', #6969, #5137 ) ;
#3796 = CARTESIAN_POINT ( 'NONE',  ( 15.00000000000007105, 39.58734562368096022, -7.605397193521604038 ) ) ;
#3797 = EDGE_LOOP ( 'NONE', ( #1622, #685, #1093, #106 ) ) ;
#3798 = CARTESIAN_POINT ( 'NONE',  ( 15.00000000000007105, 0.4710148726451493517, 5.410353130531970756 ) ) ;
#3799 = VERTEX_POINT ( 'NONE', #6714 ) ;
#3800 = EDGE_CURVE ( 'NONE', #3756, #6281, #7331, .T. ) ;
#3801 = CARTESIAN_POINT ( 'NONE',  ( 15.36021751530111601, 15.30758995606837125, -31.47514712630205480 ) ) ;
#3802 = AXIS2_PLACEMENT_3D ( 'NONE', #5984, #2420, #4938 ) ;
#3803 = ORIENTED_EDGE ( 'NONE', *, *, #2069, .T. ) ;
#3804 = AXIS2_PLACEMENT_3D ( 'NONE', #5232, #3454, #5811 ) ;
#3805 =( BOUNDED_CURVE ( )  B_SPLINE_CURVE ( 3, ( #1168, #3562, #8000, #547 ),
 .UNSPECIFIED., .F., .F. ) 
 B_SPLINE_CURVE_WITH_KNOTS ( ( 4, 4 ),
 ( 4.704103044437398573, 4.835908513616244520 ),
 .UNSPECIFIED. ) 
 CURVE ( )  GEOMETRIC_REPRESENTATION_ITEM ( )  RATIONAL_B_SPLINE_CURVE ( ( 1.000000000000000000, 0.9985528004245092237, 0.9985528004245092237, 1.000000000000000000 ) ) 
 REPRESENTATION_ITEM ( '' )  );
#3806 = DIRECTION ( 'NONE',  ( 1.481484572605566422E-33, 1.000000000000000000, -6.908276016444636426E-34 ) ) ;
#3807 = CARTESIAN_POINT ( 'NONE',  ( 16.29525471753019517, 16.92710313988928661, 30.63450961402108774 ) ) ;
#3808 = CARTESIAN_POINT ( 'NONE',  ( 24.99999999999999289, 1.069105884036878258E-47, 0.000000000000000000 ) ) ;
#3809 = DIRECTION ( 'NONE',  ( 0.000000000000000000, 0.000000000000000000, 1.000000000000000000 ) ) ;
#3810 = AXIS2_PLACEMENT_3D ( 'NONE', #7827, #7865, #1074 ) ;
#3811 = LINE ( 'NONE', #3118, #3845 ) ;
#3812 = AXIS2_PLACEMENT_3D ( 'NONE', #7046, #7621, #1995 ) ;
#3813 = CARTESIAN_POINT ( 'NONE',  ( 15.47020472364246046, 26.71173814311284289, 22.61668486464862937 ) ) ;
#3814 = DIRECTION ( 'NONE',  ( 0.000000000000000000, 1.000000000000000000, 0.000000000000000000 ) ) ;
#3815 = ORIENTED_EDGE ( 'NONE', *, *, #5709, .F. ) ;
#3816 = ORIENTED_EDGE ( 'NONE', *, *, #4514, .T. ) ;
#3817 = CIRCLE ( 'NONE', #4734, 5.000000000000000000 ) ;
#3818 = AXIS2_PLACEMENT_3D ( 'NONE', #3736, #7442, #3771 ) ;
#3819 = CARTESIAN_POINT ( 'NONE',  ( 15.00000000000006928, -34.73450868495609001, -4.321762240727195170 ) ) ;
#3820 = CARTESIAN_POINT ( 'NONE',  ( 22.86788218175522047, -12.63649038709922756, -37.95264435150434679 ) ) ;
#3821 = CARTESIAN_POINT ( 'NONE',  ( 15.00000000000007283, 32.36067977499784831, 23.51141009169895568 ) ) ;
#3822 = EDGE_LOOP ( 'NONE', ( #2053, #1417, #5760, #5997, #5611, #5468, #7807, #6841, #4817, #3342 ) ) ;
#3823 = CIRCLE ( 'NONE', #4482, 4.999999999999999112 ) ;
#3824 = VERTEX_POINT ( 'NONE', #4203 ) ;
#3825 = DIRECTION ( 'NONE',  ( -1.000000000000000000, 1.481484572605565909E-33, -0.000000000000000000 ) ) ;
#3826 = ORIENTED_EDGE ( 'NONE', *, *, #1729, .T. ) ;
#3827 = EDGE_CURVE ( 'NONE', #2356, #3488, #7894, .T. ) ;
#3828 = AXIS2_PLACEMENT_3D ( 'NONE', #3217, #8066, #5673 ) ;
#3829 = DIRECTION ( 'NONE',  ( -3.299640131595831282E-16, -0.5877852522924829071, 0.8090169943749402348 ) ) ;
#3830 = DIRECTION ( 'NONE',  ( 0.8191520442889924647, -0.3371397703496209486, 0.4640330845810130556 ) ) ;
#3831 = ORIENTED_EDGE ( 'NONE', *, *, #373, .T. ) ;
#3832 = ORIENTED_EDGE ( 'NONE', *, *, #5107, .F. ) ;
#3833 = CARTESIAN_POINT ( 'NONE',  ( 24.99999999999999645, 39.99999999999997868, -4.663076581549970179 ) ) ;
#3834 = DIRECTION ( 'NONE',  ( -1.481484572605565909E-33, -1.000000000000000000, -6.908276016444633860E-34 ) ) ;
#3835 = DIRECTION ( 'NONE',  ( 0.000000000000000000, -1.000000000000000000, 0.000000000000000000 ) ) ;
#3836 = ORIENTED_EDGE ( 'NONE', *, *, #373, .F. ) ;
#3837 = EDGE_CURVE ( 'NONE', #3100, #3400, #4792, .T. ) ;
#3838 = DIRECTION ( 'NONE',  ( 0.000000000000000000, -0.3090169943749553894, 0.9510565162951509777 ) ) ;
#3839 =( BOUNDED_CURVE ( )  B_SPLINE_CURVE ( 3, ( #6784, #635, #3658, #3121 ),
 .UNSPECIFIED., .F., .F. ) 
 B_SPLINE_CURVE_WITH_KNOTS ( ( 4, 4 ),
 ( 1.552883144289288753, 1.684621253977660382 ),
 .UNSPECIFIED. ) 
 CURVE ( )  GEOMETRIC_REPRESENTATION_ITEM ( )  RATIONAL_B_SPLINE_CURVE ( ( 1.000000000000000000, 0.9985542787012120503, 0.9985542787012120503, 1.000000000000000000 ) ) 
 REPRESENTATION_ITEM ( '' )  );
#3840 = DIRECTION ( 'NONE',  ( 1.429503762669450694E-16, -0.3090169943749384029, -0.9510565162951566398 ) ) ;
#3841 = ADVANCED_FACE ( 'NONE', ( #6107 ), #492, .F. ) ;
#3842 = ORIENTED_EDGE ( 'NONE', *, *, #6710, .F. ) ;
#3843 = ORIENTED_EDGE ( 'NONE', *, *, #3107, .F. ) ;
#3844 = CARTESIAN_POINT ( 'NONE',  ( 15.00000000000007283, 14.37677961951813543, -37.38719010274937915 ) ) ;
#3845 = VECTOR ( 'NONE', #1172, 999.9999999999998863 ) ;
#3846 = VERTEX_POINT ( 'NONE', #7376 ) ;
#3847 = DIRECTION ( 'NONE',  ( -2.916791470609665079E-16, -0.5877852522924771339, 0.8090169943749445647 ) ) ;
#3848 = AXIS2_PLACEMENT_3D ( 'NONE', #2544, #1286, #3270 ) ;
#3849 = DIRECTION ( 'NONE',  ( 2.081668171172168513E-15, 1.000000000000000000, 4.163336342344337027E-15 ) ) ;
#3850 = CARTESIAN_POINT ( 'NONE',  ( 19.32833852793593366, 33.58931739785172255, 9.956072330903182888 ) ) ;
#3851 = B_SPLINE_CURVE_WITH_KNOTS ( 'NONE', 3,
 ( #724, #6520, #5329, #2853, #1527, #5905, #3436, #6600, #7716, #4555, #2820, #4678, #7147, #5945 ),
 .UNSPECIFIED., .F., .F.,
 ( 4, 2, 2, 2, 2, 2, 4 ),
 ( 0.000000000000000000, 0.001196801401550994870, 0.001795202102326491547, 0.002393602803101988440, 0.002992003503877485333, 0.003590404204652982226, 0.004787205606203976012 ),
 .UNSPECIFIED. ) ;
#3852 = EDGE_CURVE ( 'NONE', #146, #1346, #1073, .T. ) ;
#3853 = CARTESIAN_POINT ( 'NONE',  ( 20.00000000000000000, 25.48568518938981242, 13.09533089099494596 ) ) ;
#3854 = CARTESIAN_POINT ( 'NONE',  ( 24.99999999999999289, 31.66933243422150213, -14.90145573998615980 ) ) ;
#3855 = CARTESIAN_POINT ( 'NONE',  ( 17.13211781824485769, 38.23599201421212967, -11.76443595028635691 ) ) ;
#3856 = DIRECTION ( 'NONE',  ( -0.000000000000000000, -0.9510565162951576390, 0.3090169943749349613 ) ) ;
#3857 = VECTOR ( 'NONE', #432, 1000.000000000000114 ) ;
#3858 = ORIENTED_EDGE ( 'NONE', *, *, #7505, .F. ) ;
#3859 = CARTESIAN_POINT ( 'NONE',  ( 15.65363052717491321, -34.92850156953296903, -2.243026303944656519 ) ) ;
#3860 = CARTESIAN_POINT ( 'NONE',  ( 0.000000000000000000, 39.99999999999997868, 0.000000000000000000 ) ) ;
#3861 = CARTESIAN_POINT ( 'NONE',  ( 17.13211781824485769, 10.21761575938577060, 33.47536897770585540 ) ) ;
#3862 = ORIENTED_EDGE ( 'NONE', *, *, #7463, .F. ) ;
#3863 = AXIS2_PLACEMENT_3D ( 'NONE', #2015, #24, #3169 ) ;
#3864 = ORIENTED_EDGE ( 'NONE', *, *, #3951, .T. ) ;
#3865 = CARTESIAN_POINT ( 'NONE',  ( 24.63977589264509760, -34.71024693150967266, 4.495101321638332870 ) ) ;
#3866 = ORIENTED_EDGE ( 'NONE', *, *, #1010, .F. ) ;
#3867 = CARTESIAN_POINT ( 'NONE',  ( 20.00000000000007461, 8.291075223678413764, -3.376969174186020162 ) ) ;
#3868 = CARTESIAN_POINT ( 'NONE',  ( 23.19917531777617370, 11.31106049179605932, 33.12270710795971951 ) ) ;
#3869 = EDGE_LOOP ( 'NONE', ( #6772, #7589 ) ) ;
#3870 = EDGE_LOOP ( 'NONE', ( #5324, #66, #1610, #6757 ) ) ;
#3871 = EDGE_CURVE ( 'NONE', #4128, #1707, #4876, .T. ) ;
#3872 = CARTESIAN_POINT ( 'NONE',  ( 25.00000000000000000, 37.49130516485367792, -14.05634640690788650 ) ) ;
#3873 = DIRECTION ( 'NONE',  ( 0.000000000000000000, -1.000000000000000000, 0.000000000000000000 ) ) ;
#3874 = CARTESIAN_POINT ( 'NONE',  ( 15.00000000000006395, 16.71398031309043120, 31.03953718700018882 ) ) ;
#3875 = VERTEX_POINT ( 'NONE', #6688 ) ;
#3876 = CARTESIAN_POINT ( 'NONE',  ( 19.32833852793590168, 27.79793711395537059, -21.32229611745375664 ) ) ;
#3877 = DIRECTION ( 'NONE',  ( 1.000000000000000000, 0.000000000000000000, 0.000000000000000000 ) ) ;
#3878 = VERTEX_POINT ( 'NONE', #1650 ) ;
#3879 = EDGE_CURVE ( 'NONE', #5482, #1705, #2903, .T. ) ;
#3880 = CARTESIAN_POINT ( 'NONE',  ( 15.00000000000000000, -3.703711431513914807E-32, 0.000000000000000000 ) ) ;
#3881 = ORIENTED_EDGE ( 'NONE', *, *, #390, .T. ) ;
#3882 = CARTESIAN_POINT ( 'NONE',  ( 23.70474528246988299, -30.46897100120846957, -17.22329254607020488 ) ) ;
#3883 = ORIENTED_EDGE ( 'NONE', *, *, #1746, .T. ) ;
#3884 = EDGE_CURVE ( 'NONE', #5838, #3737, #6151, .T. ) ;
#3885 =( BOUNDED_CURVE ( )  B_SPLINE_CURVE ( 3, ( #4749, #3382, #7778, #7203 ),
 .UNSPECIFIED., .F., .F. ) 
 B_SPLINE_CURVE_WITH_KNOTS ( ( 4, 4 ),
 ( 4.578760888222364045, 4.586022819131209793 ),
 .UNSPECIFIED. ) 
 CURVE ( )  GEOMETRIC_REPRESENTATION_ITEM ( )  RATIONAL_B_SPLINE_CURVE ( ( 1.000000000000000000, 0.9999956053681178236, 0.9999956053681178236, 1.000000000000000000 ) ) 
 REPRESENTATION_ITEM ( '' )  );
#3886 = CARTESIAN_POINT ( 'NONE',  ( 26.57262746422517452, 38.00502880621228030, 12.47526761324070144 ) ) ;
#3887 = LINE ( 'NONE', #7785, #1856 ) ;
#3888 = B_SPLINE_CURVE_WITH_KNOTS ( 'NONE', 3,
 ( #1779, #2944, #4844, #2199 ),
 .UNSPECIFIED., .F., .F.,
 ( 4, 4 ),
 ( 3.141717836627692002E-17, 0.0008731425215613192355 ),
 .UNSPECIFIED. ) ;
#3889 = CARTESIAN_POINT ( 'NONE',  ( 13.42737253577498358, 39.99999999999997868, 0.2164386351805732966 ) ) ;
#3890 = EDGE_CURVE ( 'NONE', #6336, #263, #3817, .T. ) ;
#3891 = CARTESIAN_POINT ( 'NONE',  ( 15.00000000000007105, -35.13660617934316832, 19.69067517619946628 ) ) ;
#3892 = DIRECTION ( 'NONE',  ( -1.000000000000000000, 0.000000000000000000, 0.000000000000000000 ) ) ;
#3893 = CARTESIAN_POINT ( 'NONE',  ( 23.70474528246986878, 6.955747469063787491, -34.27185102150598794 ) ) ;
#3894 = ORIENTED_EDGE ( 'NONE', *, *, #292, .T. ) ;
#3895 = EDGE_CURVE ( 'NONE', #321, #6764, #7222, .T. ) ;
#3896 = CARTESIAN_POINT ( 'NONE',  ( 24.99999999999999289, -16.86217221814176881, 30.67029748935813771 ) ) ;
#3897 = FACE_OUTER_BOUND ( 'NONE', #4196, .T. ) ;
#3898 = DIRECTION ( 'NONE',  ( 1.000000000000000000, -1.481484572605566251E-33, 0.000000000000000000 ) ) ;
#3899 = CARTESIAN_POINT ( 'NONE',  ( 22.86788218175522047, -34.99879851402005926, 0.2900044396689680504 ) ) ;
#3900 = VERTEX_POINT ( 'NONE', #3657 ) ;
#3901 = ORIENTED_EDGE ( 'NONE', *, *, #6631, .T. ) ;
#3902 = ORIENTED_EDGE ( 'NONE', *, *, #6220, .F. ) ;
#3903 = CARTESIAN_POINT ( 'NONE',  ( 15.00000000000007105, -5.000000000000139444, 39.99999999999995737 ) ) ;
#3904 = ADVANCED_FACE ( 'NONE', ( #6030 ), #425, .F. ) ;
#3905 = VERTEX_POINT ( 'NONE', #5540 ) ;
#3906 = LINE ( 'NONE', #844, #1120 ) ;
#3907 = DIRECTION ( 'NONE',  ( 0.000000000000000000, -1.000000000000000000, 0.000000000000000000 ) ) ;
#3908 = ADVANCED_FACE ( 'NONE', ( #4137 ), #7921, .F. ) ;
#3909 = ORIENTED_EDGE ( 'NONE', *, *, #7049, .T. ) ;
#3910 = LINE ( 'NONE', #7691, #3151 ) ;
#3911 = CARTESIAN_POINT ( 'NONE',  ( 24.99999999999999289, -4.663076581549605137, -34.68797654511723749 ) ) ;
#3912 = VERTEX_POINT ( 'NONE', #1786 ) ;
#3913 = PLANE ( 'NONE',  #7220 ) ;
#3914 = VERTEX_POINT ( 'NONE', #1606 ) ;
#3915 = FACE_OUTER_BOUND ( 'NONE', #7724, .T. ) ;
#3916 = ORIENTED_EDGE ( 'NONE', *, *, #350, .T. ) ;
#3917 = AXIS2_PLACEMENT_3D ( 'NONE', #2050, #1375, #226 ) ;
#3918 = EDGE_LOOP ( 'NONE', ( #4784, #4828, #4690, #3745 ) ) ;
#3919 = DIRECTION ( 'NONE',  ( 4.578039098394119522E-34, 0.3090169943749382364, 0.9510565162951565288 ) ) ;
#3920 = EDGE_LOOP ( 'NONE', ( #7468, #8101, #1704, #4456 ) ) ;
#3921 = CARTESIAN_POINT ( 'NONE',  ( 15.00000000000007105, 36.49717567993136669, 17.11596235647368758 ) ) ;
#3922 = EDGE_CURVE ( 'NONE', #2111, #3660, #5368, .T. ) ;
#3923 = VECTOR ( 'NONE', #4707, 999.9999999999998863 ) ;
#3924 = CARTESIAN_POINT ( 'NONE',  ( 20.00000000000000000, 33.01307321517487026, 6.115131855228864488 ) ) ;
#3925 = DIRECTION ( 'NONE',  ( -0.000000000000000000, -0.3090169943749382919, -0.9510565162951565288 ) ) ;
#3926 = CYLINDRICAL_SURFACE ( 'NONE', #2021, 5.000000000000001776 ) ;
#3927 = CARTESIAN_POINT ( 'NONE',  ( 24.99999999999999645, -7.925830406131633588, 39.48323056157686040 ) ) ;
#3928 = CIRCLE ( 'NONE', #404, 13.50000000000000000 ) ;
#3929 = CARTESIAN_POINT ( 'NONE',  ( 15.65363052717489900, -22.34510450596739162, 26.93933357584131727 ) ) ;
#3930 = ORIENTED_EDGE ( 'NONE', *, *, #500, .F. ) ;
#3931 = DIRECTION ( 'NONE',  ( 0.000000000000000000, 1.000000000000000000, 4.163336342344337027E-15 ) ) ;
#3932 = B_SPLINE_CURVE_WITH_KNOTS ( 'NONE', 3,
 ( #5438, #6629, #7293, #6291 ),
 .UNSPECIFIED., .F., .F.,
 ( 4, 4 ),
 ( 6.009258394948636926E-18, 0.0008734117105027615954 ),
 .UNSPECIFIED. ) ;
#3933 = LINE ( 'NONE', #7030, #2914 ) ;
#3934 = EDGE_CURVE ( 'NONE', #2520, #7864, #7896, .T. ) ;
#3935 = DIRECTION ( 'NONE',  ( 0.000000000000000000, -0.9510565162951545304, 0.3090169943749443426 ) ) ;
#3936 = AXIS2_PLACEMENT_3D ( 'NONE', #6065, #5441, #2975 ) ;
#3937 = CARTESIAN_POINT ( 'NONE',  ( 15.00000000000006573, 1.481484572605556398E-32, 0.000000000000000000 ) ) ;
#3938 = AXIS2_PLACEMENT_3D ( 'NONE', #1718, #1633, #3550 ) ;
#3939 = AXIS2_PLACEMENT_3D ( 'NONE', #7164, #856, #4662 ) ;
#3940 = DIRECTION ( 'NONE',  ( -0.000000000000000000, -0.8090169943749422332, -0.5877852522924802425 ) ) ;
#3941 = EDGE_CURVE ( 'NONE', #6330, #5068, #4902, .T. ) ;
#3942 = ORIENTED_EDGE ( 'NONE', *, *, #7900, .F. ) ;
#3943 = AXIS2_PLACEMENT_3D ( 'NONE', #1666, #4156, #1760 ) ;
#3944 = CARTESIAN_POINT ( 'NONE',  ( 15.54046384447839912, -34.44647668373247740, 6.200019683603813725 ) ) ;
#3945 = VECTOR ( 'NONE', #575, 1000.000000000000114 ) ;
#3946 = ORIENTED_EDGE ( 'NONE', *, *, #5481, .F. ) ;
#3947 = CARTESIAN_POINT ( 'NONE',  ( 24.45953615552160798, 29.76792719743982119, -27.08002786370496295 ) ) ;
#3948 = CARTESIAN_POINT ( 'NONE',  ( 20.00000000000007105, 2.946458300624080096, 6.214673457192659178 ) ) ;
#3949 = VECTOR ( 'NONE', #7082, 1000.000000000000000 ) ;
#3950 = CIRCLE ( 'NONE', #3694, 5.000000000000000000 ) ;
#3951 = EDGE_CURVE ( 'NONE', #3098, #3737, #4852, .T. ) ;
#3952 = ORIENTED_EDGE ( 'NONE', *, *, #4479, .F. ) ;
#3953 = CARTESIAN_POINT ( 'NONE',  ( 17.13211781824483992, 23.00421480023347698, 32.72917872425159658 ) ) ;
#3954 = VECTOR ( 'NONE', #4560, 1000.000000000000114 ) ;
#3955 = CARTESIAN_POINT ( 'NONE',  ( 24.45953615552163996, -4.411054151913400112, -40.00000000000002842 ) ) ;
#3956 = ORIENTED_EDGE ( 'NONE', *, *, #3247, .F. ) ;
#3957 = LINE ( 'NONE', #4616, #284 ) ;
#3958 = ORIENTED_EDGE ( 'NONE', *, *, #4752, .F. ) ;
#3959 = CARTESIAN_POINT ( 'NONE',  ( 23.70474528246986168, -39.99999999999997868, 3.975275438175508214 ) ) ;
#3960 = CIRCLE ( 'NONE', #5924, 35.00000000000000000 ) ;
#3961 = ORIENTED_EDGE ( 'NONE', *, *, #3370, .F. ) ;
#3962 = ORIENTED_EDGE ( 'NONE', *, *, #2131, .T. ) ;
#3963 = DIRECTION ( 'NONE',  ( -0.8191520442889920206, 0.3371397703496212261, -0.4640330845810133886 ) ) ;
#3964 = CARTESIAN_POINT ( 'NONE',  ( 26.57262746422510347, -23.60888432892763689, 32.28986059626632965 ) ) ;
#3965 = VERTEX_POINT ( 'NONE', #4227 ) ;
#3966 = EDGE_CURVE ( 'NONE', #1258, #5155, #516, .T. ) ;
#3967 = DIRECTION ( 'NONE',  ( 2.775557561562890735E-17, 0.5877852522924830181, -0.8090169943749402348 ) ) ;
#3968 = CARTESIAN_POINT ( 'NONE',  ( 15.00000000000006395, -16.92005285224546540, -30.64107592640776900 ) ) ;
#3969 = CARTESIAN_POINT ( 'NONE',  ( 18.47620868754432166, -29.89027585091298178, 18.27401029716227043 ) ) ;
#3970 = VECTOR ( 'NONE', #188, 1000.000000000000000 ) ;
#3971 = CARTESIAN_POINT ( 'NONE',  ( 22.86788218175522047, -39.99999999999997868, 0.2900044396689676618 ) ) ;
#3972 = CARTESIAN_POINT ( 'NONE',  ( 15.00000000000007105, -5.000000000000120792, 34.64101615137754209 ) ) ;
#3973 = CIRCLE ( 'NONE', #1498, 5.000000000000000000 ) ;
#3974 = DIRECTION ( 'NONE',  ( 4.578039098394317948E-34, 0.3090169943749516146, -0.9510565162951523099 ) ) ;
#3975 = ORIENTED_EDGE ( 'NONE', *, *, #4883, .F. ) ;
#3976 = EDGE_CURVE ( 'NONE', #7410, #1199, #7240, .T. ) ;
#3977 = CARTESIAN_POINT ( 'NONE',  ( 24.24381083264137260, -19.14434203569758708, 29.30053865815393976 ) ) ;
#3978 = DIRECTION ( 'NONE',  ( 1.481484572605565909E-33, 1.000000000000000000, 0.000000000000000000 ) ) ;
#3979 = VECTOR ( 'NONE', #3390, 1000.000000000000114 ) ;
#3980 = PLANE ( 'NONE',  #4324 ) ;
#3981 = LINE ( 'NONE', #5835, #5923 ) ;
#3982 = AXIS2_PLACEMENT_3D ( 'NONE', #5114, #4608, #5800 ) ;
#3983 = CARTESIAN_POINT ( 'NONE',  ( 15.18862017184825852, 34.84006034735745061, 3.347831609037167144 ) ) ;
#3984 = ORIENTED_EDGE ( 'NONE', *, *, #5079, .T. ) ;
#3985 = EDGE_CURVE ( 'NONE', #5939, #4803, #6782, .T. ) ;
#3986 = DIRECTION ( 'NONE',  ( 6.938893903907228378E-16, 0.3090169943749481174, -0.9510565162951533091 ) ) ;
#3987 = EDGE_CURVE ( 'NONE', #3070, #598, #583, .T. ) ;
#3988 = DIRECTION ( 'NONE',  ( 0.000000000000000000, -1.000000000000000000, 0.000000000000000000 ) ) ;
#3989 = CARTESIAN_POINT ( 'NONE',  ( 24.24381083264137970, 33.78239525695263978, 9.152986853523580990 ) ) ;
#3990 = CIRCLE ( 'NONE', #7143, 4.999999999999999112 ) ;
#3991 = ORIENTED_EDGE ( 'NONE', *, *, #6526, .F. ) ;
#3992 = EDGE_CURVE ( 'NONE', #6635, #2840, #1912, .T. ) ;
#3993 = TOROIDAL_SURFACE ( 'NONE', #3089, 6.820560224254683668, 30.00000000000000000 ) ;
#3994 = ORIENTED_EDGE ( 'NONE', *, *, #4584, .F. ) ;
#3995 = ADVANCED_FACE ( 'NONE', ( #5584 ), #1290, .F. ) ;
#3996 = ORIENTED_EDGE ( 'NONE', *, *, #2771, .F. ) ;
#3997 = CARTESIAN_POINT ( 'NONE',  ( 13.42737253577495693, -0.2164386351807250919, 39.99999999999997868 ) ) ;
#3998 = CARTESIAN_POINT ( 'NONE',  ( 15.00000000000007105, -27.55649506357379153, 29.42175351353537849 ) ) ;
#3999 = ORIENTED_EDGE ( 'NONE', *, *, #768, .F. ) ;
#4000 = DIRECTION ( 'NONE',  ( -0.000000000000000000, -0.3090169943749581649, 0.9510565162951499785 ) ) ;
#4001 = CARTESIAN_POINT ( 'NONE',  ( 15.00000000000006573, -35.00000000000000000, 0.000000000000000000 ) ) ;
#4002 = ORIENTED_EDGE ( 'NONE', *, *, #5297, .T. ) ;
#4003 = CARTESIAN_POINT ( 'NONE',  ( 17.13211781824486479, 20.06198795604695562, 28.67955088998825985 ) ) ;
#4004 = CARTESIAN_POINT ( 'NONE',  ( 24.99999999999999645, 39.99999999999997868, -4.385764661113933371 ) ) ;
#4005 = CARTESIAN_POINT ( 'NONE',  ( 24.45953615552162574, 23.97706516559586731, 25.49706543986523144 ) ) ;
#4006 = DIRECTION ( 'NONE',  ( 0.000000000000000000, -0.9510565162951566398, 0.3090169943749383474 ) ) ;
#4007 = CARTESIAN_POINT ( 'NONE',  ( 15.00000000000007105, 39.99999999999997868, 5.000000000000000000 ) ) ;
#4008 = EDGE_CURVE ( 'NONE', #1494, #5341, #2641, .T. ) ;
#4009 = LINE ( 'NONE', #5212, #172 ) ;
#4010 = DIRECTION ( 'NONE',  ( -1.481484572605565909E-33, -1.000000000000000000, 0.000000000000000000 ) ) ;
#4011 = EDGE_LOOP ( 'NONE', ( #2964, #5640, #5221, #6872 ) ) ;
#4012 = DIRECTION ( 'NONE',  ( 0.000000000000000000, -0.3090169943749548342, 0.9510565162951511997 ) ) ;
#4013 = CARTESIAN_POINT ( 'NONE',  ( 24.99999999999999645, 19.73890189115358140, -35.10156741994310892 ) ) ;
#4014 = CARTESIAN_POINT ( 'NONE',  ( 25.00000000000001066, -31.84151222027758976, 14.53553049226482585 ) ) ;
#4015 = CARTESIAN_POINT ( 'NONE',  ( 25.00000000000000000, -3.703711431513914807E-32, 0.000000000000000000 ) ) ;
#4016 = ADVANCED_FACE ( 'NONE', ( #716 ), #6367, .T. ) ;
#4017 = ORIENTED_EDGE ( 'NONE', *, *, #6756, .F. ) ;
#4018 = DIRECTION ( 'NONE',  ( 0.000000000000000000, 0.5877852522924801315, -0.8090169943749423442 ) ) ;
#4019 = CARTESIAN_POINT ( 'NONE',  ( 16.50278156089887460, 34.98317087662550051, 1.126696844756484017 ) ) ;
#4020 = ORIENTED_EDGE ( 'NONE', *, *, #32, .T. ) ;
#4021 = CARTESIAN_POINT ( 'NONE',  ( 23.70474528247000379, 14.51717068815314704, 31.81499568607097572 ) ) ;
#4022 = VERTEX_POINT ( 'NONE', #4315 ) ;
#4023 = CARTESIAN_POINT ( 'NONE',  ( 24.81118820077485765, -7.912788908719218028, 34.09436179532372790 ) ) ;
#4024 = EDGE_CURVE ( 'NONE', #6287, #1258, #5912, .T. ) ;
#4025 = CYLINDRICAL_SURFACE ( 'NONE', #4214, 5.000000000000001776 ) ;
#4026 = ORIENTED_EDGE ( 'NONE', *, *, #6454, .F. ) ;
#4027 = DIRECTION ( 'NONE',  ( -0.9063077870366492705, -0.4019338517338237882, -0.1305962250110779543 ) ) ;
#4028 = ORIENTED_EDGE ( 'NONE', *, *, #7416, .T. ) ;
#4029 = EDGE_CURVE ( 'NONE', #2414, #4473, #6042, .T. ) ;
#4030 = ORIENTED_EDGE ( 'NONE', *, *, #2645, .F. ) ;
#4031 = PLANE ( 'NONE',  #7352 ) ;
#4032 = ADVANCED_FACE ( 'NONE', ( #1368 ), #63, .F. ) ;
#4033 = CARTESIAN_POINT ( 'NONE',  ( 15.00000000000007105, -24.40656339007995257, 25.08624450741899992 ) ) ;
#4034 = ORIENTED_EDGE ( 'NONE', *, *, #6855, .T. ) ;
#4035 = LINE ( 'NONE', #7085, #5429 ) ;
#4036 = CARTESIAN_POINT ( 'NONE',  ( 24.01831258142418690, -21.69171240286745217, -27.46810897511945626 ) ) ;
#4037 = ORIENTED_EDGE ( 'NONE', *, *, #4493, .T. ) ;
#4038 = B_SPLINE_CURVE_WITH_KNOTS ( 'NONE', 3,
 ( #4639, #4014, #1602, #6519, #5944, #5903, #1559, #4132, #4049, #6484, #946, #3363, #3435, #5868 ),
 .UNSPECIFIED., .F., .F.,
 ( 4, 2, 2, 2, 2, 2, 4 ),
 ( 0.000000000000000000, 0.001196137445628226922, 0.001794206168442337782, 0.002392274891256448641, 0.002990343614070559933, 0.003588412336884670359, 0.004784549782512896414 ),
 .UNSPECIFIED. ) ;
#4039 = FACE_OUTER_BOUND ( 'NONE', #5715, .T. ) ;
#4040 = CARTESIAN_POINT ( 'NONE',  ( 24.99999999999999645, -39.99999999999997868, 4.663076581549970179 ) ) ;
#4041 = CARTESIAN_POINT ( 'NONE',  ( 24.63977589264510826, 24.03878461041410119, 25.43902538212283559 ) ) ;
#4042 = EDGE_CURVE ( 'NONE', #5951, #5196, #5648, .T. ) ;
#4043 = CYLINDRICAL_SURFACE ( 'NONE', #1595, 35.00000000000000000 ) ;
#4044 = DIRECTION ( 'NONE',  ( 0.000000000000000000, -0.9510565162951576390, 0.3090169943749349613 ) ) ;
#4045 = ORIENTED_EDGE ( 'NONE', *, *, #7804, .T. ) ;
#4046 = AXIS2_PLACEMENT_3D ( 'NONE', #2295, #1125, #4271 ) ;
#4047 = CARTESIAN_POINT ( 'NONE',  ( 24.81118820077486120, -18.06124666082842367, 29.98047870867134534 ) ) ;
#4048 = DIRECTION ( 'NONE',  ( 1.198546196142213638E-33, 0.8090169943749507819, -0.5877852522924685852 ) ) ;
#4049 = CARTESIAN_POINT ( 'NONE',  ( 24.24381083264137260, -32.71052256049441809, 12.45187180536068539 ) ) ;
#4050 = CARTESIAN_POINT ( 'NONE',  ( -8.673617379884035472E-16, 3.703711431513915355E-32, 0.000000000000000000 ) ) ;
#4051 = ORIENTED_EDGE ( 'NONE', *, *, #2426, .T. ) ;
#4052 = DIRECTION ( 'NONE',  ( -0.000000000000000000, -0.3090169943749382919, -0.9510565162951565288 ) ) ;
#4053 = CARTESIAN_POINT ( 'NONE',  ( 23.70474528246998247, 34.30000351133449499, 6.964894767506607742 ) ) ;
#4054 = CARTESIAN_POINT ( 'NONE',  ( 15.04754234242350996, 34.29256243340118004, -7.012224162930822402 ) ) ;
#4055 = ORIENTED_EDGE ( 'NONE', *, *, #7806, .F. ) ;
#4056 = EDGE_LOOP ( 'NONE', ( #6521, #5512, #4697, #4439 ) ) ;
#4057 = CIRCLE ( 'NONE', #6555, 28.03376365985115015 ) ;
#4058 = VECTOR ( 'NONE', #2149, 1000.000000000000114 ) ;
#4059 = DIRECTION ( 'NONE',  ( 6.938893903907231336E-16, -0.5877852522924625900, -0.8090169943749551118 ) ) ;
#4060 = ORIENTED_EDGE ( 'NONE', *, *, #4024, .T. ) ;
#4061 = CARTESIAN_POINT ( 'NONE',  ( 18.47620868754436074, -2.785078446333352442, 34.92293488285647385 ) ) ;
#4062 = VECTOR ( 'NONE', #3387, 1000.000000000000000 ) ;
#4063 = AXIS2_PLACEMENT_3D ( 'NONE', #7383, #5355, #2885 ) ;
#4064 = ORIENTED_EDGE ( 'NONE', *, *, #3210, .T. ) ;
#4065 = CARTESIAN_POINT ( 'NONE',  ( 26.57262746422509991, -0.1204847832695886412, 39.99999999999998579 ) ) ;
#4066 = EDGE_CURVE ( 'NONE', #2608, #3715, #3164, .T. ) ;
#4067 = ORIENTED_EDGE ( 'NONE', *, *, #8100, .T. ) ;
#4068 = VECTOR ( 'NONE', #8007, 1000.000000000000114 ) ;
#4069 = AXIS2_PLACEMENT_3D ( 'NONE', #6617, #7975, #1659 ) ;
#4070 = ORIENTED_EDGE ( 'NONE', *, *, #5563, .F. ) ;
#4071 = CARTESIAN_POINT ( 'NONE',  ( 24.99999999999999645, 16.79552914386421492, 36.60129074203539545 ) ) ;
#4072 = PLANE ( 'NONE',  #931 ) ;
#4073 = AXIS2_PLACEMENT_3D ( 'NONE', #5949, #345, #2253 ) ;
#4074 = VERTEX_POINT ( 'NONE', #7675 ) ;
#4075 = DIRECTION ( 'NONE',  ( -0.000000000000000000, 1.000000000000000000, -0.000000000000000000 ) ) ;
#4076 = EDGE_CURVE ( 'NONE', #7623, #6086, #5248, .T. ) ;
#4077 = CARTESIAN_POINT ( 'NONE',  ( 15.00000000000006573, 24.20507507021155291, -25.28071084533470270 ) ) ;
#4078 = ORIENTED_EDGE ( 'NONE', *, *, #272, .F. ) ;
#4079 = CARTESIAN_POINT ( 'NONE',  ( 16.29525471753019517, 14.83433730242553139, -31.70082706804141282 ) ) ;
#4080 = DIRECTION ( 'NONE',  ( 0.000000000000000000, 0.9510565162951545304, -0.3090169943749442871 ) ) ;
#4081 = EDGE_CURVE ( 'NONE', #5506, #3586, #136, .T. ) ;
#4082 = CARTESIAN_POINT ( 'NONE',  ( 15.47020472364246757, 29.76412655303365185, -18.41543264297783722 ) ) ;
#4083 = CARTESIAN_POINT ( 'NONE',  ( 26.57262746422514965, 0.1204847832698453802, -39.99999999999997868 ) ) ;
#4084 = CIRCLE ( 'NONE', #576, 35.00000000000000000 ) ;
#4085 = LINE ( 'NONE', #5443, #7365 ) ;
#4086 = DIRECTION ( 'NONE',  ( -0.000000000000000000, -0.5877852522924770229, 0.8090169943749445647 ) ) ;
#4087 = ORIENTED_EDGE ( 'NONE', *, *, #4226, .F. ) ;
#4088 = EDGE_CURVE ( 'NONE', #2871, #7977, #2081, .T. ) ;
#4089 = CARTESIAN_POINT ( 'NONE',  ( 24.81118820077486120, 22.93189747973628911, 26.44174374967062491 ) ) ;
#4090 = CARTESIAN_POINT ( 'NONE',  ( 24.99999999999999289, -32.55871839151490121, 23.23883332036975702 ) ) ;
#4091 = ADVANCED_FACE ( 'NONE', ( #788 ), #4043, .T. ) ;
#4092 = CARTESIAN_POINT ( 'NONE',  ( 24.75193471525578559, 26.56803567814892730, -22.78541366525653089 ) ) ;
#4093 = DIRECTION ( 'NONE',  ( 1.706177663791133648E-16, -0.8090169943749423442, -0.5877852522924800205 ) ) ;
#4094 = CARTESIAN_POINT ( 'NONE',  ( 15.00000000000006750, -2.119852826805388890, 39.99999999999997158 ) ) ;
#4095 =( BOUNDED_CURVE ( )  B_SPLINE_CURVE ( 3, ( #1669, #4296, #7943, #6668 ),
 .UNSPECIFIED., .F., .F. ) 
 B_SPLINE_CURVE_WITH_KNOTS ( ( 4, 4 ),
 ( 4.704103044437397685, 4.835908513616244520 ),
 .UNSPECIFIED. ) 
 CURVE ( )  GEOMETRIC_REPRESENTATION_ITEM ( )  RATIONAL_B_SPLINE_CURVE ( ( 1.000000000000000000, 0.9985528004245092237, 0.9985528004245092237, 1.000000000000000000 ) ) 
 REPRESENTATION_ITEM ( '' )  );
#4096 = CARTESIAN_POINT ( 'NONE',  ( 25.00000000000000000, -34.59903648728070635, -6.630442559838327199 ) ) ;
#4097 = CARTESIAN_POINT ( 'NONE',  ( 20.67025973870253708, -27.59091945641663557, -21.58956243961405264 ) ) ;
#4098 = DIRECTION ( 'NONE',  ( -0.000000000000000000, -0.3090169943749515591, 0.9510565162951521989 ) ) ;
#4099 = ADVANCED_FACE ( 'NONE', ( #2159 ), #6439, .F. ) ;
#4100 = ORIENTED_EDGE ( 'NONE', *, *, #1217, .T. ) ;
#4101 = AXIS2_PLACEMENT_3D ( 'NONE', #2627, #5145, #4400 ) ;
#4102 = ORIENTED_EDGE ( 'NONE', *, *, #4250, .F. ) ;
#4103 = LINE ( 'NONE', #6650, #186 ) ;
#4104 = DIRECTION ( 'NONE',  ( 0.8191520442889922426, -0.5735764363510454933, -6.007894271759465018E-15 ) ) ;
#4105 = AXIS2_PLACEMENT_3D ( 'NONE', #2076, #2845, #2727 ) ;
#4106 = VERTEX_POINT ( 'NONE', #6400 ) ;
#4107 = CARTESIAN_POINT ( 'NONE',  ( 16.05646280002837045, 34.71258185446157540, 4.479402757323872386 ) ) ;
#4108 = EDGE_LOOP ( 'NONE', ( #6282, #2614, #5383, #6922 ) ) ;
#4109 = CARTESIAN_POINT ( 'NONE',  ( 15.00000000000007105, -34.49064911372806108, 5.949380111716702224 ) ) ;
#4110 = FACE_OUTER_BOUND ( 'NONE', #2034, .T. ) ;
#4111 = ORIENTED_EDGE ( 'NONE', *, *, #2595, .F. ) ;
#4112 = ORIENTED_EDGE ( 'NONE', *, *, #2701, .T. ) ;
#4113 = ORIENTED_EDGE ( 'NONE', *, *, #6029, .F. ) ;
#4114 = CARTESIAN_POINT ( 'NONE',  ( 26.57262746422509991, -32.28986059626623728, -23.60888432892776478 ) ) ;
#4115 = EDGE_CURVE ( 'NONE', #51, #5865, #939, .T. ) ;
#4116 = AXIS2_PLACEMENT_3D ( 'NONE', #4366, #4950, #1042 ) ;
#4117 = ORIENTED_EDGE ( 'NONE', *, *, #3482, .F. ) ;
#4118 = CARTESIAN_POINT ( 'NONE',  ( 16.29525471753012411, -34.36591252768464955, 6.632047658116438704 ) ) ;
#4119 = CARTESIAN_POINT ( 'NONE',  ( 24.75193471525578204, -22.78541366525661971, -26.56803567814885625 ) ) ;
#4120 = VERTEX_POINT ( 'NONE', #4515 ) ;
#4121 = CARTESIAN_POINT ( 'NONE',  ( 15.75577990824706909, -12.76724537651392311, 32.58872326137473863 ) ) ;
#4122 = DIRECTION ( 'NONE',  ( -1.000000000000000000, 1.481484572605565909E-33, -0.000000000000000000 ) ) ;
#4123 = CARTESIAN_POINT ( 'NONE',  ( 15.98126570279176661, 29.30425040664576741, -19.13866104029184712 ) ) ;
#4124 = DIRECTION ( 'NONE',  ( -0.000000000000000000, -3.491481338843133355E-15, 1.000000000000000000 ) ) ;
#4125 = EDGE_CURVE ( 'NONE', #6607, #7015, #7026, .T. ) ;
#4126 = FACE_OUTER_BOUND ( 'NONE', #2683, .T. ) ;
#4127 = EDGE_CURVE ( 'NONE', #4154, #436, #8093, .T. ) ;
#4128 = VERTEX_POINT ( 'NONE', #3891 ) ;
#4129 = DIRECTION ( 'NONE',  ( 0.5735764363510447161, 0.2531319026622682045, 0.7790598895575461258 ) ) ;
#4130 = CARTESIAN_POINT ( 'NONE',  ( 24.63977589264505497, -34.40046922624961212, -6.450960777436557159 ) ) ;
#4131 = CARTESIAN_POINT ( 'NONE',  ( 24.81118820077486831, 26.44174374967088070, -22.93189747973601200 ) ) ;
#4132 = CARTESIAN_POINT ( 'NONE',  ( 24.34597678335757109, -32.64923485198255548, 12.61185178508027960 ) ) ;
#4133 = CARTESIAN_POINT ( 'NONE',  ( 19.32833852793588036, -19.84845737240175367, 28.86874364165769435 ) ) ;
#4134 = EDGE_CURVE ( 'NONE', #6049, #7443, #507, .T. ) ;
#4135 = DIRECTION ( 'NONE',  ( -1.000000000000000000, 1.481484572605565909E-33, -0.000000000000000000 ) ) ;
#4136 = CARTESIAN_POINT ( 'NONE',  ( 15.00000000000007105, 16.31639344633029154, 30.96409703034387917 ) ) ;
#4137 = FACE_OUTER_BOUND ( 'NONE', #672, .T. ) ;
#4138 = CARTESIAN_POINT ( 'NONE',  ( 24.45953615552160088, -19.94279231969264643, 34.95343235255619163 ) ) ;
#4139 = CARTESIAN_POINT ( 'NONE',  ( 15.00000000000006573, 1.481484572605556398E-32, 0.000000000000000000 ) ) ;
#4140 = VERTEX_POINT ( 'NONE', #5894 ) ;
#4141 = EDGE_CURVE ( 'NONE', #97, #5628, #4548, .T. ) ;
#4142 = VERTEX_POINT ( 'NONE', #5825 ) ;
#4143 =( BOUNDED_CURVE ( )  B_SPLINE_CURVE ( 3, ( #4974, #6637, #4130, #7956 ),
 .UNSPECIFIED., .F., .F. ) 
 B_SPLINE_CURVE_WITH_KNOTS ( ( 4, 4 ),
 ( 4.578760888222364045, 4.586022819131211570 ),
 .UNSPECIFIED. ) 
 CURVE ( )  GEOMETRIC_REPRESENTATION_ITEM ( )  RATIONAL_B_SPLINE_CURVE ( ( 1.000000000000000000, 0.9999956053681178236, 0.9999956053681178236, 1.000000000000000000 ) ) 
 REPRESENTATION_ITEM ( '' )  );
#4144 = CARTESIAN_POINT ( 'NONE',  ( 23.89409946658236095, -9.626619232961543204, 33.65042473767871201 ) ) ;
#4145 = CARTESIAN_POINT ( 'NONE',  ( 15.54046384447848439, -36.57505489365249218, -16.87627478251592450 ) ) ;
#4146 = ORIENTED_EDGE ( 'NONE', *, *, #1044, .T. ) ;
#4147 = DIRECTION ( 'NONE',  ( 1.000000000000000000, -1.481484572605566251E-33, 0.000000000000000000 ) ) ;
#4148 = ORIENTED_EDGE ( 'NONE', *, *, #1530, .F. ) ;
#4149 = EDGE_CURVE ( 'NONE', #7002, #5576, #3415, .T. ) ;
#4150 = CARTESIAN_POINT ( 'NONE',  ( -7.500000000000000000, 4.814824860968089633E-32, 0.000000000000000000 ) ) ;
#4151 = VERTEX_POINT ( 'NONE', #7098 ) ;
#4152 = VERTEX_POINT ( 'NONE', #1480 ) ;
#4153 = EDGE_CURVE ( 'NONE', #1053, #3299, #2777, .T. ) ;
#4154 = VERTEX_POINT ( 'NONE', #3972 ) ;
#4155 = DIRECTION ( 'NONE',  ( 4.578039098394120377E-34, 0.3090169943749382919, 0.9510565162951566398 ) ) ;
#4156 = DIRECTION ( 'NONE',  ( 0.4226182617407008291, 0.000000000000000000, -0.9063077870366493816 ) ) ;
#4157 = VERTEX_POINT ( 'NONE', #4629 ) ;
#4158 = CARTESIAN_POINT ( 'NONE',  ( 15.38892734875750001, 2.778882893066520143, -34.89001946444715685 ) ) ;
#4159 = CARTESIAN_POINT ( 'NONE',  ( 24.19512822508729855, 23.88652402892761373, 25.58220899252942360 ) ) ;
#4160 = VERTEX_POINT ( 'NONE', #4007 ) ;
#4161 = DIRECTION ( 'NONE',  ( 0.000000000000000000, 1.000000000000000000, 0.000000000000000000 ) ) ;
#4162 = FACE_OUTER_BOUND ( 'NONE', #209, .T. ) ;
#4163 = CARTESIAN_POINT ( 'NONE',  ( 16.50278156089888171, 28.96423554546533907, -19.65107502479099821 ) ) ;
#4164 = FACE_OUTER_BOUND ( 'NONE', #1876, .T. ) ;
#4165 = DIRECTION ( 'NONE',  ( -4.578039098394216169E-34, -0.3090169943749447867, -0.9510565162951545304 ) ) ;
#4166 = ORIENTED_EDGE ( 'NONE', *, *, #5918, .F. ) ;
#4167 = DIRECTION ( 'NONE',  ( 0.000000000000000000, 0.3090169943749409009, 0.9510565162951557516 ) ) ;
#4168 = EDGE_CURVE ( 'NONE', #5068, #3777, #1463, .T. ) ;
#4169 = CARTESIAN_POINT ( 'NONE',  ( 16.29525471753019517, 14.83433730242553139, -31.70082706804141282 ) ) ;
#4170 = DIRECTION ( 'NONE',  ( -2.298142501290790962E-16, 0.5877852522924653655, 0.8090169943749531134 ) ) ;
#4171 = DIRECTION ( 'NONE',  ( 0.9063077870366492705, 0.000000000000000000, -0.4226182617407007736 ) ) ;
#4172 = CARTESIAN_POINT ( 'NONE',  ( 25.00000000000000000, 32.20875288851420493, 8.590575283207797952 ) ) ;
#4173 = FACE_OUTER_BOUND ( 'NONE', #2344, .T. ) ;
#4174 = DIRECTION ( 'NONE',  ( 0.4226182617407008291, 0.5327143512579762819, -0.7332184018469953823 ) ) ;
#4175 = DIRECTION ( 'NONE',  ( -0.000000000000000000, 0.3090169943749582204, -0.9510565162951500895 ) ) ;
#4176 = CARTESIAN_POINT ( 'NONE',  ( 24.99999999999999289, -32.16264115848077410, -23.78398686302816856 ) ) ;
#4177 = DIRECTION ( 'NONE',  ( 3.299640131595842622E-16, 0.000000000000000000, -1.000000000000000000 ) ) ;
#4178 = CARTESIAN_POINT ( 'NONE',  ( 15.00000000000006573, 34.44194608428063731, -6.225138546852252652 ) ) ;
#4179 = ORIENTED_EDGE ( 'NONE', *, *, #5612, .T. ) ;
#4180 = EDGE_LOOP ( 'NONE', ( #3093, #6488, #1108, #6712 ) ) ;
#4181 = ADVANCED_FACE ( 'NONE', ( #7787 ), #6070, .T. ) ;
#4182 = CARTESIAN_POINT ( 'NONE',  ( 22.86788218175522047, 34.99879851402005926, -0.2900044396689680504 ) ) ;
#4183 = CARTESIAN_POINT ( 'NONE',  ( 23.70474528247000734, 14.52631798659640339, 31.84314817589940105 ) ) ;
#4184 = DIRECTION ( 'NONE',  ( 0.000000000000000000, -0.3090169943749552783, 0.9510565162951509777 ) ) ;
#4185 = ADVANCED_FACE ( 'NONE', ( #4126 ), #6589, .F. ) ;
#4186 = AXIS2_PLACEMENT_3D ( 'NONE', #786, #134, #5060 ) ;
#4187 = ORIENTED_EDGE ( 'NONE', *, *, #1473, .F. ) ;
#4188 = DIRECTION ( 'NONE',  ( -0.000000000000000000, 0.8090169943749423442, 0.5877852522924802425 ) ) ;
#4189 = ORIENTED_EDGE ( 'NONE', *, *, #3610, .F. ) ;
#4190 = CARTESIAN_POINT ( 'NONE',  ( 20.00000000000007816, 18.52451424431130533, -7.621283906263935037 ) ) ;
#4191 = CIRCLE ( 'NONE', #803, 5.000000000000000000 ) ;
#4192 = LINE ( 'NONE', #2265, #702 ) ;
#4193 = ORIENTED_EDGE ( 'NONE', *, *, #1612, .T. ) ;
#4194 = AXIS2_PLACEMENT_3D ( 'NONE', #2719, #6576, #3306 ) ;
#4195 =( BOUNDED_CURVE ( )  B_SPLINE_CURVE ( 3, ( #5738, #3078, #3115, #5616 ),
 .UNSPECIFIED., .F., .F. ) 
 B_SPLINE_CURVE_WITH_KNOTS ( ( 4, 4 ),
 ( 1.427448757889531183, 1.434720266952592693 ),
 .UNSPECIFIED. ) 
 CURVE ( )  GEOMETRIC_REPRESENTATION_ITEM ( )  RATIONAL_B_SPLINE_CURVE ( ( 1.000000000000000000, 0.9999955937678493001, 0.9999955937678493001, 1.000000000000000000 ) ) 
 REPRESENTATION_ITEM ( '' )  );
#4196 = EDGE_LOOP ( 'NONE', ( #6945, #5165, #1317, #3185 ) ) ;
#4197 = B_SPLINE_CURVE_WITH_KNOTS ( 'NONE', 3,
 ( #6626, #5520, #7897, #7424, #7942, #4158, #2970, #1762, #1014, #6009, #4795, #5564, #4256, #3010 ),
 .UNSPECIFIED., .F., .F.,
 ( 4, 2, 2, 2, 2, 2, 4 ),
 ( 0.000000000000000000, 0.001196801401551002677, 0.001795202102326503039, 0.002393602803102003185, 0.002992003503877503547, 0.003590404204653003910, 0.004787205606204004635 ),
 .UNSPECIFIED. ) ;
#4198 = EDGE_CURVE ( 'NONE', #1053, #1571, #2229, .T. ) ;
#4199 = ORIENTED_EDGE ( 'NONE', *, *, #4431, .T. ) ;
#4200 = LINE ( 'NONE', #7980, #6550 ) ;
#4201 = CIRCLE ( 'NONE', #1457, 5.000000000000000000 ) ;
#4202 = AXIS2_PLACEMENT_3D ( 'NONE', #4798, #1156, #1672 ) ;
#4203 = CARTESIAN_POINT ( 'NONE',  ( 24.99999999999999289, -25.51452191370179889, 23.95848850648201989 ) ) ;
#4204 = CARTESIAN_POINT ( 'NONE',  ( 15.54046384447849150, -34.67645756116565536, -4.747977570363818067 ) ) ;
#4205 = CARTESIAN_POINT ( 'NONE',  ( 15.54046384447848439, 27.35260463503468031, -29.56988858092223893 ) ) ;
#4206 = AXIS2_PLACEMENT_3D ( 'NONE', #6634, #5484, #2813 ) ;
#4207 = PLANE ( 'NONE',  #1380 ) ;
#4208 = AXIS2_PLACEMENT_3D ( 'NONE', #5989, #1036, #5370 ) ;
#4209 = ORIENTED_EDGE ( 'NONE', *, *, #4302, .F. ) ;
#4210 = CARTESIAN_POINT ( 'NONE',  ( 16.80065191590786355, -11.62955390444230908, 33.01223048093186208 ) ) ;
#4211 = CARTESIAN_POINT ( 'NONE',  ( 23.70474528246988655, -17.22329254607008764, 30.46897100120853707 ) ) ;
#4212 = CARTESIAN_POINT ( 'NONE',  ( 24.45953615552158311, -39.99999999999997868, 4.411054151913791799 ) ) ;
#4213 = CARTESIAN_POINT ( 'NONE',  ( 25.00000000000000000, 16.99761586602373242, -30.85671967754506539 ) ) ;
#4214 = AXIS2_PLACEMENT_3D ( 'NONE', #4782, #7190, #7158 ) ;
#4215 = LINE ( 'NONE', #7387, #8020 ) ;
#4216 = VERTEX_POINT ( 'NONE', #1773 ) ;
#4217 = CARTESIAN_POINT ( 'NONE',  ( 25.00000000000000000, 35.00000000000000000, 0.000000000000000000 ) ) ;
#4218 = CIRCLE ( 'NONE', #4894, 35.00000000000000000 ) ;
#4219 = CARTESIAN_POINT ( 'NONE',  ( 23.89409946658236095, 21.56538066614739435, 27.56732195202792823 ) ) ;
#4220 = CARTESIAN_POINT ( 'NONE',  ( 20.00000000000000000, -39.99999999999997868, 4.385764661113933371 ) ) ;
#4221 = CARTESIAN_POINT ( 'NONE',  ( 24.52945112611146072, 26.92920004743222151, -22.35731483595743541 ) ) ;
#4222 = DIRECTION ( 'NONE',  ( -1.481484572605566422E-33, -1.000000000000000000, -6.908276016444636426E-34 ) ) ;
#4223 = DIRECTION ( 'NONE',  ( -3.469446951953613696E-16, -0.3090169943749411785, -0.9510565162951555296 ) ) ;
#4224 = CARTESIAN_POINT ( 'NONE',  ( 16.29525471753019872, -31.70082706804146255, -14.83433730242541948 ) ) ;
#4225 = FACE_OUTER_BOUND ( 'NONE', #1907, .T. ) ;
#4226 = EDGE_CURVE ( 'NONE', #4140, #4875, #5359, .T. ) ;
#4227 = CARTESIAN_POINT ( 'NONE',  ( 24.99999999999999289, 31.54925622055657897, -15.15402362178680562 ) ) ;
#4228 = CARTESIAN_POINT ( 'NONE',  ( 24.99999999999999289, -14.90145573998626105, -31.66933243422145239 ) ) ;
#4229 = AXIS2_PLACEMENT_3D ( 'NONE', #6418, #2101, #6642 ) ;
#4230 = CARTESIAN_POINT ( 'NONE',  ( 25.00000000000000000, -3.703711431513914807E-32, 0.000000000000000000 ) ) ;
#4231 = ORIENTED_EDGE ( 'NONE', *, *, #2684, .T. ) ;
#4232 = ORIENTED_EDGE ( 'NONE', *, *, #6963, .F. ) ;
#4233 = B_SPLINE_CURVE_WITH_KNOTS ( 'NONE', 3,
 ( #1613, #7275, #2863, #4023, #7881, #3446, #6527, #2259, #3407, #5915, #4144, #311, #5308, #7805 ),
 .UNSPECIFIED., .F., .F.,
 ( 4, 2, 2, 2, 2, 2, 4 ),
 ( 8.673617379884035472E-19, 0.001196137445628221718, 0.001794206168442333011, 0.002392274891256444738, 0.002990343614070555597, 0.003588412336884667323, 0.004784549782512890342 ),
 .UNSPECIFIED. ) ;
#4234 = LINE ( 'NONE', #3621, #7393 ) ;
#4235 = CARTESIAN_POINT ( 'NONE',  ( 16.29525471753019161, 36.70971792198459838, 16.46182459715215529 ) ) ;
#4236 = CARTESIAN_POINT ( 'NONE',  ( 22.86788218175522047, -11.09103413563824247, -33.19621908895813078 ) ) ;
#4237 = ORIENTED_EDGE ( 'NONE', *, *, #8064, .F. ) ;
#4238 = AXIS2_PLACEMENT_3D ( 'NONE', #4407, #1301, #3781 ) ;
#4239 = EDGE_CURVE ( 'NONE', #4803, #33, #689, .T. ) ;
#4240 = ORIENTED_EDGE ( 'NONE', *, *, #5254, .T. ) ;
#4241 = VECTOR ( 'NONE', #7266, 1000.000000000000114 ) ;
#4242 = B_SPLINE_CURVE_WITH_KNOTS ( 'NONE', 3,
 ( #6894, #1281, #5688, #3759, #3264, #6853, #7622, #5767, #2652, #5164, #7662, #892, #5921, #7697 ),
 .UNSPECIFIED., .F., .F.,
 ( 4, 2, 2, 2, 2, 2, 4 ),
 ( 1.734723475976807094E-18, 0.001196137445628221068, 0.001794206168442333011, 0.002392274891256445605, 0.002990343614070557765, 0.003588412336884669925, 0.004784549782512890342 ),
 .UNSPECIFIED. ) ;
#4243 = CARTESIAN_POINT ( 'NONE',  ( 24.45953615552161864, -23.97706516559567191, -25.49706543986540908 ) ) ;
#4244 = ORIENTED_EDGE ( 'NONE', *, *, #2575, .F. ) ;
#4245 = EDGE_CURVE ( 'NONE', #5126, #2414, #4215, .T. ) ;
#4246 = ORIENTED_EDGE ( 'NONE', *, *, #6487, .F. ) ;
#4247 = VECTOR ( 'NONE', #3967, 1000.000000000000227 ) ;
#4248 = ORIENTED_EDGE ( 'NONE', *, *, #6228, .T. ) ;
#4249 = CARTESIAN_POINT ( 'NONE',  ( 17.13211781824486479, 20.06198795604695562, 28.67955088998825985 ) ) ;
#4250 = EDGE_CURVE ( 'NONE', #636, #3337, #4709, .T. ) ;
#4251 = VERTEX_POINT ( 'NONE', #5935 ) ;
#4252 = VECTOR ( 'NONE', #4820, 1000.000000000000000 ) ;
#4253 = CARTESIAN_POINT ( 'NONE',  ( 15.18006210666843359, 16.39144551574088737, 30.92454867560694609 ) ) ;
#4254 = DIRECTION ( 'NONE',  ( 0.000000000000000000, 0.000000000000000000, -1.000000000000000000 ) ) ;
#4255 = EDGE_CURVE ( 'NONE', #1661, #8010, #6675, .T. ) ;
#4256 = CARTESIAN_POINT ( 'NONE',  ( 16.80065191590787776, 0.8590227815952208301, -34.99022670979992711 ) ) ;
#4257 = CARTESIAN_POINT ( 'NONE',  ( 23.94355495384386145, 23.77946806259213730, 25.68200197383169581 ) ) ;
#4258 = ORIENTED_EDGE ( 'NONE', *, *, #4088, .F. ) ;
#4259 = CARTESIAN_POINT ( 'NONE',  ( 24.99999999999999289, 34.72412804286559407, -4.385764661113934260 ) ) ;
#4260 = CARTESIAN_POINT ( 'NONE',  ( 15.00000000000007283, 23.51141009169930740, -32.36067977499759252 ) ) ;
#4261 = DIRECTION ( 'NONE',  ( -9.020562075079395313E-15, 0.5877852522924684742, 0.8090169943749508930 ) ) ;
#4262 = DIRECTION ( 'NONE',  ( 0.000000000000000000, 0.3090169943749414561, 0.9510565162951554186 ) ) ;
#4263 = ORIENTED_EDGE ( 'NONE', *, *, #506, .T. ) ;
#4264 = DIRECTION ( 'NONE',  ( 0.000000000000000000, 1.000000000000000000, 0.000000000000000000 ) ) ;
#4265 = ORIENTED_EDGE ( 'NONE', *, *, #5549, .T. ) ;
#4266 = CARTESIAN_POINT ( 'NONE',  ( 20.00000000000000000, 15.64036074260884845, -14.06560124733694295 ) ) ;
#4267 = ORIENTED_EDGE ( 'NONE', *, *, #339, .T. ) ;
#4268 = FACE_OUTER_BOUND ( 'NONE', #2323, .T. ) ;
#4269 = CARTESIAN_POINT ( 'NONE',  ( 15.00000000000007283, 32.36067977499784831, 23.51141009169895568 ) ) ;
#4270 = CARTESIAN_POINT ( 'NONE',  ( 0.000000000000000000, 12.36067977499778259, 38.04226065180615990 ) ) ;
#4271 = DIRECTION ( 'NONE',  ( 0.9063077870366491595, 0.000000000000000000, 0.4226182617407008846 ) ) ;
#4272 = DIRECTION ( 'NONE',  ( -0.000000000000000000, 0.3090169943749582204, -0.9510565162951500895 ) ) ;
#4273 = CARTESIAN_POINT ( 'NONE',  ( 17.13211781824483992, 31.99218082574418176, 24.01860538316432070 ) ) ;
#4274 = ADVANCED_FACE ( 'NONE', ( #4802 ), #2891, .T. ) ;
#4275 = DIRECTION ( 'NONE',  ( 1.000000000000000000, -1.481484572605566251E-33, 0.000000000000000000 ) ) ;
#4276 = CARTESIAN_POINT ( 'NONE',  ( 15.00000000000007105, -37.38719010274942889, -14.37677961951798800 ) ) ;
#4277 = CARTESIAN_POINT ( 'NONE',  ( 24.61076051292646127, -13.11114720762612507, -32.45201711130157918 ) ) ;
#4278 = DIRECTION ( 'NONE',  ( 0.000000000000000000, 1.000000000000000000, 0.000000000000000000 ) ) ;
#4279 = EDGE_LOOP ( 'NONE', ( #2313, #5679, #1549, #428, #4199, #2351, #6892, #8084, #6427, #6111 ) ) ;
#4280 = VERTEX_POINT ( 'NONE', #3465 ) ;
#4281 = CARTESIAN_POINT ( 'NONE',  ( 15.00000000000006217, 6.304195401677294974, 34.68525806487552643 ) ) ;
#4282 = CARTESIAN_POINT ( 'NONE',  ( 23.19917531777617725, 28.61987891632787750, 20.14835840517746846 ) ) ;
#4283 = PLANE ( 'NONE',  #5573 ) ;
#4284 = ORIENTED_EDGE ( 'NONE', *, *, #3295, .F. ) ;
#4285 = ORIENTED_EDGE ( 'NONE', *, *, #5980, .F. ) ;
#4286 = LINE ( 'NONE', #3626, #3165 ) ;
#4287 = DIRECTION ( 'NONE',  ( -1.481484572605565909E-33, -1.000000000000000000, 0.000000000000000000 ) ) ;
#4288 = EDGE_LOOP ( 'NONE', ( #3332, #3901, #5152, #2861 ) ) ;
#4289 = EDGE_CURVE ( 'NONE', #54, #5929, #812, .T. ) ;
#4290 = B_SPLINE_CURVE_WITH_KNOTS ( 'NONE', 3,
 ( #3896, #1557, #187, #4047, #7029, #7144, #943, #4551, #3977, #1524, #5941, #2011, #792, #3433 ),
 .UNSPECIFIED., .F., .F.,
 ( 4, 2, 2, 2, 2, 2, 4 ),
 ( 0.000000000000000000, 0.001196137445628226922, 0.001794206168442337565, 0.002392274891256448207, 0.002990343614070559066, 0.003588412336884669492, 0.004784549782512885138 ),
 .UNSPECIFIED. ) ;
#4291 = ORIENTED_EDGE ( 'NONE', *, *, #7014, .T. ) ;
#4292 = CARTESIAN_POINT ( 'NONE',  ( 16.50278156089887105, 19.65107502479132862, 28.96423554546510459 ) ) ;
#4293 =( BOUNDED_CURVE ( )  B_SPLINE_CURVE ( 3, ( #3177, #3333, #731, #2679 ),
 .UNSPECIFIED., .F., .F. ) 
 B_SPLINE_CURVE_WITH_KNOTS ( ( 4, 4 ),
 ( 4.578760888222364045, 4.586022819131210682 ),
 .UNSPECIFIED. ) 
 CURVE ( )  GEOMETRIC_REPRESENTATION_ITEM ( )  RATIONAL_B_SPLINE_CURVE ( ( 1.000000000000000000, 0.9999956053681178236, 0.9999956053681178236, 1.000000000000000000 ) ) 
 REPRESENTATION_ITEM ( '' )  );
#4294 = CARTESIAN_POINT ( 'NONE',  ( 24.45953615552159732, 4.411054151913657684, 39.99999999999999289 ) ) ;
#4295 = DIRECTION ( 'NONE',  ( 0.000000000000000000, 0.9510565162951521989, 0.3090169943749516146 ) ) ;
#4296 = CARTESIAN_POINT ( 'NONE',  ( 20.67025973870255839, -12.00683103969275400, 32.91206543455964351 ) ) ;
#4297 = EDGE_LOOP ( 'NONE', ( #108, #7654, #3996, #1750 ) ) ;
#4298 = EDGE_CURVE ( 'NONE', #7246, #441, #2195, .T. ) ;
#4299 = LINE ( 'NONE', #1238, #3411 ) ;
#4300 = DIRECTION ( 'NONE',  ( 1.000000000000000000, -1.072118069236030918E-16, 3.299640131595842622E-16 ) ) ;
#4301 = CARTESIAN_POINT ( 'NONE',  ( 24.99999999999999645, -4.663076581549550959, -40.00000000000002842 ) ) ;
#4302 = EDGE_CURVE ( 'NONE', #4128, #7799, #4085, .T. ) ;
#4303 = ORIENTED_EDGE ( 'NONE', *, *, #3610, .T. ) ;
#4304 = CARTESIAN_POINT ( 'NONE',  ( 15.00000000000006573, 15.20822509185056326, -31.52316433284589081 ) ) ;
#4305 = ORIENTED_EDGE ( 'NONE', *, *, #2607, .F. ) ;
#4306 = CYLINDRICAL_SURFACE ( 'NONE', #331, 5.000000000000002665 ) ;
#4307 = EDGE_LOOP ( 'NONE', ( #4916, #3645, #3123, #4179 ) ) ;
#4308 = FACE_OUTER_BOUND ( 'NONE', #4864, .T. ) ;
#4309 = LINE ( 'NONE', #590, #6184 ) ;
#4310 = CARTESIAN_POINT ( 'NONE',  ( 20.67025973870253708, 35.01154913612410979, 1.248787361095356374 ) ) ;
#4311 = CARTESIAN_POINT ( 'NONE',  ( 24.99999999999999289, 25.32227488053421993, -24.16158924563252697 ) ) ;
#4312 = ADVANCED_FACE ( 'NONE', ( #370 ), #7950, .F. ) ;
#4313 = CARTESIAN_POINT ( 'NONE',  ( 15.00000000000006573, -30.83256365402543153, 16.56360523921257766 ) ) ;
#4314 = CARTESIAN_POINT ( 'NONE',  ( 24.81118820077486120, -3.010227753417334284, -34.87085120006302930 ) ) ;
#4315 = CARTESIAN_POINT ( 'NONE',  ( 15.00000000000007105, -15.45994527466860724, 31.40047916997848532 ) ) ;
#4316 = CARTESIAN_POINT ( 'NONE',  ( 22.86788218175522758, -28.48508311328346920, -20.33715909436057601 ) ) ;
#4317 = CARTESIAN_POINT ( 'NONE',  ( 15.80489273818006701, -31.56622547580108318, -15.11915667062740809 ) ) ;
#4318 = ORIENTED_EDGE ( 'NONE', *, *, #3330, .F. ) ;
#4319 = ORIENTED_EDGE ( 'NONE', *, *, #2345, .F. ) ;
#4320 = DIRECTION ( 'NONE',  ( -0.8191520442889922426, 0.5735764363510456043, 6.007894271759466596E-15 ) ) ;
#4321 = DIRECTION ( 'NONE',  ( 0.9063077870366491595, -0.000000000000000000, -0.4226182617407009401 ) ) ;
#4322 = DIRECTION ( 'NONE',  ( 0.000000000000000000, -1.000000000000000000, 0.000000000000000000 ) ) ;
#4323 = VERTEX_POINT ( 'NONE', #7992 ) ;
#4324 = AXIS2_PLACEMENT_3D ( 'NONE', #300, #1646, #7263 ) ;
#4325 = ORIENTED_EDGE ( 'NONE', *, *, #3188, .T. ) ;
#4326 = CARTESIAN_POINT ( 'NONE',  ( 26.57262746422504307, -38.07949249740006081, 12.24609193675479268 ) ) ;
#4327 = CARTESIAN_POINT ( 'NONE',  ( 15.00000000000007105, 39.99999999999997868, 5.000000000000000000 ) ) ;
#4328 = VERTEX_POINT ( 'NONE', #2240 ) ;
#4329 = ORIENTED_EDGE ( 'NONE', *, *, #7358, .F. ) ;
#4330 = CARTESIAN_POINT ( 'NONE',  ( 23.49692031861294339, 11.56410836048505608, 33.03578256008744773 ) ) ;
#4331 = ADVANCED_FACE ( 'NONE', ( #6726 ), #2847, .T. ) ;
#4332 = FACE_OUTER_BOUND ( 'NONE', #4988, .T. ) ;
#4333 = CARTESIAN_POINT ( 'NONE',  ( 16.05646280002833848, -6.466612530196363728, -34.39783874677772957 ) ) ;
#4334 = CARTESIAN_POINT ( 'NONE',  ( 23.70474528246984747, 34.69728805135790850, 20.29534470489366527 ) ) ;
#4335 = VERTEX_POINT ( 'NONE', #4759 ) ;
#4336 = CARTESIAN_POINT ( 'NONE',  ( 24.99999999999999289, 4.385764661113825014, 34.72412804286560828 ) ) ;
#4337 = AXIS2_PLACEMENT_3D ( 'NONE', #6958, #4411, #616 ) ;
#4338 = CARTESIAN_POINT ( 'NONE',  ( 17.13211781824486479, -20.06198795604674245, -28.67955088998841973 ) ) ;
#4339 = ORIENTED_EDGE ( 'NONE', *, *, #339, .F. ) ;
#4340 = ADVANCED_FACE ( 'NONE', ( #503 ), #7253, .T. ) ;
#4341 = CARTESIAN_POINT ( 'NONE',  ( 24.99999999999999289, 32.55871839151507885, -23.23883332036951188 ) ) ;
#4342 = VECTOR ( 'NONE', #1626, 1000.000000000000000 ) ;
#4343 = CIRCLE ( 'NONE', #4873, 5.000000000000000000 ) ;
#4344 = ORIENTED_EDGE ( 'NONE', *, *, #2482, .F. ) ;
#4345 = DIRECTION ( 'NONE',  ( 0.000000000000000000, 0.8090169943749444537, 0.5877852522924770229 ) ) ;
#4346 = VERTEX_POINT ( 'NONE', #6972 ) ;
#4347 = EDGE_CURVE ( 'NONE', #7327, #895, #7586, .T. ) ;
#4348 = DIRECTION ( 'NONE',  ( 0.5735764363510454933, -0.7790598895575413518, -0.2531319026622815271 ) ) ;
#4349 = LINE ( 'NONE', #5736, #6594 ) ;
#4350 = CARTESIAN_POINT ( 'NONE',  ( 18.47620868754435719, 18.27401029716238057, 29.89027585091291428 ) ) ;
#4351 = FILL_AREA_STYLE_COLOUR ( '', #1051 ) ;
#4352 = VECTOR ( 'NONE', #4188, 1000.000000000000000 ) ;
#4353 = CARTESIAN_POINT ( 'NONE',  ( 22.86788218175522402, -32.19021944226125242, 23.74602861183513980 ) ) ;
#4354 = CIRCLE ( 'NONE', #6444, 5.000000000000000000 ) ;
#4355 = DIRECTION ( 'NONE',  ( -1.110223024625156787E-16, 0.8090169943749466741, 0.5877852522924742473 ) ) ;
#4356 = CARTESIAN_POINT ( 'NONE',  ( 15.00000000000006750, 31.11466154637121662, 25.22640705415816242 ) ) ;
#4357 = ADVANCED_FACE ( 'NONE', ( #7464 ), #2415, .F. ) ;
#4358 = CARTESIAN_POINT ( 'NONE',  ( 13.42737253577495338, -12.15483440063099607, -38.10914386831635881 ) ) ;
#4359 = CARTESIAN_POINT ( 'NONE',  ( 24.24381083264137615, -29.30053865815384029, -19.14434203569772563 ) ) ;
#4360 = CARTESIAN_POINT ( 'NONE',  ( 15.00000000000007105, 30.96409703034405325, -16.31639344632994693 ) ) ;
#4361 = ORIENTED_EDGE ( 'NONE', *, *, #2075, .F. ) ;
#4362 = ORIENTED_EDGE ( 'NONE', *, *, #3336, .T. ) ;
#4363 = EDGE_CURVE ( 'NONE', #7790, #205, #3644, .T. ) ;
#4364 = DIRECTION ( 'NONE',  ( -0.000000000000000000, 0.8090169943749551118, -0.5877852522924624790 ) ) ;
#4365 = DIRECTION ( 'NONE',  ( 0.8191520442889924647, 0.3371397703496173959, -0.4640330845810154425 ) ) ;
#4366 = CARTESIAN_POINT ( 'NONE',  ( 20.00000000000006395, 19.69067517619960128, 35.13660617934308306 ) ) ;
#4367 = ORIENTED_EDGE ( 'NONE', *, *, #3380, .T. ) ;
#4368 = EDGE_CURVE ( 'NONE', #3667, #1910, #704, .T. ) ;
#4369 = ORIENTED_EDGE ( 'NONE', *, *, #1509, .T. ) ;
#4370 = CARTESIAN_POINT ( 'NONE',  ( 15.24782577960350949, 23.04158438599390735, -26.34617690189606520 ) ) ;
#4371 = DIRECTION ( 'NONE',  ( 2.039289751969389817E-16, 0.9510565162951555296, -0.3090169943749410675 ) ) ;
#4372 = ORIENTED_EDGE ( 'NONE', *, *, #3017, .T. ) ;
#4373 = DIRECTION ( 'NONE',  ( 0.000000000000000000, -0.3090169943749546122, 0.9510565162951511997 ) ) ;
#4374 = VECTOR ( 'NONE', #253, 1000.000000000000000 ) ;
#4375 = DIRECTION ( 'NONE',  ( 0.5735764363510450492, -2.054173555932309452E-17, -0.8191520442889925757 ) ) ;
#4376 = CARTESIAN_POINT ( 'NONE',  ( 15.54046384447845419, -6.200019683603742671, -34.44647668373249161 ) ) ;
#4377 = VECTOR ( 'NONE', #7145, 1000.000000000000114 ) ;
#4378 = DIRECTION ( 'NONE',  ( 0.000000000000000000, -1.000000000000000000, 0.000000000000000000 ) ) ;
#4379 = ORIENTED_EDGE ( 'NONE', *, *, #7260, .F. ) ;
#4380 = CARTESIAN_POINT ( 'NONE',  ( 18.47620868754436785, 2.785078446333596247, -34.92293488285645253 ) ) ;
#4381 = EDGE_CURVE ( 'NONE', #598, #2009, #3761, .T. ) ;
#4382 = CIRCLE ( 'NONE', #3200, 5.000000000000000000 ) ;
#4383 = CIRCLE ( 'NONE', #6472, 35.00000000000000000 ) ;
#4384 = ORIENTED_EDGE ( 'NONE', *, *, #4573, .T. ) ;
#4385 = LINE ( 'NONE', #2582, #3594 ) ;
#4386 = ORIENTED_EDGE ( 'NONE', *, *, #3976, .T. ) ;
#4387 = DIRECTION ( 'NONE',  ( 3.040787382274479195E-16, 0.5877852522924771339, -0.8090169943749444537 ) ) ;
#4388 = ADVANCED_FACE ( 'NONE', ( #6811 ), #4933, .F. ) ;
#4389 = ADVANCED_FACE ( 'NONE', ( #7 ), #6271, .T. ) ;
#4390 = AXIS2_PLACEMENT_3D ( 'NONE', #4217, #7909, #5402 ) ;
#4391 = CYLINDRICAL_SURFACE ( 'NONE', #6679, 4.999999999999999112 ) ;
#4392 = LINE ( 'NONE', #14, #1880 ) ;
#4393 = CARTESIAN_POINT ( 'NONE',  ( 23.49692031861293628, -0.7895023778397660674, -34.99240228286426202 ) ) ;
#4394 = EDGE_CURVE ( 'NONE', #999, #750, #4458, .T. ) ;
#4395 = CARTESIAN_POINT ( 'NONE',  ( 15.36021751530112844, -34.66494921516668626, -4.832027814013548195 ) ) ;
#4396 = DIRECTION ( 'NONE',  ( 0.000000000000000000, 0.3090169943749483950, -0.9510565162951533091 ) ) ;
#4397 = ORIENTED_EDGE ( 'NONE', *, *, #7954, .F. ) ;
#4398 = VERTEX_POINT ( 'NONE', #4304 ) ;
#4399 = AXIS2_PLACEMENT_3D ( 'NONE', #6700, #3000, #433 ) ;
#4400 = DIRECTION ( 'NONE',  ( -2.081668171172168908E-15, 0.9510565162951524210, 0.3090169943749513370 ) ) ;
#4401 = EDGE_CURVE ( 'NONE', #2972, #2207, #6621, .T. ) ;
#4402 = CARTESIAN_POINT ( 'NONE',  ( 23.70474528246988655, 3.975275438175396303, 34.77351269559403590 ) ) ;
#4403 = DIRECTION ( 'NONE',  ( -1.072118069236030918E-16, -1.000000000000000000, -4.999368661311141913E-17 ) ) ;
#4404 = ORIENTED_EDGE ( 'NONE', *, *, #7624, .T. ) ;
#4405 = EDGE_CURVE ( 'NONE', #7443, #4621, #7990, .T. ) ;
#4406 = ORIENTED_EDGE ( 'NONE', *, *, #4553, .F. ) ;
#4407 = CARTESIAN_POINT ( 'NONE',  ( 26.57262746422508570, -39.99999999999997868, -0.1204847832694559417 ) ) ;
#4408 = VERTEX_POINT ( 'NONE', #1282 ) ;
#4409 = CARTESIAN_POINT ( 'NONE',  ( 15.24782577960348462, -13.77243257656935427, 32.17694437460976786 ) ) ;
#4410 = ORIENTED_EDGE ( 'NONE', *, *, #2639, .F. ) ;
#4411 = DIRECTION ( 'NONE',  ( 1.021713326973877763E-29, 1.047444401652939533E-14, -1.000000000000000000 ) ) ;
#4412 = EDGE_CURVE ( 'NONE', #348, #4280, #5201, .T. ) ;
#4413 = LINE ( 'NONE', #7005, #1578 ) ;
#4414 = DIRECTION ( 'NONE',  ( 0.4226182617407008846, 0.2800645083286640302, 0.8619499266302493856 ) ) ;
#4415 = CARTESIAN_POINT ( 'NONE',  ( 16.29525471753018806, -4.312198856625665044, 34.73334048174630340 ) ) ;
#4416 = ORIENTED_EDGE ( 'NONE', *, *, #5115, .T. ) ;
#4417 = CARTESIAN_POINT ( 'NONE',  ( 25.00000000000000355, -25.79135174142165710, 23.66367939513872898 ) ) ;
#4418 =( BOUNDED_CURVE ( )  B_SPLINE_CURVE ( 3, ( #4311, #6164, #7437, #421 ),
 .UNSPECIFIED., .F., .T. ) 
 B_SPLINE_CURVE_WITH_KNOTS ( ( 4, 4 ),
 ( 4.578760888222364045, 4.586022819131210682 ),
 .UNSPECIFIED. ) 
 CURVE ( )  GEOMETRIC_REPRESENTATION_ITEM ( )  RATIONAL_B_SPLINE_CURVE ( ( 1.000000000000000000, 0.9999956053681178236, 0.9999956053681178236, 1.000000000000000000 ) ) 
 REPRESENTATION_ITEM ( '' )  );
#4419 = DIRECTION ( 'NONE',  ( -0.5735764363510443831, -0.7790598895575455707, 0.2531319026622709800 ) ) ;
#4420 = EDGE_LOOP ( 'NONE', ( #3710, #25, #1741, #4384, #1754, #2815, #2093, #2026, #4060, #5485 ) ) ;
#4421 = ORIENTED_EDGE ( 'NONE', *, *, #7998, .F. ) ;
#4422 = DIRECTION ( 'NONE',  ( 3.299640131595842622E-16, 0.000000000000000000, -1.000000000000000000 ) ) ;
#4423 = ORIENTED_EDGE ( 'NONE', *, *, #4565, .F. ) ;
#4424 = CARTESIAN_POINT ( 'NONE',  ( 24.63977589264509760, 31.62234382660280474, -15.00115158413804473 ) ) ;
#4425 = VERTEX_POINT ( 'NONE', #3998 ) ;
#4426 = DIRECTION ( 'NONE',  ( 1.000000000000000000, -1.481484572605566251E-33, 0.000000000000000000 ) ) ;
#4427 = CARTESIAN_POINT ( 'NONE',  ( 15.00000000000007105, -17.11596235647381903, 36.49717567993130984 ) ) ;
#4428 = CARTESIAN_POINT ( 'NONE',  ( 15.98126570279175418, 27.25745967860651220, 21.95582679335313614 ) ) ;
#4429 = CARTESIAN_POINT ( 'NONE',  ( 24.99999999999999289, -23.95848850648190265, -25.51452191370190903 ) ) ;
#4430 = CARTESIAN_POINT ( 'NONE',  ( 16.10548734941332683, -21.83036074892699929, 27.35796542439693013 ) ) ;
#4431 = EDGE_CURVE ( 'NONE', #7890, #1504, #430, .T. ) ;
#4432 = ORIENTED_EDGE ( 'NONE', *, *, #3744, .T. ) ;
#4433 = ORIENTED_EDGE ( 'NONE', *, *, #5601, .F. ) ;
#4434 = EDGE_CURVE ( 'NONE', #92, #229, #8027, .T. ) ;
#4435 = PLANE ( 'NONE',  #6075 ) ;
#4436 = LINE ( 'NONE', #675, #3186 ) ;
#4437 = DIRECTION ( 'NONE',  ( 0.9063077870366491595, 0.3419053558814255656, 0.2484087816006659843 ) ) ;
#4438 = VERTEX_POINT ( 'NONE', #2761 ) ;
#4439 = ORIENTED_EDGE ( 'NONE', *, *, #2939, .F. ) ;
#4440 = ADVANCED_FACE ( 'NONE', ( #1359 ), #6355, .T. ) ;
#4441 = FACE_OUTER_BOUND ( 'NONE', #6158, .T. ) ;
#4442 = VERTEX_POINT ( 'NONE', #4630 ) ;
#4443 = EDGE_CURVE ( 'NONE', #1707, #2428, #4672, .T. ) ;
#4444 = CARTESIAN_POINT ( 'NONE',  ( 24.45953615552157956, -8.165517980089658678, 39.40535134785561411 ) ) ;
#4445 = ORIENTED_EDGE ( 'NONE', *, *, #2784, .F. ) ;
#4446 = FACE_OUTER_BOUND ( 'NONE', #2494, .T. ) ;
#4447 = VERTEX_POINT ( 'NONE', #7174 ) ;
#4448 = DIRECTION ( 'NONE',  ( -1.000000000000000000, 1.481484572605565909E-33, -0.000000000000000000 ) ) ;
#4449 = CARTESIAN_POINT ( 'NONE',  ( 26.57262746422505373, -38.00502880621217372, -12.47526761324102829 ) ) ;
#4450 = AXIS2_PLACEMENT_3D ( 'NONE', #2422, #1248, #4939 ) ;
#4451 = CARTESIAN_POINT ( 'NONE',  ( 20.00000000000000000, 4.385764661113944918, -1.068890313886726550E-13 ) ) ;
#4452 = EDGE_LOOP ( 'NONE', ( #5141, #2029, #3701, #2583 ) ) ;
#4453 = EDGE_CURVE ( 'NONE', #5663, #1053, #3553, .T. ) ;
#4454 = DIRECTION ( 'NONE',  ( -3.469446951953613696E-16, 0.3090169943749548342, -0.9510565162951511997 ) ) ;
#4455 = DIRECTION ( 'NONE',  ( -0.000000000000000000, 0.8090169943749465631, 0.5877852522924742473 ) ) ;
#4456 = ORIENTED_EDGE ( 'NONE', *, *, #3008, .F. ) ;
#4457 = EDGE_CURVE ( 'NONE', #4152, #5938, #5826, .T. ) ;
#4458 = LINE ( 'NONE', #6155, #180 ) ;
#4459 = ORIENTED_EDGE ( 'NONE', *, *, #7725, .T. ) ;
#4460 = CARTESIAN_POINT ( 'NONE',  ( 29.24696709544754114, -6.820560224254683668, 0.000000000000000000 ) ) ;
#4461 = VECTOR ( 'NONE', #2586, 1000.000000000000227 ) ;
#4462 = ORIENTED_EDGE ( 'NONE', *, *, #6059, .F. ) ;
#4463 = AXIS2_PLACEMENT_3D ( 'NONE', #445, #1623, #2925 ) ;
#4464 =( BOUNDED_CURVE ( )  B_SPLINE_CURVE ( 3, ( #511, #4897, #7394, #1781 ),
 .UNSPECIFIED., .F., .F. ) 
 B_SPLINE_CURVE_WITH_KNOTS ( ( 4, 4 ),
 ( 1.427448757889531183, 1.434720266952592915 ),
 .UNSPECIFIED. ) 
 CURVE ( )  GEOMETRIC_REPRESENTATION_ITEM ( )  RATIONAL_B_SPLINE_CURVE ( ( 1.000000000000000000, 0.9999955937678493001, 0.9999955937678493001, 1.000000000000000000 ) ) 
 REPRESENTATION_ITEM ( '' )  );
#4465 = CARTESIAN_POINT ( 'NONE',  ( 16.05646280002837045, 25.45014175905759402, 24.02745663837286116 ) ) ;
#4466 = CARTESIAN_POINT ( 'NONE',  ( 15.54046384447847373, 30.84463466578017687, -16.54111581286318255 ) ) ;
#4467 = CARTESIAN_POINT ( 'NONE',  ( 22.86788218175522758, -20.33715909436045166, 28.48508311328355802 ) ) ;
#4468 = AXIS2_PLACEMENT_3D ( 'NONE', #5143, #7063, #1445 ) ;
#4469 = CARTESIAN_POINT ( 'NONE',  ( 24.19512822508729144, -6.656295275874542838, 34.36144904282064516 ) ) ;
#4470 = CARTESIAN_POINT ( 'NONE',  ( 16.80065191590786355, 27.80276712285562013, 21.26170326325610560 ) ) ;
#4471 = CARTESIAN_POINT ( 'NONE',  ( 22.59177131482227097, -35.00000000000000711, 0.09666952926089857068 ) ) ;
#4472 = CARTESIAN_POINT ( 'NONE',  ( 16.29525471753019517, 16.92710313988928661, 30.63450961402108774 ) ) ;
#4473 = VERTEX_POINT ( 'NONE', #7139 ) ;
#4474 = AXIS2_PLACEMENT_3D ( 'NONE', #4841, #1724, #1676 ) ;
#4475 = AXIS2_PLACEMENT_3D ( 'NONE', #6212, #6908, #2993 ) ;
#4476 = CARTESIAN_POINT ( 'NONE',  ( 15.00000000000006573, 4.722688079564345998, -34.67991086065737250 ) ) ;
#4477 = DIRECTION ( 'NONE',  ( 0.000000000000000000, -1.000000000000000000, 0.000000000000000000 ) ) ;
#4478 = CARTESIAN_POINT ( 'NONE',  ( 15.00000000000006573, -6.225138546852373445, -34.44194608428061599 ) ) ;
#4479 = EDGE_CURVE ( 'NONE', #114, #7246, #4009, .T. ) ;
#4480 = ORIENTED_EDGE ( 'NONE', *, *, #5150, .F. ) ;
#4481 = ORIENTED_EDGE ( 'NONE', *, *, #5112, .F. ) ;
#4482 = AXIS2_PLACEMENT_3D ( 'NONE', #2136, #3366, #6646 ) ;
#4483 = ORIENTED_EDGE ( 'NONE', *, *, #3242, .T. ) ;
#4484 = ORIENTED_EDGE ( 'NONE', *, *, #5205, .T. ) ;
#4485 = DIRECTION ( 'NONE',  ( -0.5735764363510454933, -0.8191520442889922426, -8.580162228930661737E-15 ) ) ;
#4486 = VERTEX_POINT ( 'NONE', #7254 ) ;
#4487 = VECTOR ( 'NONE', #3444, 1000.000000000000000 ) ;
#4488 = DIRECTION ( 'NONE',  ( 0.000000000000000000, -1.000000000000000000, 0.000000000000000000 ) ) ;
#4489 = EDGE_CURVE ( 'NONE', #7375, #2171, #255, .T. ) ;
#4490 = ORIENTED_EDGE ( 'NONE', *, *, #936, .F. ) ;
#4491 = CARTESIAN_POINT ( 'NONE',  ( 24.34597678335757820, 12.61185178508039861, 32.64923485198250575 ) ) ;
#4492 = EDGE_LOOP ( 'NONE', ( #983, #1541, #243, #7930 ) ) ;
#4493 = EDGE_CURVE ( 'NONE', #75, #5015, #1225, .T. ) ;
#4494 = LINE ( 'NONE', #3833, #5635 ) ;
#4495 = VECTOR ( 'NONE', #7108, 1000.000000000000227 ) ;
#4496 = CIRCLE ( 'NONE', #4229, 4.999999999999998224 ) ;
#4497 = FACE_OUTER_BOUND ( 'NONE', #7121, .T. ) ;
#4498 = VERTEX_POINT ( 'NONE', #294 ) ;
#4499 = DIRECTION ( 'NONE',  ( -0.9063077870366492705, 0.3419053558814289517, -0.2484087816006609606 ) ) ;
#4500 = EDGE_CURVE ( 'NONE', #3914, #3265, #5056, .T. ) ;
#4501 = FACE_OUTER_BOUND ( 'NONE', #4888, .T. ) ;
#4502 = ORIENTED_EDGE ( 'NONE', *, *, #4573, .F. ) ;
#4503 = ADVANCED_FACE ( 'NONE', ( #4760 ), #3392, .T. ) ;
#4504 = VECTOR ( 'NONE', #4320, 999.9999999999998863 ) ;
#4505 = ORIENTED_EDGE ( 'NONE', *, *, #1202, .T. ) ;
#4506 = DIRECTION ( 'NONE',  ( 0.000000000000000000, -1.000000000000000000, 0.000000000000000000 ) ) ;
#4507 = ORIENTED_EDGE ( 'NONE', *, *, #5159, .F. ) ;
#4508 = DIRECTION ( 'NONE',  ( -0.5735764363510448272, -0.2531319026622844692, 0.7790598895575407967 ) ) ;
#4509 = CIRCLE ( 'NONE', #4105, 5.000000000000000000 ) ;
#4510 = CARTESIAN_POINT ( 'NONE',  ( 15.75577990824709396, -18.86043239872006083, -29.48408940503155762 ) ) ;
#4511 = CARTESIAN_POINT ( 'NONE',  ( 24.99999999999999289, 1.069105884036878258E-47, 0.000000000000000000 ) ) ;
#4512 = VECTOR ( 'NONE', #5824, 1000.000000000000000 ) ;
#4513 = LINE ( 'NONE', #1520, #6227 ) ;
#4514 = EDGE_CURVE ( 'NONE', #7194, #2834, #2114, .T. ) ;
#4515 = CARTESIAN_POINT ( 'NONE',  ( 15.00000000000007105, -39.99999999999997868, -4.722688079563971186 ) ) ;
#4516 = DIRECTION ( 'NONE',  ( 1.072118069236030795E-16, 1.000000000000000000, 4.999368661311141297E-17 ) ) ;
#4517 = DIRECTION ( 'NONE',  ( 1.000000000000000000, -1.481484572605566251E-33, 0.000000000000000000 ) ) ;
#4518 = EDGE_LOOP ( 'NONE', ( #4956, #879, #1459, #6459 ) ) ;
#4519 = FACE_OUTER_BOUND ( 'NONE', #1971, .T. ) ;
#4520 = CARTESIAN_POINT ( 'NONE',  ( 23.70474528246988299, -30.46897100120846957, -17.22329254607020488 ) ) ;
#4521 = CARTESIAN_POINT ( 'NONE',  ( 13.42737253577491252, 12.15483440063123588, 38.10914386831628775 ) ) ;
#4522 = FACE_OUTER_BOUND ( 'NONE', #6704, .T. ) ;
#4523 = CARTESIAN_POINT ( 'NONE',  ( 24.19512822508729499, -23.88652402892742188, -25.58220899252959768 ) ) ;
#4524 = ORIENTED_EDGE ( 'NONE', *, *, #3194, .F. ) ;
#4525 = AXIS2_PLACEMENT_3D ( 'NONE', #7447, #6175, #4184 ) ;
#4526 = B_SPLINE_CURVE_WITH_KNOTS ( 'NONE', 3,
 ( #5503, #3125, #7970, #604 ),
 .UNSPECIFIED., .F., .F.,
 ( 4, 4 ),
 ( 1.699674944388147786E-17, 0.0008731425215613017798 ),
 .UNSPECIFIED. ) ;
#4527 = VERTEX_POINT ( 'NONE', #940 ) ;
#4528 = EDGE_LOOP ( 'NONE', ( #1523, #2868, #5051, #4386, #2167, #1614, #5567, #2569, #6961, #2388 ) ) ;
#4529 = DIRECTION ( 'NONE',  ( 0.000000000000000000, -0.8090169943749484505, 0.5877852522924716938 ) ) ;
#4530 = DIRECTION ( 'NONE',  ( -3.469446951953614682E-16, 0.5877852522924625900, 0.8090169943749551118 ) ) ;
#4531 = ORIENTED_EDGE ( 'NONE', *, *, #6871, .T. ) ;
#4532 = EDGE_CURVE ( 'NONE', #6917, #6343, #1598, .T. ) ;
#4533 = EDGE_CURVE ( 'NONE', #2270, #1945, #5785, .T. ) ;
#4534 = DIRECTION ( 'NONE',  ( 0.000000000000000000, -0.3090169943749414561, -0.9510565162951554186 ) ) ;
#4535 = VERTEX_POINT ( 'NONE', #333 ) ;
#4536 = CARTESIAN_POINT ( 'NONE',  ( 17.13211781824485413, 28.67955088998849078, -20.06198795604663943 ) ) ;
#4537 = DIRECTION ( 'NONE',  ( 6.938893903907230350E-16, 0.8090169943749486725, -0.5877852522924713607 ) ) ;
#4538 = ORIENTED_EDGE ( 'NONE', *, *, #2068, .T. ) ;
#4539 = ORIENTED_EDGE ( 'NONE', *, *, #3247, .T. ) ;
#4540 = CARTESIAN_POINT ( 'NONE',  ( 18.47620868754436430, 32.35304821790764152, 13.44054737703074309 ) ) ;
#4541 = EDGE_CURVE ( 'NONE', #7864, #7977, #1481, .T. ) ;
#4542 = VERTEX_POINT ( 'NONE', #7825 ) ;
#4543 = CARTESIAN_POINT ( 'NONE',  ( 22.86788218175522402, 23.27679157156292788, -32.53114010773436604 ) ) ;
#4544 = EDGE_CURVE ( 'NONE', #1945, #5693, #5400, .T. ) ;
#4545 = CARTESIAN_POINT ( 'NONE',  ( 15.24782577960350416, -17.93646206941663124, -30.05526537555870448 ) ) ;
#4546 = DIRECTION ( 'NONE',  ( -2.233636384703501702E-16, -0.9510565162951576390, 0.3090169943749351278 ) ) ;
#4547 = FACE_OUTER_BOUND ( 'NONE', #4279, .T. ) ;
#4548 = LINE ( 'NONE', #254, #5521 ) ;
#4549 = DIRECTION ( 'NONE',  ( -0.000000000000000000, -0.5877852522924653655, -0.8090169943749531134 ) ) ;
#4550 = ORIENTED_EDGE ( 'NONE', *, *, #4029, .T. ) ;
#4551 = CARTESIAN_POINT ( 'NONE',  ( 24.34597678335757820, -19.00072536522396760, 29.39394116929677381 ) ) ;
#4552 = LINE ( 'NONE', #7064, #3191 ) ;
#4553 = EDGE_CURVE ( 'NONE', #4074, #5951, #2647, .T. ) ;
#4554 = PLANE ( 'NONE',  #1319 ) ;
#4555 = CARTESIAN_POINT ( 'NONE',  ( 15.98126570279175596, 12.45821387828725335, -32.70810824968992847 ) ) ;
#4556 = CARTESIAN_POINT ( 'NONE',  ( 24.99999999999999289, -31.54925622055647239, 15.15402362178700457 ) ) ;
#4557 = CARTESIAN_POINT ( 'NONE',  ( 15.54046384447849327, 25.26305227762933470, 24.22350489953443287 ) ) ;
#4558 = ORIENTED_EDGE ( 'NONE', *, *, #6927, .F. ) ;
#4559 = ORIENTED_EDGE ( 'NONE', *, *, #7900, .T. ) ;
#4560 = DIRECTION ( 'NONE',  ( 5.155203052318047925E-16, -0.3090169943749444537, -0.9510565162951545304 ) ) ;
#4561 = EDGE_LOOP ( 'NONE', ( #8053, #1840, #3456, #6661 ) ) ;
#4562 = CARTESIAN_POINT ( 'NONE',  ( 18.47620868754436785, 29.89027585091310968, -18.27401029716206082 ) ) ;
#4563 = DIRECTION ( 'NONE',  ( -0.8191520442889926867, -0.4640330845810140548, -0.3371397703496188392 ) ) ;
#4564 = ORIENTED_EDGE ( 'NONE', *, *, #6814, .T. ) ;
#4565 = EDGE_CURVE ( 'NONE', #3100, #726, #8042, .T. ) ;
#4566 = LINE ( 'NONE', #7811, #1330 ) ;
#4567 = CARTESIAN_POINT ( 'NONE',  ( 24.34597678335758175, 8.987536319960982567, -33.82684633196136303 ) ) ;
#4568 = CARTESIAN_POINT ( 'NONE',  ( 24.99999999999999289, -4.663076581549605137, -34.68797654511723749 ) ) ;
#4569 = ORIENTED_EDGE ( 'NONE', *, *, #7782, .F. ) ;
#4570 = CARTESIAN_POINT ( 'NONE',  ( 23.89409946658235029, -27.56732195202799574, 21.56538066614730909 ) ) ;
#4571 = EDGE_LOOP ( 'NONE', ( #1887, #7163, #2168, #6755 ) ) ;
#4572 = CYLINDRICAL_SURFACE ( 'NONE', #3804, 5.000000000000003553 ) ;
#4573 = EDGE_CURVE ( 'NONE', #1495, #1698, #4747, .T. ) ;
#4574 = AXIS2_PLACEMENT_3D ( 'NONE', #7065, #1447, #7715 ) ;
#4575 = EDGE_LOOP ( 'NONE', ( #7292, #4868, #6332, #3727 ) ) ;
#4576 = VERTEX_POINT ( 'NONE', #5378 ) ;
#4577 = CARTESIAN_POINT ( 'NONE',  ( 24.99999999999999645, 7.925830406131910699, -39.48323056157681066 ) ) ;
#4578 = DIRECTION ( 'NONE',  ( 1.000000000000000000, -1.481484572605566251E-33, 0.000000000000000000 ) ) ;
#4579 = ORIENTED_EDGE ( 'NONE', *, *, #6644, .F. ) ;
#4580 = CARTESIAN_POINT ( 'NONE',  ( 19.32833852793591234, 21.32229611745406217, 27.79793711395512901 ) ) ;
#4581 = CIRCLE ( 'NONE', #1711, 4.999999999999999112 ) ;
#4582 = FACE_OUTER_BOUND ( 'NONE', #3484, .T. ) ;
#4583 = DIRECTION ( 'NONE',  ( -0.000000000000000000, -0.8090169943749422332, -0.5877852522924802425 ) ) ;
#4584 = EDGE_CURVE ( 'NONE', #6774, #4335, #7884, .T. ) ;
#4585 = CARTESIAN_POINT ( 'NONE',  ( 24.75193471525578204, 8.101062250961174271, -34.05008643305190930 ) ) ;
#4586 = DIRECTION ( 'NONE',  ( 0.000000000000000000, 0.8090169943749443426, 0.5877852522924773560 ) ) ;
#4587 = AXIS2_PLACEMENT_3D ( 'NONE', #2181, #5805, #202 ) ;
#4588 = CARTESIAN_POINT ( 'NONE',  ( 15.38892734875746982, -22.75600237926786917, 26.59323229841822211 ) ) ;
#4589 = VECTOR ( 'NONE', #2759, 999.9999999999998863 ) ;
#4590 = EDGE_CURVE ( 'NONE', #1201, #1494, #4655, .T. ) ;
#4591 = EDGE_LOOP ( 'NONE', ( #4502, #586, #4882, #7523 ) ) ;
#4592 = LINE ( 'NONE', #3394, #4726 ) ;
#4593 = FACE_OUTER_BOUND ( 'NONE', #275, .T. ) ;
#4594 = DIRECTION ( 'NONE',  ( 1.000000000000000000, -1.481484572605566251E-33, 0.000000000000000000 ) ) ;
#4595 = AXIS2_PLACEMENT_3D ( 'NONE', #2779, #5295, #7753 ) ;
#4596 = DIRECTION ( 'NONE',  ( 0.000000000000000000, 0.000000000000000000, -1.000000000000000000 ) ) ;
#4597 = VECTOR ( 'NONE', #2988, 1000.000000000000227 ) ;
#4598 = CIRCLE ( 'NONE', #4727, 4.999999999999999112 ) ;
#4599 =( BOUNDED_CURVE ( )  B_SPLINE_CURVE ( 3, ( #6078, #2463, #1855, #5024 ),
 .UNSPECIFIED., .F., .F. ) 
 B_SPLINE_CURVE_WITH_KNOTS ( ( 4, 4 ),
 ( 1.552883144289287864, 1.684621253977660382 ),
 .UNSPECIFIED. ) 
 CURVE ( )  GEOMETRIC_REPRESENTATION_ITEM ( )  RATIONAL_B_SPLINE_CURVE ( ( 1.000000000000000000, 0.9985542787012120503, 0.9985542787012120503, 1.000000000000000000 ) ) 
 REPRESENTATION_ITEM ( '' )  );
#4600 = ADVANCED_FACE ( 'NONE', ( #5959 ), #4025, .T. ) ;
#4601 = ORIENTED_EDGE ( 'NONE', *, *, #1729, .F. ) ;
#4602 = CARTESIAN_POINT ( 'NONE',  ( 15.00000000000007283, 12.36067977499832260, -38.04226065180598226 ) ) ;
#4603 = ORIENTED_EDGE ( 'NONE', *, *, #5691, .T. ) ;
#4604 = EDGE_CURVE ( 'NONE', #520, #2994, #7815, .T. ) ;
#4605 = AXIS2_PLACEMENT_3D ( 'NONE', #1637, #4165, #2286 ) ;
#4606 = DIRECTION ( 'NONE',  ( 1.000000000000000000, -1.481484572605566251E-33, 0.000000000000000000 ) ) ;
#4607 = AXIS2_PLACEMENT_3D ( 'NONE', #3489, #5595, #3096 ) ;
#4608 = DIRECTION ( 'NONE',  ( -0.5735764363510450492, 0.8191520442889925757, 2.860054076310221105E-15 ) ) ;
#4609 = B_SPLINE_CURVE_WITH_KNOTS ( 'NONE', 3,
 ( #2663, #7749, #2083, #1441, #3319, #4588, #6944, #3929, #256, #5251, #4430, #5101, #5827, #221 ),
 .UNSPECIFIED., .F., .F.,
 ( 4, 2, 2, 2, 2, 2, 4 ),
 ( 0.000000000000000000, 0.001196801401550992051, 0.001795202102326484824, 0.002393602803101978031, 0.002992003503877473623, 0.003590404204652968782, 0.004787205606203952593 ),
 .UNSPECIFIED. ) ;
#4610 = LINE ( 'NONE', #2714, #1864 ) ;
#4611 = AXIS2_PLACEMENT_3D ( 'NONE', #3110, #6896, #2496 ) ;
#4612 = VECTOR ( 'NONE', #1275, 999.9999999999998863 ) ;
#4613 = ORIENTED_EDGE ( 'NONE', *, *, #168, .F. ) ;
#4614 = VECTOR ( 'NONE', #4649, 1000.000000000000000 ) ;
#4615 = ORIENTED_EDGE ( 'NONE', *, *, #1561, .T. ) ;
#4616 = CARTESIAN_POINT ( 'NONE',  ( 24.45953615552154758, -39.40535134785559279, -8.165517980089811445 ) ) ;
#4617 = ORIENTED_EDGE ( 'NONE', *, *, #385, .F. ) ;
#4618 = DIRECTION ( 'NONE',  ( -0.8191520442889924647, 0.5455036073850157985, -0.1772448664054881440 ) ) ;
#4619 = DIRECTION ( 'NONE',  ( -0.000000000000000000, -0.3090169943749382919, -0.9510565162951565288 ) ) ;
#4620 = VERTEX_POINT ( 'NONE', #4733 ) ;
#4621 = VERTEX_POINT ( 'NONE', #6041 ) ;
#4622 = CARTESIAN_POINT ( 'NONE',  ( 24.99999999999999289, -0.3369234184501679885, 39.99999999999997868 ) ) ;
#4623 = DIRECTION ( 'NONE',  ( -5.597370794962311905E-16, -0.5877852522924772449, 0.8090169943749444537 ) ) ;
#4624 = ORIENTED_EDGE ( 'NONE', *, *, #1246, .T. ) ;
#4625 = EDGE_CURVE ( 'NONE', #2520, #4074, #6568, .T. ) ;
#4626 = DIRECTION ( 'NONE',  ( 0.000000000000000000, 1.000000000000000000, 0.000000000000000000 ) ) ;
#4627 = CARTESIAN_POINT ( 'NONE',  ( 22.86788218175522758, 28.48508311328362197, 20.33715909436035929 ) ) ;
#4628 = CARTESIAN_POINT ( 'NONE',  ( 15.00000000000007105, 19.46632511982410207, 35.29960603646028972 ) ) ;
#4629 = CARTESIAN_POINT ( 'NONE',  ( 17.13211781824481861, -21.07637853897788816, 27.94255299148079885 ) ) ;
#4630 = CARTESIAN_POINT ( 'NONE',  ( 17.13211781824486479, 20.06198795604695562, 28.67955088998825985 ) ) ;
#4631 = CARTESIAN_POINT ( 'NONE',  ( 15.00000000000007283, -23.51141009169906937, 32.36067977499776305 ) ) ;
#4632 = VERTEX_POINT ( 'NONE', #5422 ) ;
#4633 = ADVANCED_FACE ( 'NONE', ( #354 ), #3408, .F. ) ;
#4634 = AXIS2_PLACEMENT_3D ( 'NONE', #2640, #80, #3988 ) ;
#4635 = EDGE_CURVE ( 'NONE', #3725, #205, #4692, .T. ) ;
#4636 = PLANE ( 'NONE',  #5642 ) ;
#4637 = CARTESIAN_POINT ( 'NONE',  ( 22.86788218175522402, 32.19021944226142296, -23.74602861183488400 ) ) ;
#4638 = VECTOR ( 'NONE', #1438, 1000.000000000000114 ) ;
#4639 = CARTESIAN_POINT ( 'NONE',  ( 24.99999999999999289, -31.66933243422140265, 14.90145573998637474 ) ) ;
#4640 = CARTESIAN_POINT ( 'NONE',  ( 15.54046384447849150, -16.87627478251579305, 36.57505489365255613 ) ) ;
#4641 = B_SPLINE_CURVE_WITH_KNOTS ( 'NONE', 3,
 ( #638, #3819, #6912, #5070, #3124, #6327, #1295, #3859, #721, #3209, #1411, #2200, #5296, #5942 ),
 .UNSPECIFIED., .F., .F.,
 ( 4, 2, 2, 2, 2, 2, 4 ),
 ( 0.000000000000000000, 0.001196801401550992702, 0.001795202102326489378, 0.002393602803101986705, 0.002992003503877486200, 0.003590404204652985262, 0.004787205606203984685 ),
 .UNSPECIFIED. ) ;
#4642 = EDGE_CURVE ( 'NONE', #4280, #130, #1572, .T. ) ;
#4643 = ORIENTED_EDGE ( 'NONE', *, *, #1625, .T. ) ;
#4644 = CARTESIAN_POINT ( 'NONE',  ( 24.45953615552175719, 14.92451753976501472, 31.65847084439245407 ) ) ;
#4645 = AXIS2_PLACEMENT_3D ( 'NONE', #6999, #1000, #6567 ) ;
#4646 = CARTESIAN_POINT ( 'NONE',  ( 15.65363052717491321, 34.92850156953296903, 2.243026303944653854 ) ) ;
#4647 = B_SPLINE_CURVE_WITH_KNOTS ( 'NONE', 3,
 ( #318, #2804, #4790, #6713, #2404, #1708, #4921, #5514, #6797, #7891, #1054, #4292, #1012, #4249 ),
 .UNSPECIFIED., .F., .F.,
 ( 4, 2, 2, 2, 2, 2, 4 ),
 ( 0.000000000000000000, 0.001196801401550993136, 0.001795202102326491763, 0.002393602803101990174, 0.002992003503877488368, 0.003590404204652986996, 0.004787205606203994226 ),
 .UNSPECIFIED. ) ;
#4648 = VERTEX_POINT ( 'NONE', #959 ) ;
#4649 = DIRECTION ( 'NONE',  ( 5.172575739036327943E-48, 3.491481338843132961E-15, -1.000000000000000000 ) ) ;
#4650 = EDGE_CURVE ( 'NONE', #6044, #4856, #6019, .T. ) ;
#4651 =( BOUNDED_CURVE ( )  B_SPLINE_CURVE ( 3, ( #5451, #4310, #6243, #4848 ),
 .UNSPECIFIED., .F., .F. ) 
 B_SPLINE_CURVE_WITH_KNOTS ( ( 4, 4 ),
 ( 4.704103044437398573, 4.835908513616244520 ),
 .UNSPECIFIED. ) 
 CURVE ( )  GEOMETRIC_REPRESENTATION_ITEM ( )  RATIONAL_B_SPLINE_CURVE ( ( 1.000000000000000000, 0.9985528004245092237, 0.9985528004245092237, 1.000000000000000000 ) ) 
 REPRESENTATION_ITEM ( '' )  );
#4652 = ORIENTED_EDGE ( 'NONE', *, *, #2690, .F. ) ;
#4653 = DIRECTION ( 'NONE',  ( -1.000000000000000000, 1.481484572605565909E-33, -0.000000000000000000 ) ) ;
#4654 = EDGE_CURVE ( 'NONE', #2866, #8105, #2833, .T. ) ;
#4655 = LINE ( 'NONE', #3373, #942 ) ;
#4656 = ORIENTED_EDGE ( 'NONE', *, *, #4918, .T. ) ;
#4657 = DIRECTION ( 'NONE',  ( -1.756373054887820847E-16, 0.9510565162951511997, 0.3090169943749547787 ) ) ;
#4658 = VECTOR ( 'NONE', #3398, 1000.000000000000000 ) ;
#4659 = ORIENTED_EDGE ( 'NONE', *, *, #5994, .T. ) ;
#4660 = ADVANCED_FACE ( 'NONE', ( #5998 ), #6656, .F. ) ;
#4661 = ORIENTED_EDGE ( 'NONE', *, *, #1294, .F. ) ;
#4662 = DIRECTION ( 'NONE',  ( 0.000000000000000000, -1.000000000000000000, 0.000000000000000000 ) ) ;
#4663 = DIRECTION ( 'NONE',  ( 2.081668171172167724E-15, -0.9510565162951565288, 0.3090169943749386805 ) ) ;
#4664 = ORIENTED_EDGE ( 'NONE', *, *, #6413, .F. ) ;
#4665 = PLANE ( 'NONE',  #6356 ) ;
#4666 = DIRECTION ( 'NONE',  ( -0.9063077870366492705, 0.1305962250110793421, -0.4019338517338232886 ) ) ;
#4667 = ORIENTED_EDGE ( 'NONE', *, *, #2790, .F. ) ;
#4668 = DIRECTION ( 'NONE',  ( 1.000000000000000000, -1.481484572605566251E-33, 0.000000000000000000 ) ) ;
#4669 = PLANE ( 'NONE',  #3021 ) ;
#4670 = CARTESIAN_POINT ( 'NONE',  ( 20.00000000000007816, -29.58475337065247146, -27.33214500719840956 ) ) ;
#4671 = DIRECTION ( 'NONE',  ( -0.000000000000000000, -0.9510565162951511997, -0.3090169943749548898 ) ) ;
#4672 = LINE ( 'NONE', #6590, #1088 ) ;
#4673 = CARTESIAN_POINT ( 'NONE',  ( 24.45953615552161864, 4.411054151913688770, 34.72092454513395410 ) ) ;
#4674 = VERTEX_POINT ( 'NONE', #5552 ) ;
#4675 = DIRECTION ( 'NONE',  ( -1.481484572605565909E-33, -1.000000000000000000, 6.908276016444634715E-34 ) ) ;
#4676 = DIRECTION ( 'NONE',  ( -9.020562075079396891E-15, -0.8090169943749531134, 0.5877852522924651435 ) ) ;
#4677 = DIRECTION ( 'NONE',  ( 6.938893903907230350E-16, -0.8090169943749531134, 0.5877852522924653655 ) ) ;
#4678 = CARTESIAN_POINT ( 'NONE',  ( 16.50278156089887815, 11.88194669409522142, -32.92280415034299068 ) ) ;
#4679 =( BOUNDED_CURVE ( )  B_SPLINE_CURVE ( 3, ( #2992, #6689, #1739, #6247 ),
 .UNSPECIFIED., .F., .F. ) 
 B_SPLINE_CURVE_WITH_KNOTS ( ( 4, 4 ),
 ( 1.552883144289287864, 1.684621253977660382 ),
 .UNSPECIFIED. ) 
 CURVE ( )  GEOMETRIC_REPRESENTATION_ITEM ( )  RATIONAL_B_SPLINE_CURVE ( ( 1.000000000000000000, 0.9985542787012120503, 0.9985542787012120503, 1.000000000000000000 ) ) 
 REPRESENTATION_ITEM ( '' )  );
#4680 = VERTEX_POINT ( 'NONE', #4557 ) ;
#4681 = ORIENTED_EDGE ( 'NONE', *, *, #5493, .F. ) ;
#4682 = EDGE_CURVE ( 'NONE', #4947, #5387, #2113, .T. ) ;
#4683 = CARTESIAN_POINT ( 'NONE',  ( 23.70474528246992918, -3.975275438175178699, -34.77351269559406433 ) ) ;
#4684 = CARTESIAN_POINT ( 'NONE',  ( 17.13211781824485769, -11.76443595028649725, -38.23599201421210836 ) ) ;
#4685 = ORIENTED_EDGE ( 'NONE', *, *, #5558, .F. ) ;
#4686 = ORIENTED_EDGE ( 'NONE', *, *, #1333, .T. ) ;
#4687 = LINE ( 'NONE', #5955, #4757 ) ;
#4688 = CARTESIAN_POINT ( 'NONE',  ( 24.99999999999999289, 30.67029748935819455, 16.86217221814166933 ) ) ;
#4689 = EDGE_LOOP ( 'NONE', ( #4362, #1050, #6648, #1095 ) ) ;
#4690 = ORIENTED_EDGE ( 'NONE', *, *, #6228, .F. ) ;
#4691 = EDGE_CURVE ( 'NONE', #7077, #2275, #1651, .T. ) ;
#4692 = LINE ( 'NONE', #2178, #6050 ) ;
#4693 = ORIENTED_EDGE ( 'NONE', *, *, #643, .F. ) ;
#4694 = B_SPLINE_CURVE_WITH_KNOTS ( 'NONE', 3,
 ( #1151, #493, #7422, #6145 ),
 .UNSPECIFIED., .F., .F.,
 ( 4, 4 ),
 ( 3.878959614448864246E-18, 0.0008734117105027595354 ),
 .UNSPECIFIED. ) ;
#4695 = EDGE_CURVE ( 'NONE', #2829, #1047, #3360, .T. ) ;
#4696 = ORIENTED_EDGE ( 'NONE', *, *, #5052, .F. ) ;
#4697 = ORIENTED_EDGE ( 'NONE', *, *, #5737, .F. ) ;
#4698 = LINE ( 'NONE', #3379, #5252 ) ;
#4699 = DIRECTION ( 'NONE',  ( 0.000000000000000000, -0.8090169943749402348, -0.5877852522924830181 ) ) ;
#4700 = ORIENTED_EDGE ( 'NONE', *, *, #3419, .F. ) ;
#4701 = ADVANCED_FACE ( 'NONE', ( #914 ), #2904, .F. ) ;
#4702 = DIRECTION ( 'NONE',  ( 1.936132162599545788E-16, -0.9510565162951511997, -0.3090169943749548342 ) ) ;
#4703 = EDGE_LOOP ( 'NONE', ( #4026, #5828, #2314, #2308 ) ) ;
#4704 = CYLINDRICAL_SURFACE ( 'NONE', #599, 5.000000000000000888 ) ;
#4705 = CARTESIAN_POINT ( 'NONE',  ( 25.00000000000000000, 10.64978240730861003, -17.69146864727507307 ) ) ;
#4706 = LINE ( 'NONE', #4212, #5135 ) ;
#4707 = DIRECTION ( 'NONE',  ( -5.959546391659772303E-17, 0.8090169943749466741, 0.5877852522924742473 ) ) ;
#4708 = AXIS2_PLACEMENT_3D ( 'NONE', #1683, #2987, #1782 ) ;
#4709 = LINE ( 'NONE', #1161, #1734 ) ;
#4710 = DIRECTION ( 'NONE',  ( 1.000000000000000000, 0.000000000000000000, 0.000000000000000000 ) ) ;
#4711 = ORIENTED_EDGE ( 'NONE', *, *, #1812, .F. ) ;
#4712 = CIRCLE ( 'NONE', #1451, 35.00000000000000000 ) ;
#4713 = CARTESIAN_POINT ( 'NONE',  ( 16.29525471753026622, -16.92710313988908055, -30.63450961402120498 ) ) ;
#4714 = FACE_OUTER_BOUND ( 'NONE', #6182, .T. ) ;
#4715 = FACE_OUTER_BOUND ( 'NONE', #7237, .T. ) ;
#4716 = DIRECTION ( 'NONE',  ( 0.000000000000000000, 1.000000000000000000, 0.000000000000000000 ) ) ;
#4717 = LINE ( 'NONE', #4640, #5069 ) ;
#4718 = B_SPLINE_CURVE_WITH_KNOTS ( 'NONE', 3,
 ( #2485, #6962, #7496, #3789 ),
 .UNSPECIFIED., .F., .F.,
 ( 4, 4 ),
 ( 8.182674270850422113E-18, 0.0008734117105027683174 ),
 .UNSPECIFIED. ) ;
#4719 = LINE ( 'NONE', #4096, #5678 ) ;
#4720 = DIRECTION ( 'NONE',  ( 1.000000000000000000, -1.072118069236030918E-16, 3.299640131595842622E-16 ) ) ;
#4721 = CARTESIAN_POINT ( 'NONE',  ( 15.00000000000006395, 34.73450868495609001, 4.321762240727189841 ) ) ;
#4722 = CARTESIAN_POINT ( 'NONE',  ( 15.47020472364247112, 33.99804815554353610, -8.316496287884559635 ) ) ;
#4723 = ORIENTED_EDGE ( 'NONE', *, *, #2440, .F. ) ;
#4724 = ORIENTED_EDGE ( 'NONE', *, *, #5017, .T. ) ;
#4725 = CARTESIAN_POINT ( 'NONE',  ( 16.29525471753020582, 4.312198856625900412, -34.70126890051028568 ) ) ;
#4726 = VECTOR ( 'NONE', #2667, 999.9999999999998863 ) ;
#4727 = AXIS2_PLACEMENT_3D ( 'NONE', #4114, #3007, #3674 ) ;
#4728 = EDGE_CURVE ( 'NONE', #5958, #190, #6319, .T. ) ;
#4729 =( BOUNDED_CURVE ( )  B_SPLINE_CURVE ( 3, ( #8086, #2460, #4350, #3807 ),
 .UNSPECIFIED., .F., .T. ) 
 B_SPLINE_CURVE_WITH_KNOTS ( ( 4, 4 ),
 ( 4.704103044437398573, 4.835908513616244520 ),
 .UNSPECIFIED. ) 
 CURVE ( )  GEOMETRIC_REPRESENTATION_ITEM ( )  RATIONAL_B_SPLINE_CURVE ( ( 1.000000000000000000, 0.9985528004245092237, 0.9985528004245092237, 1.000000000000000000 ) ) 
 REPRESENTATION_ITEM ( '' )  );
#4730 = ORIENTED_EDGE ( 'NONE', *, *, #4412, .T. ) ;
#4731 = LINE ( 'NONE', #387, #7133 ) ;
#4732 = VERTEX_POINT ( 'NONE', #2742 ) ;
#4733 = CARTESIAN_POINT ( 'NONE',  ( 24.45953615552154403, -39.40535134785559279, -8.165517980089814998 ) ) ;
#4734 = AXIS2_PLACEMENT_3D ( 'NONE', #4771, #2341, #8050 ) ;
#4735 = VECTOR ( 'NONE', #4499, 1000.000000000000227 ) ;
#4736 = ORIENTED_EDGE ( 'NONE', *, *, #4134, .F. ) ;
#4737 = DIRECTION ( 'NONE',  ( -2.911879408672406265E-16, -0.5877852522924829071, 0.8090169943749402348 ) ) ;
#4738 = CARTESIAN_POINT ( 'NONE',  ( 22.86788218175522047, -37.95264435150431126, 12.63649038709936079 ) ) ;
#4739 = EDGE_LOOP ( 'NONE', ( #2057, #941, #888, #3192, #858, #7562, #2375, #6834, #1071, #4028 ) ) ;
#4740 = EDGE_CURVE ( 'NONE', #663, #211, #7110, .T. ) ;
#4741 = AXIS2_PLACEMENT_3D ( 'NONE', #5936, #7099, #371 ) ;
#4742 = VECTOR ( 'NONE', #7710, 1000.000000000000227 ) ;
#4743 = FACE_OUTER_BOUND ( 'NONE', #6419, .T. ) ;
#4744 = FACE_OUTER_BOUND ( 'NONE', #6622, .T. ) ;
#4745 = EDGE_CURVE ( 'NONE', #2860, #4128, #3823, .T. ) ;
#4746 = FACE_OUTER_BOUND ( 'NONE', #497, .T. ) ;
#4747 = CIRCLE ( 'NONE', #7752, 5.000000000000001776 ) ;
#4748 = EDGE_LOOP ( 'NONE', ( #5161, #1271, #4946, #6008 ) ) ;
#4749 = CARTESIAN_POINT ( 'NONE',  ( 24.99999999999999289, 34.43119604009792312, 6.284324884054381499 ) ) ;
#4750 = LINE ( 'NONE', #6539, #5686 ) ;
#4751 = ORIENTED_EDGE ( 'NONE', *, *, #5104, .T. ) ;
#4752 = EDGE_CURVE ( 'NONE', #4473, #1199, #7150, .T. ) ;
#4753 = CARTESIAN_POINT ( 'NONE',  ( 24.61076051292646483, 34.91526964353327855, -2.441217198779391140 ) ) ;
#4754 = DIRECTION ( 'NONE',  ( -0.000000000000000000, 1.000000000000000000, -0.000000000000000000 ) ) ;
#4755 = PLANE ( 'NONE',  #3936 ) ;
#4756 = CARTESIAN_POINT ( 'NONE',  ( 15.00000000000006573, 1.481484572605556398E-32, 0.000000000000000000 ) ) ;
#4757 = VECTOR ( 'NONE', #2862, 1000.000000000000000 ) ;
#4758 = EDGE_CURVE ( 'NONE', #2154, #5791, #2155, .T. ) ;
#4759 = CARTESIAN_POINT ( 'NONE',  ( 15.00000000000006573, 30.83256365402554167, -16.56360523921236094 ) ) ;
#4760 = FACE_OUTER_BOUND ( 'NONE', #6034, .T. ) ;
#4761 = ORIENTED_EDGE ( 'NONE', *, *, #3750, .T. ) ;
#4762 = DIRECTION ( 'NONE',  ( -0.8978821065938833446, 0.000000000000000000, 0.4402359851926354595 ) ) ;
#4763 = CARTESIAN_POINT ( 'NONE',  ( 24.99999999999999289, -38.14637571391016024, 12.04024656238830104 ) ) ;
#4764 = CARTESIAN_POINT ( 'NONE',  ( 23.89409946658237160, 27.56732195202816271, -21.56538066614710658 ) ) ;
#4765 = PLANE ( 'NONE',  #7340 ) ;
#4766 = PLANE ( 'NONE',  #7494 ) ;
#4767 = EDGE_CURVE ( 'NONE', #5855, #5669, #7800, .T. ) ;
#4768 = CARTESIAN_POINT ( 'NONE',  ( 24.81993129918793528, 30.76382728072933759, 16.69113863640300721 ) ) ;
#4769 = EDGE_LOOP ( 'NONE', ( #3218, #5313, #4796, #680 ) ) ;
#4770 = DIRECTION ( 'NONE',  ( 0.000000000000000000, -0.9510565162951500895, -0.3090169943749582204 ) ) ;
#4771 = CARTESIAN_POINT ( 'NONE',  ( 26.57262746422511057, 32.43149895372961566, -23.41393585446992276 ) ) ;
#4772 = CARTESIAN_POINT ( 'NONE',  ( 15.54046384447840090, -39.50946640995968551, 7.845084767479849397 ) ) ;
#4773 = CARTESIAN_POINT ( 'NONE',  ( 15.75577990824710639, 33.86922948814854095, -8.826252443121761715 ) ) ;
#4774 = ORIENTED_EDGE ( 'NONE', *, *, #3493, .F. ) ;
#4775 = VECTOR ( 'NONE', #2347, 1000.000000000000227 ) ;
#4776 = ORIENTED_EDGE ( 'NONE', *, *, #661, .T. ) ;
#4777 = LINE ( 'NONE', #4725, #6326 ) ;
#4778 = CARTESIAN_POINT ( 'NONE',  ( 21.52238633098362541, -32.48149977296348112, 13.12698716426482903 ) ) ;
#4779 = CARTESIAN_POINT ( 'NONE',  ( 15.18862017184825319, -3.347831609037319467, 34.84006034735744350 ) ) ;
#4780 = VECTOR ( 'NONE', #5930, 1000.000000000000114 ) ;
#4781 = VERTEX_POINT ( 'NONE', #7834 ) ;
#4782 = CARTESIAN_POINT ( 'NONE',  ( 20.00000000000007105, -6.036628244373474672, 3.295891705758344781 ) ) ;
#4783 = AXIS2_PLACEMENT_3D ( 'NONE', #5727, #1392, #2572 ) ;
#4784 = ORIENTED_EDGE ( 'NONE', *, *, #4533, .F. ) ;
#4785 = DIRECTION ( 'NONE',  ( 0.000000000000000000, 1.000000000000000000, 0.000000000000000000 ) ) ;
#4786 = CARTESIAN_POINT ( 'NONE',  ( 15.38892734875749646, -32.32365832599189304, -13.42448363205881101 ) ) ;
#4787 = VERTEX_POINT ( 'NONE', #4683 ) ;
#4788 = VERTEX_POINT ( 'NONE', #1564 ) ;
#4789 = VERTEX_POINT ( 'NONE', #4053 ) ;
#4790 = CARTESIAN_POINT ( 'NONE',  ( 15.04754234242349220, 17.26600605646287434, 30.44726852803212580 ) ) ;
#4791 = ADVANCED_FACE ( 'NONE', ( #2858 ), #6561, .T. ) ;
#4792 = LINE ( 'NONE', #3591, #3684 ) ;
#4793 = CIRCLE ( 'NONE', #5957, 4.999999999999999112 ) ;
#4794 = ORIENTED_EDGE ( 'NONE', *, *, #4635, .T. ) ;
#4795 = CARTESIAN_POINT ( 'NONE',  ( 16.10548734941336946, 1.580524230030008637, -34.96462306030309009 ) ) ;
#4796 = ORIENTED_EDGE ( 'NONE', *, *, #6678, .F. ) ;
#4797 = CARTESIAN_POINT ( 'NONE',  ( 24.52945112611145362, 34.92748042473075998, -2.258861006966718765 ) ) ;
#4798 = CARTESIAN_POINT ( 'NONE',  ( 13.42737253577497292, 32.48789921278364545, -23.33630755759808295 ) ) ;
#4799 = LINE ( 'NONE', #2283, #6838 ) ;
#4800 = LINE ( 'NONE', #7296, #2105 ) ;
#4801 = EDGE_CURVE ( 'NONE', #441, #4346, #3420, .T. ) ;
#4802 = FACE_OUTER_BOUND ( 'NONE', #743, .T. ) ;
#4803 = VERTEX_POINT ( 'NONE', #4772 ) ;
#4804 = CARTESIAN_POINT ( 'NONE',  ( 24.99999999999999289, 31.54925622055657897, -15.15402362178680562 ) ) ;
#4805 = EDGE_CURVE ( 'NONE', #4438, #7194, #7268, .T. ) ;
#4806 = DIRECTION ( 'NONE',  ( 0.000000000000000000, -1.000000000000000000, 0.000000000000000000 ) ) ;
#4807 = PLANE ( 'NONE',  #2545 ) ;
#4808 = CARTESIAN_POINT ( 'NONE',  ( 22.86788218175522758, 28.14416244781039111, -20.80639613463274173 ) ) ;
#4809 = PLANE ( 'NONE',  #1706 ) ;
#4810 = DIRECTION ( 'NONE',  ( -8.707947832763669118E-34, -0.5877852522924714718, -0.8090169943749487835 ) ) ;
#4811 = CARTESIAN_POINT ( 'NONE',  ( 24.61076051292646127, 33.96077231406793828, 8.467676158444541912 ) ) ;
#4812 = CARTESIAN_POINT ( 'NONE',  ( 15.54046384447848617, 39.99999999999997868, 4.747977570363820732 ) ) ;
#4813 = CARTESIAN_POINT ( 'NONE',  ( 15.18862017184826030, 32.10032955997255044, 13.95014779961592133 ) ) ;
#4814 = CARTESIAN_POINT ( 'NONE',  ( 15.54046384447849150, 34.67645756116565536, 4.747977570363818067 ) ) ;
#4815 = DIRECTION ( 'NONE',  ( 1.000000000000000000, -1.481484572605566251E-33, 0.000000000000000000 ) ) ;
#4816 = ORIENTED_EDGE ( 'NONE', *, *, #1211, .F. ) ;
#4817 = ORIENTED_EDGE ( 'NONE', *, *, #967, .T. ) ;
#4818 = EDGE_CURVE ( 'NONE', #3905, #2409, #4679, .T. ) ;
#4819 = CARTESIAN_POINT ( 'NONE',  ( 15.54046384447849150, 34.44647668373252003, -6.200019683603637866 ) ) ;
#4820 = DIRECTION ( 'NONE',  ( 0.8191520442889929088, 0.1772448664054895595, 0.5455036073850145772 ) ) ;
#4821 = CARTESIAN_POINT ( 'NONE',  ( 23.70474528246986523, -25.77180651025894420, 23.63802412409850007 ) ) ;
#4822 = ORIENTED_EDGE ( 'NONE', *, *, #443, .T. ) ;
#4823 = VERTEX_POINT ( 'NONE', #2300 ) ;
#4824 = DIRECTION ( 'NONE',  ( -0.000000000000000000, 0.9510565162951533091, 0.3090169943749481174 ) ) ;
#4825 = FACE_OUTER_BOUND ( 'NONE', #5750, .T. ) ;
#4826 = ORIENTED_EDGE ( 'NONE', *, *, #4347, .F. ) ;
#4827 = ORIENTED_EDGE ( 'NONE', *, *, #7553, .F. ) ;
#4828 = ORIENTED_EDGE ( 'NONE', *, *, #6089, .F. ) ;
#4829 = CARTESIAN_POINT ( 'NONE',  ( 15.00000000000007105, 39.99999999999997868, 5.000000000000000000 ) ) ;
#4830 = EDGE_CURVE ( 'NONE', #5046, #1053, #3120, .T. ) ;
#4831 = DIRECTION ( 'NONE',  ( 0.000000000000000000, -0.5877852522924830181, 0.8090169943749402348 ) ) ;
#4832 = PLANE ( 'NONE',  #5129 ) ;
#4833 = CARTESIAN_POINT ( 'NONE',  ( 23.94355495384381172, -14.67944299547554365, -31.77329507725502822 ) ) ;
#4834 = CARTESIAN_POINT ( 'NONE',  ( 15.98126570279175418, -33.78416981541717945, 9.146436912461469504 ) ) ;
#4835 = ORIENTED_EDGE ( 'NONE', *, *, #5435, .T. ) ;
#4836 = CARTESIAN_POINT ( 'NONE',  ( 15.00000000000006928, -14.84379361583774326, 31.69898284710538050 ) ) ;
#4837 = CARTESIAN_POINT ( 'NONE',  ( 20.00000000000000000, 35.00000000000000000, 4.385764661113933371 ) ) ;
#4838 = ADVANCED_FACE ( 'NONE', ( #2953 ), #1824, .T. ) ;
#4839 = CARTESIAN_POINT ( 'NONE',  ( -12.50000000000000000, -1.250000000000000000, 4.999999999999999112 ) ) ;
#4840 = CARTESIAN_POINT ( 'NONE',  ( 15.54046384447844176, -30.84463466578005963, 16.54111581286339572 ) ) ;
#4841 = CARTESIAN_POINT ( 'NONE',  ( 15.00000000000006750, 2.119852826805074031, 17.11596235647333231 ) ) ;
#4842 = ORIENTED_EDGE ( 'NONE', *, *, #154, .T. ) ;
#4843 = FACE_OUTER_BOUND ( 'NONE', #1181, .T. ) ;
#4844 = CARTESIAN_POINT ( 'NONE',  ( 24.19512822508730565, -25.58220899252950531, 23.88652402892753202 ) ) ;
#4845 = LINE ( 'NONE', #5489, #5173 ) ;
#4846 = EDGE_CURVE ( 'NONE', #1416, #2829, #2519, .T. ) ;
#4847 = PLANE ( 'NONE',  #2746 ) ;
#4848 = CARTESIAN_POINT ( 'NONE',  ( 16.29525471753020582, 34.73334048174631761, 4.312198856625536258 ) ) ;
#4849 = LINE ( 'NONE', #1735, #2508 ) ;
#4850 = PLANE ( 'NONE',  #593 ) ;
#4851 = EDGE_CURVE ( 'NONE', #3492, #4787, #3567, .T. ) ;
#4852 = LINE ( 'NONE', #7353, #2108 ) ;
#4853 = DIRECTION ( 'NONE',  ( 1.688761333100316157E-17, 0.9510565162951576390, -0.3090169943749349613 ) ) ;
#4854 = CARTESIAN_POINT ( 'NONE',  ( 16.10548734941336591, 21.83036074892717693, -27.35796542439678802 ) ) ;
#4855 = ORIENTED_EDGE ( 'NONE', *, *, #7070, .F. ) ;
#4856 = VERTEX_POINT ( 'NONE', #4814 ) ;
#4857 = AXIS2_PLACEMENT_3D ( 'NONE', #3282, #5789, #189 ) ;
#4858 = CARTESIAN_POINT ( 'NONE',  ( 25.00000000000000000, -25.70094410188884737, 24.09393215436372770 ) ) ;
#4859 = EDGE_CURVE ( 'NONE', #7182, #4408, #7603, .T. ) ;
#4860 = DIRECTION ( 'NONE',  ( 0.9063077870366491595, -0.4226182617407008846, 0.000000000000000000 ) ) ;
#4861 = FACE_OUTER_BOUND ( 'NONE', #4307, .T. ) ;
#4862 = ORIENTED_EDGE ( 'NONE', *, *, #2784, .T. ) ;
#4863 = ADVANCED_FACE ( 'NONE', ( #1690 ), #8008, .F. ) ;
#4864 = EDGE_LOOP ( 'NONE', ( #3179, #352, #234, #1242, #1799, #3311, #6826, #6988, #4037, #3248 ) ) ;
#4865 = CARTESIAN_POINT ( 'NONE',  ( 15.00000000000008349, 24.35545014408927855, -25.48768437830952038 ) ) ;
#4866 = AXIS2_PLACEMENT_3D ( 'NONE', #2851, #5656, #6980 ) ;
#4867 = DIRECTION ( 'NONE',  ( 0.000000000000000000, -0.5877852522924802425, 0.8090169943749422332 ) ) ;
#4868 = ORIENTED_EDGE ( 'NONE', *, *, #8100, .F. ) ;
#4869 = VECTOR ( 'NONE', #4618, 999.9999999999998863 ) ;
#4870 = ORIENTED_EDGE ( 'NONE', *, *, #2585, .F. ) ;
#4871 = DIRECTION ( 'NONE',  ( -1.000000000000000000, 1.481484572605565909E-33, -0.000000000000000000 ) ) ;
#4872 = VECTOR ( 'NONE', #416, 1000.000000000000114 ) ;
#4873 = AXIS2_PLACEMENT_3D ( 'NONE', #1394, #854, #6464 ) ;
#4874 =( BOUNDED_CURVE ( )  B_SPLINE_CURVE ( 3, ( #974, #3460, #215, #7783 ),
 .UNSPECIFIED., .F., .F. ) 
 B_SPLINE_CURVE_WITH_KNOTS ( ( 4, 4 ),
 ( 1.427448757889531405, 1.434720266952592027 ),
 .UNSPECIFIED. ) 
 CURVE ( )  GEOMETRIC_REPRESENTATION_ITEM ( )  RATIONAL_B_SPLINE_CURVE ( ( 1.000000000000000000, 0.9999955937678493001, 0.9999955937678493001, 1.000000000000000000 ) ) 
 REPRESENTATION_ITEM ( '' )  );
#4875 = VERTEX_POINT ( 'NONE', #6783 ) ;
#4876 = LINE ( 'NONE', #3037, #420 ) ;
#4877 = CARTESIAN_POINT ( 'NONE',  ( 24.45953615552161864, -30.68257059498186834, -16.83982962158329499 ) ) ;
#4878 = DIRECTION ( 'NONE',  ( 0.000000000000000000, 1.000000000000000000, 0.000000000000000000 ) ) ;
#4879 = VECTOR ( 'NONE', #1104, 1000.000000000000000 ) ;
#4880 = LINE ( 'NONE', #3011, #7405 ) ;
#4881 = VECTOR ( 'NONE', #5950, 1000.000000000000227 ) ;
#4882 = ORIENTED_EDGE ( 'NONE', *, *, #632, .F. ) ;
#4883 = EDGE_CURVE ( 'NONE', #3216, #4856, #3263, .T. ) ;
#4884 = CARTESIAN_POINT ( 'NONE',  ( 24.75193471525577138, 18.22662341043821854, -29.88019067453081234 ) ) ;
#4885 = CARTESIAN_POINT ( 'NONE',  ( 18.47620868754429324, 8.143013367473779240, 34.07432135907635029 ) ) ;
#4886 = FACE_OUTER_BOUND ( 'NONE', #7465, .T. ) ;
#4887 = CARTESIAN_POINT ( 'NONE',  ( 17.13211781824485413, -34.99438471327528077, -0.6269278581189985378 ) ) ;
#4888 = EDGE_LOOP ( 'NONE', ( #2624, #5953, #2, #7629 ) ) ;
#4889 = VECTOR ( 'NONE', #5323, 1000.000000000000114 ) ;
#4890 = DIRECTION ( 'NONE',  ( 0.000000000000000000, 0.8090169943749404569, 0.5877852522924829071 ) ) ;
#4891 = ORIENTED_EDGE ( 'NONE', *, *, #5233, .F. ) ;
#4892 = CARTESIAN_POINT ( 'NONE',  ( 15.00000000000007283, 12.36067977499778259, 38.04226065180615990 ) ) ;
#4893 = ORIENTED_EDGE ( 'NONE', *, *, #7833, .T. ) ;
#4894 = AXIS2_PLACEMENT_3D ( 'NONE', #1039, #5336, #2210 ) ;
#4895 = FACE_OUTER_BOUND ( 'NONE', #519, .T. ) ;
#4896 = DIRECTION ( 'NONE',  ( 0.000000000000000000, 1.000000000000000000, 0.000000000000000000 ) ) ;
#4897 = CARTESIAN_POINT ( 'NONE',  ( 15.18006210666843003, 25.14540215338018925, 24.34575830468767776 ) ) ;
#4898 = DIRECTION ( 'NONE',  ( 0.000000000000000000, 0.9510565162951556406, -0.3090169943749412340 ) ) ;
#4899 = CYLINDRICAL_SURFACE ( 'NONE', #1069, 5.000000000000001776 ) ;
#4900 = CARTESIAN_POINT ( 'NONE',  ( 15.98126570279173997, -29.30425040664563241, 19.13866104029204962 ) ) ;
#4901 = DIRECTION ( 'NONE',  ( 0.000000000000000000, -1.000000000000000000, 0.000000000000000000 ) ) ;
#4902 = LINE ( 'NONE', #4276, #3289 ) ;
#4903 = CARTESIAN_POINT ( 'NONE',  ( 25.00000000000000355, -30.47546248426715820, -17.21655405520139226 ) ) ;
#4904 = PRODUCT_DEFINITION_FORMATION_WITH_SPECIFIED_SOURCE ( 'ANY', '', #5270, .NOT_KNOWN. ) ;
#4905 = CARTESIAN_POINT ( 'NONE',  ( 16.29525471753018451, -4.312198856625686361, 39.99999999999996447 ) ) ;
#4906 = ORIENTED_EDGE ( 'NONE', *, *, #6802, .F. ) ;
#4907 = ORIENTED_EDGE ( 'NONE', *, *, #978, .F. ) ;
#4908 = EDGE_CURVE ( 'NONE', #2832, #4648, #6168, .T. ) ;
#4909 = CARTESIAN_POINT ( 'NONE',  ( 23.70474528247000023, 16.14139138454273592, 36.81383298408860583 ) ) ;
#4910 = CARTESIAN_POINT ( 'NONE',  ( 23.94355495384385080, 30.55179311444569024, 17.07677558018033181 ) ) ;
#4911 = FACE_OUTER_BOUND ( 'NONE', #3526, .T. ) ;
#4912 = ORIENTED_EDGE ( 'NONE', *, *, #1901, .F. ) ;
#4913 = ORIENTED_EDGE ( 'NONE', *, *, #4255, .F. ) ;
#4914 = ADVANCED_FACE ( 'NONE', ( #8051 ), #3699, .F. ) ;
#4915 = DIRECTION ( 'NONE',  ( 0.4226182617407007736, 0.7332184018469933839, 0.5327143512579789464 ) ) ;
#4916 = ORIENTED_EDGE ( 'NONE', *, *, #3107, .T. ) ;
#4917 = ORIENTED_EDGE ( 'NONE', *, *, #7024, .T. ) ;
#4918 = EDGE_CURVE ( 'NONE', #5501, #5011, #3197, .T. ) ;
#4919 = VECTOR ( 'NONE', #3847, 1000.000000000000114 ) ;
#4920 = ORIENTED_EDGE ( 'NONE', *, *, #3419, .T. ) ;
#4921 = CARTESIAN_POINT ( 'NONE',  ( 15.47020472364245336, 18.41543264297816762, 29.76412655303342802 ) ) ;
#4922 = VECTOR ( 'NONE', #3595, 999.9999999999998863 ) ;
#4923 = LINE ( 'NONE', #4294, #551 ) ;
#4924 = DIRECTION ( 'NONE',  ( 0.000000000000000000, 1.000000000000000000, -0.000000000000000000 ) ) ;
#4925 = EDGE_LOOP ( 'NONE', ( #2712, #4404, #2966, #3582 ) ) ;
#4926 = ADVANCED_FACE ( 'NONE', ( #7559 ), #7636, .T. ) ;
#4927 = DIRECTION ( 'NONE',  ( 0.000000000000000000, -1.000000000000000000, 0.000000000000000000 ) ) ;
#4928 =( BOUNDED_CURVE ( )  B_SPLINE_CURVE ( 3, ( #268, #5956, #4778, #6612 ),
 .UNSPECIFIED., .F., .F. ) 
 B_SPLINE_CURVE_WITH_KNOTS ( ( 4, 4 ),
 ( 1.552883144289288753, 1.684621253977659494 ),
 .UNSPECIFIED. ) 
 CURVE ( )  GEOMETRIC_REPRESENTATION_ITEM ( )  RATIONAL_B_SPLINE_CURVE ( ( 1.000000000000000000, 0.9985542787012120503, 0.9985542787012120503, 1.000000000000000000 ) ) 
 REPRESENTATION_ITEM ( '' )  );
#4929 = FACE_OUTER_BOUND ( 'NONE', #6431, .T. ) ;
#4930 = CARTESIAN_POINT ( 'NONE',  ( 16.29525471753018451, 16.46182459715254254, -36.70971792198442074 ) ) ;
#4931 = ORIENTED_EDGE ( 'NONE', *, *, #1224, .F. ) ;
#4932 = VECTOR ( 'NONE', #6447, 1000.000000000000000 ) ;
#4933 = PLANE ( 'NONE',  #7102 ) ;
#4934 = VERTEX_POINT ( 'NONE', #7595 ) ;
#4935 = DIRECTION ( 'NONE',  ( 0.000000000000000000, -0.3090169943749351833, -0.9510565162951575280 ) ) ;
#4936 = VERTEX_POINT ( 'NONE', #4429 ) ;
#4937 = DIRECTION ( 'NONE',  ( 0.000000000000000000, -0.9510565162951500895, -0.3090169943749582204 ) ) ;
#4938 = DIRECTION ( 'NONE',  ( 0.000000000000000000, 0.3090169943749346837, 0.9510565162951577500 ) ) ;
#4939 = DIRECTION ( 'NONE',  ( 0.000000000000000000, 0.8090169943749551118, -0.5877852522924624790 ) ) ;
#4940 = CARTESIAN_POINT ( 'NONE',  ( 15.00000000000006040, -15.28728194667510110, 31.76647631344092915 ) ) ;
#4941 = CARTESIAN_POINT ( 'NONE',  ( 16.29525471753015609, -30.60856315976476338, 16.90825193742094257 ) ) ;
#4942 = DIRECTION ( 'NONE',  ( -0.000000000000000000, 0.3090169943749515591, -0.9510565162951521989 ) ) ;
#4943 = DIRECTION ( 'NONE',  ( -0.000000000000000000, -0.3090169943749382919, -0.9510565162951565288 ) ) ;
#4944 = DIRECTION ( 'NONE',  ( 0.000000000000000000, 0.3090169943749346837, 0.9510565162951577500 ) ) ;
#4945 = CARTESIAN_POINT ( 'NONE',  ( 24.99999999999999289, 1.069105884036878258E-47, 0.000000000000000000 ) ) ;
#4946 = ORIENTED_EDGE ( 'NONE', *, *, #4298, .F. ) ;
#4947 = VERTEX_POINT ( 'NONE', #1440 ) ;
#4948 = CARTESIAN_POINT ( 'NONE',  ( 15.00000000000006928, 2.119852826805675328, -39.99999999999996447 ) ) ;
#4949 = CARTESIAN_POINT ( 'NONE',  ( 15.00000000000006573, 21.79641312923963170, 33.60669800362455817 ) ) ;
#4950 = DIRECTION ( 'NONE',  ( -0.000000000000000000, 0.5877852522924713607, 0.8090169943749486725 ) ) ;
#4951 = EDGE_CURVE ( 'NONE', #6260, #1378, #183, .T. ) ;
#4952 = ORIENTED_EDGE ( 'NONE', *, *, #5946, .T. ) ;
#4953 = ORIENTED_EDGE ( 'NONE', *, *, #3183, .F. ) ;
#4954 = CARTESIAN_POINT ( 'NONE',  ( 15.00000000000006573, 1.481484572605556398E-32, 0.000000000000000000 ) ) ;
#4955 = PLANE ( 'NONE',  #6989 ) ;
#4956 = ORIENTED_EDGE ( 'NONE', *, *, #1246, .F. ) ;
#4957 = EDGE_CURVE ( 'NONE', #7877, #1758, #5518, .T. ) ;
#4958 = ORIENTED_EDGE ( 'NONE', *, *, #5910, .F. ) ;
#4959 = CARTESIAN_POINT ( 'NONE',  ( 24.63977589264509760, 4.495101321638211189, 34.71024693150968687 ) ) ;
#4960 =( BOUNDED_CURVE ( )  B_SPLINE_CURVE ( 3, ( #873, #1644, #1525, #5218 ),
 .UNSPECIFIED., .F., .F. ) 
 B_SPLINE_CURVE_WITH_KNOTS ( ( 4, 4 ),
 ( 4.578760888222364045, 4.586022819131210682 ),
 .UNSPECIFIED. ) 
 CURVE ( )  GEOMETRIC_REPRESENTATION_ITEM ( )  RATIONAL_B_SPLINE_CURVE ( ( 1.000000000000000000, 0.9999956053681178236, 0.9999956053681178236, 1.000000000000000000 ) ) 
 REPRESENTATION_ITEM ( '' )  );
#4961 = EDGE_CURVE ( 'NONE', #164, #823, #1324, .T. ) ;
#4962 = DIRECTION ( 'NONE',  ( -3.469446951953614189E-16, -0.000000000000000000, 1.000000000000000000 ) ) ;
#4963 = LINE ( 'NONE', #1307, #6101 ) ;
#4964 = CARTESIAN_POINT ( 'NONE',  ( 23.70474528246985813, -8.579968165453170315, 39.27068831952363581 ) ) ;
#4965 = VERTEX_POINT ( 'NONE', #3855 ) ;
#4966 = CARTESIAN_POINT ( 'NONE',  ( 15.18006210666843891, 4.916035660717377631, -34.65313535984933679 ) ) ;
#4967 = ADVANCED_FACE ( 'NONE', ( #758 ), #3240, .F. ) ;
#4968 = CARTESIAN_POINT ( 'NONE',  ( 26.57262746422507504, 32.28986059626640781, 23.60888432892753741 ) ) ;
#4969 = EDGE_CURVE ( 'NONE', #1237, #1283, #5154, .T. ) ;
#4970 = DIRECTION ( 'NONE',  ( -1.072118069236030671E-16, -1.000000000000000000, -4.999368661311141297E-17 ) ) ;
#4971 = ORIENTED_EDGE ( 'NONE', *, *, #6535, .F. ) ;
#4972 = DIRECTION ( 'NONE',  ( 8.707947832763751226E-34, 0.5877852522924771339, -0.8090169943749444537 ) ) ;
#4973 = ORIENTED_EDGE ( 'NONE', *, *, #3486, .T. ) ;
#4974 = CARTESIAN_POINT ( 'NONE',  ( 24.99999999999999289, -34.43119604009788048, -6.284324884054633742 ) ) ;
#4975 = EDGE_CURVE ( 'NONE', #6540, #2401, #1608, .T. ) ;
#4976 = DIRECTION ( 'NONE',  ( 0.000000000000000000, -0.3090169943749414561, -0.9510565162951554186 ) ) ;
#4977 = PLANE ( 'NONE',  #5235 ) ;
#4978 = CARTESIAN_POINT ( 'NONE',  ( 23.70474528246985813, 34.74391141602117727, -3.975275438175506437 ) ) ;
#4979 = LINE ( 'NONE', #4427, #2793 ) ;
#4980 = CARTESIAN_POINT ( 'NONE',  ( 20.00000000000000000, -36.68698483819294154, 16.53178983488708553 ) ) ;
#4981 = CARTESIAN_POINT ( 'NONE',  ( 15.36021751530112844, 34.66494921516668626, 4.832027814013548195 ) ) ;
#4982 = CYLINDRICAL_SURFACE ( 'NONE', #291, 5.000000000000001776 ) ;
#4983 = EDGE_LOOP ( 'NONE', ( #6047, #4913, #7117, #3749 ) ) ;
#4984 = ORIENTED_EDGE ( 'NONE', *, *, #7421, .T. ) ;
#4985 = DIRECTION ( 'NONE',  ( 1.000000000000000000, -1.481484572605566251E-33, 0.000000000000000000 ) ) ;
#4986 = CARTESIAN_POINT ( 'NONE',  ( 24.52945112611145362, 29.58465042117904176, 18.70240095082382936 ) ) ;
#4987 = CARTESIAN_POINT ( 'NONE',  ( 22.86788218175522758, -20.33715909436045166, 28.48508311328355802 ) ) ;
#4988 = EDGE_LOOP ( 'NONE', ( #6234, #1816, #8102, #5907 ) ) ;
#4989 = AXIS2_PLACEMENT_3D ( 'NONE', #4172, #7471, #7916 ) ;
#4990 = VERTEX_POINT ( 'NONE', #230 ) ;
#4991 = PLANE ( 'NONE',  #2109 ) ;
#4992 = CARTESIAN_POINT ( 'NONE',  ( 17.13211781824485769, 38.23599201421212967, -11.76443595028635336 ) ) ;
#4993 = EDGE_CURVE ( 'NONE', #342, #4398, #880, .T. ) ;
#4994 = VERTEX_POINT ( 'NONE', #3944 ) ;
#4995 = AXIS2_PLACEMENT_3D ( 'NONE', #4083, #2938, #1158 ) ;
#4996 = DIRECTION ( 'NONE',  ( -1.481484572605566422E-33, -1.000000000000000000, 6.908276016444635571E-34 ) ) ;
#4997 = AXIS2_PLACEMENT_3D ( 'NONE', #1233, #4375, #3258 ) ;
#4998 = ORIENTED_EDGE ( 'NONE', *, *, #5271, .F. ) ;
#4999 = DIRECTION ( 'NONE',  ( 0.000000000000000000, -1.000000000000000000, 0.000000000000000000 ) ) ;
#5000 = ADVANCED_FACE ( 'NONE', ( #7037 ), #1496, .F. ) ;
#5001 = CARTESIAN_POINT ( 'NONE',  ( 26.57262746422507504, 32.28986059626640071, 23.60888432892753386 ) ) ;
#5002 = EDGE_CURVE ( 'NONE', #54, #3824, #4084, .T. ) ;
#5003 = CARTESIAN_POINT ( 'NONE',  ( 15.18862017184827451, -7.582193665148187378, -34.16940328296886520 ) ) ;
#5004 = ORIENTED_EDGE ( 'NONE', *, *, #4457, .F. ) ;
#5005 = VECTOR ( 'NONE', #58, 1000.000000000000227 ) ;
#5006 = AXIS2_PLACEMENT_3D ( 'NONE', #6930, #3067, #4927 ) ;
#5007 = FACE_OUTER_BOUND ( 'NONE', #2513, .T. ) ;
#5008 = EDGE_CURVE ( 'NONE', #7002, #4621, #1388, .T. ) ;
#5009 =( BOUNDED_CURVE ( )  B_SPLINE_CURVE ( 3, ( #6125, #4133, #3511, #6821 ),
 .UNSPECIFIED., .F., .F. ) 
 B_SPLINE_CURVE_WITH_KNOTS ( ( 4, 4 ),
 ( 1.552883144289287864, 1.684621253977660382 ),
 .UNSPECIFIED. ) 
 CURVE ( )  GEOMETRIC_REPRESENTATION_ITEM ( )  RATIONAL_B_SPLINE_CURVE ( ( 1.000000000000000000, 0.9985542787012120503, 0.9985542787012120503, 1.000000000000000000 ) ) 
 REPRESENTATION_ITEM ( '' )  );
#5010 = CARTESIAN_POINT ( 'NONE',  ( 15.18006210666843891, 24.34575830468794422, -25.14540215337990503 ) ) ;
#5011 = VERTEX_POINT ( 'NONE', #5754 ) ;
#5012 = CARTESIAN_POINT ( 'NONE',  ( 23.70474528246987234, -34.77351269559402880, 3.975275438175516207 ) ) ;
#5013 = VECTOR ( 'NONE', #3391, 1000.000000000000114 ) ;
#5014 = AXIS2_PLACEMENT_3D ( 'NONE', #4954, #3052, #6837 ) ;
#5015 = VERTEX_POINT ( 'NONE', #2056 ) ;
#5016 = CARTESIAN_POINT ( 'NONE',  ( 22.86788218175524179, 33.37545168956182096, 10.53941291143514647 ) ) ;
#5017 = EDGE_CURVE ( 'NONE', #5347, #1955, #7154, .T. ) ;
#5018 = VERTEX_POINT ( 'NONE', #5223 ) ;
#5019 = CARTESIAN_POINT ( 'NONE',  ( 24.45953615552155469, -31.65847084439254999, 14.92451753976481399 ) ) ;
#5020 = EDGE_CURVE ( 'NONE', #2232, #1047, #917, .T. ) ;
#5021 = DIRECTION ( 'NONE',  ( 0.000000000000000000, -1.000000000000000000, 0.000000000000000000 ) ) ;
#5022 = AXIS2_PLACEMENT_3D ( 'NONE', #7748, #4086, #4586 ) ;
#5023 = VECTOR ( 'NONE', #1951, 1000.000000000000000 ) ;
#5024 = CARTESIAN_POINT ( 'NONE',  ( 23.70474528246988655, 3.975275438175396303, 34.77351269559403590 ) ) ;
#5025 = LINE ( 'NONE', #6822, #722 ) ;
#5026 = CARTESIAN_POINT ( 'NONE',  ( 15.38892734875748758, 26.59323229841831804, 22.75600237926775904 ) ) ;
#5027 = DIRECTION ( 'NONE',  ( 0.000000000000000000, -1.000000000000000000, 0.000000000000000000 ) ) ;
#5028 = ORIENTED_EDGE ( 'NONE', *, *, #2856, .F. ) ;
#5029 = ORIENTED_EDGE ( 'NONE', *, *, #2023, .T. ) ;
#5030 = B_SPLINE_CURVE_WITH_KNOTS ( 'NONE', 3,
 ( #7947, #1720, #7208, #7295 ),
 .UNSPECIFIED., .F., .F.,
 ( 4, 4 ),
 ( 1.204977436359573256E-17, 0.0008731425215613169586 ),
 .UNSPECIFIED. ) ;
#5031 = CARTESIAN_POINT ( 'NONE',  ( 16.29525471753020582, -34.73334048174631761, -4.312198856625536258 ) ) ;
#5032 = EDGE_CURVE ( 'NONE', #5015, #644, #2095, .T. ) ;
#5033 = DIRECTION ( 'NONE',  ( 0.5735764363510449382, 0.2531319026622844692, -0.7790598895575407967 ) ) ;
#5034 = FACE_OUTER_BOUND ( 'NONE', #7215, .T. ) ;
#5035 = ORIENTED_EDGE ( 'NONE', *, *, #328, .F. ) ;
#5036 = VERTEX_POINT ( 'NONE', #3903 ) ;
#5037 = DIRECTION ( 'NONE',  ( -1.000000000000000000, 1.481484572605565909E-33, -0.000000000000000000 ) ) ;
#5038 = ORIENTED_EDGE ( 'NONE', *, *, #6154, .F. ) ;
#5039 = CARTESIAN_POINT ( 'NONE',  ( 24.52945112611145007, 18.70240095082415621, -29.58465042117882504 ) ) ;
#5040 = AXIS2_PLACEMENT_3D ( 'NONE', #6697, #1089, #3571 ) ;
#5041 = CYLINDRICAL_SURFACE ( 'NONE', #31, 4.999999999999998224 ) ;
#5042 = DIRECTION ( 'NONE',  ( 1.546978222286289908E-16, -0.9510565162951533091, -0.3090169943749482284 ) ) ;
#5043 = DIRECTION ( 'NONE',  ( 0.000000000000000000, 0.5877852522924748024, -0.8090169943749462300 ) ) ;
#5044 = AXIS2_PLACEMENT_3D ( 'NONE', #7630, #4508, #6395 ) ;
#5045 = CARTESIAN_POINT ( 'NONE',  ( 16.50278156089890302, -9.738841941904869515, -33.61914109541998386 ) ) ;
#5046 = VERTEX_POINT ( 'NONE', #6491 ) ;
#5047 = FACE_OUTER_BOUND ( 'NONE', #1935, .T. ) ;
#5048 = DIRECTION ( 'NONE',  ( 0.9063077870366491595, -0.3419053558814291183, 0.2484087816006610716 ) ) ;
#5049 = EDGE_CURVE ( 'NONE', #7159, #1758, #267, .T. ) ;
#5050 = AXIS2_PLACEMENT_3D ( 'NONE', #6652, #2211, #1570 ) ;
#5051 = ORIENTED_EDGE ( 'NONE', *, *, #3370, .T. ) ;
#5052 = EDGE_CURVE ( 'NONE', #3266, #7799, #6856, .T. ) ;
#5053 = ORIENTED_EDGE ( 'NONE', *, *, #807, .T. ) ;
#5054 = FACE_OUTER_BOUND ( 'NONE', #7019, .T. ) ;
#5055 = ORIENTED_EDGE ( 'NONE', *, *, #5619, .F. ) ;
#5056 =( BOUNDED_CURVE ( )  B_SPLINE_CURVE ( 3, ( #3357, #1554, #5978, #5863 ),
 .UNSPECIFIED., .F., .F. ) 
 B_SPLINE_CURVE_WITH_KNOTS ( ( 4, 4 ),
 ( 1.552883144289288753, 1.684621253977660382 ),
 .UNSPECIFIED. ) 
 CURVE ( )  GEOMETRIC_REPRESENTATION_ITEM ( )  RATIONAL_B_SPLINE_CURVE ( ( 1.000000000000000000, 0.9985542787012120503, 0.9985542787012120503, 1.000000000000000000 ) ) 
 REPRESENTATION_ITEM ( '' )  );
#5057 = CYLINDRICAL_SURFACE ( 'NONE', #6225, 5.000000000000001776 ) ;
#5058 = DIRECTION ( 'NONE',  ( -0.000000000000000000, -3.491481338843133355E-15, 1.000000000000000000 ) ) ;
#5059 = AXIS2_PLACEMENT_3D ( 'NONE', #6762, #1712, #4295 ) ;
#5060 = DIRECTION ( 'NONE',  ( 0.000000000000000000, -0.3090169943749553894, 0.9510565162951509777 ) ) ;
#5061 = EDGE_CURVE ( 'NONE', #7077, #3229, #802, .T. ) ;
#5062 = LINE ( 'NONE', #3203, #2272 ) ;
#5063 = CARTESIAN_POINT ( 'NONE',  ( 24.99999999999999289, -38.14637571391016024, 12.04024656238830104 ) ) ;
#5064 = CARTESIAN_POINT ( 'NONE',  ( 16.05646280002829940, 6.466612530196576003, 34.39783874677767983 ) ) ;
#5065 = DIRECTION ( 'NONE',  ( 1.000000000000000000, -1.481484572605566251E-33, 0.000000000000000000 ) ) ;
#5066 = ORIENTED_EDGE ( 'NONE', *, *, #2978, .T. ) ;
#5067 = EDGE_CURVE ( 'NONE', #7375, #7176, #4103, .T. ) ;
#5068 = VERTEX_POINT ( 'NONE', #7838 ) ;
#5069 = VECTOR ( 'NONE', #947, 1000.000000000000114 ) ;
#5070 = CARTESIAN_POINT ( 'NONE',  ( 15.18862017184826563, -34.84006034735746482, -3.347831609037171141 ) ) ;
#5071 = LINE ( 'NONE', #3820, #5809 ) ;
#5072 = CARTESIAN_POINT ( 'NONE',  ( 24.99999999999999289, -23.78398686302804066, 32.16264115848087357 ) ) ;
#5073 = ORIENTED_EDGE ( 'NONE', *, *, #7463, .T. ) ;
#5074 = ORIENTED_EDGE ( 'NONE', *, *, #2276, .F. ) ;
#5075 = EDGE_CURVE ( 'NONE', #263, #5380, #4687, .T. ) ;
#5076 = CARTESIAN_POINT ( 'NONE',  ( 23.70474528246981905, -31.84314817589949698, 14.52631798659619733 ) ) ;
#5077 = EDGE_LOOP ( 'NONE', ( #735, #3056, #2148, #3836 ) ) ;
#5078 = CARTESIAN_POINT ( 'NONE',  ( 24.99999999999999289, -34.43119604009788048, -6.284324884054633742 ) ) ;
#5079 = EDGE_CURVE ( 'NONE', #4120, #1539, #1568, .T. ) ;
#5080 = ORIENTED_EDGE ( 'NONE', *, *, #1170, .T. ) ;
#5081 = DIRECTION ( 'NONE',  ( 2.774301387623310764E-17, 0.3090169943749581649, -0.9510565162951500895 ) ) ;
#5082 = ORIENTED_EDGE ( 'NONE', *, *, #661, .F. ) ;
#5083 = DIRECTION ( 'NONE',  ( -0.000000000000000000, 0.5877852522924713607, 0.8090169943749486725 ) ) ;
#5084 = LINE ( 'NONE', #3139, #7023 ) ;
#5085 = FACE_OUTER_BOUND ( 'NONE', #6625, .T. ) ;
#5086 = ORIENTED_EDGE ( 'NONE', *, *, #3728, .F. ) ;
#5087 = CARTESIAN_POINT ( 'NONE',  ( 29.24696709544754114, -6.291816232269005422E-33, 0.000000000000000000 ) ) ;
#5088 = CARTESIAN_POINT ( 'NONE',  ( 16.29525471753020582, -34.73334048174631761, -4.312198856625536258 ) ) ;
#5089 = ORIENTED_EDGE ( 'NONE', *, *, #4401, .F. ) ;
#5090 = DIRECTION ( 'NONE',  ( 0.5735764363510450492, 0.7790598895575397975, 0.2531319026622872448 ) ) ;
#5091 = ORIENTED_EDGE ( 'NONE', *, *, #5804, .F. ) ;
#5092 = CARTESIAN_POINT ( 'NONE',  ( 22.86788218175522047, 39.99999999999997868, -0.2900044396689676618 ) ) ;
#5093 = APPLICATION_CONTEXT ( 'automotive_design' ) ;
#5094 = ORIENTED_EDGE ( 'NONE', *, *, #6068, .F. ) ;
#5095 = ADVANCED_FACE ( 'NONE', ( #5993 ), #349, .T. ) ;
#5096 = CARTESIAN_POINT ( 'NONE',  ( 16.29525471753018451, -4.312198856625667709, 34.70126890051031410 ) ) ;
#5097 = FACE_OUTER_BOUND ( 'NONE', #4528, .T. ) ;
#5098 = CARTESIAN_POINT ( 'NONE',  ( 15.36021751530111601, 30.88472771195875666, -16.46635330131272212 ) ) ;
#5099 = CARTESIAN_POINT ( 'NONE',  ( 24.75193471525578204, -2.817487325059593761, -34.88692249060358108 ) ) ;
#5100 = CARTESIAN_POINT ( 'NONE',  ( 16.10548734941335169, 27.35796542439704027, 21.83036074892688205 ) ) ;
#5101 = CARTESIAN_POINT ( 'NONE',  ( 16.50278156089884973, -21.47410881462480958, 27.63972396716030389 ) ) ;
#5102 = ORIENTED_EDGE ( 'NONE', *, *, #7317, .F. ) ;
#5103 = ORIENTED_EDGE ( 'NONE', *, *, #7105, .T. ) ;
#5104 = EDGE_CURVE ( 'NONE', #1942, #3578, #4218, .T. ) ;
#5105 = DIRECTION ( 'NONE',  ( 1.000000000000000000, -1.072118069236030918E-16, 3.299640131595842622E-16 ) ) ;
#5106 = FACE_OUTER_BOUND ( 'NONE', #1037, .T. ) ;
#5107 = EDGE_CURVE ( 'NONE', #18, #7899, #4777, .T. ) ;
#5108 = ORIENTED_EDGE ( 'NONE', *, *, #2837, .F. ) ;
#5109 = ORIENTED_EDGE ( 'NONE', *, *, #7155, .F. ) ;
#5110 = ORIENTED_EDGE ( 'NONE', *, *, #2926, .T. ) ;
#5111 = CARTESIAN_POINT ( 'NONE',  ( 24.45953615552161864, 19.94279231969289867, -34.95343235255605663 ) ) ;
#5112 = EDGE_CURVE ( 'NONE', #7036, #7522, #4192, .T. ) ;
#5113 = ORIENTED_EDGE ( 'NONE', *, *, #6099, .F. ) ;
#5114 = CARTESIAN_POINT ( 'NONE',  ( 25.00000000000000000, 1.782929408355213408, -1.159767821017628173E-13 ) ) ;
#5115 = EDGE_CURVE ( 'NONE', #3243, #5783, #3003, .T. ) ;
#5116 = ORIENTED_EDGE ( 'NONE', *, *, #3428, .F. ) ;
#5117 = CARTESIAN_POINT ( 'NONE',  ( 16.29525471753020227, 34.70126890051032831, 4.312198856625538035 ) ) ;
#5118 = EDGE_LOOP ( 'NONE', ( #4958, #5091, #2691, #814 ) ) ;
#5119 = ORIENTED_EDGE ( 'NONE', *, *, #1673, .T. ) ;
#5120 = LINE ( 'NONE', #7616, #7483 ) ;
#5121 = DIRECTION ( 'NONE',  ( 0.000000000000000000, 0.3090169943749553894, -0.9510565162951509777 ) ) ;
#5122 = LINE ( 'NONE', #3874, #6887 ) ;
#5123 = ORIENTED_EDGE ( 'NONE', *, *, #7743, .T. ) ;
#5124 = CARTESIAN_POINT ( 'NONE',  ( 23.70474528246986523, 31.84314817589958935, -14.52631798659601792 ) ) ;
#5125 = CARTESIAN_POINT ( 'NONE',  ( 15.54046384447848972, 24.22350489953470287, -25.26305227762904693 ) ) ;
#5126 = VERTEX_POINT ( 'NONE', #4243 ) ;
#5127 = ORIENTED_EDGE ( 'NONE', *, *, #248, .T. ) ;
#5128 = CARTESIAN_POINT ( 'NONE',  ( -7.499999999999999112, 4.814824860968089633E-32, 0.000000000000000000 ) ) ;
#5129 = AXIS2_PLACEMENT_3D ( 'NONE', #3634, #4044, #6715 ) ;
#5130 = EDGE_LOOP ( 'NONE', ( #5228, #3721, #6569, #3688, #1142, #1007, #3190, #6450, #2398, #3393 ) ) ;
#5131 = CIRCLE ( 'NONE', #1579, 35.00000000000000000 ) ;
#5132 = PLANE ( 'NONE',  #5044 ) ;
#5133 = CARTESIAN_POINT ( 'NONE',  ( 24.99999999999999289, 4.385764661113825014, 34.72412804286560828 ) ) ;
#5134 = LINE ( 'NONE', #712, #20 ) ;
#5135 = VECTOR ( 'NONE', #368, 1000.000000000000000 ) ;
#5136 = CARTESIAN_POINT ( 'NONE',  ( 15.54046384447845597, -7.845084767479755250, -39.50946640995969972 ) ) ;
#5137 = VECTOR ( 'NONE', #3, 1000.000000000000000 ) ;
#5138 =( BOUNDED_CURVE ( )  B_SPLINE_CURVE ( 3, ( #91, #5010, #126, #5125 ),
 .UNSPECIFIED., .F., .F. ) 
 B_SPLINE_CURVE_WITH_KNOTS ( ( 4, 4 ),
 ( 1.427448757889531183, 1.434720266952592693 ),
 .UNSPECIFIED. ) 
 CURVE ( )  GEOMETRIC_REPRESENTATION_ITEM ( )  RATIONAL_B_SPLINE_CURVE ( ( 1.000000000000000000, 0.9999955937678493001, 0.9999955937678493001, 1.000000000000000000 ) ) 
 REPRESENTATION_ITEM ( '' )  );
#5139 = DIRECTION ( 'NONE',  ( 6.938893903907229364E-16, 0.9510565162951523099, 0.3090169943749515591 ) ) ;
#5140 = CARTESIAN_POINT ( 'NONE',  ( 17.13211781824487545, -27.94255299148073490, -21.07637853897797342 ) ) ;
#5141 = ORIENTED_EDGE ( 'NONE', *, *, #1803, .F. ) ;
#5142 = AXIS2_PLACEMENT_3D ( 'NONE', #293, #7708, #5862 ) ;
#5143 = CARTESIAN_POINT ( 'NONE',  ( 25.00000000000000000, 23.95577701367127688, 15.20106884403497283 ) ) ;
#5144 = AXIS2_PLACEMENT_3D ( 'NONE', #2045, #7027, #3974 ) ;
#5145 = DIRECTION ( 'NONE',  ( -0.000000000000000000, -0.3090169943749515591, 0.9510565162951521989 ) ) ;
#5146 = FACE_OUTER_BOUND ( 'NONE', #5188, .T. ) ;
#5147 = CARTESIAN_POINT ( 'NONE',  ( 15.00000000000007105, 36.49717567993136669, 17.11596235647368758 ) ) ;
#5148 = LINE ( 'NONE', #2016, #55 ) ;
#5149 = ADVANCED_FACE ( 'NONE', ( #1096 ), #1006, .T. ) ;
#5150 = EDGE_CURVE ( 'NONE', #6751, #544, #77, .T. ) ;
#5151 = VECTOR ( 'NONE', #3735, 999.9999999999998863 ) ;
#5152 = ORIENTED_EDGE ( 'NONE', *, *, #1636, .F. ) ;
#5153 = ORIENTED_EDGE ( 'NONE', *, *, #5247, .T. ) ;
#5154 = LINE ( 'NONE', #309, #1749 ) ;
#5155 = VERTEX_POINT ( 'NONE', #2867 ) ;
#5156 = FACE_OUTER_BOUND ( 'NONE', #6559, .T. ) ;
#5157 = ADVANCED_FACE ( 'NONE', ( #485 ), #5509, .T. ) ;
#5158 = ORIENTED_EDGE ( 'NONE', *, *, #5696, .T. ) ;
#5159 = EDGE_CURVE ( 'NONE', #3351, #6287, #7368, .T. ) ;
#5160 = CYLINDRICAL_SURFACE ( 'NONE', #7915, 5.000000000000001776 ) ;
#5161 = ORIENTED_EDGE ( 'NONE', *, *, #4604, .T. ) ;
#5162 = AXIS2_PLACEMENT_3D ( 'NONE', #6948, #1329, #142 ) ;
#5163 = CARTESIAN_POINT ( 'NONE',  ( 16.29525471753020938, 34.36591252768467797, -6.632047658116259292 ) ) ;
#5164 = CARTESIAN_POINT ( 'NONE',  ( 24.01831258142419045, -33.69431333495134595, -9.472098316839376864 ) ) ;
#5165 = ORIENTED_EDGE ( 'NONE', *, *, #3036, .T. ) ;
#5166 = AXIS2_PLACEMENT_3D ( 'NONE', #6173, #4985, #6829 ) ;
#5167 = ORIENTED_EDGE ( 'NONE', *, *, #4654, .F. ) ;
#5168 = EDGE_CURVE ( 'NONE', #5347, #2803, #2835, .T. ) ;
#5169 = CARTESIAN_POINT ( 'NONE',  ( 24.99999999999999289, 16.86217221814201395, -30.67029748935800981 ) ) ;
#5170 = CIRCLE ( 'NONE', #6223, 35.00000000000000000 ) ;
#5171 = EDGE_LOOP ( 'NONE', ( #2893, #358, #600, #5190 ) ) ;
#5172 = LINE ( 'NONE', #5856, #8054 ) ;
#5173 = VECTOR ( 'NONE', #2897, 1000.000000000000114 ) ;
#5174 = CARTESIAN_POINT ( 'NONE',  ( 22.86788218175522758, 33.19621908895816631, -11.09103413563813412 ) ) ;
#5175 = LINE ( 'NONE', #100, #7201 ) ;
#5176 = APPLICATION_PROTOCOL_DEFINITION ( 'draft international standard', 'automotive_design', 1998, #6342 ) ;
#5177 = VECTOR ( 'NONE', #3498, 1000.000000000000227 ) ;
#5178 = DIRECTION ( 'NONE',  ( -2.152285125695555377E-16, -0.9510565162951555296, 0.3090169943749410120 ) ) ;
#5179 = CARTESIAN_POINT ( 'NONE',  ( 15.54046384447845597, -4.747977570363955735, 34.67645756116564115 ) ) ;
#5180 = CARTESIAN_POINT ( 'NONE',  ( 15.65363052717492742, -26.93933357584124622, -22.34510450596746978 ) ) ;
#5181 = ORIENTED_EDGE ( 'NONE', *, *, #443, .F. ) ;
#5182 = CARTESIAN_POINT ( 'NONE',  ( 15.00000000000007105, 27.55649506357400824, -29.42175351353517598 ) ) ;
#5183 = DIRECTION ( 'NONE',  ( 0.000000000000000000, -0.000000000000000000, 1.000000000000000000 ) ) ;
#5184 = DIRECTION ( 'NONE',  ( -0.000000000000000000, -0.9510565162951533091, -0.3090169943749481174 ) ) ;
#5185 = CARTESIAN_POINT ( 'NONE',  ( -7.500000000000000000, 4.814824860968089633E-32, 0.000000000000000000 ) ) ;
#5186 = EDGE_LOOP ( 'NONE', ( #1562, #4724, #7074, #5103 ) ) ;
#5187 = VECTOR ( 'NONE', #2090, 999.9999999999998863 ) ;
#5188 = EDGE_LOOP ( 'NONE', ( #2489, #656, #7479, #489 ) ) ;
#5189 = DIRECTION ( 'NONE',  ( -1.551772721710898565E-47, -1.047444401652940164E-14, 1.000000000000000000 ) ) ;
#5190 = ORIENTED_EDGE ( 'NONE', *, *, #5107, .T. ) ;
#5191 = EDGE_CURVE ( 'NONE', #2600, #8010, #3452, .T. ) ;
#5192 = CARTESIAN_POINT ( 'NONE',  ( 24.45953615552158311, 27.08002786370527559, 29.76792719743952986 ) ) ;
#5193 = CARTESIAN_POINT ( 'NONE',  ( 25.00000000000000000, 31.10684191460924097, -11.98190854702840547 ) ) ;
#5194 = ORIENTED_EDGE ( 'NONE', *, *, #2490, .F. ) ;
#5195 = CARTESIAN_POINT ( 'NONE',  ( 17.13211781824485769, 0.6269278581194376310, -39.99999999999996447 ) ) ;
#5196 = VERTEX_POINT ( 'NONE', #6139 ) ;
#5197 = ADVANCED_FACE ( 'NONE', ( #4110 ), #357, .F. ) ;
#5198 = ORIENTED_EDGE ( 'NONE', *, *, #4859, .T. ) ;
#5199 = DIRECTION ( 'NONE',  ( 0.4226182617407007736, 0.8619499266302483864, -0.2800645083286670833 ) ) ;
#5200 = EDGE_CURVE ( 'NONE', #4120, #4535, #7415, .T. ) ;
#5201 = LINE ( 'NONE', #3308, #3949 ) ;
#5202 = ORIENTED_EDGE ( 'NONE', *, *, #1202, .F. ) ;
#5203 = FACE_OUTER_BOUND ( 'NONE', #3384, .T. ) ;
#5204 = ORIENTED_EDGE ( 'NONE', *, *, #7473, .T. ) ;
#5205 = EDGE_CURVE ( 'NONE', #1661, #8055, #2198, .T. ) ;
#5206 = FACE_OUTER_BOUND ( 'NONE', #4703, .T. ) ;
#5207 = CARTESIAN_POINT ( 'NONE',  ( 15.00000000000007105, -5.949380111716600972, -34.49064911372807529 ) ) ;
#5208 = LINE ( 'NONE', #7706, #5763 ) ;
#5209 = EDGE_CURVE ( 'NONE', #3547, #3569, #526, .T. ) ;
#5210 = CARTESIAN_POINT ( 'NONE',  ( 24.95238900918759484, 7.344392916882961586, -34.22295765798104128 ) ) ;
#5211 = DIRECTION ( 'NONE',  ( 0.000000000000000000, -1.000000000000000000, 0.000000000000000000 ) ) ;
#5212 = CARTESIAN_POINT ( 'NONE',  ( 24.99999999999999645, 7.925830406131910699, -39.48323056157681066 ) ) ;
#5213 = CARTESIAN_POINT ( 'NONE',  ( 17.13211781824483992, 31.99218082574418176, 24.01860538316432070 ) ) ;
#5214 = VERTEX_POINT ( 'NONE', #7934 ) ;
#5215 = VECTOR ( 'NONE', #1080, 1000.000000000000227 ) ;
#5216 = ADVANCED_FACE ( 'NONE', ( #4825 ), #7326, .F. ) ;
#5217 = DIRECTION ( 'NONE',  ( 0.000000000000000000, 0.9510565162951511997, 0.3090169943749548342 ) ) ;
#5218 = CARTESIAN_POINT ( 'NONE',  ( 24.45953615552161864, 34.72092454513393989, -4.411054151913809562 ) ) ;
#5219 = FACE_OUTER_BOUND ( 'NONE', #3588, .T. ) ;
#5220 = CARTESIAN_POINT ( 'NONE',  ( 25.00000000000000000, -14.05634640690801085, -37.49130516485363529 ) ) ;
#5221 = ORIENTED_EDGE ( 'NONE', *, *, #2239, .T. ) ;
#5222 = VERTEX_POINT ( 'NONE', #1184 ) ;
#5223 = CARTESIAN_POINT ( 'NONE',  ( 15.00000000000007105, 7.605397193522009047, 39.58734562368088206 ) ) ;
#5224 = EDGE_CURVE ( 'NONE', #7449, #1230, #7761, .T. ) ;
#5225 = CARTESIAN_POINT ( 'NONE',  ( 24.99999999999999645, -29.61979213005256284, 27.28391829224451115 ) ) ;
#5226 = ORIENTED_EDGE ( 'NONE', *, *, #4625, .T. ) ;
#5227 = PLANE ( 'NONE',  #1070 ) ;
#5228 = ORIENTED_EDGE ( 'NONE', *, *, #1197, .T. ) ;
#5229 = EDGE_CURVE ( 'NONE', #448, #4965, #728, .T. ) ;
#5230 = ORIENTED_EDGE ( 'NONE', *, *, #1588, .T. ) ;
#5231 = CARTESIAN_POINT ( 'NONE',  ( 15.04754234242349042, -3.927963088706881933, 34.78106139745685965 ) ) ;
#5232 = CARTESIAN_POINT ( 'NONE',  ( 13.42737253577495515, 37.97537743529598231, 12.56652514936444653 ) ) ;
#5233 = EDGE_CURVE ( 'NONE', #3777, #6751, #6224, .T. ) ;
#5234 = ADVANCED_FACE ( 'NONE', ( #6793 ), #3747, .T. ) ;
#5235 = AXIS2_PLACEMENT_3D ( 'NONE', #7055, #2587, #7514 ) ;
#5236 = EDGE_LOOP ( 'NONE', ( #7937, #6177, #2146, #4209 ) ) ;
#5237 = ORIENTED_EDGE ( 'NONE', *, *, #1588, .F. ) ;
#5238 = LINE ( 'NONE', #7699, #8062 ) ;
#5239 = CARTESIAN_POINT ( 'NONE',  ( 24.45953615552161864, -16.83982962158317775, 30.68257059498193229 ) ) ;
#5240 = ORIENTED_EDGE ( 'NONE', *, *, #697, .F. ) ;
#5241 = ADVANCED_FACE ( 'NONE', ( #5596 ), #1943, .T. ) ;
#5242 = DIRECTION ( 'NONE',  ( -0.4226182617407008846, -0.8619499266302482754, 0.2800645083286670833 ) ) ;
#5243 = AXIS2_PLACEMENT_3D ( 'NONE', #13, #3925, #1320 ) ;
#5244 = CARTESIAN_POINT ( 'NONE',  ( 15.98126570279175596, -19.13866104029195370, -29.30425040664568925 ) ) ;
#5245 = FACE_OUTER_BOUND ( 'NONE', #3920, .T. ) ;
#5246 = DIRECTION ( 'NONE',  ( -0.9063077870366492705, -0.2484087816006623206, -0.3419053558814280080 ) ) ;
#5247 = EDGE_CURVE ( 'NONE', #4142, #5266, #6574, .T. ) ;
#5248 = LINE ( 'NONE', #5779, #5013 ) ;
#5249 = DIRECTION ( 'NONE',  ( 1.650596486501152734E-16, -0.5877852522924713607, -0.8090169943749486725 ) ) ;
#5250 = CIRCLE ( 'NONE', #3554, 5.000000000000002665 ) ;
#5251 = CARTESIAN_POINT ( 'NONE',  ( 15.98126570279172931, -21.95582679335325693, 27.25745967860640917 ) ) ;
#5252 = VECTOR ( 'NONE', #4537, 1000.000000000000000 ) ;
#5253 = ORIENTED_EDGE ( 'NONE', *, *, #3428, .T. ) ;
#5254 = EDGE_CURVE ( 'NONE', #520, #2942, #1357, .T. ) ;
#5255 = CARTESIAN_POINT ( 'NONE',  ( 24.99999999999999289, -15.15402362178690865, -31.54925622055652212 ) ) ;
#5256 = CARTESIAN_POINT ( 'NONE',  ( 22.86788218175524179, 33.37545168956182096, 10.53941291143514647 ) ) ;
#5257 = CARTESIAN_POINT ( 'NONE',  ( 15.00000000000007105, 34.49064911372810371, -5.949380111716481068 ) ) ;
#5258 = CIRCLE ( 'NONE', #6302, 5.000000000000000888 ) ;
#5259 = LINE ( 'NONE', #227, #6237 ) ;
#5260 = CIRCLE ( 'NONE', #6185, 5.000000000000000888 ) ;
#5261 =( BOUNDED_CURVE ( )  B_SPLINE_CURVE ( 3, ( #1768, #3598, #4885, #5974 ),
 .UNSPECIFIED., .F., .F. ) 
 B_SPLINE_CURVE_WITH_KNOTS ( ( 4, 4 ),
 ( 4.704103044437397685, 4.835908513616246296 ),
 .UNSPECIFIED. ) 
 CURVE ( )  GEOMETRIC_REPRESENTATION_ITEM ( )  RATIONAL_B_SPLINE_CURVE ( ( 1.000000000000000000, 0.9985528004245092237, 0.9985528004245092237, 1.000000000000000000 ) ) 
 REPRESENTATION_ITEM ( '' )  );
#5262 = ORIENTED_EDGE ( 'NONE', *, *, #5483, .T. ) ;
#5263 = ORIENTED_EDGE ( 'NONE', *, *, #3629, .T. ) ;
#5264 = CARTESIAN_POINT ( 'NONE',  ( 24.99999999999999645, 4.663076581549830735, 39.99999999999999289 ) ) ;
#5265 = ORIENTED_EDGE ( 'NONE', *, *, #2180, .F. ) ;
#5266 = VERTEX_POINT ( 'NONE', #6179 ) ;
#5267 = AXIS2_PLACEMENT_3D ( 'NONE', #1021, #3504, #5977 ) ;
#5268 = CARTESIAN_POINT ( 'NONE',  ( 15.00000000000006573, 1.481484572605556398E-32, 0.000000000000000000 ) ) ;
#5269 = VECTOR ( 'NONE', #6869, 1000.000000000000000 ) ;
#5270 = PRODUCT ( 'Estator', 'Estator', '', ( #6983 ) ) ;
#5271 = EDGE_CURVE ( 'NONE', #2866, #1845, #6289, .T. ) ;
#5272 = CARTESIAN_POINT ( 'NONE',  ( 23.94355495384400356, 14.67944299547584386, 31.77329507725488256 ) ) ;
#5273 = DIRECTION ( 'NONE',  ( -1.000000000000000000, 1.481484572605565909E-33, -0.000000000000000000 ) ) ;
#5274 = VECTOR ( 'NONE', #7223, 1000.000000000000000 ) ;
#5275 = CARTESIAN_POINT ( 'NONE',  ( 16.29525471753018806, -4.312198856625665044, 34.73334048174630340 ) ) ;
#5276 = ORIENTED_EDGE ( 'NONE', *, *, #7116, .T. ) ;
#5277 = CARTESIAN_POINT ( 'NONE',  ( 24.99999999999999645, -39.48323056157683197, -7.925830406131772143 ) ) ;
#5278 = VECTOR ( 'NONE', #3532, 1000.000000000000000 ) ;
#5279 = ORIENTED_EDGE ( 'NONE', *, *, #6089, .T. ) ;
#5280 = CARTESIAN_POINT ( 'NONE',  ( 15.00000000000006573, -4.722688079564115959, 34.67991086065740092 ) ) ;
#5281 = CARTESIAN_POINT ( 'NONE',  ( 24.99999999999999645, 16.53178983488721698, 36.68698483819287759 ) ) ;
#5282 =( GEOMETRIC_REPRESENTATION_CONTEXT ( 3 ) GLOBAL_UNCERTAINTY_ASSIGNED_CONTEXT ( ( #3755 ) ) GLOBAL_UNIT_ASSIGNED_CONTEXT ( ( #1821, #1207, #7474 ) ) REPRESENTATION_CONTEXT ( 'NONE', 'WORKASPACE' ) );
#5283 = ORIENTED_EDGE ( 'NONE', *, *, #6593, .F. ) ;
#5284 = DIRECTION ( 'NONE',  ( 0.000000000000000000, 0.000000000000000000, 1.000000000000000000 ) ) ;
#5285 = CARTESIAN_POINT ( 'NONE',  ( 24.99999999999999289, 12.68111298760765848, -37.93814558970202455 ) ) ;
#5286 = ORIENTED_EDGE ( 'NONE', *, *, #2878, .T. ) ;
#5287 = DIRECTION ( 'NONE',  ( 0.000000000000000000, -1.000000000000000000, 0.000000000000000000 ) ) ;
#5288 = ADVANCED_FACE ( 'NONE', ( #4441 ), #2439, .F. ) ;
#5289 = LINE ( 'NONE', #4040, #808 ) ;
#5290 = LINE ( 'NONE', #2158, #6828 ) ;
#5291 = CARTESIAN_POINT ( 'NONE',  ( 20.00000000000007461, -36.58286977608874935, -16.85222304749692412 ) ) ;
#5292 = ORIENTED_EDGE ( 'NONE', *, *, #4584, .T. ) ;
#5293 = VERTEX_POINT ( 'NONE', #5111 ) ;
#5294 = VECTOR ( 'NONE', #1983, 1000.000000000000227 ) ;
#5295 = DIRECTION ( 'NONE',  ( 1.000000000000000000, -1.072118069236030918E-16, 3.299640131595842622E-16 ) ) ;
#5296 = CARTESIAN_POINT ( 'NONE',  ( 16.80065191590787066, -34.99022670979994132, -0.8590227815948385803 ) ) ;
#5297 = EDGE_CURVE ( 'NONE', #3331, #2826, #7534, .T. ) ;
#5298 = CARTESIAN_POINT ( 'NONE',  ( 17.13211781824487190, 21.07637853897807645, -27.94255299148065674 ) ) ;
#5299 = DIRECTION ( 'NONE',  ( 0.5735764363510453823, -0.4814854910183014036, 0.6627079248067737627 ) ) ;
#5300 = ORIENTED_EDGE ( 'NONE', *, *, #1390, .F. ) ;
#5301 = ORIENTED_EDGE ( 'NONE', *, *, #5200, .T. ) ;
#5302 = ADVANCED_FACE ( 'NONE', ( #6839 ), #4955, .F. ) ;
#5303 = AXIS2_PLACEMENT_3D ( 'NONE', #6746, #5033, #8016 ) ;
#5304 = CARTESIAN_POINT ( 'NONE',  ( 15.98126570279175063, 34.95705929450347327, 1.741104187333807118 ) ) ;
#5305 = CARTESIAN_POINT ( 'NONE',  ( 15.00000000000007283, -39.99999999999997868, 0.000000000000000000 ) ) ;
#5306 = ORIENTED_EDGE ( 'NONE', *, *, #5549, .F. ) ;
#5307 =( BOUNDED_CURVE ( )  B_SPLINE_CURVE ( 3, ( #6109, #8033, #3497, #6667 ),
 .UNSPECIFIED., .F., .F. ) 
 B_SPLINE_CURVE_WITH_KNOTS ( ( 4, 4 ),
 ( 1.552883144289289641, 1.684621253977660382 ),
 .UNSPECIFIED. ) 
 CURVE ( )  GEOMETRIC_REPRESENTATION_ITEM ( )  RATIONAL_B_SPLINE_CURVE ( ( 1.000000000000000000, 0.9985542787012120503, 0.9985542787012120503, 1.000000000000000000 ) ) 
 REPRESENTATION_ITEM ( '' )  );
#5308 = CARTESIAN_POINT ( 'NONE',  ( 23.19917531777618436, -10.31819859179577747, 33.44530749490903077 ) ) ;
#5309 = VERTEX_POINT ( 'NONE', #1269 ) ;
#5310 = ADVANCED_FACE ( 'NONE', ( #570 ), #3053, .T. ) ;
#5311 = ORIENTED_EDGE ( 'NONE', *, *, #4493, .F. ) ;
#5312 = ORIENTED_EDGE ( 'NONE', *, *, #7949, .F. ) ;
#5313 = ORIENTED_EDGE ( 'NONE', *, *, #2978, .F. ) ;
#5314 = CYLINDRICAL_SURFACE ( 'NONE', #3939, 35.00000000000000000 ) ;
#5315 = VERTEX_POINT ( 'NONE', #7608 ) ;
#5316 = LINE ( 'NONE', #5927, #6476 ) ;
#5317 = DIRECTION ( 'NONE',  ( 0.000000000000000000, 1.000000000000000000, 0.000000000000000000 ) ) ;
#5318 = ORIENTED_EDGE ( 'NONE', *, *, #5563, .T. ) ;
#5319 = DIRECTION ( 'NONE',  ( 0.000000000000000000, 1.000000000000000000, 0.000000000000000000 ) ) ;
#5320 = CARTESIAN_POINT ( 'NONE',  ( 15.00000000000007283, 4.189777606611758007E-13, -39.99999999999997868 ) ) ;
#5321 = DIRECTION ( 'NONE',  ( 0.000000000000000000, 0.000000000000000000, -1.000000000000000000 ) ) ;
#5322 = CARTESIAN_POINT ( 'NONE',  ( -7.500000000000000000, 4.814824860968089633E-32, 0.000000000000000000 ) ) ;
#5323 = DIRECTION ( 'NONE',  ( 1.591994415048440784E-17, 0.9510565162951533091, 0.3090169943749481174 ) ) ;
#5324 = ORIENTED_EDGE ( 'NONE', *, *, #3992, .T. ) ;
#5325 = ADVANCED_FACE ( 'NONE', ( #3097 ), #1336, .F. ) ;
#5326 = PLANE ( 'NONE',  #2371 ) ;
#5327 = FACE_OUTER_BOUND ( 'NONE', #7329, .T. ) ;
#5328 = DIRECTION ( 'NONE',  ( 1.481484572605566422E-33, 1.000000000000000000, 6.908276016444635571E-34 ) ) ;
#5329 = CARTESIAN_POINT ( 'NONE',  ( 15.04754234242351352, 14.48365394549437646, -31.86494773802515823 ) ) ;
#5330 = CARTESIAN_POINT ( 'NONE',  ( 24.99999999999999645, 8.189569715108913073, -39.39753646541932142 ) ) ;
#5331 = DIRECTION ( 'NONE',  ( 0.000000000000000000, -1.000000000000000000, 0.000000000000000000 ) ) ;
#5332 = DIRECTION ( 'NONE',  ( -0.000000000000000000, -1.000000000000000000, -0.000000000000000000 ) ) ;
#5333 = ORIENTED_EDGE ( 'NONE', *, *, #1766, .F. ) ;
#5334 = ORIENTED_EDGE ( 'NONE', *, *, #6610, .F. ) ;
#5335 = EDGE_CURVE ( 'NONE', #4576, #7587, #1998, .T. ) ;
#5336 = DIRECTION ( 'NONE',  ( -1.000000000000000000, 1.481484572605565909E-33, -0.000000000000000000 ) ) ;
#5337 = EDGE_CURVE ( 'NONE', #6764, #5929, #7765, .T. ) ;
#5338 = LINE ( 'NONE', #5419, #7409 ) ;
#5339 = EDGE_LOOP ( 'NONE', ( #1418, #6156, #4931, #6601 ) ) ;
#5340 = CARTESIAN_POINT ( 'NONE',  ( 15.00000000000008171, 31.03953718700037356, -16.71398031309009014 ) ) ;
#5341 = VERTEX_POINT ( 'NONE', #5555 ) ;
#5342 = EDGE_CURVE ( 'NONE', #4789, #1777, #6798, .T. ) ;
#5343 = CARTESIAN_POINT ( 'NONE',  ( 15.00000000000007283, -1.396592535537252585E-13, 39.99999999999997868 ) ) ;
#5344 = DIRECTION ( 'NONE',  ( 0.000000000000000000, 0.5877852522924684742, 0.8090169943749508930 ) ) ;
#5345 = EDGE_LOOP ( 'NONE', ( #4659, #609, #3414, #6240 ) ) ;
#5346 = ADVANCED_FACE ( 'NONE', ( #4743 ), #7198, .F. ) ;
#5347 = VERTEX_POINT ( 'NONE', #4909 ) ;
#5348 = CARTESIAN_POINT ( 'NONE',  ( 17.13211781824485058, -37.84852928940015460, -12.95692359970921359 ) ) ;
#5349 = EDGE_LOOP ( 'NONE', ( #120, #26, #4397, #7126 ) ) ;
#5350 = DIRECTION ( 'NONE',  ( -0.9063077870366491595, -0.4226182617407008846, 0.000000000000000000 ) ) ;
#5351 = DIRECTION ( 'NONE',  ( -0.000000000000000000, 3.491481338843133750E-15, -1.000000000000000000 ) ) ;
#5352 = ORIENTED_EDGE ( 'NONE', *, *, #5702, .F. ) ;
#5353 = EDGE_CURVE ( 'NONE', #2203, #2171, #3661, .T. ) ;
#5354 = DIRECTION ( 'NONE',  ( -6.938893903907227392E-16, 0.8090169943749487835, -0.5877852522924712497 ) ) ;
#5355 = DIRECTION ( 'NONE',  ( 0.5735764363510450492, 0.4814854910182918557, 0.6627079248067809791 ) ) ;
#5356 = CARTESIAN_POINT ( 'NONE',  ( 15.00000000000006573, -24.20507507021137528, 25.28071084533487323 ) ) ;
#5357 = DIRECTION ( 'NONE',  ( 0.000000000000000000, 1.000000000000000000, 0.000000000000000000 ) ) ;
#5358 = STYLED_ITEM ( 'NONE', ( #5579 ), #6998 ) ;
#5359 = LINE ( 'NONE', #979, #2381 ) ;
#5360 = ORIENTED_EDGE ( 'NONE', *, *, #5020, .F. ) ;
#5361 = CIRCLE ( 'NONE', #3271, 35.00000000000000000 ) ;
#5362 = CARTESIAN_POINT ( 'NONE',  ( 15.54046384447852880, -29.56988858092234906, -27.35260463503455952 ) ) ;
#5363 = CARTESIAN_POINT ( 'NONE',  ( 23.70474528246988655, -17.22329254607008764, 30.46897100120853707 ) ) ;
#5364 = DIRECTION ( 'NONE',  ( -0.4226182617407010511, 0.7332184018469972697, 0.5327143512579735063 ) ) ;
#5365 = FACE_OUTER_BOUND ( 'NONE', #3780, .T. ) ;
#5366 = AXIS2_PLACEMENT_3D ( 'NONE', #3103, #4448, #4999 ) ;
#5367 = LINE ( 'NONE', #949, #6079 ) ;
#5368 = LINE ( 'NONE', #4176, #165 ) ;
#5369 = CARTESIAN_POINT ( 'NONE',  ( 24.45953615552157956, 39.99999999999997868, -4.411054151913790022 ) ) ;
#5370 = DIRECTION ( 'NONE',  ( 0.000000000000000000, -0.5877852522924652545, -0.8090169943749531134 ) ) ;
#5371 = ORIENTED_EDGE ( 'NONE', *, *, #7038, .F. ) ;
#5372 = ORIENTED_EDGE ( 'NONE', *, *, #587, .F. ) ;
#5373 = DIRECTION ( 'NONE',  ( 6.755045332401276954E-17, -0.8090169943749507819, 0.5877852522924685852 ) ) ;
#5374 = VECTOR ( 'NONE', #5821, 1000.000000000000000 ) ;
#5375 = DIRECTION ( 'NONE',  ( 0.000000000000000000, -1.000000000000000000, 0.000000000000000000 ) ) ;
#5376 = EDGE_CURVE ( 'NONE', #5341, #1920, #5460, .T. ) ;
#5377 = ORIENTED_EDGE ( 'NONE', *, *, #6372, .F. ) ;
#5378 = CARTESIAN_POINT ( 'NONE',  ( 24.45953615552157956, -39.99999999999997868, 4.411054151913790911 ) ) ;
#5379 = VECTOR ( 'NONE', #8088, 1000.000000000000227 ) ;
#5380 = VERTEX_POINT ( 'NONE', #2431 ) ;
#5381 = CARTESIAN_POINT ( 'NONE',  ( 18.47620868754429679, -34.07432135907639292, 8.143013367473651343 ) ) ;
#5382 = CARTESIAN_POINT ( 'NONE',  ( 15.00000000000007105, 36.49717567993136669, 17.11596235647368758 ) ) ;
#5383 = ORIENTED_EDGE ( 'NONE', *, *, #6205, .F. ) ;
#5384 = VERTEX_POINT ( 'NONE', #562 ) ;
#5385 = AXIS2_PLACEMENT_3D ( 'NONE', #6752, #4824, #3530 ) ;
#5386 = EDGE_CURVE ( 'NONE', #3756, #3824, #1136, .T. ) ;
#5387 = VERTEX_POINT ( 'NONE', #2392 ) ;
#5388 = CYLINDRICAL_SURFACE ( 'NONE', #413, 35.00000000000000000 ) ;
#5389 = ADVANCED_FACE ( 'NONE', ( #5589 ), #7445, .T. ) ;
#5390 = DIRECTION ( 'NONE',  ( 6.938893903907230350E-16, 0.5877852522924685852, 0.8090169943749507819 ) ) ;
#5391 = EDGE_LOOP ( 'NONE', ( #7831, #2752, #222, #7777, #4776, #1060, #3686, #1755, #2454, #2553 ) ) ;
#5392 = CARTESIAN_POINT ( 'NONE',  ( 15.00000000000006928, -34.36997880317079535, 6.623313333993476881 ) ) ;
#5393 = VERTEX_POINT ( 'NONE', #4819 ) ;
#5394 = CARTESIAN_POINT ( 'NONE',  ( 15.38892734875747337, -13.42448363205874173, 32.32365832599190014 ) ) ;
#5395 = LINE ( 'NONE', #4260, #6968 ) ;
#5396 = CARTESIAN_POINT ( 'NONE',  ( 13.42737253577492851, -32.48789921278348203, 23.33630755759830677 ) ) ;
#5397 = CARTESIAN_POINT ( 'NONE',  ( 22.86788218175522758, 23.74602861183523217, 32.19021944226116716 ) ) ;
#5398 = EDGE_CURVE ( 'NONE', #5155, #54, #1792, .T. ) ;
#5399 = DIRECTION ( 'NONE',  ( -1.000000000000000000, 1.481484572605565909E-33, -0.000000000000000000 ) ) ;
#5400 = LINE ( 'NONE', #1022, #6711 ) ;
#5401 = ORIENTED_EDGE ( 'NONE', *, *, #7256, .T. ) ;
#5402 = DIRECTION ( 'NONE',  ( -1.481484572605565909E-33, -1.000000000000000000, 0.000000000000000000 ) ) ;
#5403 = ORIENTED_EDGE ( 'NONE', *, *, #6205, .T. ) ;
#5404 = CARTESIAN_POINT ( 'NONE',  ( 8.033763659851169692, 28.03376365985115015, 0.000000000000000000 ) ) ;
#5405 = LINE ( 'NONE', #2293, #7403 ) ;
#5406 = DIRECTION ( 'NONE',  ( 1.526556658859590243E-16, 0.9510565162951576390, -0.3090169943749350723 ) ) ;
#5407 = CARTESIAN_POINT ( 'NONE',  ( 15.00000000000006573, 1.481484572605556398E-32, 0.000000000000000000 ) ) ;
#5408 = DIRECTION ( 'NONE',  ( -0.4226182617407009401, 0.000000000000000000, -0.9063077870366492705 ) ) ;
#5409 = AXIS2_PLACEMENT_3D ( 'NONE', #5410, #2951, #6128 ) ;
#5410 = CARTESIAN_POINT ( 'NONE',  ( 0.000000000000000000, 32.36067977499784831, 23.51141009169895568 ) ) ;
#5411 = DIRECTION ( 'NONE',  ( 1.408975556567266867E-33, 0.9510565162951555296, -0.3090169943749411785 ) ) ;
#5412 = CARTESIAN_POINT ( 'NONE',  ( 15.75577990824708330, 34.93901340816768197, 2.071902597725592710 ) ) ;
#5413 = DIRECTION ( 'NONE',  ( -0.9063077870366492705, 0.000000000000000000, -0.4226182617407007736 ) ) ;
#5414 = VERTEX_POINT ( 'NONE', #4182 ) ;
#5415 = VECTOR ( 'NONE', #2471, 1000.000000000000000 ) ;
#5416 = ORIENTED_EDGE ( 'NONE', *, *, #7664, .T. ) ;
#5417 = CIRCLE ( 'NONE', #6087, 35.00000000000000000 ) ;
#5418 = CARTESIAN_POINT ( 'NONE',  ( 20.00000000000006750, 4.722688079563809538, 17.11596235647335718 ) ) ;
#5419 = CARTESIAN_POINT ( 'NONE',  ( 23.70474528246986168, 23.63802412409859244, 25.77180651025886604 ) ) ;
#5420 = FACE_OUTER_BOUND ( 'NONE', #3491, .T. ) ;
#5421 = ORIENTED_EDGE ( 'NONE', *, *, #558, .F. ) ;
#5422 = CARTESIAN_POINT ( 'NONE',  ( 15.54046384447849505, -15.23120969863971119, 31.51206516742538355 ) ) ;
#5423 = VECTOR ( 'NONE', #7302, 1000.000000000000000 ) ;
#5424 = ORIENTED_EDGE ( 'NONE', *, *, #3852, .F. ) ;
#5425 = CARTESIAN_POINT ( 'NONE',  ( 15.00000000000006395, 10.34457993047792890, 38.69733120086275591 ) ) ;
#5426 = ORIENTED_EDGE ( 'NONE', *, *, #3144, .F. ) ;
#5427 = ADVANCED_FACE ( 'NONE', ( #7406 ), #1891, .T. ) ;
#5428 = VERTEX_POINT ( 'NONE', #1745 ) ;
#5429 = VECTOR ( 'NONE', #6471, 999.9999999999998863 ) ;
#5430 = ORIENTED_EDGE ( 'NONE', *, *, #5353, .T. ) ;
#5431 = DIRECTION ( 'NONE',  ( -4.800134108363712971E-16, -0.8090169943749550008, 0.5877852522924627010 ) ) ;
#5432 = DIRECTION ( 'NONE',  ( -0.000000000000000000, 1.047444401652940007E-14, -1.000000000000000000 ) ) ;
#5433 = ORIENTED_EDGE ( 'NONE', *, *, #6526, .T. ) ;
#5434 = CARTESIAN_POINT ( 'NONE',  ( 16.50278156089887460, 9.738841941905038269, 33.61914109541993412 ) ) ;
#5435 = EDGE_CURVE ( 'NONE', #1011, #2137, #4234, .T. ) ;
#5436 = FACE_OUTER_BOUND ( 'NONE', #1327, .T. ) ;
#5437 = ORIENTED_EDGE ( 'NONE', *, *, #847, .F. ) ;
#5438 = CARTESIAN_POINT ( 'NONE',  ( 16.29525471753025201, -25.56521582826694328, -23.90438745615811200 ) ) ;
#5439 = CARTESIAN_POINT ( 'NONE',  ( 22.86788218175522758, 37.95264435150438942, -12.63649038709910499 ) ) ;
#5440 = EDGE_CURVE ( 'NONE', #6330, #4527, #3741, .T. ) ;
#5441 = DIRECTION ( 'NONE',  ( 0.000000000000000000, -1.047444401652940007E-14, 1.000000000000000000 ) ) ;
#5442 = CARTESIAN_POINT ( 'NONE',  ( 15.00000000000007283, 38.04226065180611016, 12.36067977499791759 ) ) ;
#5443 = CARTESIAN_POINT ( 'NONE',  ( 15.00000000000006395, -31.03953718700025988, 16.71398031309031040 ) ) ;
#5444 = ORIENTED_EDGE ( 'NONE', *, *, #4961, .T. ) ;
#5445 = FACE_OUTER_BOUND ( 'NONE', #1908, .T. ) ;
#5446 = EDGE_CURVE ( 'NONE', #6394, #7597, #7481, .T. ) ;
#5447 = LINE ( 'NONE', #7996, #4872 ) ;
#5448 = CARTESIAN_POINT ( 'NONE',  ( 0.000000000000000000, 38.04226065180611016, 12.36067977499791759 ) ) ;
#5449 = EDGE_CURVE ( 'NONE', #3738, #1882, #5502, .T. ) ;
#5450 = CARTESIAN_POINT ( 'NONE',  ( 20.00000000000006750, 24.56932275546458300, 25.78205477389174760 ) ) ;
#5451 = CARTESIAN_POINT ( 'NONE',  ( 22.86788218175522047, 34.99879851402005926, -0.2900044396689680504 ) ) ;
#5452 = CARTESIAN_POINT ( 'NONE',  ( 20.00000000000000000, 15.64036074260861575, 14.06560124733690387 ) ) ;
#5453 = LINE ( 'NONE', #2822, #4241 ) ;
#5454 = CARTESIAN_POINT ( 'NONE',  ( 15.47020472364245336, 32.39331260217633712, 13.25536448200268147 ) ) ;
#5455 = CARTESIAN_POINT ( 'NONE',  ( 24.01831258142419756, -29.11815690700242953, -19.42061626151285836 ) ) ;
#5456 = CARTESIAN_POINT ( 'NONE',  ( 24.45953615552158666, -27.08002786370505888, -29.76792719743973592 ) ) ;
#5457 = EDGE_CURVE ( 'NONE', #528, #1539, #2538, .T. ) ;
#5458 = ORIENTED_EDGE ( 'NONE', *, *, #6644, .T. ) ;
#5459 = ORIENTED_EDGE ( 'NONE', *, *, #390, .F. ) ;
#5460 = LINE ( 'NONE', #1260, #720 ) ;
#5461 = CARTESIAN_POINT ( 'NONE',  ( 24.19512822508729144, 30.62277166169557674, 16.94878470208539767 ) ) ;
#5462 = CARTESIAN_POINT ( 'NONE',  ( 26.57262746422508215, -32.43149895372945934, 23.41393585447016434 ) ) ;
#5463 = ORIENTED_EDGE ( 'NONE', *, *, #4951, .F. ) ;
#5464 = VERTEX_POINT ( 'NONE', #5546 ) ;
#5465 = CARTESIAN_POINT ( 'NONE',  ( 15.00000000000006573, 1.481484572605556398E-32, 0.000000000000000000 ) ) ;
#5466 = DIRECTION ( 'NONE',  ( -3.469446951953614189E-16, 0.000000000000000000, -1.000000000000000000 ) ) ;
#5467 = ORIENTED_EDGE ( 'NONE', *, *, #7674, .F. ) ;
#5468 = ORIENTED_EDGE ( 'NONE', *, *, #7968, .F. ) ;
#5469 = EDGE_LOOP ( 'NONE', ( #1958, #8011, #7459, #3129 ) ) ;
#5470 = CARTESIAN_POINT ( 'NONE',  ( -7.500000000000000000, 4.814824860968089633E-32, 0.000000000000000000 ) ) ;
#5471 = EDGE_CURVE ( 'NONE', #6929, #1571, #478, .T. ) ;
#5472 = LINE ( 'NONE', #6056, #3405 ) ;
#5473 = CARTESIAN_POINT ( 'NONE',  ( 24.19512822508729144, -14.81209699700893623, -31.71146842505387298 ) ) ;
#5474 = CARTESIAN_POINT ( 'NONE',  ( 15.38892734875748225, -34.04110240466255988, 8.138734265114967670 ) ) ;
#5475 = ORIENTED_EDGE ( 'NONE', *, *, #4457, .T. ) ;
#5476 = CARTESIAN_POINT ( 'NONE',  ( 24.24381083264137260, 34.95739563221254542, -1.734326454482489899 ) ) ;
#5477 = FACE_OUTER_BOUND ( 'NONE', #2675, .T. ) ;
#5478 =( BOUNDED_CURVE ( )  B_SPLINE_CURVE ( 3, ( #7041, #4768, #7653, #1456 ),
 .UNSPECIFIED., .F., .F. ) 
 B_SPLINE_CURVE_WITH_KNOTS ( ( 4, 4 ),
 ( 4.578760888222364045, 4.586022819131210682 ),
 .UNSPECIFIED. ) 
 CURVE ( )  GEOMETRIC_REPRESENTATION_ITEM ( )  RATIONAL_B_SPLINE_CURVE ( ( 1.000000000000000000, 0.9999956053681178236, 0.9999956053681178236, 1.000000000000000000 ) ) 
 REPRESENTATION_ITEM ( '' )  );
#5479 = CARTESIAN_POINT ( 'NONE',  ( 17.13211781824485413, 28.67955088998849078, -20.06198795604663943 ) ) ;
#5480 = DIRECTION ( 'NONE',  ( -0.4226182617407009956, 0.7332184018470011555, -0.5327143512579683993 ) ) ;
#5481 = EDGE_CURVE ( 'NONE', #3492, #2227, #8058, .T. ) ;
#5482 = VERTEX_POINT ( 'NONE', #1220 ) ;
#5483 = EDGE_CURVE ( 'NONE', #3715, #5951, #3705, .T. ) ;
#5484 = DIRECTION ( 'NONE',  ( 1.000000000000000000, -1.072118069236030918E-16, 3.299640131595842622E-16 ) ) ;
#5485 = ORIENTED_EDGE ( 'NONE', *, *, #3966, .T. ) ;
#5486 = CARTESIAN_POINT ( 'NONE',  ( 17.13211781824482571, -12.95692359970911056, 37.84852928940019723 ) ) ;
#5487 = ORIENTED_EDGE ( 'NONE', *, *, #6830, .T. ) ;
#5488 = CARTESIAN_POINT ( 'NONE',  ( 22.86788218175522047, 20.80639613463304727, 28.14416244781016374 ) ) ;
#5489 = CARTESIAN_POINT ( 'NONE',  ( -8.673617379884035472E-16, -20.00000000000000355, 2.449293598294706513E-15 ) ) ;
#5490 = CARTESIAN_POINT ( 'NONE',  ( 24.24381083264137615, 27.26171563294329303, -21.95054118663788856 ) ) ;
#5491 = CARTESIAN_POINT ( 'NONE',  ( 22.86788218175522758, -0.2900044396685664827, -39.99999999999998579 ) ) ;
#5492 = DIRECTION ( 'NONE',  ( 3.299640131595814026E-16, 3.645346085095002396E-15, -1.000000000000000000 ) ) ;
#5493 = EDGE_CURVE ( 'NONE', #3709, #1775, #6468, .T. ) ;
#5494 = CARTESIAN_POINT ( 'NONE',  ( 16.80065191590786355, -28.81260896766518087, 19.87177520552495835 ) ) ;
#5495 = CARTESIAN_POINT ( 'NONE',  ( 16.29525471753015253, -34.89532666787496851, 20.02276793356442752 ) ) ;
#5496 = CARTESIAN_POINT ( 'NONE',  ( 24.99999999999999645, -36.60129074203545940, 16.79552914386407636 ) ) ;
#5497 = CARTESIAN_POINT ( 'NONE',  ( 25.00000000000001066, -14.53553049226471394, -31.84151222027762529 ) ) ;
#5498 = CARTESIAN_POINT ( 'NONE',  ( 19.32833852793593366, -0.9108824383785885104, -35.02193473660834400 ) ) ;
#5499 = EDGE_LOOP ( 'NONE', ( #3909, #4794, #7238, #2500 ) ) ;
#5500 = EDGE_CURVE ( 'NONE', #2171, #114, #5676, .T. ) ;
#5501 = VERTEX_POINT ( 'NONE', #2957 ) ;
#5502 = LINE ( 'NONE', #6088, #1763 ) ;
#5503 = CARTESIAN_POINT ( 'NONE',  ( 23.70474528246986878, 25.79575444848880039, -23.65542331968021372 ) ) ;
#5504 = CARTESIAN_POINT ( 'NONE',  ( 16.29525471753019872, 31.70082706804156558, 14.83433730242519211 ) ) ;
#5505 = ORIENTED_EDGE ( 'NONE', *, *, #7411, .T. ) ;
#5506 = VERTEX_POINT ( 'NONE', #6947 ) ;
#5507 = ADVANCED_FACE ( 'NONE', ( #21 ), #4435, .F. ) ;
#5508 = AXIS2_PLACEMENT_3D ( 'NONE', #1247, #1365, #4976 ) ;
#5509 = CYLINDRICAL_SURFACE ( 'NONE', #5533, 35.00000000000000000 ) ;
#5510 = EDGE_LOOP ( 'NONE', ( #1960, #7166, #5765, #7342, #6662, #1631, #3803, #3213, #5550, #7952 ) ) ;
#5511 = AXIS2_PLACEMENT_3D ( 'NONE', #6663, #2359, #1665 ) ;
#5512 = ORIENTED_EDGE ( 'NONE', *, *, #3951, .F. ) ;
#5513 = ORIENTED_EDGE ( 'NONE', *, *, #7014, .F. ) ;
#5514 = CARTESIAN_POINT ( 'NONE',  ( 15.65363052717490611, 18.71581170852467579, 29.57616913976700346 ) ) ;
#5515 = AXIS2_PLACEMENT_3D ( 'NONE', #7850, #4831, #4699 ) ;
#5516 = CIRCLE ( 'NONE', #1981, 4.999999999999999112 ) ;
#5517 = VECTOR ( 'NONE', #7948, 1000.000000000000000 ) ;
#5518 =( BOUNDED_CURVE ( )  B_SPLINE_CURVE ( 3, ( #6322, #5704, #4471, #104 ),
 .UNSPECIFIED., .F., .F. ) 
 B_SPLINE_CURVE_WITH_KNOTS ( ( 4, 4 ),
 ( 4.704103044437398573, 4.712388980384689674 ),
 .UNSPECIFIED. ) 
 CURVE ( )  GEOMETRIC_REPRESENTATION_ITEM ( )  RATIONAL_B_SPLINE_CURVE ( ( 1.000000000000000000, 0.9999942786136399864, 0.9999942786136399864, 1.000000000000000000 ) ) 
 REPRESENTATION_ITEM ( '' )  );
#5519 = CARTESIAN_POINT ( 'NONE',  ( 24.99999999999999645, 19.73890189115358140, -35.10156741994310892 ) ) ;
#5520 = CARTESIAN_POINT ( 'NONE',  ( 15.00000000000006217, 4.321762240727566429, -34.73450868495604027 ) ) ;
#5521 = VECTOR ( 'NONE', #905, 1000.000000000000114 ) ;
#5522 = CARTESIAN_POINT ( 'NONE',  ( 24.45953615552162574, 23.97706516559586731, 25.49706543986523144 ) ) ;
#5523 = VECTOR ( 'NONE', #6169, 1000.000000000000000 ) ;
#5524 = ORIENTED_EDGE ( 'NONE', *, *, #2645, .T. ) ;
#5525 = CARTESIAN_POINT ( 'NONE',  ( 15.00000000000006573, -15.20822509185036431, 31.52316433284598673 ) ) ;
#5526 = CARTESIAN_POINT ( 'NONE',  ( 15.00000000000007105, 36.49717567993136669, 17.11596235647368758 ) ) ;
#5527 = PLANE ( 'NONE',  #6558 ) ;
#5528 = ORIENTED_EDGE ( 'NONE', *, *, #6638, .F. ) ;
#5529 = EDGE_LOOP ( 'NONE', ( #6423, #707, #5606, #737 ) ) ;
#5530 = CARTESIAN_POINT ( 'NONE',  ( 20.00000000000008171, 26.52235952416077680, -13.58336511249191147 ) ) ;
#5531 = ORIENTED_EDGE ( 'NONE', *, *, #5612, .F. ) ;
#5532 = ADVANCED_FACE ( 'NONE', ( #3897 ), #3774, .F. ) ;
#5533 = AXIS2_PLACEMENT_3D ( 'NONE', #4150, #3627, #5963 ) ;
#5534 = DIRECTION ( 'NONE',  ( -0.9063077870366492705, -0.2484087816006647631, 0.3419053558814262317 ) ) ;
#5535 = DIRECTION ( 'NONE',  ( 0.000000000000000000, 0.8090169943749443426, 0.5877852522924773560 ) ) ;
#5536 = PLANE ( 'NONE',  #4450 ) ;
#5537 = DIRECTION ( 'NONE',  ( -0.5735764363510453823, -0.4814854910183062331, 0.6627079248067702100 ) ) ;
#5538 = DIRECTION ( 'NONE',  ( -3.469446951953614682E-16, 0.9510565162951566398, -0.3090169943749383474 ) ) ;
#5539 = CARTESIAN_POINT ( 'NONE',  ( 24.63977589264509760, -25.43902538212291020, 24.03878461041401238 ) ) ;
#5540 = CARTESIAN_POINT ( 'NONE',  ( 17.13211781824482216, -28.67955088998834867, 20.06198795604683127 ) ) ;
#5541 = DIRECTION ( 'NONE',  ( -0.000000000000000000, 0.5877852522924653655, 0.8090169943749531134 ) ) ;
#5542 = CARTESIAN_POINT ( 'NONE',  ( 16.29525471753019872, -31.70082706804146255, -14.83433730242541948 ) ) ;
#5543 = ORIENTED_EDGE ( 'NONE', *, *, #3339, .F. ) ;
#5544 = ORIENTED_EDGE ( 'NONE', *, *, #4168, .F. ) ;
#5545 = EDGE_CURVE ( 'NONE', #4328, #6845, #3062, .T. ) ;
#5546 = CARTESIAN_POINT ( 'NONE',  ( 22.86788218175522758, -10.53941291143529213, 33.37545168956177832 ) ) ;
#5547 = CARTESIAN_POINT ( 'NONE',  ( 15.54046384447848084, 29.56988858092254091, 27.35260463503436057 ) ) ;
#5548 = CYLINDRICAL_SURFACE ( 'NONE', #2150, 35.00000000000000000 ) ;
#5549 = EDGE_CURVE ( 'NONE', #1758, #7492, #3054, .T. ) ;
#5550 = ORIENTED_EDGE ( 'NONE', *, *, #2760, .T. ) ;
#5551 = VECTOR ( 'NONE', #6518, 1000.000000000000227 ) ;
#5552 = CARTESIAN_POINT ( 'NONE',  ( 23.70474528246986168, -14.52631798659612983, -31.84314817589953250 ) ) ;
#5553 = EDGE_LOOP ( 'NONE', ( #4361, #5598, #4643, #1057, #8080, #1916, #4240, #3894, #8043, #567 ) ) ;
#5554 = CARTESIAN_POINT ( 'NONE',  ( 20.00000000000000000, -19.96325194752881416, 34.93856756282605147 ) ) ;
#5555 = CARTESIAN_POINT ( 'NONE',  ( 16.29525471753017030, -8.259534952843271327, -39.37480338162772142 ) ) ;
#5556 = ADVANCED_FACE ( 'NONE', ( #6283 ), #7527, .F. ) ;
#5557 = ORIENTED_EDGE ( 'NONE', *, *, #5229, .T. ) ;
#5558 = EDGE_CURVE ( 'NONE', #1433, #4934, #6878, .T. ) ;
#5559 = ORIENTED_EDGE ( 'NONE', *, *, #238, .T. ) ;
#5560 = DIRECTION ( 'NONE',  ( -0.000000000000000000, -1.000000000000000000, -0.000000000000000000 ) ) ;
#5561 = AXIS2_PLACEMENT_3D ( 'NONE', #2765, #4702, #7245 ) ;
#5562 = CARTESIAN_POINT ( 'NONE',  ( 24.99999999999999289, -12.68111298760739558, 37.93814558970210271 ) ) ;
#5563 = EDGE_CURVE ( 'NONE', #3331, #833, #5746, .T. ) ;
#5564 = CARTESIAN_POINT ( 'NONE',  ( 16.50278156089888526, 1.126696844756856386, -34.98317087662547209 ) ) ;
#5565 = AXIS2_PLACEMENT_3D ( 'NONE', #5853, #3919, #6580 ) ;
#5566 = CARTESIAN_POINT ( 'NONE',  ( 16.29525471753021293, -16.46182459715227964, 36.70971792198454864 ) ) ;
#5567 = ORIENTED_EDGE ( 'NONE', *, *, #1402, .T. ) ;
#5568 = CARTESIAN_POINT ( 'NONE',  ( 15.36021751530112844, 4.832027814013911460, -34.66494921516663652 ) ) ;
#5569 =( BOUNDED_CURVE ( )  B_SPLINE_CURVE ( 3, ( #6653, #3262, #1465, #5124 ),
 .UNSPECIFIED., .F., .T. ) 
 B_SPLINE_CURVE_WITH_KNOTS ( ( 4, 4 ),
 ( 1.552883144289289641, 1.684621253977660382 ),
 .UNSPECIFIED. ) 
 CURVE ( )  GEOMETRIC_REPRESENTATION_ITEM ( )  RATIONAL_B_SPLINE_CURVE ( ( 1.000000000000000000, 0.9985542787012120503, 0.9985542787012120503, 1.000000000000000000 ) ) 
 REPRESENTATION_ITEM ( '' )  );
#5570 = CARTESIAN_POINT ( 'NONE',  ( 24.81993129918797791, 15.07765394767883826, 31.58593879200389409 ) ) ;
#5571 = VERTEX_POINT ( 'NONE', #7563 ) ;
#5572 = VERTEX_POINT ( 'NONE', #141 ) ;
#5573 = AXIS2_PLACEMENT_3D ( 'NONE', #3092, #5591, #2349 ) ;
#5574 = ORIENTED_EDGE ( 'NONE', *, *, #6286, .F. ) ;
#5575 = CARTESIAN_POINT ( 'NONE',  ( 20.00000000000000000, 30.30252158794861472, -14.45735197500735225 ) ) ;
#5576 = VERTEX_POINT ( 'NONE', #2668 ) ;
#5577 = DIRECTION ( 'NONE',  ( 0.000000000000000000, 1.000000000000000000, 9.714451465470119729E-15 ) ) ;
#5578 = CARTESIAN_POINT ( 'NONE',  ( 23.70474528246988655, 3.975275438175396303, 34.77351269559403590 ) ) ;
#5579 = PRESENTATION_STYLE_ASSIGNMENT (( #3691 ) ) ;
#5580 = DIRECTION ( 'NONE',  ( 0.000000000000000000, 0.8090169943749485615, -0.5877852522924714718 ) ) ;
#5581 = CARTESIAN_POINT ( 'NONE',  ( 15.00000000000006573, 1.481484572605556398E-32, 0.000000000000000000 ) ) ;
#5582 = CARTESIAN_POINT ( 'NONE',  ( 16.29525471753020227, 23.90438745615822214, -25.56521582826685446 ) ) ;
#5583 = EDGE_CURVE ( 'NONE', #436, #1807, #1372, .T. ) ;
#5584 = FACE_OUTER_BOUND ( 'NONE', #7486, .T. ) ;
#5585 = CARTESIAN_POINT ( 'NONE',  ( 23.49692031861295050, -28.77350597518598363, -19.92929716338124635 ) ) ;
#5586 = FACE_OUTER_BOUND ( 'NONE', #6719, .T. ) ;
#5587 = VERTEX_POINT ( 'NONE', #4476 ) ;
#5588 = VERTEX_POINT ( 'NONE', #69 ) ;
#5589 = FACE_OUTER_BOUND ( 'NONE', #5077, .T. ) ;
#5590 = CARTESIAN_POINT ( 'NONE',  ( 24.61076051292646838, 29.68195797188738894, 18.54769437551103550 ) ) ;
#5591 = DIRECTION ( 'NONE',  ( 0.4226182617407008846, -0.2800645083286759651, 0.8619499266302453888 ) ) ;
#5592 = ORIENTED_EDGE ( 'NONE', *, *, #6705, .T. ) ;
#5593 = EDGE_CURVE ( 'NONE', #4648, #5126, #1640, .T. ) ;
#5594 = VERTEX_POINT ( 'NONE', #4520 ) ;
#5595 = DIRECTION ( 'NONE',  ( 1.000000000000000000, -1.481484572605566251E-33, 0.000000000000000000 ) ) ;
#5596 = FACE_OUTER_BOUND ( 'NONE', #5735, .T. ) ;
#5597 = EDGE_CURVE ( 'NONE', #1356, #1283, #4552, .T. ) ;
#5598 = ORIENTED_EDGE ( 'NONE', *, *, #2526, .T. ) ;
#5599 = B_SPLINE_CURVE_WITH_KNOTS ( 'NONE', 3,
 ( #5525, #4836, #34, #535, #4409, #5394, #6670, #6923, #4121, #7382, #1304, #6765, #4210, #453 ),
 .UNSPECIFIED., .F., .F.,
 ( 4, 2, 2, 2, 2, 2, 4 ),
 ( 0.000000000000000000, 0.001196801401550985329, 0.001795202102326474633, 0.002393602803101963720, 0.002992003503877458011, 0.003590404204652951868, 0.004787205606203946522 ),
 .UNSPECIFIED. ) ;
#5600 = CARTESIAN_POINT ( 'NONE',  ( 23.89409946658236805, 11.99112483634281467, 32.88215029528708300 ) ) ;
#5601 = EDGE_CURVE ( 'NONE', #5803, #5506, #2922, .T. ) ;
#5602 = CARTESIAN_POINT ( 'NONE',  ( 22.86788218175522758, -0.2900044396685664827, -39.99999999999998579 ) ) ;
#5603 = EDGE_CURVE ( 'NONE', #5155, #95, #3933, .T. ) ;
#5604 = PLANE ( 'NONE',  #7929 ) ;
#5605 = CARTESIAN_POINT ( 'NONE',  ( 25.00000000000000000, 1.782929408355073742, 39.99999999999998579 ) ) ;
#5606 = ORIENTED_EDGE ( 'NONE', *, *, #3976, .F. ) ;
#5607 = CARTESIAN_POINT ( 'NONE',  ( 23.89409946658236095, 1.243094160477554500, 34.97824466423082157 ) ) ;
#5608 = DIRECTION ( 'NONE',  ( 4.578039098394119522E-34, 0.3090169943749382364, 0.9510565162951565288 ) ) ;
#5609 = ORIENTED_EDGE ( 'NONE', *, *, #5795, .T. ) ;
#5610 = CARTESIAN_POINT ( 'NONE',  ( 15.54046384447849682, -24.22350489953451103, 25.26305227762923877 ) ) ;
#5611 = ORIENTED_EDGE ( 'NONE', *, *, #6535, .T. ) ;
#5612 = EDGE_CURVE ( 'NONE', #1539, #7327, #4641, .T. ) ;
#5613 = CARTESIAN_POINT ( 'NONE',  ( 15.00000000000006573, 1.481484572605556398E-32, 0.000000000000000000 ) ) ;
#5614 = EDGE_LOOP ( 'NONE', ( #1326, #5487, #1223, #3226, #523, #4490, #7357, #1470, #1556, #7979 ) ) ;
#5615 = CARTESIAN_POINT ( 'NONE',  ( 17.13211781824487900, -33.08790625289402954, -11.41010340880820095 ) ) ;
#5616 = CARTESIAN_POINT ( 'NONE',  ( 15.54046384447847728, -31.51206516742532315, -15.23120969863982488 ) ) ;
#5617 = FACE_OUTER_BOUND ( 'NONE', #5345, .T. ) ;
#5618 = DIRECTION ( 'NONE',  ( 1.000000000000000000, -1.481484572605566251E-33, 0.000000000000000000 ) ) ;
#5619 = EDGE_CURVE ( 'NONE', #4542, #3709, #1487, .T. ) ;
#5620 = CARTESIAN_POINT ( 'NONE',  ( 15.80489273818007412, 24.13367259278158983, -25.34918808176137972 ) ) ;
#5621 = CARTESIAN_POINT ( 'NONE',  ( 15.00000000000007105, 36.49717567993136669, 17.11596235647368758 ) ) ;
#5622 = DIRECTION ( 'NONE',  ( -1.000000000000000000, 1.481484572605565909E-33, -0.000000000000000000 ) ) ;
#5623 = VERTEX_POINT ( 'NONE', #5256 ) ;
#5624 = EDGE_LOOP ( 'NONE', ( #1826, #760, #648, #3714, #2484, #7613, #5109, #4661, #1185, #4410, #2355, #2019, #925, #3320, #6093, #621, #571, #4017, #5728, #7413, #313, #4318, #5094, #7668 ) ) ;
#5625 = CARTESIAN_POINT ( 'NONE',  ( 15.00000000000007283, -1.396592535537252585E-13, 39.99999999999997868 ) ) ;
#5626 = CARTESIAN_POINT ( 'NONE',  ( -7.500000000000000000, -1.250000000000000000, -5.000000000000000888 ) ) ;
#5627 = EDGE_LOOP ( 'NONE', ( #5424, #3826, #4100, #1339, #1193, #5102, #637, #4761, #452, #4112 ) ) ;
#5628 = VERTEX_POINT ( 'NONE', #6445 ) ;
#5629 = CARTESIAN_POINT ( 'NONE',  ( 15.36021751530106449, -34.46150454994749168, 6.116526877193725120 ) ) ;
#5630 = DIRECTION ( 'NONE',  ( -8.707947832763841886E-34, -0.5877852522924831291, 0.8090169943749402348 ) ) ;
#5631 = ORIENTED_EDGE ( 'NONE', *, *, #4805, .F. ) ;
#5632 = EDGE_CURVE ( 'NONE', #1397, #5855, #4960, .T. ) ;
#5633 = VECTOR ( 'NONE', #7385, 999.9999999999998863 ) ;
#5634 = CARTESIAN_POINT ( 'NONE',  ( 24.81118820077486120, 13.63858234955983484, 32.23393872983342590 ) ) ;
#5635 = VECTOR ( 'NONE', #1387, 1000.000000000000000 ) ;
#5636 = VECTOR ( 'NONE', #4155, 999.9999999999998863 ) ;
#5637 = CARTESIAN_POINT ( 'NONE',  ( 16.29525471753020938, -23.90438745615802318, 25.56521582826702499 ) ) ;
#5638 = CYLINDRICAL_SURFACE ( 'NONE', #741, 5.000000000000000000 ) ;
#5639 = CARTESIAN_POINT ( 'NONE',  ( 15.65363052717493453, -8.660255790449417290, -33.91211226887885033 ) ) ;
#5640 = ORIENTED_EDGE ( 'NONE', *, *, #5471, .T. ) ;
#5641 = ADVANCED_FACE ( 'NONE', ( #5327, #7259 ), #259, .F. ) ;
#5642 = AXIS2_PLACEMENT_3D ( 'NONE', #7794, #2163, #4675 ) ;
#5643 = VECTOR ( 'NONE', #7472, 1000.000000000000000 ) ;
#5644 = CARTESIAN_POINT ( 'NONE',  ( 15.54046384447845419, -6.200019683603742671, -34.44647668373249161 ) ) ;
#5645 = CARTESIAN_POINT ( 'NONE',  ( 13.42737253577495338, -12.15483440063099607, -38.10914386831635881 ) ) ;
#5646 = ADVANCED_FACE ( 'NONE', ( #375 ), #5867, .F. ) ;
#5647 = ORIENTED_EDGE ( 'NONE', *, *, #6099, .T. ) ;
#5648 = B_SPLINE_CURVE_WITH_KNOTS ( 'NONE', 3,
 ( #6246, #7594, #1898, #2510, #7558, #5026, #3813, #103, #1931, #4428, #5100, #1968, #4470, #6986 ),
 .UNSPECIFIED., .F., .F.,
 ( 4, 2, 2, 2, 2, 2, 4 ),
 ( 0.000000000000000000, 0.001196801401551003110, 0.001795202102326500654, 0.002393602803101998848, 0.002992003503877496175, 0.003590404204652993935, 0.004787205606203994226 ),
 .UNSPECIFIED. ) ;
#5649 = CARTESIAN_POINT ( 'NONE',  ( 15.00000000000007105, 36.49717567993136669, 17.11596235647368758 ) ) ;
#5650 = AXIS2_PLACEMENT_3D ( 'NONE', #4980, #1858, #3160 ) ;
#5651 = AXIS2_PLACEMENT_3D ( 'NONE', #5465, #6658, #4785 ) ;
#5652 = ORIENTED_EDGE ( 'NONE', *, *, #1485, .F. ) ;
#5653 = CARTESIAN_POINT ( 'NONE',  ( 15.00000000000007283, 39.99999999999997868, 2.119852826805230350 ) ) ;
#5654 = ORIENTED_EDGE ( 'NONE', *, *, #6940, .T. ) ;
#5655 = DIRECTION ( 'NONE',  ( -1.598379895979469245E-16, 0.9510565162951534202, 0.3090169943749482284 ) ) ;
#5656 = DIRECTION ( 'NONE',  ( -0.000000000000000000, 1.000000000000000000, -0.000000000000000000 ) ) ;
#5657 = LINE ( 'NONE', #59, #3671 ) ;
#5658 = AXIS2_PLACEMENT_3D ( 'NONE', #2082, #5249, #1638 ) ;
#5659 = EDGE_CURVE ( 'NONE', #7977, #3547, #317, .T. ) ;
#5660 = DIRECTION ( 'NONE',  ( -0.000000000000000000, 1.000000000000000000, -0.000000000000000000 ) ) ;
#5661 = CARTESIAN_POINT ( 'NONE',  ( 26.57262746422508926, -23.41393585447003645, -32.43149895372955172 ) ) ;
#5662 = CARTESIAN_POINT ( 'NONE',  ( 15.04754234242350819, -25.82967097784986521, -23.62158384054567861 ) ) ;
#5663 = VERTEX_POINT ( 'NONE', #2088 ) ;
#5664 = ORIENTED_EDGE ( 'NONE', *, *, #615, .F. ) ;
#5665 = AXIS2_PLACEMENT_3D ( 'NONE', #1798, #1660, #5344 ) ;
#5666 = CARTESIAN_POINT ( 'NONE',  ( 24.99999999999999645, 39.99999999999997868, -4.663076581549970179 ) ) ;
#5667 = CARTESIAN_POINT ( 'NONE',  ( 16.05646280002837045, -34.71258185446157540, -4.479402757323872386 ) ) ;
#5668 = DIRECTION ( 'NONE',  ( 1.000000000000000000, 0.000000000000000000, 0.000000000000000000 ) ) ;
#5669 = VERTEX_POINT ( 'NONE', #7713 ) ;
#5670 = B_SPLINE_CURVE_WITH_KNOTS ( 'NONE', 3,
 ( #7290, #4833, #5473, #1628 ),
 .UNSPECIFIED., .F., .F.,
 ( 4, 4 ),
 ( 3.940534250152140090E-17, 0.0008731425215612772768 ),
 .UNSPECIFIED. ) ;
#5671 = ORIENTED_EDGE ( 'NONE', *, *, #1437, .T. ) ;
#5672 = VECTOR ( 'NONE', #1828, 1000.000000000000000 ) ;
#5673 = DIRECTION ( 'NONE',  ( 9.714451465470119729E-15, 0.5877852522924748024, -0.8090169943749462300 ) ) ;
#5674 = ORIENTED_EDGE ( 'NONE', *, *, #1756, .F. ) ;
#5675 = FACE_OUTER_BOUND ( 'NONE', #1153, .T. ) ;
#5676 = CIRCLE ( 'NONE', #5040, 5.000000000000000000 ) ;
#5677 = CARTESIAN_POINT ( 'NONE',  ( 24.81993129918793528, 4.579109167367164446, 34.69926421657245186 ) ) ;
#5678 = VECTOR ( 'NONE', #3474, 1000.000000000000114 ) ;
#5679 = ORIENTED_EDGE ( 'NONE', *, *, #199, .T. ) ;
#5680 = EDGE_CURVE ( 'NONE', #5015, #5588, #2818, .T. ) ;
#5681 = CARTESIAN_POINT ( 'NONE',  ( 24.99999999999999289, -4.385764661113585205, -34.72412804286563670 ) ) ;
#5682 = FACE_OUTER_BOUND ( 'NONE', #360, .T. ) ;
#5683 = VECTOR ( 'NONE', #2935, 1000.000000000000114 ) ;
#5684 = PLANE ( 'NONE',  #4783 ) ;
#5685 = ORIENTED_EDGE ( 'NONE', *, *, #6118, .F. ) ;
#5686 = VECTOR ( 'NONE', #4666, 1000.000000000000227 ) ;
#5687 = CARTESIAN_POINT ( 'NONE',  ( 24.95238900918759128, -26.05748848431618114, 23.37002849949596239 ) ) ;
#5688 = CARTESIAN_POINT ( 'NONE',  ( 24.95238900918759484, -34.22295765798107681, -7.344392916882850564 ) ) ;
#5689 = VECTOR ( 'NONE', #4104, 1000.000000000000000 ) ;
#5690 = ORIENTED_EDGE ( 'NONE', *, *, #6900, .F. ) ;
#5691 = EDGE_CURVE ( 'NONE', #1963, #4438, #736, .T. ) ;
#5692 = VECTOR ( 'NONE', #3963, 1000.000000000000114 ) ;
#5693 = VERTEX_POINT ( 'NONE', #4013 ) ;
#5694 = CARTESIAN_POINT ( 'NONE',  ( 23.70474528246986523, 31.84314817589958935, -14.52631798659601792 ) ) ;
#5695 = ORIENTED_EDGE ( 'NONE', *, *, #4767, .F. ) ;
#5696 = EDGE_CURVE ( 'NONE', #2441, #3243, #7754, .T. ) ;
#5697 = CARTESIAN_POINT ( 'NONE',  ( 15.00000000000007105, 27.55649506357400824, -29.42175351353517598 ) ) ;
#5698 = CARTESIAN_POINT ( 'NONE',  ( 16.29525471753020227, 30.63450961402127604, -16.92710313988895265 ) ) ;
#5699 = CIRCLE ( 'NONE', #4116, 5.000000000000002665 ) ;
#5700 = CARTESIAN_POINT ( 'NONE',  ( 17.13211781824482927, -0.6269278581191690680, 39.99999999999997868 ) ) ;
#5701 = DIRECTION ( 'NONE',  ( -0.000000000000000000, 0.3090169943749382364, 0.9510565162951565288 ) ) ;
#5702 = EDGE_CURVE ( 'NONE', #2182, #701, #3442, .T. ) ;
#5703 = CARTESIAN_POINT ( 'NONE',  ( 15.00000000000007105, -34.64101615137756340, -5.000000000000000000 ) ) ;
#5704 = CARTESIAN_POINT ( 'NONE',  ( 22.72982852552078370, -34.99959950238195461, 0.1933382288962015028 ) ) ;
#5705 = CARTESIAN_POINT ( 'NONE',  ( 17.13211781824486124, 27.94255299148088767, 21.07637853897776736 ) ) ;
#5706 = ORIENTED_EDGE ( 'NONE', *, *, #4565, .T. ) ;
#5707 = EDGE_LOOP ( 'NONE', ( #6709, #2687, #3659, #5968 ) ) ;
#5708 = AXIS2_PLACEMENT_3D ( 'NONE', #3937, #2202, #1448 ) ;
#5709 = EDGE_CURVE ( 'NONE', #334, #3709, #2780, .T. ) ;
#5710 = CARTESIAN_POINT ( 'NONE',  ( 20.39435480156434366, -35.00000000000000000, -1.441978077908795397 ) ) ;
#5711 = FACE_OUTER_BOUND ( 'NONE', #7773, .T. ) ;
#5712 = DIRECTION ( 'NONE',  ( 3.299640131595842622E-16, 0.000000000000000000, -1.000000000000000000 ) ) ;
#5713 = B_SPLINE_CURVE_WITH_KNOTS ( 'NONE', 3,
 ( #3464, #901, #3315, #5976 ),
 .UNSPECIFIED., .F., .F.,
 ( 4, 4 ),
 ( 3.227937720230791035E-17, 0.0008731425215612832400 ),
 .UNSPECIFIED. ) ;
#5714 = ORIENTED_EDGE ( 'NONE', *, *, #5980, .T. ) ;
#5715 = EDGE_LOOP ( 'NONE', ( #192, #6616, #5421, #257 ) ) ;
#5716 = ORIENTED_EDGE ( 'NONE', *, *, #6, .F. ) ;
#5717 = CARTESIAN_POINT ( 'NONE',  ( 20.00000000000000000, 8.544044454268602706, -19.22137682299363348 ) ) ;
#5718 = ORIENTED_EDGE ( 'NONE', *, *, #612, .F. ) ;
#5719 = FACE_OUTER_BOUND ( 'NONE', #1670, .T. ) ;
#5720 = EDGE_LOOP ( 'NONE', ( #6120, #2870, #8063, #6058 ) ) ;
#5721 = FACE_OUTER_BOUND ( 'NONE', #4492, .T. ) ;
#5722 = ORIENTED_EDGE ( 'NONE', *, *, #1170, .F. ) ;
#5723 = ADVANCED_FACE ( 'NONE', ( #3434 ), #225, .F. ) ;
#5724 = EDGE_LOOP ( 'NONE', ( #6628, #4984, #2717, #4263, #429, #6975, #2638, #1653, #5416, #6623 ) ) ;
#5725 = CARTESIAN_POINT ( 'NONE',  ( 15.00000000000006573, 1.481484572605556398E-32, 0.000000000000000000 ) ) ;
#5726 = CARTESIAN_POINT ( 'NONE',  ( 22.86788218175522047, -39.99999999999997868, 0.2900044396689678283 ) ) ;
#5727 = CARTESIAN_POINT ( 'NONE',  ( 24.99999999999999289, 38.14637571391023840, -12.04024656238805235 ) ) ;
#5728 = ORIENTED_EDGE ( 'NONE', *, *, #1105, .F. ) ;
#5729 = CARTESIAN_POINT ( 'NONE',  ( 16.80065191590786355, -0.8590227815949865731, 34.99022670979994132 ) ) ;
#5730 = CARTESIAN_POINT ( 'NONE',  ( 17.13211781824484703, 39.99999999999997868, 0.6269278581190046440 ) ) ;
#5731 = ORIENTED_EDGE ( 'NONE', *, *, #5493, .T. ) ;
#5732 = CARTESIAN_POINT ( 'NONE',  ( 20.00000000000000000, 35.00000000000000000, -4.385764661113933371 ) ) ;
#5733 = ORIENTED_EDGE ( 'NONE', *, *, #6068, .T. ) ;
#5734 = CARTESIAN_POINT ( 'NONE',  ( 24.45953615552161864, -30.68257059498186834, -16.83982962158329499 ) ) ;
#5735 = EDGE_LOOP ( 'NONE', ( #1765, #5543, #1472, #2786 ) ) ;
#5736 = CARTESIAN_POINT ( 'NONE',  ( 17.13211781824486124, 32.72917872425184527, -23.00421480023312526 ) ) ;
#5737 = EDGE_CURVE ( 'NONE', #7781, #3098, #589, .T. ) ;
#5738 = CARTESIAN_POINT ( 'NONE',  ( 15.00000000000007105, -31.40047916997842847, -15.45994527466871737 ) ) ;
#5739 = LINE ( 'NONE', #828, #800 ) ;
#5740 = DIRECTION ( 'NONE',  ( 1.000000000000000000, 0.000000000000000000, 0.000000000000000000 ) ) ;
#5741 = DIRECTION ( 'NONE',  ( -1.198546196142207308E-33, -0.8090169943749466741, -0.5877852522924742473 ) ) ;
#5742 = CARTESIAN_POINT ( 'NONE',  ( 24.34597678335757465, 32.64923485198263364, -12.61185178508005933 ) ) ;
#5743 = CARTESIAN_POINT ( 'NONE',  ( -12.50000000000000000, 1.250000000000000000, 4.999999999999999112 ) ) ;
#5744 = CARTESIAN_POINT ( 'NONE',  ( 16.50278156089888881, -27.63972396716023638, -21.47410881462487708 ) ) ;
#5745 = ORIENTED_EDGE ( 'NONE', *, *, #3295, .T. ) ;
#5746 = LINE ( 'NONE', #5666, #6338 ) ;
#5747 = ADVANCED_FACE ( 'NONE', ( #4593 ), #7178, .T. ) ;
#5748 = DIRECTION ( 'NONE',  ( -2.346002624057934744E-17, -0.8090169943749423442, -0.5877852522924802425 ) ) ;
#5749 = CARTESIAN_POINT ( 'NONE',  ( 21.52238633098376042, 13.12698716426500134, 32.48149977296341007 ) ) ;
#5750 = EDGE_LOOP ( 'NONE', ( #7803, #960, #112, #729, #4367, #2435, #4505, #3466, #7284, #4730 ) ) ;
#5751 = ADVANCED_FACE ( 'NONE', ( #4714 ), #7217, .F. ) ;
#5752 = ORIENTED_EDGE ( 'NONE', *, *, #3470, .F. ) ;
#5753 = ORIENTED_EDGE ( 'NONE', *, *, #7644, .F. ) ;
#5754 = CARTESIAN_POINT ( 'NONE',  ( 15.54046384447842399, 6.200019683603955833, 34.44647668373245608 ) ) ;
#5755 = ORIENTED_EDGE ( 'NONE', *, *, #1927, .T. ) ;
#5756 = CARTESIAN_POINT ( 'NONE',  ( 23.49692031861294694, 19.92929716338134583, -28.77350597518590902 ) ) ;
#5757 = VERTEX_POINT ( 'NONE', #509 ) ;
#5758 = CARTESIAN_POINT ( 'NONE',  ( 24.99999999999999289, 1.069105884036878258E-47, 0.000000000000000000 ) ) ;
#5759 = ADVANCED_FACE ( 'NONE', ( #4308 ), #2459, .F. ) ;
#5760 = ORIENTED_EDGE ( 'NONE', *, *, #4042, .T. ) ;
#5761 = CARTESIAN_POINT ( 'NONE',  ( 23.94355495384392185, -4.142491770268630802, -34.75439668095233969 ) ) ;
#5762 = PLANE ( 'NONE',  #2562 ) ;
#5763 = VECTOR ( 'NONE', #3388, 1000.000000000000000 ) ;
#5764 = DIRECTION ( 'NONE',  ( -1.000000000000000000, 1.481484572605565909E-33, -0.000000000000000000 ) ) ;
#5765 = ORIENTED_EDGE ( 'NONE', *, *, #4081, .T. ) ;
#5766 = CARTESIAN_POINT ( 'NONE',  ( 22.86788218175522758, 11.09103413563848051, 33.19621908895803841 ) ) ;
#5767 = CARTESIAN_POINT ( 'NONE',  ( 24.34597678335758530, -33.82684633196139146, -8.987536319960877762 ) ) ;
#5768 = VECTOR ( 'NONE', #6263, 1000.000000000000000 ) ;
#5769 = ORIENTED_EDGE ( 'NONE', *, *, #539, .F. ) ;
#5770 = ORIENTED_EDGE ( 'NONE', *, *, #869, .F. ) ;
#5771 = CARTESIAN_POINT ( 'NONE',  ( 24.45953615552161864, 31.65847084439262460, -14.92451753976463813 ) ) ;
#5772 = EDGE_LOOP ( 'NONE', ( #5848, #1861, #1978, #2711 ) ) ;
#5773 = VECTOR ( 'NONE', #7286, 1000.000000000000114 ) ;
#5774 = PLANE ( 'NONE',  #2673 ) ;
#5775 = CARTESIAN_POINT ( 'NONE',  ( 15.04754234242351529, -17.26600605646264341, -30.44726852803225725 ) ) ;
#5776 = CARTESIAN_POINT ( 'NONE',  ( 24.99999999999999645, 4.385764661113805474, 39.99999999999999289 ) ) ;
#5777 = VECTOR ( 'NONE', #5390, 1000.000000000000000 ) ;
#5778 = LINE ( 'NONE', #4628, #971 ) ;
#5779 = CARTESIAN_POINT ( 'NONE',  ( 25.00000000000000000, 14.97266267961681763, 31.88848486005423766 ) ) ;
#5780 = CARTESIAN_POINT ( 'NONE',  ( 15.80489273818000484, 6.322507118060048725, 34.42443017628861668 ) ) ;
#5781 =( BOUNDED_CURVE ( )  B_SPLINE_CURVE ( 3, ( #6045, #2399, #1005, #439 ),
 .UNSPECIFIED., .F., .F. ) 
 B_SPLINE_CURVE_WITH_KNOTS ( ( 4, 4 ),
 ( 1.427448757889531183, 1.434720266952592915 ),
 .UNSPECIFIED. ) 
 CURVE ( )  GEOMETRIC_REPRESENTATION_ITEM ( )  RATIONAL_B_SPLINE_CURVE ( ( 1.000000000000000000, 0.9999955937678493001, 0.9999955937678493001, 1.000000000000000000 ) ) 
 REPRESENTATION_ITEM ( '' )  );
#5782 = CARTESIAN_POINT ( 'NONE',  ( 25.00000000000000000, 24.95383028282907745, 31.31270016288820202 ) ) ;
#5783 = VERTEX_POINT ( 'NONE', #1817 ) ;
#5784 = EDGE_CURVE ( 'NONE', #750, #1639, #2269, .T. ) ;
#5785 = CIRCLE ( 'NONE', #4741, 5.000000000000001776 ) ;
#5786 = LINE ( 'NONE', #5182, #3158 ) ;
#5787 = VECTOR ( 'NONE', #6323, 1000.000000000000227 ) ;
#5788 = DIRECTION ( 'NONE',  ( 6.938893903907230350E-16, -0.000000000000000000, -1.000000000000000000 ) ) ;
#5789 = DIRECTION ( 'NONE',  ( -1.000000000000000000, 1.481484572605565909E-33, -0.000000000000000000 ) ) ;
#5790 = FACE_OUTER_BOUND ( 'NONE', #5510, .T. ) ;
#5791 = VERTEX_POINT ( 'NONE', #2985 ) ;
#5792 = EDGE_LOOP ( 'NONE', ( #7225, #402, #1926, #5714 ) ) ;
#5793 = AXIS2_PLACEMENT_3D ( 'NONE', #6211, #596, #64 ) ;
#5794 = ORIENTED_EDGE ( 'NONE', *, *, #5049, .F. ) ;
#5795 = EDGE_CURVE ( 'NONE', #1814, #7316, #545, .T. ) ;
#5796 = CARTESIAN_POINT ( 'NONE',  ( 0.000000000000000000, -23.51141009169906937, 32.36067977499776305 ) ) ;
#5797 = ORIENTED_EDGE ( 'NONE', *, *, #7363, .T. ) ;
#5798 = EDGE_CURVE ( 'NONE', #6331, #207, #4143, .T. ) ;
#5799 = AXIS2_PLACEMENT_3D ( 'NONE', #1753, #4915, #2220 ) ;
#5800 = DIRECTION ( 'NONE',  ( 5.172575739036328551E-48, 3.491481338843132961E-15, -1.000000000000000000 ) ) ;
#5801 = VERTEX_POINT ( 'NONE', #6074 ) ;
#5802 = CARTESIAN_POINT ( 'NONE',  ( 24.95238900918759484, 34.22295765798113365, 7.344392916882582334 ) ) ;
#5803 = VERTEX_POINT ( 'NONE', #465 ) ;
#5804 = EDGE_CURVE ( 'NONE', #5266, #2241, #3689, .T. ) ;
#5805 = DIRECTION ( 'NONE',  ( 1.000000000000000000, -1.481484572605566251E-33, 0.000000000000000000 ) ) ;
#5806 = CARTESIAN_POINT ( 'NONE',  ( 15.00000000000007105, -19.46632511982383917, -35.29960603646043893 ) ) ;
#5807 = EDGE_LOOP ( 'NONE', ( #1574, #171, #5265, #7550 ) ) ;
#5808 = ADVANCED_FACE ( 'NONE', ( #3027 ), #7392, .T. ) ;
#5809 = VECTOR ( 'NONE', #3245, 999.9999999999998863 ) ;
#5810 = CARTESIAN_POINT ( 'NONE',  ( 25.00000000000000000, 13.53462278956858356, 15.59550942305543408 ) ) ;
#5811 = DIRECTION ( 'NONE',  ( 0.000000000000000000, -0.3090169943749482839, 0.9510565162951533091 ) ) ;
#5812 = ORIENTED_EDGE ( 'NONE', *, *, #2402, .F. ) ;
#5813 = ADVANCED_FACE ( 'NONE', ( #8085 ), #2945, .T. ) ;
#5814 = VECTOR ( 'NONE', #6874, 1000.000000000000000 ) ;
#5815 = EDGE_LOOP ( 'NONE', ( #1889, #1900, #6349, #1870, #3231, #6809, #8070, #3962, #5706, #582 ) ) ;
#5816 = DIRECTION ( 'NONE',  ( 1.000000000000000000, -1.481484572605566251E-33, 0.000000000000000000 ) ) ;
#5817 = VECTOR ( 'NONE', #1321, 1000.000000000000000 ) ;
#5818 = ORIENTED_EDGE ( 'NONE', *, *, #4298, .T. ) ;
#5819 = DIRECTION ( 'NONE',  ( 6.938893903907228378E-16, 0.000000000000000000, -1.000000000000000000 ) ) ;
#5820 = AXIS2_PLACEMENT_3D ( 'NONE', #3784, #1632, #1767 ) ;
#5821 = DIRECTION ( 'NONE',  ( -1.551772721710899051E-47, -1.047444401652940322E-14, 1.000000000000000000 ) ) ;
#5822 = DIRECTION ( 'NONE',  ( 0.4226182617407009401, -0.8619499266302443896, -0.2800645083286790737 ) ) ;
#5823 = AXIS2_PLACEMENT_3D ( 'NONE', #3964, #4623, #1585 ) ;
#5824 = DIRECTION ( 'NONE',  ( -3.299640131595853469E-16, -1.032057927027752787E-14, 1.000000000000000000 ) ) ;
#5825 = CARTESIAN_POINT ( 'NONE',  ( 15.54046384447847906, 29.56988858092253736, 27.35260463503436057 ) ) ;
#5826 = LINE ( 'NONE', #7212, #7498 ) ;
#5827 = CARTESIAN_POINT ( 'NONE',  ( 16.80065191590786355, -21.26170326325621573, 27.80276712285554552 ) ) ;
#5828 = ORIENTED_EDGE ( 'NONE', *, *, #5017, .F. ) ;
#5829 = FACE_OUTER_BOUND ( 'NONE', #3869, .T. ) ;
#5830 = CARTESIAN_POINT ( 'NONE',  ( 25.00000000000000000, 31.31270016288846492, -24.95383028282873994 ) ) ;
#5831 = DIRECTION ( 'NONE',  ( -1.000000000000000000, 1.481484572605565909E-33, -0.000000000000000000 ) ) ;
#5832 = CARTESIAN_POINT ( 'NONE',  ( 25.00000000000000000, -6.630442559838200189, 34.59903648728074188 ) ) ;
#5833 = EDGE_CURVE ( 'NONE', #8105, #5309, #6023, .T. ) ;
#5834 =( BOUNDED_CURVE ( )  B_SPLINE_CURVE ( 3, ( #4804, #662, #4424, #3763 ),
 .UNSPECIFIED., .F., .F. ) 
 B_SPLINE_CURVE_WITH_KNOTS ( ( 4, 4 ),
 ( 4.578760888222364045, 4.586022819131210682 ),
 .UNSPECIFIED. ) 
 CURVE ( )  GEOMETRIC_REPRESENTATION_ITEM ( )  RATIONAL_B_SPLINE_CURVE ( ( 1.000000000000000000, 0.9999956053681178236, 0.9999956053681178236, 1.000000000000000000 ) ) 
 REPRESENTATION_ITEM ( '' )  );
#5835 = CARTESIAN_POINT ( 'NONE',  ( 25.00000000000000000, -16.99761586602348373, 30.85671967754518619 ) ) ;
#5836 = VECTOR ( 'NONE', #3182, 1000.000000000000114 ) ;
#5837 = EDGE_LOOP ( 'NONE', ( #5082, #5377, #3437, #5574 ) ) ;
#5838 = VERTEX_POINT ( 'NONE', #7913 ) ;
#5839 = CARTESIAN_POINT ( 'NONE',  ( 24.99999999999999645, 36.60129074203556598, -16.79552914386384188 ) ) ;
#5840 = EDGE_CURVE ( 'NONE', #2428, #5428, #6368, .T. ) ;
#5841 = EDGE_CURVE ( 'NONE', #3453, #528, #4845, .T. ) ;
#5842 = CARTESIAN_POINT ( 'NONE',  ( 24.81118820077486475, 34.09436179532378475, 7.912788908719083025 ) ) ;
#5843 = ORIENTED_EDGE ( 'NONE', *, *, #6372, .T. ) ;
#5844 = EDGE_CURVE ( 'NONE', #701, #1528, #5405, .T. ) ;
#5845 = ORIENTED_EDGE ( 'NONE', *, *, #794, .F. ) ;
#5846 = CARTESIAN_POINT ( 'NONE',  ( 16.50278156089885684, -1.126696844756639670, 34.98317087662547920 ) ) ;
#5847 = ADVANCED_FACE ( 'NONE', ( #1731 ), #4807, .F. ) ;
#5848 = ORIENTED_EDGE ( 'NONE', *, *, #945, .F. ) ;
#5849 = DIRECTION ( 'NONE',  ( -0.000000000000000000, -0.3090169943749446757, -0.9510565162951544194 ) ) ;
#5850 = EDGE_CURVE ( 'NONE', #392, #7036, #1902, .T. ) ;
#5851 = ORIENTED_EDGE ( 'NONE', *, *, #2345, .T. ) ;
#5852 = ORIENTED_EDGE ( 'NONE', *, *, #643, .T. ) ;
#5853 = CARTESIAN_POINT ( 'NONE',  ( 20.00000000000000000, -0.8289074614512073058, 11.64151772873125701 ) ) ;
#5854 = CARTESIAN_POINT ( 'NONE',  ( 24.45953615552157956, -8.165517980089658678, 39.40535134785561411 ) ) ;
#5855 = VERTEX_POINT ( 'NONE', #7997 ) ;
#5856 = CARTESIAN_POINT ( 'NONE',  ( 15.00000000000007105, -27.55649506357379153, 29.42175351353537849 ) ) ;
#5857 = CARTESIAN_POINT ( 'NONE',  ( 20.00000000000006750, 29.25090896740730884, 27.08959285050386256 ) ) ;
#5858 = CARTESIAN_POINT ( 'NONE',  ( 22.86788218175522402, 32.53114010773462184, 23.27679157156256551 ) ) ;
#5859 = AXIS2_PLACEMENT_3D ( 'NONE', #845, #5408, #2059 ) ;
#5860 = CARTESIAN_POINT ( 'NONE',  ( 24.99999999999999289, 6.559235620208114348, -34.37988406144781095 ) ) ;
#5861 = EDGE_CURVE ( 'NONE', #6785, #1882, #319, .T. ) ;
#5862 = DIRECTION ( 'NONE',  ( 0.000000000000000000, 0.5877852522924739143, -0.8090169943749467851 ) ) ;
#5863 = CARTESIAN_POINT ( 'NONE',  ( 23.70474528246987944, 6.964894767507033180, -34.30000351133441683 ) ) ;
#5864 = CARTESIAN_POINT ( 'NONE',  ( 15.00000000000007283, -23.51141009169906937, 32.36067977499776305 ) ) ;
#5865 = VERTEX_POINT ( 'NONE', #6160 ) ;
#5866 = CARTESIAN_POINT ( 'NONE',  ( 26.57262746422508215, 23.41393585447027448, 32.43149895372937408 ) ) ;
#5867 = PLANE ( 'NONE',  #2791 ) ;
#5868 = CARTESIAN_POINT ( 'NONE',  ( 22.86788218175522402, -33.19621908895808815, 11.09103413563834906 ) ) ;
#5869 = CARTESIAN_POINT ( 'NONE',  ( 25.00000000000000000, 13.53462278956883047, -15.59550942305548737 ) ) ;
#5870 = LINE ( 'NONE', #7683, #4495 ) ;
#5871 = CARTESIAN_POINT ( 'NONE',  ( 15.36021751530115154, -25.20433833646992738, -24.28473853897212109 ) ) ;
#5872 = B_SPLINE_CURVE_WITH_KNOTS ( 'NONE', 3,
 ( #6865, #1897, #3733, #4314, #5099, #2507, #552, #6208, #2588, #594, #1785, #4393, #1289, #3768 ),
 .UNSPECIFIED., .F., .F.,
 ( 4, 2, 2, 2, 2, 2, 4 ),
 ( 8.673617379884035472E-19, 0.001196137445628224754, 0.001794206168442336914, 0.002392274891256449074, 0.002990343614070560367, 0.003588412336884672527, 0.004784549782512896414 ),
 .UNSPECIFIED. ) ;
#5873 = ORIENTED_EDGE ( 'NONE', *, *, #2680, .F. ) ;
#5874 =( BOUNDED_CURVE ( )  B_SPLINE_CURVE ( 3, ( #698, #6268, #4380, #1353 ),
 .UNSPECIFIED., .F., .T. ) 
 B_SPLINE_CURVE_WITH_KNOTS ( ( 4, 4 ),
 ( 4.704103044437397685, 4.835908513616244520 ),
 .UNSPECIFIED. ) 
 CURVE ( )  GEOMETRIC_REPRESENTATION_ITEM ( )  RATIONAL_B_SPLINE_CURVE ( ( 1.000000000000000000, 0.9985528004245092237, 0.9985528004245092237, 1.000000000000000000 ) ) 
 REPRESENTATION_ITEM ( '' )  );
#5875 = LINE ( 'NONE', #881, #5689 ) ;
#5876 = CARTESIAN_POINT ( 'NONE',  ( -7.500000000000000000, 13.50000000000000000, 1.653273178848926867E-15 ) ) ;
#5877 = ORIENTED_EDGE ( 'NONE', *, *, #3432, .F. ) ;
#5878 = DIRECTION ( 'NONE',  ( 2.263401543000808125E-16, -0.8090169943749424553, -0.5877852522924801315 ) ) ;
#5879 = ADVANCED_FACE ( 'NONE', ( #8044 ), #2419, .F. ) ;
#5880 = ORIENTED_EDGE ( 'NONE', *, *, #1894, .F. ) ;
#5881 = DIRECTION ( 'NONE',  ( 1.942890293094024261E-14, 0.9510565162951524210, 0.3090169943749513370 ) ) ;
#5882 = ORIENTED_EDGE ( 'NONE', *, *, #1743, .T. ) ;
#5883 = CARTESIAN_POINT ( 'NONE',  ( 15.00000000000007283, -12.36067977499752502, -38.04226065180624516 ) ) ;
#5884 = ORIENTED_EDGE ( 'NONE', *, *, #7109, .F. ) ;
#5885 = CARTESIAN_POINT ( 'NONE',  ( 15.18862017184824964, 7.582193665148368567, 34.16940328296885099 ) ) ;
#5886 = ADVANCED_FACE ( 'NONE', ( #3114 ), #2584, .T. ) ;
#5887 = DIRECTION ( 'NONE',  ( -3.469446951953613203E-16, -0.5877852522924742473, 0.8090169943749465631 ) ) ;
#5888 = ORIENTED_EDGE ( 'NONE', *, *, #168, .T. ) ;
#5889 = CARTESIAN_POINT ( 'NONE',  ( 23.70474528246987944, 23.65542331968050149, 25.79575444848852328 ) ) ;
#5890 = EDGE_CURVE ( 'NONE', #2535, #726, #3765, .T. ) ;
#5891 = CARTESIAN_POINT ( 'NONE',  ( 18.47620868754437495, 34.07432135907644266, -8.143013367473471931 ) ) ;
#5892 = CARTESIAN_POINT ( 'NONE',  ( 16.29525471753020582, 25.56521582826710670, 23.90438745615793792 ) ) ;
#5893 = CARTESIAN_POINT ( 'NONE',  ( 0.000000000000000000, -12.36067977499752502, -38.04226065180624516 ) ) ;
#5894 = CARTESIAN_POINT ( 'NONE',  ( 15.00000000000007105, 5.000000000000419220, -39.99999999999992184 ) ) ;
#5895 = CARTESIAN_POINT ( 'NONE',  ( 20.00000000000000000, 39.39753646541940668, 8.189569715108479642 ) ) ;
#5896 = AXIS2_PLACEMENT_3D ( 'NONE', #3730, #133, #666 ) ;
#5897 = CARTESIAN_POINT ( 'NONE',  ( 23.70474528246987589, 17.22329254607031856, -30.46897100120840918 ) ) ;
#5898 = VECTOR ( 'NONE', #5431, 1000.000000000000000 ) ;
#5899 = ORIENTED_EDGE ( 'NONE', *, *, #4682, .F. ) ;
#5900 = PLANE ( 'NONE',  #4468 ) ;
#5901 = CARTESIAN_POINT ( 'NONE',  ( 15.00000000000006395, 6.499325435533654272, 26.86285474552350649 ) ) ;
#5902 = ADVANCED_FACE ( 'NONE', ( #1850 ), #5057, .T. ) ;
#5903 = CARTESIAN_POINT ( 'NONE',  ( 24.61076051292645772, -32.45201711130152944, 13.11114720762624053 ) ) ;
#5904 = AXIS2_PLACEMENT_3D ( 'NONE', #3924, #2004, #864 ) ;
#5905 = CARTESIAN_POINT ( 'NONE',  ( 15.38892734875750001, 13.42448363205893891, -32.32365832599183619 ) ) ;
#5906 = AXIS2_PLACEMENT_3D ( 'NONE', #4705, #454, #3640 ) ;
#5907 = ORIENTED_EDGE ( 'NONE', *, *, #1531, .F. ) ;
#5908 = CARTESIAN_POINT ( 'NONE',  ( 15.54046384447853058, -25.26305227762915351, -24.22350489953460695 ) ) ;
#5909 = DIRECTION ( 'NONE',  ( 0.5735764363510457153, -0.2531319026622787516, 0.7790598895575420180 ) ) ;
#5910 = EDGE_CURVE ( 'NONE', #2241, #4680, #6905, .T. ) ;
#5911 = ORIENTED_EDGE ( 'NONE', *, *, #549, .T. ) ;
#5912 = CIRCLE ( 'NONE', #5650, 5.000000000000003553 ) ;
#5913 = CARTESIAN_POINT ( 'NONE',  ( 15.00000000000008527, 15.28728194667529472, -31.76647631344081546 ) ) ;
#5914 = CIRCLE ( 'NONE', #431, 35.00000000000000000 ) ;
#5915 = CARTESIAN_POINT ( 'NONE',  ( 24.01831258142419756, -9.472098316839254295, 33.69431333495137437 ) ) ;
#5916 = VECTOR ( 'NONE', #2823, 1000.000000000000114 ) ;
#5917 = ORIENTED_EDGE ( 'NONE', *, *, #1004, .T. ) ;
#5918 = EDGE_CURVE ( 'NONE', #4157, #302, #628, .T. ) ;
#5919 = AXIS2_PLACEMENT_3D ( 'NONE', #4327, #6259, #611 ) ;
#5920 = ORIENTED_EDGE ( 'NONE', *, *, #1509, .F. ) ;
#5921 = CARTESIAN_POINT ( 'NONE',  ( 23.19917531777617725, -33.44530749490899524, -10.31819859179590892 ) ) ;
#5922 = ADVANCED_FACE ( 'NONE', ( #3729 ), #5774, .F. ) ;
#5923 = VECTOR ( 'NONE', #6486, 1000.000000000000000 ) ;
#5924 = AXIS2_PLACEMENT_3D ( 'NONE', #5581, #5618, #630 ) ;
#5925 = CARTESIAN_POINT ( 'NONE',  ( 15.36021751530112844, -24.28473853897202162, 25.20433833647001975 ) ) ;
#5926 = EDGE_LOOP ( 'NONE', ( #2735, #4483, #4617, #1362 ) ) ;
#5927 = CARTESIAN_POINT ( 'NONE',  ( -7.500000000000000000, -1.250000000000000000, -5.000000000000000888 ) ) ;
#5928 = CARTESIAN_POINT ( 'NONE',  ( 23.19917531777618436, -20.99293718299452749, -28.00625651599299815 ) ) ;
#5929 = VERTEX_POINT ( 'NONE', #5019 ) ;
#5930 = DIRECTION ( 'NONE',  ( 0.9063077870366491595, -0.4226182617407009401, -4.426691322965941000E-15 ) ) ;
#5931 = CARTESIAN_POINT ( 'NONE',  ( 15.54046384447845419, -6.200019683603742671, -34.44647668373249161 ) ) ;
#5932 = CARTESIAN_POINT ( 'NONE',  ( 22.86788218175522758, -23.27679157156266854, 32.53114010773454368 ) ) ;
#5933 = VECTOR ( 'NONE', #1694, 1000.000000000000000 ) ;
#5934 = EDGE_CURVE ( 'NONE', #4856, #145, #7021, .T. ) ;
#5935 = CARTESIAN_POINT ( 'NONE',  ( 23.70474528246987944, 23.65542331968050149, 25.79575444848852328 ) ) ;
#5936 = CARTESIAN_POINT ( 'NONE',  ( 20.00000000000000000, 19.96325194752908416, -34.93856756282590226 ) ) ;
#5937 = ADVANCED_FACE ( 'NONE', ( #6901 ), #6241, .F. ) ;
#5938 = VERTEX_POINT ( 'NONE', #2003 ) ;
#5939 = VERTEX_POINT ( 'NONE', #3198 ) ;
#5940 = VECTOR ( 'NONE', #3077, 1000.000000000000227 ) ;
#5941 = CARTESIAN_POINT ( 'NONE',  ( 23.89409946658236095, -19.55401206327818642, 29.02866678150713753 ) ) ;
#5942 = CARTESIAN_POINT ( 'NONE',  ( 17.13211781824485413, -34.99438471327528077, -0.6269278581189985378 ) ) ;
#5943 = VECTOR ( 'NONE', #1, 1000.000000000000000 ) ;
#5944 = CARTESIAN_POINT ( 'NONE',  ( 24.75193471525577849, -32.30878350329300019, 13.46024161111512640 ) ) ;
#5945 = CARTESIAN_POINT ( 'NONE',  ( 17.13211781824485769, 11.41010340880834484, -33.08790625289397980 ) ) ;
#5946 = EDGE_CURVE ( 'NONE', #1356, #185, #6361, .T. ) ;
#5947 = ORIENTED_EDGE ( 'NONE', *, *, #2607, .T. ) ;
#5948 = CARTESIAN_POINT ( 'NONE',  ( 25.00000000000000000, -31.88848486005430871, 14.97266267961670394 ) ) ;
#5949 = CARTESIAN_POINT ( 'NONE',  ( 26.57262746422509281, 12.47526761324114375, -38.00502880621214530 ) ) ;
#5950 = DIRECTION ( 'NONE',  ( -0.9063077870366492705, 0.4019338517338255645, -0.1305962250110722922 ) ) ;
#5951 = VERTEX_POINT ( 'NONE', #6979 ) ;
#5952 = EDGE_CURVE ( 'NONE', #1777, #7444, #98, .T. ) ;
#5953 = ORIENTED_EDGE ( 'NONE', *, *, #5376, .F. ) ;
#5954 = CIRCLE ( 'NONE', #7665, 35.00000000000000000 ) ;
#5955 = CARTESIAN_POINT ( 'NONE',  ( 15.00000000000007816, 33.60669800362479265, -21.79641312923926577 ) ) ;
#5956 = CARTESIAN_POINT ( 'NONE',  ( 19.32833852793587681, -33.02636109117824503, 11.68867368810116147 ) ) ;
#5957 = AXIS2_PLACEMENT_3D ( 'NONE', #824, #6538, #7854 ) ;
#5958 = VERTEX_POINT ( 'NONE', #1364 ) ;
#5959 = FACE_OUTER_BOUND ( 'NONE', #6213, .T. ) ;
#5960 = ORIENTED_EDGE ( 'NONE', *, *, #4066, .T. ) ;
#5961 = EDGE_CURVE ( 'NONE', #544, #4527, #7193, .T. ) ;
#5962 = LINE ( 'NONE', #4865, #3033 ) ;
#5963 = DIRECTION ( 'NONE',  ( 0.000000000000000000, -1.000000000000000000, 0.000000000000000000 ) ) ;
#5964 = VERTEX_POINT ( 'NONE', #752 ) ;
#5965 = ORIENTED_EDGE ( 'NONE', *, *, #2650, .T. ) ;
#5966 = CARTESIAN_POINT ( 'NONE',  ( 26.57262746422508215, -12.47526761324088262, 38.00502880621223056 ) ) ;
#5967 = CARTESIAN_POINT ( 'NONE',  ( 15.54046384447848439, 4.747977570364239952, -39.99999999999992895 ) ) ;
#5968 = ORIENTED_EDGE ( 'NONE', *, *, #5446, .F. ) ;
#5969 = B_SPLINE_CURVE_WITH_KNOTS ( 'NONE', 3,
 ( #7466, #1815, #3557, #7343 ),
 .UNSPECIFIED., .F., .F.,
 ( 4, 4 ),
 ( 4.906538933386797396E-18, 0.0008734117105027641974 ),
 .UNSPECIFIED. ) ;
#5970 = CARTESIAN_POINT ( 'NONE',  ( 15.00000000000007105, -7.605397193521742594, -39.58734562368093890 ) ) ;
#5971 = CYLINDRICAL_SURFACE ( 'NONE', #5823, 4.999999999999999112 ) ;
#5972 = ORIENTED_EDGE ( 'NONE', *, *, #2728, .T. ) ;
#5973 = CARTESIAN_POINT ( 'NONE',  ( 24.99999999999999289, -6.284324884054505844, 34.43119604009790180 ) ) ;
#5974 = CARTESIAN_POINT ( 'NONE',  ( 16.29525471753013122, 6.632047658116573707, 34.36591252768461402 ) ) ;
#5975 = FACE_OUTER_BOUND ( 'NONE', #6971, .T. ) ;
#5976 = CARTESIAN_POINT ( 'NONE',  ( 24.45953615552155469, -34.38465223649144775, -6.534193949948506663 ) ) ;
#5977 = DIRECTION ( 'NONE',  ( 0.000000000000000000, 0.3090169943749415671, 0.9510565162951554186 ) ) ;
#5978 = CARTESIAN_POINT ( 'NONE',  ( 21.52238633098367160, 8.472190838057350959, -33.99393478130087942 ) ) ;
#5979 = ORIENTED_EDGE ( 'NONE', *, *, #3782, .F. ) ;
#5980 = EDGE_CURVE ( 'NONE', #2497, #5380, #4349, .T. ) ;
#5981 = ADVANCED_FACE ( 'NONE', ( #2618 ), #5132, .F. ) ;
#5982 = CARTESIAN_POINT ( 'NONE',  ( 15.00000000000007105, 29.58475337065267752, 27.33214500719819284 ) ) ;
#5983 = DIRECTION ( 'NONE',  ( -0.000000000000000000, -0.5877852522924653655, -0.8090169943749531134 ) ) ;
#5984 = CARTESIAN_POINT ( 'NONE',  ( 26.57262746422508570, 38.07949249740012476, -12.24609193675456709 ) ) ;
#5985 = CARTESIAN_POINT ( 'NONE',  ( -7.500000000000000000, -1.250000000000000000, -5.000000000000000888 ) ) ;
#5986 = LINE ( 'NONE', #4094, #5187 ) ;
#5987 = CARTESIAN_POINT ( 'NONE',  ( 24.45953615552153693, -36.67916995575670569, 16.55584156990603262 ) ) ;
#5988 = CARTESIAN_POINT ( 'NONE',  ( 23.70474528246986168, -23.63802412409839704, -25.77180651025903657 ) ) ;
#5989 = CARTESIAN_POINT ( 'NONE',  ( 24.99999999999999289, -23.23883332036962557, -32.55871839151500069 ) ) ;
#5990 = ORIENTED_EDGE ( 'NONE', *, *, #539, .T. ) ;
#5991 = VERTEX_POINT ( 'NONE', #2658 ) ;
#5992 = B_SPLINE_CURVE_WITH_KNOTS ( 'NONE', 3,
 ( #5582, #1251, #5620, #6939 ),
 .UNSPECIFIED., .F., .F.,
 ( 4, 4 ),
 ( 3.469446951953614189E-18, 0.0008734117105027574754 ),
 .UNSPECIFIED. ) ;
#5993 = FACE_OUTER_BOUND ( 'NONE', #7720, .T. ) ;
#5994 = EDGE_CURVE ( 'NONE', #4781, #2480, #6618, .T. ) ;
#5995 = CYLINDRICAL_SURFACE ( 'NONE', #5050, 35.00000000000000000 ) ;
#5996 = EDGE_CURVE ( 'NONE', #2356, #4425, #5172, .T. ) ;
#5997 = ORIENTED_EDGE ( 'NONE', *, *, #2693, .T. ) ;
#5998 = FACE_OUTER_BOUND ( 'NONE', #3086, .T. ) ;
#5999 = ORIENTED_EDGE ( 'NONE', *, *, #3250, .T. ) ;
#6000 = CARTESIAN_POINT ( 'NONE',  ( 15.18006210666840339, -34.47622875815763166, 6.032979985104351073 ) ) ;
#6001 = CARTESIAN_POINT ( 'NONE',  ( 16.80065191590787421, -33.01223048093184076, -11.62955390444238901 ) ) ;
#6002 = ORIENTED_EDGE ( 'NONE', *, *, #2939, .T. ) ;
#6003 = ORIENTED_EDGE ( 'NONE', *, *, #1988, .F. ) ;
#6004 = ADVANCED_FACE ( 'NONE', ( #2191 ), #1550, .F. ) ;
#6005 = ORIENTED_EDGE ( 'NONE', *, *, #3548, .F. ) ;
#6006 = LINE ( 'NONE', #490, #5773 ) ;
#6007 = CARTESIAN_POINT ( 'NONE',  ( 24.99999999999999645, -29.61979213005256284, 27.28391829224451115 ) ) ;
#6008 = ORIENTED_EDGE ( 'NONE', *, *, #1211, .T. ) ;
#6009 = CARTESIAN_POINT ( 'NONE',  ( 15.98126570279176661, 1.741104187334178599, -34.95705929450343774 ) ) ;
#6010 = LINE ( 'NONE', #7087, #323 ) ;
#6011 = ORIENTED_EDGE ( 'NONE', *, *, #2481, .T. ) ;
#6012 = CARTESIAN_POINT ( 'NONE',  ( 23.19917531777617370, 34.99687634872891095, -0.5219783908679715978 ) ) ;
#6013 = CYLINDRICAL_SURFACE ( 'NONE', #2874, 5.000000000000000888 ) ;
#6014 = CARTESIAN_POINT ( 'NONE',  ( 15.04754234242350996, 30.44726852803231409, -17.26600605646254039 ) ) ;
#6015 = LINE ( 'NONE', #6768, #7075 ) ;
#6016 = CARTESIAN_POINT ( 'NONE',  ( 22.86788218175522402, -38.13187695210792327, -12.08486916289649038 ) ) ;
#6017 = CARTESIAN_POINT ( 'NONE',  ( 15.00000000000006573, 1.481484572605556398E-32, 0.000000000000000000 ) ) ;
#6018 = ORIENTED_EDGE ( 'NONE', *, *, #4975, .F. ) ;
#6019 = B_SPLINE_CURVE_WITH_KNOTS ( 'NONE', 3,
 ( #7931, #4107, #437, #6615 ),
 .UNSPECIFIED., .F., .F.,
 ( 4, 4 ),
 ( 3.878959614448864246E-18, 0.0008734117105027512954 ),
 .UNSPECIFIED. ) ;
#6020 = ORIENTED_EDGE ( 'NONE', *, *, #2135, .F. ) ;
#6021 = AXIS2_PLACEMENT_3D ( 'NONE', #3808, #3273, #3156 ) ;
#6022 = CYLINDRICAL_SURFACE ( 'NONE', #3810, 35.00000000000000000 ) ;
#6023 = LINE ( 'NONE', #4269, #7007 ) ;
#6024 = CARTESIAN_POINT ( 'NONE',  ( 15.00000000000006573, 1.481484572605556398E-32, 0.000000000000000000 ) ) ;
#6025 = CARTESIAN_POINT ( 'NONE',  ( 24.99999999999999289, 24.16158924563280763, 25.32227488053396414 ) ) ;
#6026 = CARTESIAN_POINT ( 'NONE',  ( 22.86788218175522047, -34.99879851402005926, 0.2900044396689680504 ) ) ;
#6027 = VECTOR ( 'NONE', #6420, 1000.000000000000114 ) ;
#6028 = DIRECTION ( 'NONE',  ( 0.5735764363510449382, 0.000000000000000000, 0.8191520442889926867 ) ) ;
#6029 = EDGE_CURVE ( 'NONE', #3431, #5011, #4874, .T. ) ;
#6030 = FACE_OUTER_BOUND ( 'NONE', #8067, .T. ) ;
#6031 = DIRECTION ( 'NONE',  ( -1.000000000000000000, 1.481484572605565909E-33, -0.000000000000000000 ) ) ;
#6032 = CARTESIAN_POINT ( 'NONE',  ( 15.00000000000006573, 34.36997880317083087, -6.623313333993260166 ) ) ;
#6033 = ORIENTED_EDGE ( 'NONE', *, *, #1294, .T. ) ;
#6034 = EDGE_LOOP ( 'NONE', ( #4148, #825, #5753, #3221 ) ) ;
#6035 = VECTOR ( 'NONE', #3143, 1000.000000000000000 ) ;
#6036 = VECTOR ( 'NONE', #4996, 1000.000000000000000 ) ;
#6037 = CARTESIAN_POINT ( 'NONE',  ( 24.99999999999999645, -7.925830406131633588, 39.48323056157686040 ) ) ;
#6038 = CARTESIAN_POINT ( 'NONE',  ( 20.67025973870251221, -9.631496325218758869, -33.68385846843800380 ) ) ;
#6039 = ORIENTED_EDGE ( 'NONE', *, *, #3884, .F. ) ;
#6040 = EDGE_CURVE ( 'NONE', #948, #1278, #4509, .T. ) ;
#6041 = CARTESIAN_POINT ( 'NONE',  ( 24.45953615552161864, -34.72092454513393989, 4.411054151913809562 ) ) ;
#6042 = CIRCLE ( 'NONE', #6436, 5.000000000000000000 ) ;
#6043 = AXIS2_PLACEMENT_3D ( 'NONE', #4139, #4815, #7269 ) ;
#6044 = VERTEX_POINT ( 'NONE', #3386 ) ;
#6045 = CARTESIAN_POINT ( 'NONE',  ( 15.00000000000007105, -15.45994527466860724, 31.40047916997848532 ) ) ;
#6046 = CARTESIAN_POINT ( 'NONE',  ( 16.29525471753019872, -31.70082706804146255, -14.83433730242541948 ) ) ;
#6047 = ORIENTED_EDGE ( 'NONE', *, *, #7421, .F. ) ;
#6048 = ADVANCED_FACE ( 'NONE', ( #5206 ), #4704, .T. ) ;
#6049 = VERTEX_POINT ( 'NONE', #2697 ) ;
#6050 = VECTOR ( 'NONE', #2216, 1000.000000000000000 ) ;
#6051 = AXIS2_PLACEMENT_3D ( 'NONE', #5450, #2986, #6162 ) ;
#6052 = ORIENTED_EDGE ( 'NONE', *, *, #7160, .F. ) ;
#6053 = CYLINDRICAL_SURFACE ( 'NONE', #4463, 5.000000000000000000 ) ;
#6054 = ADVANCED_FACE ( 'NONE', ( #4039 ), #1590, .F. ) ;
#6055 = DIRECTION ( 'NONE',  ( 3.598873326614293437E-16, 0.3090169943749517256, -0.9510565162951521989 ) ) ;
#6056 = CARTESIAN_POINT ( 'NONE',  ( 24.99999999999999289, 32.16264115848095884, 23.78398686302793053 ) ) ;
#6057 = AXIS2_PLACEMENT_3D ( 'NONE', #6334, #3825, #4287 ) ;
#6058 = ORIENTED_EDGE ( 'NONE', *, *, #6172, .F. ) ;
#6059 = EDGE_CURVE ( 'NONE', #4442, #4251, #3534, .T. ) ;
#6060 = DIRECTION ( 'NONE',  ( 6.938893903907229364E-16, 0.9510565162951524210, 0.3090169943749513370 ) ) ;
#6061 = CARTESIAN_POINT ( 'NONE',  ( 15.04754234242349220, -34.29256243340112320, 7.012224162931033788 ) ) ;
#6062 = ORIENTED_EDGE ( 'NONE', *, *, #1082, .F. ) ;
#6063 = FACE_OUTER_BOUND ( 'NONE', #5807, .T. ) ;
#6064 = DIRECTION ( 'NONE',  ( -1.000000000000000000, 0.000000000000000000, 0.000000000000000000 ) ) ;
#6065 = CARTESIAN_POINT ( 'NONE',  ( 0.000000000000000000, 4.189777606611758007E-13, -39.99999999999997868 ) ) ;
#6066 = CARTESIAN_POINT ( 'NONE',  ( 15.54046384447849150, 4.747977570364181332, -34.67645756116560563 ) ) ;
#6067 = CLOSED_SHELL ( 'NONE', ( #7188, #2047, #1681, #1300, #887, #1453, #7607, #4274, #5157, #1358, #6402, #3748, #882, #6976, #7733, #6698, #2042, #6292, #191, #3269, #2550, #4091, #3702, #747, #6112, #2910, #5641, #1546, #893, #5427, #1347, #3475, #5937, #5556, #681, #7763, #7939, #3167, #5288, #6720, #3462, #3778, #6566, #1449, #3787, #5507, #6054, #4701, #3779, #7610, #4032, #5197, #8006, #3995, #6997, #2505, #2816, #2983, #1399, #756, #5759, #7372, #1500, #3740, #93, #4185, #5325, #1538, #5922, #3522, #7270, #761, #3088, #3908, #686, #876, #7700, #4099, #1103, #6546, #1604, #1540, #991, #7142, #5000, #3641, #6770, #2723, #6817, #3520, #5751, #7010, #6924, #4660, #5646, #647, #6144, #8056, #6911, #3841, #3529, #4863, #642, #7431, #5216, #4357, #5532, #7849, #3147, #1886, #2464, #6159, #6297, #7564, #6004, #434, #297, #3603, #6532, #6921, #5302, #1412, #5879, #3769, #1977, #5723, #6880, #1695, #2395, #3695, #115, #4633, #2174, #5847, #7423, #4914, #1842, #5981, #2923, #3904, #7704, #1715, #2634, #6267, #2329, #2147, #3589, #6915, #3647, #7853, #7545, #1991, #1962, #3305, #5346, #4388, #4967, #4312, #4331, #2120, #2030, #2222, #3181, #7052, #852, #4838, #4440, #6749, #1354, #3507, #5902, #3354, #7577, #2556, #7344, #3376, #458, #4791, #3636, #1838, #4503, #6261, #6048, #4181, #6655, #2033, #3044, #7661, #738, #7552, #1274, #7569, #4600, #1497, #904, #7750, #538, #4389, #1490, #5149, #5747, #5095, #3199, #922, #7300, #798, #1594, #4926, #1936, #7495, #7841, #510, #1430, #1323, #5234, #5886, #5241, #57, #2543, #3095, #151, #4016, #1188, #7453, #144, #446, #5808, #5389, #7153, #7813, #7845, #7880, #5813, #7460, #5310, #4340, #6251, #6691 ) ) ;
#6068 = EDGE_CURVE ( 'NONE', #1539, #6635, #7257, .T. ) ;
#6069 = B_SPLINE_CURVE_WITH_KNOTS ( 'NONE', 3,
 ( #4118, #8073, #2930, #3543 ),
 .UNSPECIFIED., .F., .F.,
 ( 4, 4 ),
 ( 3.576224061345498009E-18, 0.0008734117105027611617 ),
 .UNSPECIFIED. ) ;
#6070 = CYLINDRICAL_SURFACE ( 'NONE', #4605, 5.000000000000001776 ) ;
#6071 = ORIENTED_EDGE ( 'NONE', *, *, #4969, .F. ) ;
#6072 = DIRECTION ( 'NONE',  ( -1.000000000000000000, 1.481484572605565909E-33, -0.000000000000000000 ) ) ;
#6073 = CARTESIAN_POINT ( 'NONE',  ( -7.500000000000000000, 4.814824860968089633E-32, 0.000000000000000000 ) ) ;
#6074 = CARTESIAN_POINT ( 'NONE',  ( 15.00000000000006573, -15.20822509185036431, 31.52316433284598673 ) ) ;
#6075 = AXIS2_PLACEMENT_3D ( 'NONE', #6990, #5105, #2012 ) ;
#6076 = CARTESIAN_POINT ( 'NONE',  ( 17.72899504657440772, -35.00000000000000000, -0.2089899234569233266 ) ) ;
#6077 = CARTESIAN_POINT ( 'NONE',  ( 16.29525471753012056, -34.33541064136225884, 6.622136994478037941 ) ) ;
#6078 = CARTESIAN_POINT ( 'NONE',  ( 17.13211781824483282, -0.6269278581191499722, 34.99438471327527367 ) ) ;
#6079 = VECTOR ( 'NONE', #7961, 1000.000000000000000 ) ;
#6080 = CYLINDRICAL_SURFACE ( 'NONE', #3580, 35.00000000000000000 ) ;
#6081 = CARTESIAN_POINT ( 'NONE',  ( 16.10548734941334814, 32.76492375420450998, 12.30783059567996673 ) ) ;
#6082 = CARTESIAN_POINT ( 'NONE',  ( 15.18006210666843891, 34.65313535984939364, 4.916035660717015254 ) ) ;
#6083 = CARTESIAN_POINT ( 'NONE',  ( 15.98126570279177017, 33.78416981541723629, -9.146436912461268776 ) ) ;
#6084 = ORIENTED_EDGE ( 'NONE', *, *, #3210, .F. ) ;
#6085 = VECTOR ( 'NONE', #3597, 1000.000000000000114 ) ;
#6086 = VERTEX_POINT ( 'NONE', #2040 ) ;
#6087 = AXIS2_PLACEMENT_3D ( 'NONE', #3646, #2374, #2894 ) ;
#6088 = CARTESIAN_POINT ( 'NONE',  ( -8.673617379884035472E-16, 20.00000000000000355, 0.000000000000000000 ) ) ;
#6089 = EDGE_CURVE ( 'NONE', #3799, #2270, #6508, .T. ) ;
#6090 = CARTESIAN_POINT ( 'NONE',  ( 24.99999999999999645, -39.48323056157683197, -7.925830406131772143 ) ) ;
#6091 = CARTESIAN_POINT ( 'NONE',  ( 16.29525471753017385, -6.632047658116366762, -34.36591252768466376 ) ) ;
#6092 = AXIS2_PLACEMENT_3D ( 'NONE', #3742, #1747, #8059 ) ;
#6093 = ORIENTED_EDGE ( 'NONE', *, *, #2239, .F. ) ;
#6094 = VECTOR ( 'NONE', #6773, 1000.000000000000227 ) ;
#6095 = ORIENTED_EDGE ( 'NONE', *, *, #2068, .F. ) ;
#6096 = DIRECTION ( 'NONE',  ( -0.9063077870366492705, -0.4226182617407007736, -1.475563774321979742E-15 ) ) ;
#6097 = CARTESIAN_POINT ( 'NONE',  ( 16.50278156089890302, -32.92280415034304752, -11.88194669409507753 ) ) ;
#6098 = EDGE_LOOP ( 'NONE', ( #3773, #2443, #6461, #6708 ) ) ;
#6099 = EDGE_CURVE ( 'NONE', #7176, #777, #7570, .T. ) ;
#6100 = EDGE_CURVE ( 'NONE', #3569, #4074, #7740, .T. ) ;
#6101 = VECTOR ( 'NONE', #2486, 1000.000000000000000 ) ;
#6102 = B_SPLINE_CURVE_WITH_KNOTS ( 'NONE', 3,
 ( #4183, #5272, #7766, #1696 ),
 .UNSPECIFIED., .F., .F.,
 ( 4, 4 ),
 ( 3.878959614448864246E-18, 0.0008731425215613054661 ),
 .UNSPECIFIED. ) ;
#6103 = ORIENTED_EDGE ( 'NONE', *, *, #5500, .T. ) ;
#6104 = PLANE ( 'NONE',  #3016 ) ;
#6105 = EDGE_CURVE ( 'NONE', #3488, #3266, #6885, .T. ) ;
#6106 =( BOUNDED_CURVE ( )  B_SPLINE_CURVE ( 3, ( #6178, #8103, #8065, #2477 ),
 .UNSPECIFIED., .F., .F. ) 
 B_SPLINE_CURVE_WITH_KNOTS ( ( 4, 4 ),
 ( 1.427448757889531183, 1.434720266952592471 ),
 .UNSPECIFIED. ) 
 CURVE ( )  GEOMETRIC_REPRESENTATION_ITEM ( )  RATIONAL_B_SPLINE_CURVE ( ( 1.000000000000000000, 0.9999955937678493001, 0.9999955937678493001, 1.000000000000000000 ) ) 
 REPRESENTATION_ITEM ( '' )  );
#6107 = FACE_OUTER_BOUND ( 'NONE', #6910, .T. ) ;
#6108 = DIRECTION ( 'NONE',  ( -1.000000000000000000, 1.481484572605565909E-33, -0.000000000000000000 ) ) ;
#6109 = CARTESIAN_POINT ( 'NONE',  ( 17.13211781824489321, -10.21761575938560540, -33.47536897770591224 ) ) ;
#6110 = CARTESIAN_POINT ( 'NONE',  ( 15.00000000000006573, -34.44194608428059468, 6.225138546852473809 ) ) ;
#6111 = ORIENTED_EDGE ( 'NONE', *, *, #4008, .T. ) ;
#6112 = ADVANCED_FACE ( 'NONE', ( #7132 ), #1516, .T. ) ;
#6113 = B_SPLINE_CURVE_WITH_KNOTS ( 'NONE', 3,
 ( #6725, #408, #3600, #6066 ),
 .UNSPECIFIED., .F., .F.,
 ( 4, 4 ),
 ( 3.576224061345498009E-18, 0.0008734117105027546565 ),
 .UNSPECIFIED. ) ;
#6114 = CARTESIAN_POINT ( 'NONE',  ( 24.34597678335757109, 34.94854409015666619, -1.905415400148037230 ) ) ;
#6115 = DIRECTION ( 'NONE',  ( -0.000000000000000000, 0.3090169943749447312, 0.9510565162951544194 ) ) ;
#6116 = DIRECTION ( 'NONE',  ( -0.000000000000000000, -1.000000000000000000, 0.000000000000000000 ) ) ;
#6117 = DIRECTION ( 'NONE',  ( -5.476726539246828921E-16, 0.8090169943749465631, 0.5877852522924744694 ) ) ;
#6118 = EDGE_CURVE ( 'NONE', #4140, #7758, #6543, .T. ) ;
#6119 = DIRECTION ( 'NONE',  ( 0.000000000000000000, 0.5877852522924623679, 0.8090169943749552228 ) ) ;
#6120 = ORIENTED_EDGE ( 'NONE', *, *, #5337, .F. ) ;
#6121 = CARTESIAN_POINT ( 'NONE',  ( 25.00000000000000000, -10.66501314308756676, 38.59321613875871293 ) ) ;
#6122 = DIRECTION ( 'NONE',  ( -1.000000000000000000, 1.481484572605565909E-33, -0.000000000000000000 ) ) ;
#6123 = CARTESIAN_POINT ( 'NONE',  ( 15.00000000000006573, 1.481484572605556398E-32, 0.000000000000000000 ) ) ;
#6124 = CARTESIAN_POINT ( 'NONE',  ( 24.99999999999999645, 36.68698483819304812, -16.53178983488683329 ) ) ;
#6125 = CARTESIAN_POINT ( 'NONE',  ( 17.13211781824481861, -21.07637853897788816, 27.94255299148079885 ) ) ;
#6126 = EDGE_CURVE ( 'NONE', #5669, #7535, #4382, .T. ) ;
#6127 = CARTESIAN_POINT ( 'NONE',  ( 15.38892734875747692, -29.86000506320271697, 18.25967540753087803 ) ) ;
#6128 = DIRECTION ( 'NONE',  ( 0.000000000000000000, 0.5877852522924742473, -0.8090169943749465631 ) ) ;
#6129 = CARTESIAN_POINT ( 'NONE',  ( 22.86788218175522402, -20.80639613463282345, -28.14416244781032361 ) ) ;
#6130 = CARTESIAN_POINT ( 'NONE',  ( 13.42737253577499068, 38.10914386831639433, -12.15483440063087883 ) ) ;
#6131 = CARTESIAN_POINT ( 'NONE',  ( 17.13211781824487900, 0.6269278581193685751, -34.99438471327526656 ) ) ;
#6132 = EDGE_LOOP ( 'NONE', ( #6039, #3605, #2038, #3864 ) ) ;
#6133 = ORIENTED_EDGE ( 'NONE', *, *, #4801, .T. ) ;
#6134 = DIRECTION ( 'NONE',  ( -3.299640131595853469E-16, -1.032057927027752787E-14, 1.000000000000000000 ) ) ;
#6135 = CARTESIAN_POINT ( 'NONE',  ( 24.95238900918759839, 30.27842466283235012, 17.56040825592360122 ) ) ;
#6136 = DIRECTION ( 'NONE',  ( -1.000000000000000000, 1.481484572605565909E-33, -0.000000000000000000 ) ) ;
#6137 = ORIENTED_EDGE ( 'NONE', *, *, #7782, .T. ) ;
#6138 = ORIENTED_EDGE ( 'NONE', *, *, #2085, .F. ) ;
#6139 = CARTESIAN_POINT ( 'NONE',  ( 17.13211781824486124, 27.94255299148088767, 21.07637853897776736 ) ) ;
#6140 = ORIENTED_EDGE ( 'NONE', *, *, #1197, .F. ) ;
#6141 = ORIENTED_EDGE ( 'NONE', *, *, #6040, .F. ) ;
#6142 = ORIENTED_EDGE ( 'NONE', *, *, #101, .T. ) ;
#6143 = CARTESIAN_POINT ( 'NONE',  ( 15.18006210666842826, 34.47622875815767429, -6.032979985104145015 ) ) ;
#6144 = ADVANCED_FACE ( 'NONE', ( #3549 ), #1915, .F. ) ;
#6145 = CARTESIAN_POINT ( 'NONE',  ( 15.54046384447849505, -15.23120969863971119, 31.51206516742538355 ) ) ;
#6146 = DIRECTION ( 'NONE',  ( 0.9063077870366491595, 0.3419053558814272309, -0.2484087816006635974 ) ) ;
#6147 = CARTESIAN_POINT ( 'NONE',  ( 23.70474528246987234, -30.44502306297879102, -17.20589335048831003 ) ) ;
#6148 = ORIENTED_EDGE ( 'NONE', *, *, #3985, .F. ) ;
#6149 = CARTESIAN_POINT ( 'NONE',  ( 24.61076051292646483, 18.54769437551136591, -29.68195797188717933 ) ) ;
#6150 = CARTESIAN_POINT ( 'NONE',  ( 20.00000000000000000, 39.99999999999997868, -4.385764661113933371 ) ) ;
#6151 =( BOUNDED_CURVE ( )  B_SPLINE_CURVE ( 3, ( #6129, #2252, #994, #1689 ),
 .UNSPECIFIED., .F., .T. ) 
 B_SPLINE_CURVE_WITH_KNOTS ( ( 4, 4 ),
 ( 4.704103044437398573, 4.835908513616244520 ),
 .UNSPECIFIED. ) 
 CURVE ( )  GEOMETRIC_REPRESENTATION_ITEM ( )  RATIONAL_B_SPLINE_CURVE ( ( 1.000000000000000000, 0.9985528004245092237, 0.9985528004245092237, 1.000000000000000000 ) ) 
 REPRESENTATION_ITEM ( '' )  );
#6152 = CARTESIAN_POINT ( 'NONE',  ( 22.86788218175522402, 0.2900044396688451487, 39.99999999999997868 ) ) ;
#6153 = DIRECTION ( 'NONE',  ( 1.408975556567267038E-33, 0.9510565162951556406, -0.3090169943749411785 ) ) ;
#6154 = EDGE_CURVE ( 'NONE', #5801, #7404, #5599, .T. ) ;
#6155 = CARTESIAN_POINT ( 'NONE',  ( 15.00000000000007638, 25.22640705415851414, -31.11466154637093595 ) ) ;
#6156 = ORIENTED_EDGE ( 'NONE', *, *, #6220, .T. ) ;
#6157 = PLANE ( 'NONE',  #3731 ) ;
#6158 = EDGE_LOOP ( 'NONE', ( #3057, #3348, #5654, #6657 ) ) ;
#6159 = ADVANCED_FACE ( 'NONE', ( #6063 ), #7901, .F. ) ;
#6160 = CARTESIAN_POINT ( 'NONE',  ( 24.45953615552172167, 16.55584156990625289, 36.67916995575662042 ) ) ;
#6161 = AXIS2_PLACEMENT_3D ( 'NONE', #6599, #1526, #7796 ) ;
#6162 = DIRECTION ( 'NONE',  ( 0.000000000000000000, -0.8090169943749528914, 0.5877852522924655876 ) ) ;
#6163 = PLANE ( 'NONE',  #1444 ) ;
#6164 = CARTESIAN_POINT ( 'NONE',  ( 24.81993129918794239, 25.38076160629815803, -24.10029290739912966 ) ) ;
#6165 = FACE_OUTER_BOUND ( 'NONE', #7111, .T. ) ;
#6166 = CARTESIAN_POINT ( 'NONE',  ( 17.13211781824482927, -24.01860538316443439, 31.99218082574409294 ) ) ;
#6167 = CARTESIAN_POINT ( 'NONE',  ( 15.75577990824707975, 32.58872326137478126, 12.76724537651379698 ) ) ;
#6168 = LINE ( 'NONE', #3038, #7378 ) ;
#6169 = DIRECTION ( 'NONE',  ( -4.138776032658033712E-17, -0.5877852522924653655, -0.8090169943749531134 ) ) ;
#6170 = ORIENTED_EDGE ( 'NONE', *, *, #1743, .F. ) ;
#6171 = ORIENTED_EDGE ( 'NONE', *, *, #632, .T. ) ;
#6172 = EDGE_CURVE ( 'NONE', #5929, #95, #7336, .T. ) ;
#6173 = CARTESIAN_POINT ( 'NONE',  ( -8.673617379884035472E-16, 3.703711431513915355E-32, 0.000000000000000000 ) ) ;
#6174 = CARTESIAN_POINT ( 'NONE',  ( 25.00000000000000355, 30.47546248426730386, 17.21655405520116489 ) ) ;
#6175 = DIRECTION ( 'NONE',  ( -1.943466327341537011E-17, 0.9510565162951510887, 0.3090169943749548898 ) ) ;
#6176 = ORIENTED_EDGE ( 'NONE', *, *, #5632, .F. ) ;
#6177 = ORIENTED_EDGE ( 'NONE', *, *, #2921, .F. ) ;
#6178 = CARTESIAN_POINT ( 'NONE',  ( 15.00000000000007105, 31.40047916997853150, 15.45994527466849355 ) ) ;
#6179 = CARTESIAN_POINT ( 'NONE',  ( 16.29525471753020227, 29.82603288212088799, 27.00005224983323160 ) ) ;
#6180 = AXIS2_PLACEMENT_3D ( 'NONE', #119, #3101, #7576 ) ;
#6181 = ORIENTED_EDGE ( 'NONE', *, *, #2180, .T. ) ;
#6182 = EDGE_LOOP ( 'NONE', ( #6411, #1267, #1386, #780 ) ) ;
#6183 = CARTESIAN_POINT ( 'NONE',  ( 0.000000000000000000, -1.396592535537252585E-13, 39.99999999999997868 ) ) ;
#6184 = VECTOR ( 'NONE', #6819, 1000.000000000000000 ) ;
#6185 = AXIS2_PLACEMENT_3D ( 'NONE', #1956, #8077, #3838 ) ;
#6186 = VECTOR ( 'NONE', #1811, 1000.000000000000227 ) ;
#6187 = DIRECTION ( 'NONE',  ( 0.000000000000000000, 0.5877852522924771339, -0.8090169943749445647 ) ) ;
#6188 = CYLINDRICAL_SURFACE ( 'NONE', #2430, 13.50000000000000000 ) ;
#6189 = AXIS2_PLACEMENT_3D ( 'NONE', #320, #7241, #2805 ) ;
#6190 = CARTESIAN_POINT ( 'NONE',  ( 24.99999999999999645, 39.48323056157688882, 7.925830406131489703 ) ) ;
#6191 = VECTOR ( 'NONE', #3085, 1000.000000000000000 ) ;
#6192 = EDGE_LOOP ( 'NONE', ( #1115, #573, #2054, #6392 ) ) ;
#6193 = CARTESIAN_POINT ( 'NONE',  ( 20.00000000000000000, 20.32990961373379335, -20.19164717933534448 ) ) ;
#6194 = EDGE_CURVE ( 'NONE', #1047, #5791, #3932, .T. ) ;
#6195 = DIRECTION ( 'NONE',  ( 3.299640131595842622E-16, 0.000000000000000000, -1.000000000000000000 ) ) ;
#6196 = CARTESIAN_POINT ( 'NONE',  ( 16.29525471753015609, -30.63450961402116235, 16.92710313988916937 ) ) ;
#6197 = ORIENTED_EDGE ( 'NONE', *, *, #558, .T. ) ;
#6198 = VECTOR ( 'NONE', #517, 1000.000000000000000 ) ;
#6199 = CARTESIAN_POINT ( 'NONE',  ( 16.05646280002837756, -24.02745663837294643, 25.45014175905751230 ) ) ;
#6200 = ORIENTED_EDGE ( 'NONE', *, *, #7655, .F. ) ;
#6201 = CARTESIAN_POINT ( 'NONE',  ( 25.00000000000000000, 25.70094410188904632, -24.09393215436353586 ) ) ;
#6202 = VERTEX_POINT ( 'NONE', #1017 ) ;
#6203 = AXIS2_PLACEMENT_3D ( 'NONE', #5796, #2677, #194 ) ;
#6204 = CARTESIAN_POINT ( 'NONE',  ( 22.86788218175522758, 23.74602861183522862, 32.19021944226116005 ) ) ;
#6205 = EDGE_CURVE ( 'NONE', #2826, #5414, #6787, .T. ) ;
#6206 = CARTESIAN_POINT ( 'NONE',  ( 15.00000000000007105, 34.64101615137755630, 5.000000000000000000 ) ) ;
#6207 = CARTESIAN_POINT ( 'NONE',  ( 15.00000000000006750, 35.00000000000000711, 0.000000000000000000 ) ) ;
#6208 = CARTESIAN_POINT ( 'NONE',  ( 24.34597678335757109, -1.905415400147686844, -34.94854409015668750 ) ) ;
#6209 = EDGE_CURVE ( 'NONE', #6845, #392, #1062, .T. ) ;
#6210 = CARTESIAN_POINT ( 'NONE',  ( 21.52238633098366805, -22.52184211452854967, -26.83527989941690706 ) ) ;
#6211 = CARTESIAN_POINT ( 'NONE',  ( 25.00000000000000000, 10.64978240730785686, 17.69146864727480661 ) ) ;
#6212 = CARTESIAN_POINT ( 'NONE',  ( 15.00000000000007283, 32.36067977499818937, -23.51141009169849028 ) ) ;
#6213 = EDGE_LOOP ( 'NONE', ( #438, #314, #5038, #2115 ) ) ;
#6214 = ORIENTED_EDGE ( 'NONE', *, *, #1947, .F. ) ;
#6215 = CARTESIAN_POINT ( 'NONE',  ( 15.00000000000006750, 25.48768437830979039, 24.35545014408900499 ) ) ;
#6216 = EDGE_CURVE ( 'NONE', #7316, #2657, #2927, .T. ) ;
#6217 = CARTESIAN_POINT ( 'NONE',  ( 15.00000000000000000, 1.347111479062088405E-15, 11.00000000000000000 ) ) ;
#6218 = PLANE ( 'NONE',  #4399 ) ;
#6219 = ORIENTED_EDGE ( 'NONE', *, *, #4969, .T. ) ;
#6220 = EDGE_CURVE ( 'NONE', #1504, #4674, #2280, .T. ) ;
#6221 = ORIENTED_EDGE ( 'NONE', *, *, #4434, .F. ) ;
#6222 = CARTESIAN_POINT ( 'NONE',  ( 15.04754234242351885, 23.62158384054577809, -25.82967097784978705 ) ) ;
#6223 = AXIS2_PLACEMENT_3D ( 'NONE', #8049, #2549, #2465 ) ;
#6224 = LINE ( 'NONE', #7451, #1877 ) ;
#6225 = AXIS2_PLACEMENT_3D ( 'NONE', #3886, #5655, #1890 ) ;
#6226 = FACE_OUTER_BOUND ( 'NONE', #4983, .T. ) ;
#6227 = VECTOR ( 'NONE', #7673, 1000.000000000000114 ) ;
#6228 = EDGE_CURVE ( 'NONE', #953, #3799, #6666, .T. ) ;
#6229 = ORIENTED_EDGE ( 'NONE', *, *, #2226, .T. ) ;
#6230 = DIRECTION ( 'NONE',  ( -1.000000000000000000, 1.481484572605565909E-33, -0.000000000000000000 ) ) ;
#6231 = DIRECTION ( 'NONE',  ( 0.8978821065938842327, 0.000000000000000000, -0.4402359851926335721 ) ) ;
#6232 = FACE_OUTER_BOUND ( 'NONE', #393, .T. ) ;
#6233 = UNCERTAINTY_MEASURE_WITH_UNIT (LENGTH_MEASURE( 1.000000000000000082E-05 ), #6862, 'distance_accuracy_value', 'NONE');
#6234 = ORIENTED_EDGE ( 'NONE', *, *, #6442, .F. ) ;
#6235 = CARTESIAN_POINT ( 'NONE',  ( 17.13211781824483992, 23.00421480023347698, 32.72917872425159658 ) ) ;
#6236 = CARTESIAN_POINT ( 'NONE',  ( 15.00000000000007283, -38.04226065180602490, -12.36067977499818937 ) ) ;
#6237 = VECTOR ( 'NONE', #3325, 1000.000000000000114 ) ;
#6238 = ORIENTED_EDGE ( 'NONE', *, *, #2595, .T. ) ;
#6239 = DIRECTION ( 'NONE',  ( 0.000000000000000000, 1.000000000000000000, 0.000000000000000000 ) ) ;
#6240 = ORIENTED_EDGE ( 'NONE', *, *, #6448, .T. ) ;
#6241 = PLANE ( 'NONE',  #3584 ) ;
#6242 = CARTESIAN_POINT ( 'NONE',  ( 15.00000000000006573, 1.481484572605556398E-32, 0.000000000000000000 ) ) ;
#6243 = CARTESIAN_POINT ( 'NONE',  ( 18.47620868754436430, 34.92293488285648806, 2.785078446333241420 ) ) ;
#6244 = DIRECTION ( 'NONE',  ( 0.000000000000000000, -0.8090169943749551118, 0.5877852522924625900 ) ) ;
#6245 = CARTESIAN_POINT ( 'NONE',  ( 23.70474528246988655, 30.02407149863816116, -26.72747547850383043 ) ) ;
#6246 = CARTESIAN_POINT ( 'NONE',  ( 15.00000000000006573, 25.28071084533496560, 24.20507507021127580 ) ) ;
#6247 = CARTESIAN_POINT ( 'NONE',  ( 23.70474528246989010, -25.79575444848860855, 23.65542331968041623 ) ) ;
#6248 = CARTESIAN_POINT ( 'NONE',  ( 24.45953615552161864, 30.68257059498199268, 16.83982962158307828 ) ) ;
#6249 = VERTEX_POINT ( 'NONE', #6956 ) ;
#6250 = ORIENTED_EDGE ( 'NONE', *, *, #1052, .T. ) ;
#6251 = ADVANCED_FACE ( 'NONE', ( #6456 ), #7651, .T. ) ;
#6252 = DIRECTION ( 'NONE',  ( -2.081668171172168513E-15, -0.5877852522924623679, -0.8090169943749552228 ) ) ;
#6253 = LINE ( 'NONE', #6090, #463 ) ;
#6254 = LINE ( 'NONE', #3126, #1791 ) ;
#6255 = ORIENTED_EDGE ( 'NONE', *, *, #8019, .T. ) ;
#6256 = VERTEX_POINT ( 'NONE', #3294 ) ;
#6257 = EDGE_CURVE ( 'NONE', #1942, #1001, #4293, .T. ) ;
#6258 = FACE_OUTER_BOUND ( 'NONE', #6812, .T. ) ;
#6259 = DIRECTION ( 'NONE',  ( 1.000000000000000000, -0.000000000000000000, 3.469446951953614682E-16 ) ) ;
#6260 = VERTEX_POINT ( 'NONE', #6381 ) ;
#6261 = ADVANCED_FACE ( 'NONE', ( #2603 ), #7688, .T. ) ;
#6262 = CARTESIAN_POINT ( 'NONE',  ( 15.54046384447849150, 34.44647668373252003, -6.200019683603637866 ) ) ;
#6263 = DIRECTION ( 'NONE',  ( -1.426638820495550311E-31, 1.047444401652940322E-14, -1.000000000000000000 ) ) ;
#6264 = CARTESIAN_POINT ( 'NONE',  ( 24.99999999999999289, -30.67029748935805955, -16.86217221814191092 ) ) ;
#6265 = PLANE ( 'NONE',  #3450 ) ;
#6266 = VERTEX_POINT ( 'NONE', #771 ) ;
#6267 = ADVANCED_FACE ( 'NONE', ( #5675 ), #3253, .F. ) ;
#6268 = CARTESIAN_POINT ( 'NONE',  ( 20.67025973870255129, 1.248787361095702098, -35.01154913612408848 ) ) ;
#6269 = DIRECTION ( 'NONE',  ( 2.081668171172168119E-15, -0.3090169943749553894, 0.9510565162951509777 ) ) ;
#6270 = B_SPLINE_CURVE_WITH_KNOTS ( 'NONE', 3,
 ( #4178, #6032, #4054, #427, #7224, #915, #4722, #382, #4773, #6083, #474, #2206, #2905, #6562 ),
 .UNSPECIFIED., .F., .F.,
 ( 4, 2, 2, 2, 2, 2, 4 ),
 ( 0.000000000000000000, 0.001196801401551003544, 0.001795202102326506509, 0.002393602803102009690, 0.002992003503877513088, 0.003590404204653015619, 0.004787205606204015043 ),
 .UNSPECIFIED. ) ;
#6271 = CYLINDRICAL_SURFACE ( 'NONE', #4611, 5.000000000000000000 ) ;
#6272 = EDGE_LOOP ( 'NONE', ( #2604, #3175, #3815, #4432 ) ) ;
#6273 = DIRECTION ( 'NONE',  ( -0.9063077870366492705, 0.2484087816006672611, -0.3419053558814243443 ) ) ;
#6274 = ORIENTED_EDGE ( 'NONE', *, *, #4489, .T. ) ;
#6275 = DIRECTION ( 'NONE',  ( -0.000000000000000000, -0.5877852522924830181, 0.8090169943749402348 ) ) ;
#6276 = CARTESIAN_POINT ( 'NONE',  ( 15.00000000000007105, -24.40656339007995257, 25.08624450741899992 ) ) ;
#6277 = DIRECTION ( 'NONE',  ( 0.000000000000000000, -0.3090169943749354053, -0.9510565162951575280 ) ) ;
#6278 = FACE_OUTER_BOUND ( 'NONE', #3344, .T. ) ;
#6279 = DIRECTION ( 'NONE',  ( 9.020562075079393735E-15, -0.9510565162951565288, 0.3090169943749386805 ) ) ;
#6280 = CARTESIAN_POINT ( 'NONE',  ( 15.00000000000006573, -25.28071084533478796, -24.20507507021146409 ) ) ;
#6281 = VERTEX_POINT ( 'NONE', #5225 ) ;
#6282 = ORIENTED_EDGE ( 'NONE', *, *, #1944, .F. ) ;
#6283 = FACE_OUTER_BOUND ( 'NONE', #6564, .T. ) ;
#6284 = CARTESIAN_POINT ( 'NONE',  ( 15.00000000000006040, -4.722688079564116848, 34.93574421695757337 ) ) ;
#6285 = CARTESIAN_POINT ( 'NONE',  ( 24.24381083264137260, -34.95739563221254542, 1.734326454482489899 ) ) ;
#6286 = EDGE_CURVE ( 'NONE', #2617, #1705, #1383, .T. ) ;
#6287 = VERTEX_POINT ( 'NONE', #7114 ) ;
#6288 = ORIENTED_EDGE ( 'NONE', *, *, #2869, .F. ) ;
#6289 = LINE ( 'NONE', #29, #305 ) ;
#6290 = ORIENTED_EDGE ( 'NONE', *, *, #7057, .T. ) ;
#6291 = CARTESIAN_POINT ( 'NONE',  ( 15.54046384447853058, -25.26305227762915351, -24.22350489953460695 ) ) ;
#6292 = ADVANCED_FACE ( 'NONE', ( #5719 ), #153, .T. ) ;
#6293 = DIRECTION ( 'NONE',  ( 1.408975556567260367E-33, 0.9510565162951510887, 0.3090169943749548898 ) ) ;
#6294 = CIRCLE ( 'NONE', #7857, 5.000000000000000000 ) ;
#6295 = ORIENTED_EDGE ( 'NONE', *, *, #131, .T. ) ;
#6296 = VECTOR ( 'NONE', #5849, 1000.000000000000114 ) ;
#6297 = ADVANCED_FACE ( 'NONE', ( #2024 ), #7721, .F. ) ;
#6298 = DIRECTION ( 'NONE',  ( -3.096068811469676024E-16, -0.5877852522924651435, -0.8090169943749532244 ) ) ;
#6299 = CYLINDRICAL_SURFACE ( 'NONE', #865, 5.000000000000000888 ) ;
#6300 = CARTESIAN_POINT ( 'NONE',  ( 15.98126570279178083, -9.146436912461387791, -33.78416981541720077 ) ) ;
#6301 = VERTEX_POINT ( 'NONE', #4444 ) ;
#6302 = AXIS2_PLACEMENT_3D ( 'NONE', #7303, #6636, #508 ) ;
#6303 = AXIS2_PLACEMENT_3D ( 'NONE', #6641, #8047, #2423 ) ;
#6304 = CARTESIAN_POINT ( 'NONE',  ( 24.99999999999999645, -16.53178983488695408, -36.68698483819299128 ) ) ;
#6305 = AXIS2_PLACEMENT_3D ( 'NONE', #7546, #6389, #3145 ) ;
#6306 = EDGE_CURVE ( 'NONE', #4542, #2916, #6530, .T. ) ;
#6307 = CYLINDRICAL_SURFACE ( 'NONE', #3153, 5.000000000000001776 ) ;
#6308 = EDGE_LOOP ( 'NONE', ( #3916, #2022, #6994, #2418, #2161, #7289, #7048, #2929, #7242, #7118 ) ) ;
#6309 = EDGE_CURVE ( 'NONE', #2657, #149, #196, .T. ) ;
#6310 = DIRECTION ( 'NONE',  ( -3.598873326614292944E-16, -0.3090169943749579984, 0.9510565162951500895 ) ) ;
#6311 = AXIS2_PLACEMENT_3D ( 'NONE', #5322, #5399, #7907 ) ;
#6312 = AXIS2_PLACEMENT_3D ( 'NONE', #5554, #610, #569 ) ;
#6313 = EDGE_LOOP ( 'NONE', ( #7509, #3026, #5513, #7944 ) ) ;
#6314 = PLANE ( 'NONE',  #7136 ) ;
#6315 = ORIENTED_EDGE ( 'NONE', *, *, #2212, .F. ) ;
#6316 = CARTESIAN_POINT ( 'NONE',  ( 15.00000000000007638, 2.755343345719793557, -7.398913807157677880 ) ) ;
#6317 = CARTESIAN_POINT ( 'NONE',  ( 15.00000000000006573, -4.722688079564115959, 34.67991086065740092 ) ) ;
#6318 =( NAMED_UNIT ( * ) SI_UNIT ( $, .STERADIAN. ) SOLID_ANGLE_UNIT ( ) );
#6319 = CIRCLE ( 'NONE', #3042, 13.50000000000000000 ) ;
#6320 = LINE ( 'NONE', #1209, #6882 ) ;
#6321 = CARTESIAN_POINT ( 'NONE',  ( 23.70474528246986523, -23.65542331968030965, -25.79575444848871513 ) ) ;
#6322 = CARTESIAN_POINT ( 'NONE',  ( 22.86788218175522047, -34.99879851402005926, 0.2900044396689680504 ) ) ;
#6323 = DIRECTION ( 'NONE',  ( -0.9063077870366492705, -0.3419053558814253435, -0.2484087816006659011 ) ) ;
#6324 = ORIENTED_EDGE ( 'NONE', *, *, #6541, .T. ) ;
#6325 = ORIENTED_EDGE ( 'NONE', *, *, #3008, .T. ) ;
#6326 = VECTOR ( 'NONE', #7274, 1000.000000000000000 ) ;
#6327 = CARTESIAN_POINT ( 'NONE',  ( 15.38892734875748225, -34.89001946444718527, -2.778882893066149773 ) ) ;
#6328 = CARTESIAN_POINT ( 'NONE',  ( 24.45953615552161864, 4.411054151913688770, 34.72092454513395410 ) ) ;
#6329 = DIRECTION ( 'NONE',  ( 0.000000000000000000, 0.3090169943749515591, -0.9510565162951523099 ) ) ;
#6330 = VERTEX_POINT ( 'NONE', #1340 ) ;
#6331 = VERTEX_POINT ( 'NONE', #5078 ) ;
#6332 = ORIENTED_EDGE ( 'NONE', *, *, #2376, .F. ) ;
#6333 = CIRCLE ( 'NONE', #2781, 35.00000000000000000 ) ;
#6334 = CARTESIAN_POINT ( 'NONE',  ( 0.000000000000000000, 3.703711431513915355E-32, 0.000000000000000000 ) ) ;
#6335 = EDGE_CURVE ( 'NONE', #1378, #2268, #3906, .T. ) ;
#6336 = VERTEX_POINT ( 'NONE', #3947 ) ;
#6337 = CARTESIAN_POINT ( 'NONE',  ( 22.86788218175521692, 20.33715909436067903, -28.48508311328340881 ) ) ;
#6338 = VECTOR ( 'NONE', #5788, 1000.000000000000000 ) ;
#6339 = CARTESIAN_POINT ( 'NONE',  ( 24.24381083264136905, 12.45187180536080618, 32.71052256049436835 ) ) ;
#6340 = ORIENTED_EDGE ( 'NONE', *, *, #2968, .F. ) ;
#6341 = AXIS2_PLACEMENT_3D ( 'NONE', #515, #2204, #471 ) ;
#6342 = APPLICATION_CONTEXT ( 'automotive_design' ) ;
#6343 = VERTEX_POINT ( 'NONE', #5839 ) ;
#6344 = DIRECTION ( 'NONE',  ( -0.000000000000000000, 1.047444401652940007E-14, -1.000000000000000000 ) ) ;
#6345 = DIRECTION ( 'NONE',  ( -1.481484572605566422E-33, -1.000000000000000000, 0.000000000000000000 ) ) ;
#6346 = VECTOR ( 'NONE', #7346, 1000.000000000000114 ) ;
#6347 = EDGE_CURVE ( 'NONE', #1873, #1845, #6353, .T. ) ;
#6348 = CARTESIAN_POINT ( 'NONE',  ( 16.29525471753019517, 20.02276793356455542, 34.89532666787488324 ) ) ;
#6349 = ORIENTED_EDGE ( 'NONE', *, *, #6154, .T. ) ;
#6350 = VECTOR ( 'NONE', #5351, 1000.000000000000000 ) ;
#6351 = CARTESIAN_POINT ( 'NONE',  ( 24.34597678335757465, 1.905415400147929539, 34.94854409015666619 ) ) ;
#6352 = DIRECTION ( 'NONE',  ( -6.898050777053827569E-16, -0.5877852522924827960, 0.8090169943749403458 ) ) ;
#6353 = CIRCLE ( 'NONE', #1778, 35.00000000000000000 ) ;
#6354 = ORIENTED_EDGE ( 'NONE', *, *, #3890, .F. ) ;
#6355 = CYLINDRICAL_SURFACE ( 'NONE', #3297, 5.000000000000000888 ) ;
#6356 = AXIS2_PLACEMENT_3D ( 'NONE', #4622, #3350, #5350 ) ;
#6357 = ORIENTED_EDGE ( 'NONE', *, *, #3445, .T. ) ;
#6358 = DIRECTION ( 'NONE',  ( -1.000000000000000000, 1.481484572605565909E-33, -0.000000000000000000 ) ) ;
#6359 = EDGE_CURVE ( 'NONE', #3965, #5384, #7784, .T. ) ;
#6360 = ORIENTED_EDGE ( 'NONE', *, *, #4066, .F. ) ;
#6361 = LINE ( 'NONE', #5697, #457 ) ;
#6362 = EDGE_CURVE ( 'NONE', #18, #6946, #5875, .T. ) ;
#6363 = LINE ( 'NONE', #1929, #4461 ) ;
#6364 = CIRCLE ( 'NONE', #6613, 4.999999999999999112 ) ;
#6365 = CARTESIAN_POINT ( 'NONE',  ( 24.99999999999999645, -39.99999999999997868, 4.385764661113933371 ) ) ;
#6366 = LINE ( 'NONE', #1967, #1629 ) ;
#6367 = CYLINDRICAL_SURFACE ( 'NONE', #1863, 5.000000000000000000 ) ;
#6368 =( BOUNDED_CURVE ( )  B_SPLINE_CURVE ( 3, ( #417, #6681, #1075, #3650 ),
 .UNSPECIFIED., .F., .F. ) 
 B_SPLINE_CURVE_WITH_KNOTS ( ( 4, 4 ),
 ( 1.427448757889531405, 1.434720266952592249 ),
 .UNSPECIFIED. ) 
 CURVE ( )  GEOMETRIC_REPRESENTATION_ITEM ( )  RATIONAL_B_SPLINE_CURVE ( ( 1.000000000000000000, 0.9999955937678493001, 0.9999955937678493001, 1.000000000000000000 ) ) 
 REPRESENTATION_ITEM ( '' )  );
#6369 = CARTESIAN_POINT ( 'NONE',  ( 24.99999999999999645, -39.39753646541934273, -8.189569715108781622 ) ) ;
#6370 = ORIENTED_EDGE ( 'NONE', *, *, #5342, .T. ) ;
#6371 = CARTESIAN_POINT ( 'NONE',  ( 24.81993129918793528, -24.10029290739921848, -25.38076160629807987 ) ) ;
#6372 = EDGE_CURVE ( 'NONE', #1617, #4251, #5338, .T. ) ;
#6373 = DIRECTION ( 'NONE',  ( 0.000000000000000000, -1.000000000000000000, 0.000000000000000000 ) ) ;
#6374 = DIRECTION ( 'NONE',  ( 0.8191520442889925757, -0.4640330845810116123, -0.3371397703496222809 ) ) ;
#6375 = ORIENTED_EDGE ( 'NONE', *, *, #1485, .T. ) ;
#6376 = ORIENTED_EDGE ( 'NONE', *, *, #2183, .F. ) ;
#6377 = ORIENTED_EDGE ( 'NONE', *, *, #5471, .F. ) ;
#6378 = CARTESIAN_POINT ( 'NONE',  ( 24.99999999999999289, 1.069105884036878258E-47, 0.000000000000000000 ) ) ;
#6379 = PRODUCT_DEFINITION_SHAPE ( 'NONE', 'NONE',  #2795 ) ;
#6380 = ORIENTED_EDGE ( 'NONE', *, *, #6286, .T. ) ;
#6381 = CARTESIAN_POINT ( 'NONE',  ( -12.50000000000000000, 1.250000000000000000, 4.999999999999999112 ) ) ;
#6382 = CARTESIAN_POINT ( 'NONE',  ( 15.54046384447848439, 4.747977570364240840, -39.99999999999992184 ) ) ;
#6383 = EDGE_LOOP ( 'NONE', ( #7061, #4231, #6148, #4325 ) ) ;
#6384 = CARTESIAN_POINT ( 'NONE',  ( 17.13211781824483282, -32.72917872425168184, 23.00421480023336329 ) ) ;
#6385 = CARTESIAN_POINT ( 'NONE',  ( -7.500000000000000000, 1.250000000000000000, 4.999999999999999112 ) ) ;
#6386 = DIRECTION ( 'NONE',  ( 2.039289751969411264E-16, -0.5877852522924713607, -0.8090169943749486725 ) ) ;
#6387 = ORIENTED_EDGE ( 'NONE', *, *, #5952, .F. ) ;
#6388 = CARTESIAN_POINT ( 'NONE',  ( 15.38892734875748047, -2.778882893066300319, 34.89001946444717817 ) ) ;
#6389 = DIRECTION ( 'NONE',  ( -0.000000000000000000, 0.5877852522924830181, -0.8090169943749402348 ) ) ;
#6390 = VERTEX_POINT ( 'NONE', #7839 ) ;
#6391 = EDGE_CURVE ( 'NONE', #7690, #6764, #4928, .T. ) ;
#6392 = ORIENTED_EDGE ( 'NONE', *, *, #6511, .T. ) ;
#6393 = LINE ( 'NONE', #782, #1266 ) ;
#6394 = VERTEX_POINT ( 'NONE', #7157 ) ;
#6395 = DIRECTION ( 'NONE',  ( 1.408975556567260367E-33, 0.9510565162951510887, 0.3090169943749548898 ) ) ;
#6396 = CARTESIAN_POINT ( 'NONE',  ( 15.18006210666841582, -6.032979985104259590, -34.47622875815764587 ) ) ;
#6397 = CARTESIAN_POINT ( 'NONE',  ( 20.00000000000007816, 29.44114127559540606, -4.600278567494259008 ) ) ;
#6398 = EDGE_CURVE ( 'NONE', #644, #7677, #2830, .T. ) ;
#6399 = CARTESIAN_POINT ( 'NONE',  ( 15.54046384447845597, -4.747977570363955735, 34.67645756116564115 ) ) ;
#6400 = CARTESIAN_POINT ( 'NONE',  ( 23.70474528246987234, 3.975275438175369658, 39.99999999999999289 ) ) ;
#6401 = LINE ( 'NONE', #5782, #4742 ) ;
#6402 = ADVANCED_FACE ( 'NONE', ( #2911 ), #5995, .T. ) ;
#6403 = ORIENTED_EDGE ( 'NONE', *, *, #6408, .F. ) ;
#6404 = CARTESIAN_POINT ( 'NONE',  ( 15.00000000000007105, 36.49717567993136669, 17.11596235647368758 ) ) ;
#6405 = DIRECTION ( 'NONE',  ( 0.000000000000000000, -0.8090169943749423442, -0.5877852522924801315 ) ) ;
#6406 = CARTESIAN_POINT ( 'NONE',  ( 15.80489273818007412, -34.69334078544395794, -4.624672352193314850 ) ) ;
#6407 = CARTESIAN_POINT ( 'NONE',  ( 15.00000000000006573, -34.67991086065742223, -4.722688079563971186 ) ) ;
#6408 = EDGE_CURVE ( 'NONE', #7404, #2809, #982, .T. ) ;
#6409 =( BOUNDED_CURVE ( )  B_SPLINE_CURVE ( 3, ( #1645, #3471, #6076, #6777 ),
 .UNSPECIFIED., .F., .F. ) 
 B_SPLINE_CURVE_WITH_KNOTS ( ( 4, 4 ),
 ( 1.552883144289288753, 1.570796326794896780 ),
 .UNSPECIFIED. ) 
 CURVE ( )  GEOMETRIC_REPRESENTATION_ITEM ( )  RATIONAL_B_SPLINE_CURVE ( ( 1.000000000000000000, 0.9999732600031354668, 0.9999732600031354668, 1.000000000000000000 ) ) 
 REPRESENTATION_ITEM ( '' )  );
#6410 = DIRECTION ( 'NONE',  ( -2.273603650596010732E-17, 0.9510565162951533091, 0.3090169943749481174 ) ) ;
#6411 = ORIENTED_EDGE ( 'NONE', *, *, #5840, .T. ) ;
#6412 = EDGE_LOOP ( 'NONE', ( #4232, #6142, #7079, #4893 ) ) ;
#6413 = EDGE_CURVE ( 'NONE', #1775, #3846, #4731, .T. ) ;
#6414 = DIRECTION ( 'NONE',  ( 0.000000000000000000, 1.000000000000000000, 0.000000000000000000 ) ) ;
#6415 = ORIENTED_EDGE ( 'NONE', *, *, #4363, .T. ) ;
#6416 = CARTESIAN_POINT ( 'NONE',  ( 24.01831258142419045, 19.42061626151294718, -29.11815690700236559 ) ) ;
#6417 = PRESENTATION_LAYER_ASSIGNMENT (  '', '', ( #5358 ) ) ;
#6418 = CARTESIAN_POINT ( 'NONE',  ( 26.57262746422508570, 38.07949249740012476, -12.24609193675456709 ) ) ;
#6419 = EDGE_LOOP ( 'NONE', ( #3222, #5430, #1360, #7995 ) ) ;
#6420 = DIRECTION ( 'NONE',  ( 6.938893903907229364E-16, -0.3090169943749548342, 0.9510565162951511997 ) ) ;
#6421 = AXIS2_PLACEMENT_3D ( 'NONE', #1635, #2769, #5321 ) ;
#6422 = CARTESIAN_POINT ( 'NONE',  ( 15.75577990824710994, -8.826252443121882507, -33.86922948814849832 ) ) ;
#6423 = ORIENTED_EDGE ( 'NONE', *, *, #1442, .F. ) ;
#6424 = CARTESIAN_POINT ( 'NONE',  ( 17.13211781824486124, -11.76443595028648659, -38.23599201421208704 ) ) ;
#6425 = LINE ( 'NONE', #819, #4869 ) ;
#6426 = CIRCLE ( 'NONE', #7081, 35.00000000000000000 ) ;
#6427 = ORIENTED_EDGE ( 'NONE', *, *, #4590, .T. ) ;
#6428 = ORIENTED_EDGE ( 'NONE', *, *, #713, .T. ) ;
#6429 = DIRECTION ( 'NONE',  ( -2.039289751969372807E-16, -0.9510565162951576390, 0.3090169943749351278 ) ) ;
#6430 = CIRCLE ( 'NONE', #7863, 5.000000000000000000 ) ;
#6431 = EDGE_LOOP ( 'NONE', ( #1599, #6531, #1790, #3619 ) ) ;
#6432 = AXIS2_PLACEMENT_3D ( 'NONE', #7013, #745, #623 ) ;
#6433 = EDGE_CURVE ( 'NONE', #3772, #953, #2800, .T. ) ;
#6434 = DIRECTION ( 'NONE',  ( 1.000000000000000000, -1.481484572605566251E-33, 0.000000000000000000 ) ) ;
#6435 = CYLINDRICAL_SURFACE ( 'NONE', #2102, 5.000000000000000888 ) ;
#6436 = AXIS2_PLACEMENT_3D ( 'NONE', #5661, #16, #6866 ) ;
#6437 = CARTESIAN_POINT ( 'NONE',  ( 20.00000000000006750, 13.00696855255204731, 24.74839332074958165 ) ) ;
#6438 = CIRCLE ( 'NONE', #561, 5.000000000000000000 ) ;
#6439 = PLANE ( 'NONE',  #2515 ) ;
#6440 = CARTESIAN_POINT ( 'NONE',  ( 16.80065191590787066, -27.80276712285545671, -21.26170326325630811 ) ) ;
#6441 = VERTEX_POINT ( 'NONE', #918 ) ;
#6442 = EDGE_CURVE ( 'NONE', #7071, #7480, #2306, .T. ) ;
#6443 = CARTESIAN_POINT ( 'NONE',  ( 24.81993129918790686, -15.07765394767859846, -31.58593879200401844 ) ) ;
#6444 = AXIS2_PLACEMENT_3D ( 'NONE', #3592, #5432, #1522 ) ;
#6445 = CARTESIAN_POINT ( 'NONE',  ( 22.86788218175522402, -32.19021944226124532, 23.74602861183513625 ) ) ;
#6446 = DIRECTION ( 'NONE',  ( -0.000000000000000000, 0.9510565162951533091, 0.3090169943749481174 ) ) ;
#6447 = DIRECTION ( 'NONE',  ( 0.8191520442889930198, -0.5455036073850147993, 0.1772448664054878387 ) ) ;
#6448 = EDGE_CURVE ( 'NONE', #3586, #4781, #7229, .T. ) ;
#6449 = ORIENTED_EDGE ( 'NONE', *, *, #2493, .T. ) ;
#6450 = ORIENTED_EDGE ( 'NONE', *, *, #2888, .T. ) ;
#6451 = VECTOR ( 'NONE', #683, 1000.000000000000000 ) ;
#6452 = ORIENTED_EDGE ( 'NONE', *, *, #3517, .T. ) ;
#6453 = CARTESIAN_POINT ( 'NONE',  ( 24.45953615552161864, -34.72092454513393989, 4.411054151913809562 ) ) ;
#6454 = EDGE_CURVE ( 'NONE', #1955, #51, #6102, .T. ) ;
#6455 = ORIENTED_EDGE ( 'NONE', *, *, #7889, .F. ) ;
#6456 = FACE_OUTER_BOUND ( 'NONE', #4575, .T. ) ;
#6457 = B_SPLINE_CURVE_WITH_KNOTS ( 'NONE', 3,
 ( #6110, #5392, #6061, #7458, #3637, #5474, #2278, #3720, #6718, #4834, #533, #1839, #8074, #2362 ),
 .UNSPECIFIED., .F., .F.,
 ( 4, 2, 2, 2, 2, 2, 4 ),
 ( 0.000000000000000000, 0.001196801401550996388, 0.001795202102326493281, 0.002393602803101992343, 0.002992003503877488802, 0.003590404204652985695, 0.004787205606203975145 ),
 .UNSPECIFIED. ) ;
#6458 = EDGE_CURVE ( 'NONE', #33, #6287, #2139, .T. ) ;
#6459 = ORIENTED_EDGE ( 'NONE', *, *, #2684, .F. ) ;
#6460 = CARTESIAN_POINT ( 'NONE',  ( 16.29525471753020227, 4.312198856625899523, -34.73334048174626787 ) ) ;
#6461 = ORIENTED_EDGE ( 'NONE', *, *, #6105, .T. ) ;
#6462 = LINE ( 'NONE', #5277, #6027 ) ;
#6463 = ORIENTED_EDGE ( 'NONE', *, *, #6126, .T. ) ;
#6464 = DIRECTION ( 'NONE',  ( 0.000000000000000000, -0.3090169943749346282, -0.9510565162951577500 ) ) ;
#6465 = EDGE_CURVE ( 'NONE', #2694, #5464, #4233, .T. ) ;
#6466 = ORIENTED_EDGE ( 'NONE', *, *, #7505, .T. ) ;
#6467 = CYLINDRICAL_SURFACE ( 'NONE', #1460, 4.999999999999998224 ) ;
#6468 = CIRCLE ( 'NONE', #68, 5.000000000000000000 ) ;
#6469 = ORIENTED_EDGE ( 'NONE', *, *, #3133, .F. ) ;
#6470 = VERTEX_POINT ( 'NONE', #2175 ) ;
#6471 = DIRECTION ( 'NONE',  ( 1.706177663791134387E-16, -0.5877852522924653655, -0.8090169943749531134 ) ) ;
#6472 = AXIS2_PLACEMENT_3D ( 'NONE', #7693, #2062, #204 ) ;
#6473 = LINE ( 'NONE', #3423, #5177 ) ;
#6474 = ORIENTED_EDGE ( 'NONE', *, *, #1098, .T. ) ;
#6475 = CARTESIAN_POINT ( 'NONE',  ( 15.00000000000007283, -12.36067977499805615, 38.04226065180606753 ) ) ;
#6476 = VECTOR ( 'NONE', #5284, 1000.000000000000000 ) ;
#6477 = LINE ( 'NONE', #903, #3979 ) ;
#6478 = CARTESIAN_POINT ( 'NONE',  ( 15.00000000000007105, -16.31639344633005351, -30.96409703034399286 ) ) ;
#6479 = DIRECTION ( 'NONE',  ( 1.000000000000000000, -1.481484572605566251E-33, 0.000000000000000000 ) ) ;
#6480 = DIRECTION ( 'NONE',  ( 1.774159327772883053E-16, -0.9510565162951555296, 0.3090169943749412340 ) ) ;
#6481 = ORIENTED_EDGE ( 'NONE', *, *, #7196, .F. ) ;
#6482 = CARTESIAN_POINT ( 'NONE',  ( 20.00000000000006040, -4.722688079564135499, 39.99999999999996447 ) ) ;
#6483 = CARTESIAN_POINT ( 'NONE',  ( 23.94355495384387567, -17.07677558018043484, 30.55179311444564050 ) ) ;
#6484 = CARTESIAN_POINT ( 'NONE',  ( 24.01831258142418690, -32.82683180067256501, 12.14193195369266931 ) ) ;
#6485 = CARTESIAN_POINT ( 'NONE',  ( 21.52238633098368226, -29.71210223972127196, -18.56223585692604416 ) ) ;
#6486 = DIRECTION ( 'NONE',  ( 8.707947832763752936E-34, 0.5877852522924771339, -0.8090169943749444537 ) ) ;
#6487 = EDGE_CURVE ( 'NONE', #1845, #5964, #1806, .T. ) ;
#6488 = ORIENTED_EDGE ( 'NONE', *, *, #7043, .F. ) ;
#6489 = AXIS2_PLACEMENT_3D ( 'NONE', #1837, #740, #3873 ) ;
#6490 = EDGE_LOOP ( 'NONE', ( #486, #1831, #7501, #2924 ) ) ;
#6491 = CARTESIAN_POINT ( 'NONE',  ( 15.00000000000007105, -19.46632511982383917, -35.29960603646043893 ) ) ;
#6492 = B_SPLINE_CURVE_WITH_KNOTS ( 'NONE', 3,
 ( #3019, #2368, #1675, #4840 ),
 .UNSPECIFIED., .F., .F.,
 ( 4, 4 ),
 ( 3.469446951953614189E-18, 0.0008734117105027520544 ),
 .UNSPECIFIED. ) ;
#6493 = DIRECTION ( 'NONE',  ( 1.000000000000000000, -1.072118069236030918E-16, 3.299640131595842622E-16 ) ) ;
#6494 = CARTESIAN_POINT ( 'NONE',  ( 24.01831258142420467, 33.69431333495141700, 9.472098316839108634 ) ) ;
#6495 = EDGE_CURVE ( 'NONE', #4680, #4142, #3091, .T. ) ;
#6496 = ORIENTED_EDGE ( 'NONE', *, *, #7162, .F. ) ;
#6497 = EDGE_CURVE ( 'NONE', #5266, #840, #6831, .T. ) ;
#6498 = ORIENTED_EDGE ( 'NONE', *, *, #1688, .T. ) ;
#6499 = CARTESIAN_POINT ( 'NONE',  ( 22.86788218175522758, 12.08486916289661117, -38.13187695210788064 ) ) ;
#6500 = EDGE_LOOP ( 'NONE', ( #3638, #1400, #5812, #7202 ) ) ;
#6501 = CARTESIAN_POINT ( 'NONE',  ( 15.00000000000007816, 38.69733120086284117, -10.34457993047757540 ) ) ;
#6502 = DIRECTION ( 'NONE',  ( 1.000000000000000000, 0.000000000000000000, 0.000000000000000000 ) ) ;
#6503 = VERTEX_POINT ( 'NONE', #6875 ) ;
#6504 = EDGE_CURVE ( 'NONE', #2877, #671, #7528, .T. ) ;
#6505 = DIRECTION ( 'NONE',  ( 2.775557561562890735E-17, 0.3090169943749581649, -0.9510565162951499785 ) ) ;
#6506 = CARTESIAN_POINT ( 'NONE',  ( 22.86788218175522402, -20.80639613463282345, -28.14416244781032361 ) ) ;
#6507 = ORIENTED_EDGE ( 'NONE', *, *, #495, .F. ) ;
#6508 = LINE ( 'NONE', #4543, #4247 ) ;
#6509 = CARTESIAN_POINT ( 'NONE',  ( 22.86788218175522402, -33.19621908895808815, 11.09103413563834906 ) ) ;
#6510 = DIRECTION ( 'NONE',  ( 0.000000000000000000, -1.000000000000000000, -1.047444401652940480E-14 ) ) ;
#6511 = EDGE_CURVE ( 'NONE', #3287, #6331, #6253, .T. ) ;
#6512 = LINE ( 'NONE', #787, #3073 ) ;
#6513 = DIRECTION ( 'NONE',  ( 1.000000000000000000, -1.072118069236030918E-16, 3.299640131595842622E-16 ) ) ;
#6514 = DIRECTION ( 'NONE',  ( 3.469446951953613400E-15, 0.9510565162951545304, -0.3090169943749442871 ) ) ;
#6515 = ORIENTED_EDGE ( 'NONE', *, *, #4127, .T. ) ;
#6516 = CIRCLE ( 'NONE', #1544, 35.00000000000000000 ) ;
#6517 = DIRECTION ( 'NONE',  ( -0.000000000000000000, -3.491481338843133355E-15, 1.000000000000000000 ) ) ;
#6518 = DIRECTION ( 'NONE',  ( 0.8191520442889923537, -0.3371397703496106790, -0.4640330845810202720 ) ) ;
#6519 = CARTESIAN_POINT ( 'NONE',  ( 24.81118820077486120, -32.23393872983348984, 13.63858234955971760 ) ) ;
#6520 = CARTESIAN_POINT ( 'NONE',  ( 15.00000000000006395, 14.84379361583793155, -31.69898284710527392 ) ) ;
#6521 = ORIENTED_EDGE ( 'NONE', *, *, #890, .F. ) ;
#6522 = CARTESIAN_POINT ( 'NONE',  ( 26.57262746422522426, 12.24609193675502006, 38.07949249739998265 ) ) ;
#6523 = CARTESIAN_POINT ( 'NONE',  ( 17.13211781824485413, 34.99438471327527367, 0.6269278581189990929 ) ) ;
#6524 = ORIENTED_EDGE ( 'NONE', *, *, #3879, .F. ) ;
#6525 = DIRECTION ( 'NONE',  ( -1.000000000000000000, 1.481484572605565909E-33, -0.000000000000000000 ) ) ;
#6526 = EDGE_CURVE ( 'NONE', #3738, #7449, #730, .T. ) ;
#6527 = CARTESIAN_POINT ( 'NONE',  ( 24.52945112611146072, -8.644880541859512491, 33.91603429479520315 ) ) ;
#6528 = CARTESIAN_POINT ( 'NONE',  ( 24.81993129918794239, 6.367670722776238357, -34.41598389563301197 ) ) ;
#6529 = ORIENTED_EDGE ( 'NONE', *, *, #5159, .T. ) ;
#6530 =( BOUNDED_CURVE ( )  B_SPLINE_CURVE ( 3, ( #7040, #1421, #4562, #7611 ),
 .UNSPECIFIED., .F., .T. ) 
 B_SPLINE_CURVE_WITH_KNOTS ( ( 4, 4 ),
 ( 4.704103044437397685, 4.835908513616244520 ),
 .UNSPECIFIED. ) 
 CURVE ( )  GEOMETRIC_REPRESENTATION_ITEM ( )  RATIONAL_B_SPLINE_CURVE ( ( 1.000000000000000000, 0.9985528004245092237, 0.9985528004245092237, 1.000000000000000000 ) ) 
 REPRESENTATION_ITEM ( '' )  );
#6531 = ORIENTED_EDGE ( 'NONE', *, *, #4302, .T. ) ;
#6532 = ADVANCED_FACE ( 'NONE', ( #1138 ), #6789, .F. ) ;
#6533 = ORIENTED_EDGE ( 'NONE', *, *, #2996, .T. ) ;
#6534 = PLANE ( 'NONE',  #7732 ) ;
#6535 = EDGE_CURVE ( 'NONE', #3337, #2561, #3055, .T. ) ;
#6536 = CIRCLE ( 'NONE', #5243, 5.000000000000001776 ) ;
#6537 = ORIENTED_EDGE ( 'NONE', *, *, #2447, .F. ) ;
#6538 = DIRECTION ( 'NONE',  ( -0.000000000000000000, -0.8090169943749422332, -0.5877852522924802425 ) ) ;
#6539 = CARTESIAN_POINT ( 'NONE',  ( 15.00000000000007283, -38.04226065180602490, -12.36067977499818937 ) ) ;
#6540 = VERTEX_POINT ( 'NONE', #1905 ) ;
#6541 = EDGE_CURVE ( 'NONE', #2977, #388, #4526, .T. ) ;
#6542 = B_SPLINE_CURVE_WITH_KNOTS ( 'NONE', 3,
 ( #5897, #7332, #2405, #2774 ),
 .UNSPECIFIED., .F., .F.,
 ( 4, 4 ),
 ( 1.900294357652536760E-17, 0.0008731425215612836736 ),
 .UNSPECIFIED. ) ;
#6543 = LINE ( 'NONE', #935, #4780 ) ;
#6544 = CARTESIAN_POINT ( 'NONE',  ( 15.00000000000007105, -29.42175351353527191, -27.55649506357390521 ) ) ;
#6545 = DIRECTION ( 'NONE',  ( 1.000000000000000000, -1.481484572605566251E-33, 0.000000000000000000 ) ) ;
#6546 = ADVANCED_FACE ( 'NONE', ( #2958 ), #1793, .F. ) ;
#6547 = DIRECTION ( 'NONE',  ( -1.000000000000000000, 1.481484572605565909E-33, -0.000000000000000000 ) ) ;
#6548 = VECTOR ( 'NONE', #4962, 1000.000000000000000 ) ;
#6549 = CARTESIAN_POINT ( 'NONE',  ( 24.99999999999999289, 34.72412804286559407, -4.385764661113934260 ) ) ;
#6550 = VECTOR ( 'NONE', #7420, 1000.000000000000000 ) ;
#6551 = ORIENTED_EDGE ( 'NONE', *, *, #843, .T. ) ;
#6552 = CARTESIAN_POINT ( 'NONE',  ( 15.00000000000007105, 36.58286977608884882, 16.85222304749669320 ) ) ;
#6553 = CARTESIAN_POINT ( 'NONE',  ( -12.50000000000000000, -1.250000000000000000, -5.000000000000000888 ) ) ;
#6554 = CARTESIAN_POINT ( 'NONE',  ( 16.29525471753020227, -39.99999999999997868, -4.312198856625538035 ) ) ;
#6555 = AXIS2_PLACEMENT_3D ( 'NONE', #7470, #3766, #1204 ) ;
#6556 = DIRECTION ( 'NONE',  ( -0.5735764363510456043, 0.6627079248067718753, 0.4814854910183036241 ) ) ;
#6557 = VECTOR ( 'NONE', #6096, 1000.000000000000227 ) ;
#6558 = AXIS2_PLACEMENT_3D ( 'NONE', #1770, #8038, #2412 ) ;
#6559 = EDGE_LOOP ( 'NONE', ( #3783, #1986, #1016, #4835 ) ) ;
#6560 = DIRECTION ( 'NONE',  ( 1.481484572605565909E-33, 1.000000000000000000, -6.908276016444633860E-34 ) ) ;
#6561 = CYLINDRICAL_SURFACE ( 'NONE', #7633, 5.000000000000002665 ) ;
#6562 = CARTESIAN_POINT ( 'NONE',  ( 17.13211781824488611, 33.47536897770594777, -10.21761575938548461 ) ) ;
#6563 = VERTEX_POINT ( 'NONE', #4235 ) ;
#6564 = EDGE_LOOP ( 'NONE', ( #2563, #6095, #6810, #6375 ) ) ;
#6565 = AXIS2_PLACEMENT_3D ( 'NONE', #1407, #4549, #7637 ) ;
#6566 = ADVANCED_FACE ( 'NONE', ( #8098 ), #2472, .F. ) ;
#6567 = DIRECTION ( 'NONE',  ( 0.000000000000000000, -1.000000000000000000, 0.000000000000000000 ) ) ;
#6568 = CIRCLE ( 'NONE', #1468, 35.00000000000000000 ) ;
#6569 = ORIENTED_EDGE ( 'NONE', *, *, #7619, .T. ) ;
#6570 = CARTESIAN_POINT ( 'NONE',  ( 24.99999999999999645, -35.10156741994317997, -19.73890189115346061 ) ) ;
#6571 = ORIENTED_EDGE ( 'NONE', *, *, #3059, .F. ) ;
#6572 = DIRECTION ( 'NONE',  ( 0.000000000000000000, -1.000000000000000000, -4.163336342344337027E-15 ) ) ;
#6573 = DIRECTION ( 'NONE',  ( -0.000000000000000000, -0.9510565162951555296, 0.3090169943749411785 ) ) ;
#6574 = CIRCLE ( 'NONE', #3828, 5.000000000000000000 ) ;
#6575 = ORIENTED_EDGE ( 'NONE', *, *, #5597, .F. ) ;
#6576 = DIRECTION ( 'NONE',  ( -0.000000000000000000, 0.9510565162951576390, -0.3090169943749349613 ) ) ;
#6577 = EDGE_CURVE ( 'NONE', #1617, #3012, #7362, .T. ) ;
#6578 = LINE ( 'NONE', #5967, #4342 ) ;
#6579 = ORIENTED_EDGE ( 'NONE', *, *, #5545, .F. ) ;
#6580 = DIRECTION ( 'NONE',  ( 0.000000000000000000, -0.9510565162951566398, 0.3090169943749380699 ) ) ;
#6581 = LINE ( 'NONE', #5854, #2798 ) ;
#6582 = ORIENTED_EDGE ( 'NONE', *, *, #3575, .F. ) ;
#6583 = CARTESIAN_POINT ( 'NONE',  ( 15.54046384447847373, 15.23120969863993324, -31.51206516742527342 ) ) ;
#6584 = LINE ( 'NONE', #975, #684 ) ;
#6585 = DIRECTION ( 'NONE',  ( 0.000000000000000000, 0.000000000000000000, -1.000000000000000000 ) ) ;
#6586 = CARTESIAN_POINT ( 'NONE',  ( 16.05646280002834558, -4.479402757324004725, 34.71258185446155409 ) ) ;
#6587 = AXIS2_PLACEMENT_3D ( 'NONE', #762, #2594, #6405 ) ;
#6588 = EDGE_CURVE ( 'NONE', #229, #325, #7446, .T. ) ;
#6589 = PLANE ( 'NONE',  #4206 ) ;
#6590 = CARTESIAN_POINT ( 'NONE',  ( 15.00000000000007105, -35.29960603646036077, 19.46632511982397773 ) ) ;
#6591 = VECTOR ( 'NONE', #6643, 1000.000000000000000 ) ;
#6592 = ORIENTED_EDGE ( 'NONE', *, *, #7918, .F. ) ;
#6593 = EDGE_CURVE ( 'NONE', #4160, #145, #2517, .T. ) ;
#6594 = VECTOR ( 'NONE', #132, 1000.000000000000000 ) ;
#6595 = CARTESIAN_POINT ( 'NONE',  ( 24.75193471525577849, 22.78541366525681156, 26.56803567814866796 ) ) ;
#6596 = DIRECTION ( 'NONE',  ( -0.4226182617407009401, 0.5327143512579658458, 0.7332184018470028208 ) ) ;
#6597 = DIRECTION ( 'NONE',  ( 0.000000000000000000, -0.8090169943749531134, 0.5877852522924653655 ) ) ;
#6598 = VECTOR ( 'NONE', #2117, 1000.000000000000000 ) ;
#6599 = CARTESIAN_POINT ( 'NONE',  ( 13.42737253577491252, 12.15483440063123588, 38.10914386831628775 ) ) ;
#6600 = CARTESIAN_POINT ( 'NONE',  ( 15.65363052717492387, 12.92674535562607829, -32.52584577538078037 ) ) ;
#6601 = ORIENTED_EDGE ( 'NONE', *, *, #2391, .T. ) ;
#6602 = LINE ( 'NONE', #2298, #6591 ) ;
#6603 = DIRECTION ( 'NONE',  ( -0.9063077870366492705, -0.3419053558814270644, 0.2484087816006635141 ) ) ;
#6604 = CARTESIAN_POINT ( 'NONE',  ( 15.04754234242350464, 34.78106139745688807, 3.927963088706730943 ) ) ;
#6605 = FACE_OUTER_BOUND ( 'NONE', #138, .T. ) ;
#6606 = ORIENTED_EDGE ( 'NONE', *, *, #5446, .T. ) ;
#6607 = VERTEX_POINT ( 'NONE', #2999 ) ;
#6608 = AXIS2_PLACEMENT_3D ( 'NONE', #4266, #4972, #4345 ) ;
#6609 = DIRECTION ( 'NONE',  ( -0.000000000000000000, -0.3090169943749581649, 0.9510565162951499785 ) ) ;
#6610 = EDGE_CURVE ( 'NONE', #476, #3257, #7565, .T. ) ;
#6611 = ORIENTED_EDGE ( 'NONE', *, *, #5483, .F. ) ;
#6612 = CARTESIAN_POINT ( 'NONE',  ( 23.70474528246981905, -31.84314817589949698, 14.52631798659619733 ) ) ;
#6613 = AXIS2_PLACEMENT_3D ( 'NONE', #1106, #7982, #1190 ) ;
#6614 = VERTEX_POINT ( 'NONE', #1972 ) ;
#6615 = CARTESIAN_POINT ( 'NONE',  ( 15.54046384447849150, 34.67645756116565536, 4.747977570363818067 ) ) ;
#6616 = ORIENTED_EDGE ( 'NONE', *, *, #1082, .T. ) ;
#6617 = CARTESIAN_POINT ( 'NONE',  ( 15.00000000000006573, 1.481484572605556398E-32, 0.000000000000000000 ) ) ;
#6618 =( BOUNDED_CURVE ( )  B_SPLINE_CURVE ( 3, ( #5973, #863, #7091, #7821 ),
 .UNSPECIFIED., .F., .F. ) 
 B_SPLINE_CURVE_WITH_KNOTS ( ( 4, 4 ),
 ( 4.578760888222364045, 4.586022819131210682 ),
 .UNSPECIFIED. ) 
 CURVE ( )  GEOMETRIC_REPRESENTATION_ITEM ( )  RATIONAL_B_SPLINE_CURVE ( ( 1.000000000000000000, 0.9999956053681178236, 0.9999956053681178236, 1.000000000000000000 ) ) 
 REPRESENTATION_ITEM ( '' )  );
#6619 = CARTESIAN_POINT ( 'NONE',  ( 22.86788218175522758, -33.37545168956173569, -10.53941291143541292 ) ) ;
#6620 = EDGE_LOOP ( 'NONE', ( #5426, #4285, #5752, #3994 ) ) ;
#6621 = B_SPLINE_CURVE_WITH_KNOTS ( 'NONE', 3,
 ( #3683, #6199, #8081, #5610 ),
 .UNSPECIFIED., .F., .F.,
 ( 4, 4 ),
 ( 0.000000000000000000, 0.0008734117105027549817 ),
 .UNSPECIFIED. ) ;
#6622 = EDGE_LOOP ( 'NONE', ( #5979, #2458, #3375, #1797, #7935, #5035, #3556, #3632, #1849, #19 ) ) ;
#6623 = ORIENTED_EDGE ( 'NONE', *, *, #2085, .T. ) ;
#6624 = LINE ( 'NONE', #2223, #5898 ) ;
#6625 = EDGE_LOOP ( 'NONE', ( #5276, #6380, #6524, #1999 ) ) ;
#6626 = CARTESIAN_POINT ( 'NONE',  ( 15.00000000000006573, 4.722688079564345998, -34.67991086065737250 ) ) ;
#6627 = CARTESIAN_POINT ( 'NONE',  ( 23.89409946658236805, -21.56538066614719185, -27.56732195202810232 ) ) ;
#6628 = ORIENTED_EDGE ( 'NONE', *, *, #5191, .T. ) ;
#6629 = CARTESIAN_POINT ( 'NONE',  ( 16.05646280002841308, -25.45014175905742349, -24.02745663837303525 ) ) ;
#6630 = DIRECTION ( 'NONE',  ( 0.000000000000000000, 0.9510565162951545304, -0.3090169943749442871 ) ) ;
#6631 = EDGE_CURVE ( 'NONE', #4408, #156, #5071, .T. ) ;
#6632 = DIRECTION ( 'NONE',  ( -0.000000000000000000, 3.491481338843133750E-15, -1.000000000000000000 ) ) ;
#6633 = CARTESIAN_POINT ( 'NONE',  ( 20.67025973870251931, -29.05895704461911322, 19.56898204464009083 ) ) ;
#6634 = CARTESIAN_POINT ( 'NONE',  ( 15.00000000000007105, 36.49717567993136669, 17.11596235647368758 ) ) ;
#6635 = VERTEX_POINT ( 'NONE', #6913 ) ;
#6636 = DIRECTION ( 'NONE',  ( -0.000000000000000000, -0.8090169943749507819, 0.5877852522924685852 ) ) ;
#6637 = CARTESIAN_POINT ( 'NONE',  ( 24.81993129918791041, -34.41598389563301197, -6.367670722776127334 ) ) ;
#6638 = EDGE_CURVE ( 'NONE', #3207, #2801, #3341, .T. ) ;
#6639 = CARTESIAN_POINT ( 'NONE',  ( 23.49692031861294694, 27.84539026649788696, -21.20673884492482131 ) ) ;
#6640 = CARTESIAN_POINT ( 'NONE',  ( 15.00000000000006573, 19.03359087750640555, 29.80399940686346483 ) ) ;
#6641 = CARTESIAN_POINT ( 'NONE',  ( 13.42737253577499068, 38.10914386831639433, -12.15483440063087883 ) ) ;
#6642 = DIRECTION ( 'NONE',  ( 0.000000000000000000, -0.3090169943749347392, -0.9510565162951577500 ) ) ;
#6643 = DIRECTION ( 'NONE',  ( -0.000000000000000000, 1.000000000000000000, -0.000000000000000000 ) ) ;
#6644 = EDGE_CURVE ( 'NONE', #3547, #2520, #4436, .T. ) ;
#6645 = DIRECTION ( 'NONE',  ( 0.9063077870366491595, -0.2484087816006673444, 0.3419053558814245108 ) ) ;
#6646 = DIRECTION ( 'NONE',  ( 0.000000000000000000, 0.5877852522924679191, 0.8090169943749511150 ) ) ;
#6647 = AXIS2_PLACEMENT_3D ( 'NONE', #3948, #233, #7265 ) ;
#6648 = ORIENTED_EDGE ( 'NONE', *, *, #4590, .F. ) ;
#6649 = ORIENTED_EDGE ( 'NONE', *, *, #2728, .F. ) ;
#6650 = CARTESIAN_POINT ( 'NONE',  ( 16.29525471753019161, 14.82442663878713240, -31.67032518171902922 ) ) ;
#6651 = EDGE_CURVE ( 'NONE', #1542, #4788, #2709, .T. ) ;
#6652 = CARTESIAN_POINT ( 'NONE',  ( -7.500000000000000000, 4.814824860968089633E-32, 0.000000000000000000 ) ) ;
#6653 = CARTESIAN_POINT ( 'NONE',  ( 17.13211781824488611, 33.47536897770594777, -10.21761575938548461 ) ) ;
#6654 = ORIENTED_EDGE ( 'NONE', *, *, #4347, .T. ) ;
#6655 = ADVANCED_FACE ( 'NONE', ( #5219 ), #723, .T. ) ;
#6656 = PLANE ( 'NONE',  #821 ) ;
#6657 = ORIENTED_EDGE ( 'NONE', *, *, #7725, .F. ) ;
#6658 = DIRECTION ( 'NONE',  ( 1.000000000000000000, -1.481484572605566251E-33, 0.000000000000000000 ) ) ;
#6659 = CARTESIAN_POINT ( 'NONE',  ( 18.47620868754436430, -32.35304821790754204, -13.44054737703098290 ) ) ;
#6660 = EDGE_LOOP ( 'NONE', ( #4907, #607, #8035, #3459, #1342, #2995, #4751, #2766, #6877, #5647 ) ) ;
#6661 = ORIENTED_EDGE ( 'NONE', *, *, #843, .F. ) ;
#6662 = ORIENTED_EDGE ( 'NONE', *, *, #1261, .T. ) ;
#6663 = CARTESIAN_POINT ( 'NONE',  ( 25.00000000000000000, 23.95577701367150425, -15.20106884403487868 ) ) ;
#6664 =( BOUNDED_CURVE ( )  B_SPLINE_CURVE ( 3, ( #3861, #3743, #5749, #7643 ),
 .UNSPECIFIED., .F., .F. ) 
 B_SPLINE_CURVE_WITH_KNOTS ( ( 4, 4 ),
 ( 1.552883144289287864, 1.684621253977662159 ),
 .UNSPECIFIED. ) 
 CURVE ( )  GEOMETRIC_REPRESENTATION_ITEM ( )  RATIONAL_B_SPLINE_CURVE ( ( 1.000000000000000000, 0.9985542787012120503, 0.9985542787012120503, 1.000000000000000000 ) ) 
 REPRESENTATION_ITEM ( '' )  );
#6665 = EDGE_LOOP ( 'NONE', ( #6669, #5073, #4870, #4067 ) ) ;
#6666 = B_SPLINE_CURVE_WITH_KNOTS ( 'NONE', 3,
 ( #498, #2973, #1671, #2365, #4884, #6149, #5039, #2233, #7247, #6416, #805, #5756, #232, #6337 ),
 .UNSPECIFIED., .F., .F.,
 ( 4, 2, 2, 2, 2, 2, 4 ),
 ( 0.000000000000000000, 0.001196137445628221935, 0.001794206168442334095, 0.002392274891256446039, 0.002990343614070558199, 0.003588412336884669925, 0.004784549782512892077 ),
 .UNSPECIFIED. ) ;
#6667 = CARTESIAN_POINT ( 'NONE',  ( 23.70474528246986168, -14.52631798659612983, -31.84314817589953250 ) ) ;
#6668 = CARTESIAN_POINT ( 'NONE',  ( 16.29525471753021648, -14.83433730242530224, 31.70082706804151229 ) ) ;
#6669 = ORIENTED_EDGE ( 'NONE', *, *, #4394, .F. ) ;
#6670 = CARTESIAN_POINT ( 'NONE',  ( 15.47020472364244092, -13.25536448200279871, 32.39331260217628738 ) ) ;
#6671 = CYLINDRICAL_SURFACE ( 'NONE', #166, 5.000000000000000888 ) ;
#6672 = FACE_OUTER_BOUND ( 'NONE', #1160, .T. ) ;
#6673 = LINE ( 'NONE', #7339, #6186 ) ;
#6674 = AXIS2_PLACEMENT_3D ( 'NONE', #1413, #3898, #795 ) ;
#6675 = LINE ( 'NONE', #6016, #1985 ) ;
#6676 = ORIENTED_EDGE ( 'NONE', *, *, #5061, .F. ) ;
#6677 = DIRECTION ( 'NONE',  ( -1.408975556567270117E-33, -0.9510565162951577500, 0.3090169943749350168 ) ) ;
#6678 = EDGE_CURVE ( 'NONE', #992, #6563, #714, .T. ) ;
#6679 = AXIS2_PLACEMENT_3D ( 'NONE', #6397, #4546, #6277 ) ;
#6680 = FACE_OUTER_BOUND ( 'NONE', #5926, .T. ) ;
#6681 = CARTESIAN_POINT ( 'NONE',  ( 15.18006210666842115, -30.92454867560700649, 16.39144551574077724 ) ) ;
#6682 = CARTESIAN_POINT ( 'NONE',  ( 25.00000000000000355, 25.79135174142183118, -23.66367939513851937 ) ) ;
#6683 = CARTESIAN_POINT ( 'NONE',  ( 15.00000000000007105, -7.869136502498763619, -39.50165152752344966 ) ) ;
#6684 = LINE ( 'NONE', #548, #3540 ) ;
#6685 = CARTESIAN_POINT ( 'NONE',  ( 17.13211781824484703, 33.08790625289407927, 11.41010340880802332 ) ) ;
#6686 = AXIS2_PLACEMENT_3D ( 'NONE', #447, #1055, #4254 ) ;
#6687 = FACE_OUTER_BOUND ( 'NONE', #5772, .T. ) ;
#6688 = CARTESIAN_POINT ( 'NONE',  ( 24.99999999999999289, -16.86217221814176881, 30.67029748935813771 ) ) ;
#6689 = CARTESIAN_POINT ( 'NONE',  ( 19.32833852793588747, -27.79793711395521072, 21.32229611745394848 ) ) ;
#6690 = LINE ( 'NONE', #1085, #1872 ) ;
#6691 = ADVANCED_FACE ( 'NONE', ( #5106 ), #763, .T. ) ;
#6692 = ORIENTED_EDGE ( 'NONE', *, *, #7131, .T. ) ;
#6693 = ORIENTED_EDGE ( 'NONE', *, *, #4740, .T. ) ;
#6694 = EDGE_CURVE ( 'NONE', #7492, #2840, #1493, .T. ) ;
#6695 = VECTOR ( 'NONE', #3426, 1000.000000000000000 ) ;
#6696 = VECTOR ( 'NONE', #2325, 1000.000000000000000 ) ;
#6697 = CARTESIAN_POINT ( 'NONE',  ( 20.00000000000000000, 8.189569715108909520, -39.39753646541932142 ) ) ;
#6698 = ADVANCED_FACE ( 'NONE', ( #5711 ), #7031, .T. ) ;
#6699 = DIRECTION ( 'NONE',  ( -0.8191520442889925757, -0.4640330845810164417, 0.3371397703496156195 ) ) ;
#6700 = CARTESIAN_POINT ( 'NONE',  ( 15.00000000000007283, 4.189777606611758007E-13, -39.99999999999997868 ) ) ;
#6701 = VERTEX_POINT ( 'NONE', #110 ) ;
#6702 = AXIS2_PLACEMENT_3D ( 'NONE', #220, #2702, #5211 ) ;
#6703 = VECTOR ( 'NONE', #5413, 1000.000000000000227 ) ;
#6704 = EDGE_LOOP ( 'NONE', ( #8040, #4064, #7370, #7230 ) ) ;
#6705 = EDGE_CURVE ( 'NONE', #2961, #4936, #6333, .T. ) ;
#6706 = CARTESIAN_POINT ( 'NONE',  ( 17.13211781824485769, 0.6269278581194375199, -39.99999999999997868 ) ) ;
#6707 = DIRECTION ( 'NONE',  ( 1.481484572605565909E-33, 1.000000000000000000, 6.908276016444633005E-34 ) ) ;
#6708 = ORIENTED_EDGE ( 'NONE', *, *, #6794, .F. ) ;
#6709 = ORIENTED_EDGE ( 'NONE', *, *, #2023, .F. ) ;
#6710 = EDGE_CURVE ( 'NONE', #5951, #6540, #1615, .T. ) ;
#6711 = VECTOR ( 'NONE', #3505, 1000.000000000000114 ) ;
#6712 = ORIENTED_EDGE ( 'NONE', *, *, #3418, .F. ) ;
#6713 = CARTESIAN_POINT ( 'NONE',  ( 15.18862017184825852, 17.77002099513972766, 30.15400695301158507 ) ) ;
#6714 = CARTESIAN_POINT ( 'NONE',  ( 22.86788218175521692, 20.33715909436067903, -28.48508311328340881 ) ) ;
#6715 = DIRECTION ( 'NONE',  ( 0.000000000000000000, -0.3090169943749349613, -0.9510565162951576390 ) ) ;
#6716 = VECTOR ( 'NONE', #440, 1000.000000000000000 ) ;
#6717 = CARTESIAN_POINT ( 'NONE',  ( -7.500000000000000000, 4.814824860968089633E-32, 0.000000000000000000 ) ) ;
#6718 = CARTESIAN_POINT ( 'NONE',  ( 15.75577990824709040, -33.86922948814849121, 8.826252443121967772 ) ) ;
#6719 = EDGE_LOOP ( 'NONE', ( #2725, #1924, #2084, #584, #7711, #7152, #5592, #7978, #2363, #124 ) ) ;
#6720 = ADVANCED_FACE ( 'NONE', ( #7681 ), #4554, .F. ) ;
#6721 = CARTESIAN_POINT ( 'NONE',  ( 24.81118820077486120, 34.87085120006301509, -3.010227753417684671 ) ) ;
#6722 = CARTESIAN_POINT ( 'NONE',  ( 22.86788218175522047, -32.53114010773443709, -23.27679157156281775 ) ) ;
#6723 =( BOUNDED_CURVE ( )  B_SPLINE_CURVE ( 3, ( #5016, #52, #4540, #2541 ),
 .UNSPECIFIED., .F., .F. ) 
 B_SPLINE_CURVE_WITH_KNOTS ( ( 4, 4 ),
 ( 4.704103044437397685, 4.835908513616244520 ),
 .UNSPECIFIED. ) 
 CURVE ( )  GEOMETRIC_REPRESENTATION_ITEM ( )  RATIONAL_B_SPLINE_CURVE ( ( 1.000000000000000000, 0.9985528004245092237, 0.9985528004245092237, 1.000000000000000000 ) ) 
 REPRESENTATION_ITEM ( '' )  );
#6724 = CARTESIAN_POINT ( 'NONE',  ( 23.70474528246992207, -3.975275438175116971, -40.00000000000002842 ) ) ;
#6725 = CARTESIAN_POINT ( 'NONE',  ( 16.29525471753020227, 4.312198856625899523, -34.73334048174626787 ) ) ;
#6726 = FACE_OUTER_BOUND ( 'NONE', #799, .T. ) ;
#6727 = EDGE_LOOP ( 'NONE', ( #4681, #5055, #1009, #2933 ) ) ;
#6728 = DIRECTION ( 'NONE',  ( -3.558029438935070571E-16, -0.3090169943749517256, 0.9510565162951521989 ) ) ;
#6729 = CARTESIAN_POINT ( 'NONE',  ( 23.49692031861295050, 21.20673884492511974, 27.84539026649767024 ) ) ;
#6730 = DIRECTION ( 'NONE',  ( 3.299640131595863330E-16, 1.032057927027752787E-14, -1.000000000000000000 ) ) ;
#6731 = AXIS2_PLACEMENT_3D ( 'NONE', #1904, #5183, #674 ) ;
#6732 = CARTESIAN_POINT ( 'NONE',  ( 23.19917531777618436, 28.00625651599306920, -20.99293718299443867 ) ) ;
#6733 = PLANE ( 'NONE',  #4989 ) ;
#6734 = CARTESIAN_POINT ( 'NONE',  ( 24.99999999999999645, 29.78279198716996490, -27.05956823586878457 ) ) ;
#6735 = LINE ( 'NONE', #4273, #6868 ) ;
#6736 = AXIS2_PLACEMENT_3D ( 'NONE', #1529, #3365, #4018 ) ;
#6737 = CARTESIAN_POINT ( 'NONE',  ( -7.500000000000000000, 4.814824860968089633E-32, 0.000000000000000000 ) ) ;
#6738 = CARTESIAN_POINT ( 'NONE',  ( 15.54046384447847373, 16.54111581286351651, 30.84463466577999924 ) ) ;
#6739 = CARTESIAN_POINT ( 'NONE',  ( 23.49692031861295050, -11.56410836048481272, -33.03578256008756142 ) ) ;
#6740 = CARTESIAN_POINT ( 'NONE',  ( 15.00000000000007283, -33.60669800362462922, 21.79641312923952157 ) ) ;
#6741 = ORIENTED_EDGE ( 'NONE', *, *, #4024, .F. ) ;
#6742 = AXIS2_PLACEMENT_3D ( 'NONE', #6123, #2378, #4896 ) ;
#6743 = ORIENTED_EDGE ( 'NONE', *, *, #6951, .T. ) ;
#6744 = VECTOR ( 'NONE', #1277, 1000.000000000000227 ) ;
#6745 = CARTESIAN_POINT ( 'NONE',  ( 22.86788218175522758, 12.08486916289661472, -38.13187695210789485 ) ) ;
#6746 = CARTESIAN_POINT ( 'NONE',  ( 15.00000000000007283, 38.69733120086265643, 10.34457993047839963 ) ) ;
#6747 = DIRECTION ( 'NONE',  ( -0.8191520442889919096, 0.4640330845810198279, -0.3371397703496127884 ) ) ;
#6748 = AXIS2_PLACEMENT_3D ( 'NONE', #7927, #4653, #5375 ) ;
#6749 = ADVANCED_FACE ( 'NONE', ( #5146 ), #7642, .T. ) ;
#6750 = ORIENTED_EDGE ( 'NONE', *, *, #6963, .T. ) ;
#6751 = VERTEX_POINT ( 'NONE', #2014 ) ;
#6752 = CARTESIAN_POINT ( 'NONE',  ( 26.57262746422517452, 38.00502880621228030, 12.47526761324070144 ) ) ;
#6753 = CARTESIAN_POINT ( 'NONE',  ( -12.50000000000000000, -1.250000000000000000, 4.999999999999999112 ) ) ;
#6754 = ORIENTED_EDGE ( 'NONE', *, *, #2456, .T. ) ;
#6755 = ORIENTED_EDGE ( 'NONE', *, *, #5020, .T. ) ;
#6756 = EDGE_CURVE ( 'NONE', #2154, #5663, #7195, .T. ) ;
#6757 = ORIENTED_EDGE ( 'NONE', *, *, #139, .T. ) ;
#6758 = CARTESIAN_POINT ( 'NONE',  ( 24.99999999999999289, 34.43119604009792312, 6.284324884054381499 ) ) ;
#6759 = EDGE_LOOP ( 'NONE', ( #7609, #2264, #7885, #5086 ) ) ;
#6760 = EDGE_CURVE ( 'NONE', #1397, #3070, #540, .T. ) ;
#6761 = CARTESIAN_POINT ( 'NONE',  ( 24.99999999999999645, -27.28391829224439391, -29.61979213005267653 ) ) ;
#6762 = CARTESIAN_POINT ( 'NONE',  ( 20.00000000000000000, 7.513312658327931715, -8.930966101505093846 ) ) ;
#6763 = CARTESIAN_POINT ( 'NONE',  ( -12.50000000000000000, -1.250000000000000000, -5.000000000000000888 ) ) ;
#6764 = VERTEX_POINT ( 'NONE', #989 ) ;
#6765 = CARTESIAN_POINT ( 'NONE',  ( 16.50278156089884618, -11.88194669409502779, 32.92280415034306884 ) ) ;
#6766 = CARTESIAN_POINT ( 'NONE',  ( 16.29525471753020227, 23.90438745615822214, -25.56521582826685446 ) ) ;
#6767 = CARTESIAN_POINT ( 'NONE',  ( 23.94355495384385790, 34.75439668095230417, -4.142491770268962092 ) ) ;
#6768 = CARTESIAN_POINT ( 'NONE',  ( 25.00000000000000000, 31.88848486005439042, -14.97266267961648367 ) ) ;
#6769 = ORIENTED_EDGE ( 'NONE', *, *, #3254, .F. ) ;
#6770 = ADVANCED_FACE ( 'NONE', ( #7106 ), #4765, .F. ) ;
#6771 = CARTESIAN_POINT ( 'NONE',  ( 15.00000000000006573, 1.481484572605556398E-32, 0.000000000000000000 ) ) ;
#6772 = ORIENTED_EDGE ( 'NONE', *, *, #4434, .T. ) ;
#6773 = DIRECTION ( 'NONE',  ( 0.8191520442889917986, 0.5455036073850139111, 0.1772448664054959155 ) ) ;
#6774 = VERTEX_POINT ( 'NONE', #7146 ) ;
#6775 = CARTESIAN_POINT ( 'NONE',  ( 22.86788218175522758, 10.53941291143552306, -33.37545168956170016 ) ) ;
#6776 = DIRECTION ( 'NONE',  ( 1.363218471095150835E-17, -0.5877852522924713607, -0.8090169943749485615 ) ) ;
#6777 = CARTESIAN_POINT ( 'NONE',  ( 18.02746358918860636, -35.00000000000000000, 0.000000000000000000 ) ) ;
#6778 = CARTESIAN_POINT ( 'NONE',  ( 15.54046384447848794, -39.99999999999997868, -4.747977570363819844 ) ) ;
#6779 = CARTESIAN_POINT ( 'NONE',  ( 15.54046384447846130, -4.747977570363971722, 39.99999999999996447 ) ) ;
#6780 = CARTESIAN_POINT ( 'NONE',  ( 15.24782577960348640, -30.05526537555864408, 17.93646206941673427 ) ) ;
#6781 = CARTESIAN_POINT ( 'NONE',  ( 25.00000000000000000, 1.347111479062088405E-15, 11.00000000000000000 ) ) ;
#6782 = LINE ( 'NONE', #5063, #815 ) ;
#6783 = CARTESIAN_POINT ( 'NONE',  ( 15.00000000000007105, 5.000000000000362377, -34.64101615137749945 ) ) ;
#6784 = CARTESIAN_POINT ( 'NONE',  ( 17.13211781824487190, 21.07637853897807645, -27.94255299148065674 ) ) ;
#6785 = VERTEX_POINT ( 'NONE', #5257 ) ;
#6786 = ORIENTED_EDGE ( 'NONE', *, *, #653, .F. ) ;
#6787 = B_SPLINE_CURVE_WITH_KNOTS ( 'NONE', 3,
 ( #4259, #687, #1155, #6721, #7945, #4753, #4797, #6114, #5476, #3014, #1717, #2324, #6012, #3500 ),
 .UNSPECIFIED., .F., .F.,
 ( 4, 2, 2, 2, 2, 2, 4 ),
 ( 8.673617379884035472E-19, 0.001196137445628222369, 0.001794206168442334529, 0.002392274891256446906, 0.002990343614070559500, 0.003588412336884671660, 0.004784549782512896414 ),
 .UNSPECIFIED. ) ;
#6788 = DIRECTION ( 'NONE',  ( 0.7071067811865489050, 0.7071067811865461294, 0.000000000000000000 ) ) ;
#6789 = PLANE ( 'NONE',  #5303 ) ;
#6790 = LINE ( 'NONE', #4821, #2027 ) ;
#6791 = ORIENTED_EDGE ( 'NONE', *, *, #7892, .T. ) ;
#6792 = EDGE_LOOP ( 'NONE', ( #2567, #1462, #117, #7050 ) ) ;
#6793 = FACE_OUTER_BOUND ( 'NONE', #1994, .T. ) ;
#6794 = EDGE_CURVE ( 'NONE', #4425, #3266, #2819, .T. ) ;
#6795 = ORIENTED_EDGE ( 'NONE', *, *, #6309, .F. ) ;
#6796 = VERTEX_POINT ( 'NONE', #5298 ) ;
#6797 = CARTESIAN_POINT ( 'NONE',  ( 15.75577990824707975, 18.86043239872027399, 29.48408940503141196 ) ) ;
#6798 = B_SPLINE_CURVE_WITH_KNOTS ( 'NONE', 3,
 ( #924, #2758, #169, #3410 ),
 .UNSPECIFIED., .F., .F.,
 ( 4, 4 ),
 ( 4.826928467335972279E-17, 0.0008731425215612947325 ),
 .UNSPECIFIED. ) ;
#6799 = ORIENTED_EDGE ( 'NONE', *, *, #618, .T. ) ;
#6800 = DIRECTION ( 'NONE',  ( -3.299640131595813533E-16, -3.645346085095003185E-15, 1.000000000000000000 ) ) ;
#6801 = LINE ( 'NONE', #1058, #3340 ) ;
#6802 = EDGE_CURVE ( 'NONE', #4022, #3488, #7469, .T. ) ;
#6803 = CARTESIAN_POINT ( 'NONE',  ( 24.99999999999999289, 12.04024656238844493, 38.14637571391012472 ) ) ;
#6804 = ORIENTED_EDGE ( 'NONE', *, *, #3065, .F. ) ;
#6805 = DIRECTION ( 'NONE',  ( 0.000000000000000000, 0.9510565162951524210, 0.3090169943749513370 ) ) ;
#6806 = EDGE_CURVE ( 'NONE', #1698, #6256, #2247, .T. ) ;
#6807 = FACE_OUTER_BOUND ( 'NONE', #5724, .T. ) ;
#6808 = CARTESIAN_POINT ( 'NONE',  ( 15.00000000000007105, 29.42175351353547796, 27.55649506357369205 ) ) ;
#6809 = ORIENTED_EDGE ( 'NONE', *, *, #5994, .F. ) ;
#6810 = ORIENTED_EDGE ( 'NONE', *, *, #1303, .F. ) ;
#6811 = FACE_OUTER_BOUND ( 'NONE', #2965, .T. ) ;
#6812 = EDGE_LOOP ( 'NONE', ( #2189, #73, #355, #47 ) ) ;
#6813 = DIRECTION ( 'NONE',  ( 2.233636384703519451E-16, 0.9510565162951557516, -0.3090169943749410675 ) ) ;
#6814 = EDGE_CURVE ( 'NONE', #3846, #6336, #874, .T. ) ;
#6815 = ORIENTED_EDGE ( 'NONE', *, *, #2671, .T. ) ;
#6816 = DIRECTION ( 'NONE',  ( 0.000000000000000000, 0.3090169943749481174, -0.9510565162951533091 ) ) ;
#6817 = ADVANCED_FACE ( 'NONE', ( #377 ), #3980, .F. ) ;
#6818 = CIRCLE ( 'NONE', #3521, 5.000000000000000000 ) ;
#6819 = DIRECTION ( 'NONE',  ( -1.817114821523378837E-16, 0.9510565162951533091, 0.3090169943749482284 ) ) ;
#6820 = SURFACE_STYLE_FILL_AREA ( #1819 ) ;
#6821 = CARTESIAN_POINT ( 'NONE',  ( 23.70474528246988655, -17.22329254607008764, 30.46897100120853707 ) ) ;
#6822 = CARTESIAN_POINT ( 'NONE',  ( 24.99999999999999645, -39.99999999999997868, 4.663076581549970179 ) ) ;
#6823 = CARTESIAN_POINT ( 'NONE',  ( 25.00000000000000355, 31.84151222027767503, -14.53553049226461269 ) ) ;
#6824 = CARTESIAN_POINT ( 'NONE',  ( 24.81118820077485765, -29.98047870867125297, -18.06124666082856223 ) ) ;
#6825 = CARTESIAN_POINT ( 'NONE',  ( 15.54046384447847728, -31.51206516742532315, -15.23120969863982488 ) ) ;
#6826 = ORIENTED_EDGE ( 'NONE', *, *, #6678, .T. ) ;
#6827 = ORIENTED_EDGE ( 'NONE', *, *, #7652, .F. ) ;
#6828 = VECTOR ( 'NONE', #938, 1000.000000000000000 ) ;
#6829 = DIRECTION ( 'NONE',  ( 0.000000000000000000, 1.000000000000000000, 0.000000000000000000 ) ) ;
#6830 = EDGE_CURVE ( 'NONE', #2598, #7802, #140, .T. ) ;
#6831 = LINE ( 'NONE', #639, #79 ) ;
#6832 = CIRCLE ( 'NONE', #4587, 28.03376365985115015 ) ;
#6833 = CARTESIAN_POINT ( 'NONE',  ( 15.54046384447846130, 31.51206516742544039, 15.23120969863960639 ) ) ;
#6834 = ORIENTED_EDGE ( 'NONE', *, *, #3548, .T. ) ;
#6835 = EDGE_LOOP ( 'NONE', ( #1913, #4559, #851, #4267 ) ) ;
#6836 = EDGE_CURVE ( 'NONE', #6470, #7004, #791, .T. ) ;
#6837 = DIRECTION ( 'NONE',  ( 0.000000000000000000, 1.000000000000000000, 0.000000000000000000 ) ) ;
#6838 = VECTOR ( 'NONE', #501, 1000.000000000000114 ) ;
#6839 = FACE_OUTER_BOUND ( 'NONE', #84, .T. ) ;
#6840 = ORIENTED_EDGE ( 'NONE', *, *, #2310, .F. ) ;
#6841 = ORIENTED_EDGE ( 'NONE', *, *, #7998, .T. ) ;
#6842 = CARTESIAN_POINT ( 'NONE',  ( 13.42737253577498358, -23.68651262579946959, 32.23346033721232118 ) ) ;
#6843 = VECTOR ( 'NONE', #2732, 999.9999999999998863 ) ;
#6844 = TOROIDAL_SURFACE ( 'NONE', #7871, 6.820560224254683668, 30.00000000000000000 ) ;
#6845 = VERTEX_POINT ( 'NONE', #6554 ) ;
#6846 = FACE_OUTER_BOUND ( 'NONE', #5614, .T. ) ;
#6847 = DIRECTION ( 'NONE',  ( -8.625532348816149716E-17, -0.9510565162951510887, -0.3090169943749549453 ) ) ;
#6848 = VECTOR ( 'NONE', #3430, 1000.000000000000000 ) ;
#6849 = CARTESIAN_POINT ( 'NONE',  ( 23.70474528246987944, 23.65542331968050149, 25.79575444848852328 ) ) ;
#6850 = VECTOR ( 'NONE', #6480, 1000.000000000000114 ) ;
#6851 = ORIENTED_EDGE ( 'NONE', *, *, #5996, .T. ) ;
#6852 = DIRECTION ( 'NONE',  ( -1.000000000000000000, 1.481484572605566251E-33, -0.000000000000000000 ) ) ;
#6853 = CARTESIAN_POINT ( 'NONE',  ( 24.61076051292646483, -33.96077231406785302, -8.467676158444813694 ) ) ;
#6854 = ORIENTED_EDGE ( 'NONE', *, *, #7109, .T. ) ;
#6855 = EDGE_CURVE ( 'NONE', #6503, #2832, #2165, .T. ) ;
#6856 = CIRCLE ( 'NONE', #7639, 35.00000000000000000 ) ;
#6857 = ORIENTED_EDGE ( 'NONE', *, *, #2831, .T. ) ;
#6858 = DIRECTION ( 'NONE',  ( 0.8978821065938835666, 0.4402359851926347933, 0.000000000000000000 ) ) ;
#6859 = VERTEX_POINT ( 'NONE', #5985 ) ;
#6860 = DIRECTION ( 'NONE',  ( 0.000000000000000000, -0.5877852522924713607, -0.8090169943749486725 ) ) ;
#6861 = CARTESIAN_POINT ( 'NONE',  ( 23.70474528246987944, 6.964894767507033180, -34.30000351133441683 ) ) ;
#6862 =( LENGTH_UNIT ( ) NAMED_UNIT ( * ) SI_UNIT ( .MILLI., .METRE. ) );
#6863 = EDGE_CURVE ( 'NONE', #6845, #7492, #7218, .T. ) ;
#6864 = DIRECTION ( 'NONE',  ( -2.775557561562890427E-17, 0.5877852522924713607, 0.8090169943749485615 ) ) ;
#6865 = CARTESIAN_POINT ( 'NONE',  ( 24.99999999999999289, -4.385764661113585205, -34.72412804286563670 ) ) ;
#6866 = DIRECTION ( 'NONE',  ( 6.938893903907228378E-16, -0.8090169943749531134, 0.5877852522924651435 ) ) ;
#6867 = CARTESIAN_POINT ( 'NONE',  ( 23.89409946658236095, -11.99112483634256776, -32.88215029528715405 ) ) ;
#6868 = VECTOR ( 'NONE', #4355, 999.9999999999998863 ) ;
#6869 = DIRECTION ( 'NONE',  ( -0.8191520442889927978, -0.3371397703496138432, -0.4640330845810173299 ) ) ;
#6870 = ORIENTED_EDGE ( 'NONE', *, *, #3744, .F. ) ;
#6871 = EDGE_CURVE ( 'NONE', #5576, #3351, #4038, .T. ) ;
#6872 = ORIENTED_EDGE ( 'NONE', *, *, #310, .F. ) ;
#6873 = AXIS2_PLACEMENT_3D ( 'NONE', #4521, #2596, #3935 ) ;
#6874 = DIRECTION ( 'NONE',  ( 1.072118069236030302E-16, -0.8090169943749466741, -0.5877852522924741363 ) ) ;
#6875 = CARTESIAN_POINT ( 'NONE',  ( 24.99999999999999645, -27.05956823586888760, -29.78279198716987963 ) ) ;
#6876 = CARTESIAN_POINT ( 'NONE',  ( 24.95238900918759484, -34.81750911219978661, 3.590542772257260040 ) ) ;
#6877 = ORIENTED_EDGE ( 'NONE', *, *, #3682, .T. ) ;
#6878 = CIRCLE ( 'NONE', #2138, 5.000000000000000888 ) ;
#6879 = ORIENTED_EDGE ( 'NONE', *, *, #4691, .F. ) ;
#6880 = ADVANCED_FACE ( 'NONE', ( #261 ), #7755, .F. ) ;
#6881 = CARTESIAN_POINT ( 'NONE',  ( 15.38892734875750357, 22.75600237926805747, -26.59323229841808356 ) ) ;
#6882 = VECTOR ( 'NONE', #3082, 1000.000000000000114 ) ;
#6883 = DIRECTION ( 'NONE',  ( -1.481484572605565909E-33, -1.000000000000000000, 6.908276016444633005E-34 ) ) ;
#6884 = VERTEX_POINT ( 'NONE', #3397 ) ;
#6885 = CIRCLE ( 'NONE', #74, 35.00000000000000000 ) ;
#6886 = LINE ( 'NONE', #1273, #2631 ) ;
#6887 = VECTOR ( 'NONE', #6386, 1000.000000000000000 ) ;
#6888 = CARTESIAN_POINT ( 'NONE',  ( 26.57262746422508215, 23.41393585447027093, 32.43149895372936697 ) ) ;
#6889 = CARTESIAN_POINT ( 'NONE',  ( 15.00000000000007816, 14.50256961133927369, -13.15701578422238960 ) ) ;
#6890 = VECTOR ( 'NONE', #1925, 999.9999999999998863 ) ;
#6891 = LINE ( 'NONE', #3184, #6744 ) ;
#6892 = ORIENTED_EDGE ( 'NONE', *, *, #7020, .T. ) ;
#6893 = CARTESIAN_POINT ( 'NONE',  ( 24.95238900918759484, 3.590542772257150794, 34.81750911219978661 ) ) ;
#6894 = CARTESIAN_POINT ( 'NONE',  ( 24.99999999999999289, -34.37988406144783227, -6.559235620208002437 ) ) ;
#6895 = VECTOR ( 'NONE', #143, 1000.000000000000000 ) ;
#6896 = DIRECTION ( 'NONE',  ( 3.299640131595838185E-16, 0.5877852522924771339, -0.8090169943749444537 ) ) ;
#6897 = ORIENTED_EDGE ( 'NONE', *, *, #7692, .F. ) ;
#6898 = CARTESIAN_POINT ( 'NONE',  ( 15.54046384447847373, 15.23120969863993324, -31.51206516742527342 ) ) ;
#6899 = ORIENTED_EDGE ( 'NONE', *, *, #3194, .T. ) ;
#6900 = EDGE_CURVE ( 'NONE', #7454, #5214, #7829, .T. ) ;
#6901 = FACE_OUTER_BOUND ( 'NONE', #1241, .T. ) ;
#6902 = LINE ( 'NONE', #711, #5005 ) ;
#6903 = CARTESIAN_POINT ( 'NONE',  ( 15.00000000000007105, 30.96409703034405325, -16.31639344632994693 ) ) ;
#6904 = CARTESIAN_POINT ( 'NONE',  ( 16.10548734941333038, -29.21598309100185631, 19.27301882469594574 ) ) ;
#6905 = B_SPLINE_CURVE_WITH_KNOTS ( 'NONE', 3,
 ( #3154, #4465, #7512, #7590 ),
 .UNSPECIFIED., .F., .F.,
 ( 4, 4 ),
 ( 3.469446951953614189E-18, 0.0008734117105027504281 ),
 .UNSPECIFIED. ) ;
#6906 = CARTESIAN_POINT ( 'NONE',  ( 15.00000000000000000, 1.347111479062088405E-15, 11.00000000000000000 ) ) ;
#6907 = CARTESIAN_POINT ( 'NONE',  ( 22.86788218175522758, 33.19621908895816631, -11.09103413563813412 ) ) ;
#6908 = DIRECTION ( 'NONE',  ( 0.4226182617407007736, 0.5327143512579602946, 0.7332184018470070397 ) ) ;
#6909 = ORIENTED_EDGE ( 'NONE', *, *, #4650, .T. ) ;
#6910 = EDGE_LOOP ( 'NONE', ( #2602, #3764, #891, #5559 ) ) ;
#6911 = ADVANCED_FACE ( 'NONE', ( #3472 ), #3079, .F. ) ;
#6912 = CARTESIAN_POINT ( 'NONE',  ( 15.04754234242350819, -34.78106139745690228, -3.927963088706737604 ) ) ;
#6913 = CARTESIAN_POINT ( 'NONE',  ( 15.00000000000007105, -34.64101615137756340, -5.000000000000000000 ) ) ;
#6914 = CARTESIAN_POINT ( 'NONE',  ( 0.000000000000000000, -12.36067977499805615, 38.04226065180606753 ) ) ;
#6915 = ADVANCED_FACE ( 'NONE', ( #7307 ), #6733, .F. ) ;
#6916 = ADVANCED_BREP_SHAPE_REPRESENTATION ( 'Estator', ( #6998, #1885 ), #5282 ) ;
#6917 = VERTEX_POINT ( 'NONE', #6124 ) ;
#6918 = ORIENTED_EDGE ( 'NONE', *, *, #7655, .T. ) ;
#6919 = ORIENTED_EDGE ( 'NONE', *, *, #4289, .T. ) ;
#6920 = DIRECTION ( 'NONE',  ( 3.377522666200624302E-17, -0.8090169943749424553, -0.5877852522924802425 ) ) ;
#6921 = ADVANCED_FACE ( 'NONE', ( #468 ), #4809, .F. ) ;
#6922 = ORIENTED_EDGE ( 'NONE', *, *, #5297, .F. ) ;
#6923 = CARTESIAN_POINT ( 'NONE',  ( 15.65363052717489545, -12.92674535562588822, 32.52584577538084432 ) ) ;
#6924 = ADVANCED_FACE ( 'NONE', ( #1853 ), #6163, .F. ) ;
#6925 = DIRECTION ( 'NONE',  ( 1.000000000000000000, -1.481484572605566251E-33, 0.000000000000000000 ) ) ;
#6926 = CARTESIAN_POINT ( 'NONE',  ( 24.99999999999999645, 34.93856756282612253, 19.96325194752869692 ) ) ;
#6927 = EDGE_CURVE ( 'NONE', #2840, #4328, #1733, .T. ) ;
#6928 = DIRECTION ( 'NONE',  ( -1.000000000000000000, 1.481484572605565909E-33, -0.000000000000000000 ) ) ;
#6929 = VERTEX_POINT ( 'NONE', #6683 ) ;
#6930 = CARTESIAN_POINT ( 'NONE',  ( -7.500000000000000000, 4.814824860968089633E-32, 0.000000000000000000 ) ) ;
#6931 = CARTESIAN_POINT ( 'NONE',  ( 13.42737253577496226, 12.56652514936484444, -37.97537743529586862 ) ) ;
#6932 = ORIENTED_EDGE ( 'NONE', *, *, #4081, .F. ) ;
#6933 = DIRECTION ( 'NONE',  ( 2.273603650596012581E-17, 0.9510565162951576390, -0.3090169943749349613 ) ) ;
#6934 = EDGE_LOOP ( 'NONE', ( #2577, #7615, #4855, #6376 ) ) ;
#6935 = EDGE_LOOP ( 'NONE', ( #579, #4686, #2304, #5960, #1256, #8030, #5153, #7606, #6466, #7798 ) ) ;
#6936 = CARTESIAN_POINT ( 'NONE',  ( 0.000000000000000000, 23.51141009169884200, 32.36067977499793358 ) ) ;
#6937 = CARTESIAN_POINT ( 'NONE',  ( -12.50000000000000000, -1.250000000000000000, 4.999999999999999112 ) ) ;
#6938 = DIRECTION ( 'NONE',  ( 0.000000000000000000, 1.000000000000000000, 4.163336342344337027E-15 ) ) ;
#6939 = CARTESIAN_POINT ( 'NONE',  ( 15.54046384447848972, 24.22350489953470287, -25.26305227762904693 ) ) ;
#6940 = EDGE_CURVE ( 'NONE', #4947, #3216, #2487, .T. ) ;
#6941 = CARTESIAN_POINT ( 'NONE',  ( 24.95238900918759128, 32.00388018666603784, -14.17401111806564629 ) ) ;
#6942 = DIRECTION ( 'NONE',  ( 1.000000000000000000, -0.000000000000000000, -0.000000000000000000 ) ) ;
#6943 =( BOUNDED_CURVE ( )  B_SPLINE_CURVE ( 3, ( #4033, #3455, #5925, #2876 ),
 .UNSPECIFIED., .F., .F. ) 
 B_SPLINE_CURVE_WITH_KNOTS ( ( 4, 4 ),
 ( 1.427448757889531405, 1.434720266952593137 ),
 .UNSPECIFIED. ) 
 CURVE ( )  GEOMETRIC_REPRESENTATION_ITEM ( )  RATIONAL_B_SPLINE_CURVE ( ( 1.000000000000000000, 0.9999955937678493001, 0.9999955937678493001, 1.000000000000000000 ) ) 
 REPRESENTATION_ITEM ( '' )  );
#6944 = CARTESIAN_POINT ( 'NONE',  ( 15.47020472364243737, -22.61668486464873595, 26.71173814311273986 ) ) ;
#6945 = ORIENTED_EDGE ( 'NONE', *, *, #4758, .T. ) ;
#6946 = VERTEX_POINT ( 'NONE', #5491 ) ;
#6947 = CARTESIAN_POINT ( 'NONE',  ( 24.99999999999999645, -8.189569715108637737, 39.39753646541937115 ) ) ;
#6948 = CARTESIAN_POINT ( 'NONE',  ( 13.42737253577498180, 23.68651262579971473, -32.23346033721213644 ) ) ;
#6949 = CARTESIAN_POINT ( 'NONE',  ( 23.70474528246985813, 26.72747547850415017, 30.02407149863787694 ) ) ;
#6950 = ORIENTED_EDGE ( 'NONE', *, *, #5061, .T. ) ;
#6951 = EDGE_CURVE ( 'NONE', #3799, #2018, #3805, .T. ) ;
#6952 = CIRCLE ( 'NONE', #919, 5.000000000000000000 ) ;
#6953 = ORIENTED_EDGE ( 'NONE', *, *, #7297, .T. ) ;
#6954 = DIRECTION ( 'NONE',  ( 0.000000000000000000, -0.8090169943749401238, -0.5877852522924831291 ) ) ;
#6955 = EDGE_LOOP ( 'NONE', ( #6649, #6340, #7156, #4284 ) ) ;
#6956 = CARTESIAN_POINT ( 'NONE',  ( 15.54046384447849150, -16.87627478251579305, 36.57505489365255613 ) ) ;
#6957 = B_SPLINE_CURVE_WITH_KNOTS ( 'NONE', 3,
 ( #1236, #620, #7617, #5003, #88, #3225, #3793, #5639, #6422, #6300, #1881, #5045, #1424, #7542 ),
 .UNSPECIFIED., .F., .F.,
 ( 4, 2, 2, 2, 2, 2, 4 ),
 ( 0.000000000000000000, 0.001196801401551002677, 0.001795202102326505207, 0.002393602803102007522, 0.002992003503877510052, 0.003590404204653012583, 0.004787205606204023717 ),
 .UNSPECIFIED. ) ;
#6958 = CARTESIAN_POINT ( 'NONE',  ( 13.42737253577497825, 0.2164386351809939601, -39.99999999999997158 ) ) ;
#6959 = EDGE_CURVE ( 'NONE', #7758, #18, #6818, .T. ) ;
#6960 = AXIS2_PLACEMENT_3D ( 'NONE', #2246, #1682, #4171 ) ;
#6961 = ORIENTED_EDGE ( 'NONE', *, *, #4695, .T. ) ;
#6962 = CARTESIAN_POINT ( 'NONE',  ( 16.05646280002838111, 34.39783874677774378, -6.466612530196260700 ) ) ;
#6963 = EDGE_CURVE ( 'NONE', #5414, #6044, #4651, .T. ) ;
#6964 = LINE ( 'NONE', #3718, #5836 ) ;
#6965 = DIRECTION ( 'NONE',  ( -1.000000000000000000, 1.481484572605565909E-33, -0.000000000000000000 ) ) ;
#6966 = ORIENTED_EDGE ( 'NONE', *, *, #7210, .F. ) ;
#6967 = AXIS2_PLACEMENT_3D ( 'NONE', #2064, #4348, #6055 ) ;
#6968 = VECTOR ( 'NONE', #1111, 1000.000000000000227 ) ;
#6969 = CARTESIAN_POINT ( 'NONE',  ( -12.50000000000000000, -1.250000000000000000, -5.000000000000000888 ) ) ;
#6970 = DIRECTION ( 'NONE',  ( -0.000000000000000000, -0.9510565162951511997, -0.3090169943749548898 ) ) ;
#6971 = EDGE_LOOP ( 'NONE', ( #6357, #8079, #2369, #5286, #2573, #7125, #1611, #8018, #5972, #4020 ) ) ;
#6972 = CARTESIAN_POINT ( 'NONE',  ( 23.70474528246987234, 8.579968165453445650, -39.27068831952358607 ) ) ;
#6973 = AXIS2_PLACEMENT_3D ( 'NONE', #4358, #4943, #6279 ) ;
#6974 = AXIS2_PLACEMENT_3D ( 'NONE', #65, #1860, #4278 ) ;
#6975 = ORIENTED_EDGE ( 'NONE', *, *, #3941, .T. ) ;
#6976 = ADVANCED_FACE ( 'NONE', ( #7958 ), #2380, .T. ) ;
#6977 = DIRECTION ( 'NONE',  ( 0.000000000000000000, -0.000000000000000000, -1.000000000000000000 ) ) ;
#6978 = ORIENTED_EDGE ( 'NONE', *, *, #5335, .T. ) ;
#6979 = CARTESIAN_POINT ( 'NONE',  ( 15.00000000000006573, 25.28071084533496560, 24.20507507021127580 ) ) ;
#6980 = DIRECTION ( 'NONE',  ( 0.000000000000000000, 0.000000000000000000, -1.000000000000000000 ) ) ;
#6981 = CARTESIAN_POINT ( 'NONE',  ( 17.13211781824484703, 33.08790625289407927, 11.41010340880802332 ) ) ;
#6982 = VECTOR ( 'NONE', #264, 1000.000000000000000 ) ;
#6983 = PRODUCT_CONTEXT ( 'NONE', #5093, 'mechanical' ) ;
#6984 = B_SPLINE_CURVE_WITH_KNOTS ( 'NONE', 3,
 ( #7192, #5761, #811, #3300 ),
 .UNSPECIFIED., .F., .F.,
 ( 4, 4 ),
 ( 8.182674270850422113E-18, 0.0008731425215613264996 ),
 .UNSPECIFIED. ) ;
#6985 = CARTESIAN_POINT ( 'NONE',  ( 23.70474528246986878, -6.964894767506794260, 34.30000351133447367 ) ) ;
#6986 = CARTESIAN_POINT ( 'NONE',  ( 17.13211781824486124, 27.94255299148088767, 21.07637853897776736 ) ) ;
#6987 = CARTESIAN_POINT ( 'NONE',  ( 23.70474528246987234, 30.46897100120859747, 17.22329254606998106 ) ) ;
#6988 = ORIENTED_EDGE ( 'NONE', *, *, #3536, .T. ) ;
#6989 = AXIS2_PLACEMENT_3D ( 'NONE', #76, #2478, #4371 ) ;
#6990 = CARTESIAN_POINT ( 'NONE',  ( 15.00000000000007105, 36.49717567993136669, 17.11596235647368758 ) ) ;
#6991 = CARTESIAN_POINT ( 'NONE',  ( 23.94355495384386856, 4.142491770268842188, 34.75439668095231838 ) ) ;
#6992 = DIRECTION ( 'NONE',  ( 0.4226182617407008291, -0.5327143512579709528, 0.7332184018469992681 ) ) ;
#6993 =( BOUNDED_CURVE ( )  B_SPLINE_CURVE ( 3, ( #4236, #6038, #3623, #6091 ),
 .UNSPECIFIED., .F., .F. ) 
 B_SPLINE_CURVE_WITH_KNOTS ( ( 4, 4 ),
 ( 4.704103044437398573, 4.835908513616245408 ),
 .UNSPECIFIED. ) 
 CURVE ( )  GEOMETRIC_REPRESENTATION_ITEM ( )  RATIONAL_B_SPLINE_CURVE ( ( 1.000000000000000000, 0.9985528004245092237, 0.9985528004245092237, 1.000000000000000000 ) ) 
 REPRESENTATION_ITEM ( '' )  );
#6994 = ORIENTED_EDGE ( 'NONE', *, *, #2530, .T. ) ;
#6995 = ORIENTED_EDGE ( 'NONE', *, *, #4245, .F. ) ;
#6996 = ORIENTED_EDGE ( 'NONE', *, *, #3285, .F. ) ;
#6997 = ADVANCED_FACE ( 'NONE', ( #7348 ), #5536, .F. ) ;
#6998 = MANIFOLD_SOLID_BREP ( 'Boss-Extrude3', #6067 ) ;
#6999 = CARTESIAN_POINT ( 'NONE',  ( 24.99999999999999289, 1.069105884036878258E-47, 0.000000000000000000 ) ) ;
#7000 = VECTOR ( 'NONE', #299, 1000.000000000000000 ) ;
#7001 = DIRECTION ( 'NONE',  ( 0.000000000000000000, -0.8090169943749446757, -0.5877852522924768008 ) ) ;
#7002 = VERTEX_POINT ( 'NONE', #667 ) ;
#7003 = AXIS2_PLACEMENT_3D ( 'NONE', #2902, #3615, #7221 ) ;
#7004 = VERTEX_POINT ( 'NONE', #7592 ) ;
#7005 = CARTESIAN_POINT ( 'NONE',  ( 24.99999999999999289, 38.14637571391023840, -12.04024656238805235 ) ) ;
#7006 = CARTESIAN_POINT ( 'NONE',  ( 26.57262746422508215, 39.99999999999997868, 0.1204847832694568022 ) ) ;
#7007 = VECTOR ( 'NONE', #5534, 1000.000000000000227 ) ;
#7008 = DIRECTION ( 'NONE',  ( 0.000000000000000000, 1.000000000000000000, 3.491481338843132172E-15 ) ) ;
#7009 = EDGE_LOOP ( 'NONE', ( #4189, #3403, #3205, #5334 ) ) ;
#7010 = ADVANCED_FACE ( 'NONE', ( #2504 ), #4977, .F. ) ;
#7011 = CIRCLE ( 'NONE', #8057, 35.00000000000000000 ) ;
#7012 = DIRECTION ( 'NONE',  ( -8.456696749763669875E-17, -0.9510565162951511997, -0.3090169943749549453 ) ) ;
#7013 = CARTESIAN_POINT ( 'NONE',  ( 20.00000000000005684, -27.33214500719830653, 29.58475337065257804 ) ) ;
#7014 = EDGE_CURVE ( 'NONE', #1807, #2535, #6952, .T. ) ;
#7015 = VERTEX_POINT ( 'NONE', #5700 ) ;
#7016 = VECTOR ( 'NONE', #6429, 1000.000000000000000 ) ;
#7017 = VERTEX_POINT ( 'NONE', #4467 ) ;
#7018 = CARTESIAN_POINT ( 'NONE',  ( 16.29525471753025201, -25.56521582826694328, -23.90438745615811200 ) ) ;
#7019 = EDGE_LOOP ( 'NONE', ( #1582, #3883, #3041, #5127 ) ) ;
#7020 = EDGE_CURVE ( 'NONE', #2177, #6929, #6536, .T. ) ;
#7021 = LINE ( 'NONE', #1401, #1771 ) ;
#7022 = DIRECTION ( 'NONE',  ( -3.040787382274471306E-16, -0.5877852522924830181, 0.8090169943749402348 ) ) ;
#7023 = VECTOR ( 'NONE', #7580, 1000.000000000000227 ) ;
#7024 = EDGE_CURVE ( 'NONE', #130, #1662, #2214, .T. ) ;
#7025 = CARTESIAN_POINT ( 'NONE',  ( 15.00000000000008527, 4.722688079564347774, -34.93574421695754495 ) ) ;
#7026 = LINE ( 'NONE', #3429, #1218 ) ;
#7027 = DIRECTION ( 'NONE',  ( -0.5735764363510460484, 0.7790598895575409077, 0.2531319026622815271 ) ) ;
#7028 = ORIENTED_EDGE ( 'NONE', *, *, #2690, .T. ) ;
#7029 = CARTESIAN_POINT ( 'NONE',  ( 24.75193471525578204, -18.22662341043798406, 29.88019067453096156 ) ) ;
#7030 = CARTESIAN_POINT ( 'NONE',  ( 15.00000000000007283, -38.04226065180620964, 12.36067977499764048 ) ) ;
#7031 = CYLINDRICAL_SURFACE ( 'NONE', #1757, 35.00000000000000000 ) ;
#7032 = FACE_OUTER_BOUND ( 'NONE', #4180, .T. ) ;
#7033 = CARTESIAN_POINT ( 'NONE',  ( 24.99999999999999645, -4.663076581549550959, -40.00000000000002842 ) ) ;
#7034 = ORIENTED_EDGE ( 'NONE', *, *, #5398, .T. ) ;
#7035 = EDGE_LOOP ( 'NONE', ( #2743, #3479, #7808, #5695 ) ) ;
#7036 = VERTEX_POINT ( 'NONE', #6365 ) ;
#7037 = FACE_OUTER_BOUND ( 'NONE', #2806, .T. ) ;
#7038 = EDGE_CURVE ( 'NONE', #5393, #7991, #5134, .T. ) ;
#7039 = ORIENTED_EDGE ( 'NONE', *, *, #3966, .F. ) ;
#7040 = CARTESIAN_POINT ( 'NONE',  ( 22.86788218175522758, 28.14416244781039111, -20.80639613463274173 ) ) ;
#7041 = CARTESIAN_POINT ( 'NONE',  ( 24.99999999999999289, 30.80405017042482996, 16.61657284454138050 ) ) ;
#7042 = ORIENTED_EDGE ( 'NONE', *, *, #7199, .F. ) ;
#7043 = EDGE_CURVE ( 'NONE', #7587, #7443, #5175, .T. ) ;
#7044 = CARTESIAN_POINT ( 'NONE',  ( 15.00000000000007105, -5.949380111716600972, -34.49064911372807529 ) ) ;
#7045 = ORIENTED_EDGE ( 'NONE', *, *, #1004, .F. ) ;
#7046 = CARTESIAN_POINT ( 'NONE',  ( 15.00000000000006928, 33.27285360037891593, 21.55386097254561761 ) ) ;
#7047 = CARTESIAN_POINT ( 'NONE',  ( 23.70474528246985813, 39.99999999999997868, -3.975275438175505105 ) ) ;
#7048 = ORIENTED_EDGE ( 'NONE', *, *, #3493, .T. ) ;
#7049 = EDGE_CURVE ( 'NONE', #2598, #3725, #2705, .T. ) ;
#7050 = ORIENTED_EDGE ( 'NONE', *, *, #8108, .T. ) ;
#7051 = ORIENTED_EDGE ( 'NONE', *, *, #6335, .T. ) ;
#7052 = ADVANCED_FACE ( 'NONE', ( #1436 ), #4391, .T. ) ;
#7053 = CARTESIAN_POINT ( 'NONE',  ( 26.57262746422522426, 12.24609193675502183, 38.07949249739998976 ) ) ;
#7054 = CARTESIAN_POINT ( 'NONE',  ( 15.38892734875749824, -18.25967540753077145, -29.86000506320278092 ) ) ;
#7055 = CARTESIAN_POINT ( 'NONE',  ( 15.00000000000007283, -32.36067977499801174, 23.51141009169873186 ) ) ;
#7056 = LINE ( 'NONE', #5136, #4638 ) ;
#7057 = EDGE_CURVE ( 'NONE', #3098, #3268, #5657, .T. ) ;
#7058 = CARTESIAN_POINT ( 'NONE',  ( 18.02746358918860636, -35.00000000000000000, 0.000000000000000000 ) ) ;
#7059 = CARTESIAN_POINT ( 'NONE',  ( 15.54046384447842399, 6.200019683603955833, 34.44647668373245608 ) ) ;
#7060 = CARTESIAN_POINT ( 'NONE',  ( 24.99999999999999645, 27.05956823586911142, 29.78279198716967002 ) ) ;
#7061 = ORIENTED_EDGE ( 'NONE', *, *, #2310, .T. ) ;
#7062 = EDGE_CURVE ( 'NONE', #7864, #4789, #7165, .T. ) ;
#7063 = DIRECTION ( 'NONE',  ( -0.5735764363510452712, 0.4814854910183014591, -0.6627079248067738737 ) ) ;
#7064 = CARTESIAN_POINT ( 'NONE',  ( 24.99999999999999289, 23.78398686302828224, -32.16264115848069594 ) ) ;
#7065 = CARTESIAN_POINT ( 'NONE',  ( 13.42737253577498358, 39.99999999999997868, 0.2164386351805732966 ) ) ;
#7066 = PLANE ( 'NONE',  #2566 ) ;
#7067 = DIRECTION ( 'NONE',  ( 6.938893903907230350E-16, -1.000000000000000000, -1.047444401652940007E-14 ) ) ;
#7068 = ORIENTED_EDGE ( 'NONE', *, *, #842, .T. ) ;
#7069 = DIRECTION ( 'NONE',  ( 2.775557561562890858E-16, 0.5877852522924829071, -0.8090169943749403458 ) ) ;
#7070 = EDGE_CURVE ( 'NONE', #4620, #6330, #2495, .T. ) ;
#7071 = VERTEX_POINT ( 'NONE', #1404 ) ;
#7072 = CARTESIAN_POINT ( 'NONE',  ( 15.00000000000007105, 36.49717567993136669, 17.11596235647368758 ) ) ;
#7073 = DIRECTION ( 'NONE',  ( 0.000000000000000000, 0.8090169943749423442, 0.5877852522924801315 ) ) ;
#7074 = ORIENTED_EDGE ( 'NONE', *, *, #1569, .F. ) ;
#7075 = VECTOR ( 'NONE', #502, 1000.000000000000114 ) ;
#7076 = CARTESIAN_POINT ( 'NONE',  ( 24.99999999999999645, 39.99999999999997868, -4.663076581549970179 ) ) ;
#7077 = VERTEX_POINT ( 'NONE', #5776 ) ;
#7078 = CARTESIAN_POINT ( 'NONE',  ( 24.01831258142419045, -27.46810897511934968, 21.69171240286756941 ) ) ;
#7079 = ORIENTED_EDGE ( 'NONE', *, *, #3279, .F. ) ;
#7080 = DIRECTION ( 'NONE',  ( -1.198546196142219796E-33, -0.8090169943749551118, 0.5877852522924624790 ) ) ;
#7081 = AXIS2_PLACEMENT_3D ( 'NONE', #5725, #121, #2609 ) ;
#7082 = DIRECTION ( 'NONE',  ( 6.938893903907230350E-16, -0.5877852522924802425, 0.8090169943749422332 ) ) ;
#7083 = EDGE_LOOP ( 'NONE', ( #128, #2678, #7373, #2290 ) ) ;
#7084 = ORIENTED_EDGE ( 'NONE', *, *, #2701, .F. ) ;
#7085 = CARTESIAN_POINT ( 'NONE',  ( 17.13211781824485058, -23.00421480023322474, -32.72917872425176000 ) ) ;
#7086 = AXIS2_PLACEMENT_3D ( 'NONE', #5526, #4300, #6195 ) ;
#7087 = CARTESIAN_POINT ( 'NONE',  ( 15.00000000000007105, 29.42175351353547796, 27.55649506357369205 ) ) ;
#7088 = VECTOR ( 'NONE', #1030, 1000.000000000000114 ) ;
#7089 = ORIENTED_EDGE ( 'NONE', *, *, #3099, .T. ) ;
#7090 = AXIS2_PLACEMENT_3D ( 'NONE', #2605, #4174, #7073 ) ;
#7091 = CARTESIAN_POINT ( 'NONE',  ( 24.63977589264510470, -6.450960777436416826, 34.40046922624963344 ) ) ;
#7092 = EDGE_CURVE ( 'NONE', #2207, #8026, #5739, .T. ) ;
#7093 = CARTESIAN_POINT ( 'NONE',  ( 15.47020472364246757, -18.41543264297794735, -29.76412655303356658 ) ) ;
#7094 = CARTESIAN_POINT ( 'NONE',  ( 26.57262746422509991, -0.1204847832695886412, 39.99999999999997868 ) ) ;
#7095 = VECTOR ( 'NONE', #1439, 1000.000000000000114 ) ;
#7096 = CARTESIAN_POINT ( 'NONE',  ( 24.61076051292646483, 8.467676158444923828, -33.96077231406783170 ) ) ;
#7097 = CIRCLE ( 'NONE', #422, 5.000000000000000000 ) ;
#7098 = CARTESIAN_POINT ( 'NONE',  ( 15.00000000000007105, 39.99999999999997868, 4.722688079563964969 ) ) ;
#7099 = DIRECTION ( 'NONE',  ( -0.000000000000000000, 0.5877852522924830181, -0.8090169943749402348 ) ) ;
#7100 = LINE ( 'NONE', #1325, #6850 ) ;
#7101 = ORIENTED_EDGE ( 'NONE', *, *, #8068, .F. ) ;
#7102 = AXIS2_PLACEMENT_3D ( 'NONE', #3798, #5090, #6310 ) ;
#7103 = CARTESIAN_POINT ( 'NONE',  ( 24.99999999999999645, -7.925830406131633588, 39.48323056157686040 ) ) ;
#7104 = AXIS2_PLACEMENT_3D ( 'NONE', #6888, #5083, #2446 ) ;
#7105 = EDGE_CURVE ( 'NONE', #3347, #2803, #7632, .T. ) ;
#7106 = FACE_OUTER_BOUND ( 'NONE', #6490, .T. ) ;
#7107 = DIRECTION ( 'NONE',  ( 1.000000000000000000, -1.481484572605566251E-33, 0.000000000000000000 ) ) ;
#7108 = DIRECTION ( 'NONE',  ( 6.400733072330145248E-16, 0.5877852522924827960, -0.8090169943749403458 ) ) ;
#7109 = EDGE_CURVE ( 'NONE', #6266, #6086, #4712, .T. ) ;
#7110 = LINE ( 'NONE', #1607, #2762 ) ;
#7111 = EDGE_LOOP ( 'NONE', ( #1145, #3984, #5733, #748 ) ) ;
#7112 = AXIS2_PLACEMENT_3D ( 'NONE', #1833, #3173, #1229 ) ;
#7113 = ORIENTED_EDGE ( 'NONE', *, *, #7510, .T. ) ;
#7114 = CARTESIAN_POINT ( 'NONE',  ( 22.86788218175522047, -37.95264435150429705, 12.63649038709935546 ) ) ;
#7115 = CARTESIAN_POINT ( 'NONE',  ( 24.34597678335757465, 33.82684633196145541, 8.987536319960595321 ) ) ;
#7116 = EDGE_CURVE ( 'NONE', #1873, #2617, #1270, .T. ) ;
#7117 = ORIENTED_EDGE ( 'NONE', *, *, #7518, .F. ) ;
#7118 = ORIENTED_EDGE ( 'NONE', *, *, #3800, .T. ) ;
#7119 = VECTOR ( 'NONE', #7319, 1000.000000000000227 ) ;
#7120 = CARTESIAN_POINT ( 'NONE',  ( 22.86788218175522758, 10.53941291143552306, -33.37545168956170016 ) ) ;
#7121 = EDGE_LOOP ( 'NONE', ( #3956, #1429, #2358, #6676 ) ) ;
#7122 = PLANE ( 'NONE',  #7491 ) ;
#7123 = VECTOR ( 'NONE', #1649, 1000.000000000000114 ) ;
#7124 = AXIS2_PLACEMENT_3D ( 'NONE', #7072, #6493, #3219 ) ;
#7125 = ORIENTED_EDGE ( 'NONE', *, *, #6118, .T. ) ;
#7126 = ORIENTED_EDGE ( 'NONE', *, *, #3099, .F. ) ;
#7127 = DIRECTION ( 'NONE',  ( 0.000000000000000000, 1.000000000000000000, 0.000000000000000000 ) ) ;
#7128 = AXIS2_PLACEMENT_3D ( 'NONE', #5893, #2700, #4006 ) ;
#7129 = LINE ( 'NONE', #5285, #7659 ) ;
#7130 = ORIENTED_EDGE ( 'NONE', *, *, #2738, .F. ) ;
#7131 = EDGE_CURVE ( 'NONE', #4527, #207, #5713, .T. ) ;
#7132 = FACE_OUTER_BOUND ( 'NONE', #1976, .T. ) ;
#7133 = VECTOR ( 'NONE', #4059, 999.9999999999998863 ) ;
#7134 = CARTESIAN_POINT ( 'NONE',  ( 16.50278156089888526, -19.65107502479110479, -28.96423554546526447 ) ) ;
#7135 = CARTESIAN_POINT ( 'NONE',  ( 24.81993129918794594, 24.10029290739941388, 25.38076160629790223 ) ) ;
#7136 = AXIS2_PLACEMENT_3D ( 'NONE', #1284, #7508, #706 ) ;
#7137 = CARTESIAN_POINT ( 'NONE',  ( 23.94355495384386145, -6.799955411849333942, 34.33349578939779434 ) ) ;
#7138 = CARTESIAN_POINT ( 'NONE',  ( 23.70474528246987234, -34.77351269559402880, 3.975275438175516207 ) ) ;
#7139 = CARTESIAN_POINT ( 'NONE',  ( 23.70474528246985813, -26.72747547850392280, -30.02407149863806879 ) ) ;
#7140 = CARTESIAN_POINT ( 'NONE',  ( 20.00000000000000000, 16.53178983488722054, 36.68698483819287759 ) ) ;
#7141 = EDGE_LOOP ( 'NONE', ( #483, #2453, #2475, #5371 ) ) ;
#7142 = ADVANCED_FACE ( 'NONE', ( #5617 ), #251, .F. ) ;
#7143 = AXIS2_PLACEMENT_3D ( 'NONE', #2448, #2321, #6060 ) ;
#7144 = CARTESIAN_POINT ( 'NONE',  ( 24.61076051292646838, -18.54769437551113498, 29.68195797188733209 ) ) ;
#7145 = DIRECTION ( 'NONE',  ( -4.138776032658038642E-17, 0.8090169943749551118, -0.5877852522924624790 ) ) ;
#7146 = CARTESIAN_POINT ( 'NONE',  ( 15.00000000000007105, 35.13660617934329622, -19.69067517619921759 ) ) ;
#7147 = CARTESIAN_POINT ( 'NONE',  ( 16.80065191590788132, 11.62955390444251158, -33.01223048093179813 ) ) ;
#7148 = ORIENTED_EDGE ( 'NONE', *, *, #3934, .F. ) ;
#7149 = ORIENTED_EDGE ( 'NONE', *, *, #248, .F. ) ;
#7150 = LINE ( 'NONE', #5988, #5916 ) ;
#7151 = AXIS2_PLACEMENT_3D ( 'NONE', #4015, #3473, #4596 ) ;
#7152 = ORIENTED_EDGE ( 'NONE', *, *, #3629, .F. ) ;
#7153 = ADVANCED_FACE ( 'NONE', ( #7209 ), #2812, .T. ) ;
#7154 = LINE ( 'NONE', #4021, #3954 ) ;
#7155 = EDGE_CURVE ( 'NONE', #4335, #2598, #5361, .T. ) ;
#7156 = ORIENTED_EDGE ( 'NONE', *, *, #292, .F. ) ;
#7157 = CARTESIAN_POINT ( 'NONE',  ( 15.00000000000007105, 7.869136502498983887, 39.50165152752340703 ) ) ;
#7158 = DIRECTION ( 'NONE',  ( 0.000000000000000000, 0.9510565162951520879, 0.3090169943749516701 ) ) ;
#7159 = VERTEX_POINT ( 'NONE', #2730 ) ;
#7160 = EDGE_CURVE ( 'NONE', #5964, #2241, #160, .T. ) ;
#7161 = ORIENTED_EDGE ( 'NONE', *, *, #5398, .F. ) ;
#7162 = EDGE_CURVE ( 'NONE', #8105, #773, #5208, .T. ) ;
#7163 = ORIENTED_EDGE ( 'NONE', *, *, #3339, .T. ) ;
#7164 = CARTESIAN_POINT ( 'NONE',  ( -7.500000000000000000, 4.814824860968089633E-32, 0.000000000000000000 ) ) ;
#7165 =( BOUNDED_CURVE ( )  B_SPLINE_CURVE ( 3, ( #6981, #3850, #1930, #754 ),
 .UNSPECIFIED., .F., .F. ) 
 B_SPLINE_CURVE_WITH_KNOTS ( ( 4, 4 ),
 ( 1.552883144289287864, 1.684621253977662159 ),
 .UNSPECIFIED. ) 
 CURVE ( )  GEOMETRIC_REPRESENTATION_ITEM ( )  RATIONAL_B_SPLINE_CURVE ( ( 1.000000000000000000, 0.9985542787012120503, 0.9985542787012120503, 1.000000000000000000 ) ) 
 REPRESENTATION_ITEM ( '' )  );
#7166 = ORIENTED_EDGE ( 'NONE', *, *, #5601, .T. ) ;
#7167 = CARTESIAN_POINT ( 'NONE',  ( 17.13211781824485413, 34.99438471327527367, 0.6269278581189990929 ) ) ;
#7168 = FACE_OUTER_BOUND ( 'NONE', #3624, .T. ) ;
#7169 = ORIENTED_EDGE ( 'NONE', *, *, #3827, .F. ) ;
#7170 = CARTESIAN_POINT ( 'NONE',  ( 16.05646280002835624, 14.98694289312376959, -31.62941559345134479 ) ) ;
#7171 = CARTESIAN_POINT ( 'NONE',  ( 15.65363052717491676, -18.71581170852444842, -29.57616913976714201 ) ) ;
#7172 = DIRECTION ( 'NONE',  ( 0.000000000000000000, -0.5877852522924804646, 0.8090169943749421222 ) ) ;
#7173 = DIRECTION ( 'NONE',  ( 0.000000000000000000, -0.3090169943749553894, 0.9510565162951509777 ) ) ;
#7174 = CARTESIAN_POINT ( 'NONE',  ( 15.00000000000007105, -29.58475337065247146, -27.33214500719840956 ) ) ;
#7175 = CARTESIAN_POINT ( 'NONE',  ( 23.70474528246986878, -6.964894767506794260, 34.30000351133447367 ) ) ;
#7176 = VERTEX_POINT ( 'NONE', #7824 ) ;
#7177 = DIRECTION ( 'NONE',  ( -3.469446951953613696E-16, 0.8090169943749402348, 0.5877852522924830181 ) ) ;
#7178 = CYLINDRICAL_SURFACE ( 'NONE', #7252, 4.999999999999999112 ) ;
#7179 = CARTESIAN_POINT ( 'NONE',  ( 16.29525471753020227, -34.70126890051032831, -4.312198856625538035 ) ) ;
#7180 = FACE_OUTER_BOUND ( 'NONE', #7984, .T. ) ;
#7181 = ORIENTED_EDGE ( 'NONE', *, *, #857, .T. ) ;
#7182 = VERTEX_POINT ( 'NONE', #288 ) ;
#7183 = CARTESIAN_POINT ( 'NONE',  ( 15.24782577960349350, 34.85800834198238363, 3.155139108369972245 ) ) ;
#7184 = CARTESIAN_POINT ( 'NONE',  ( 15.00000000000007283, -12.36067977499752502, -38.04226065180624516 ) ) ;
#7185 = ORIENTED_EDGE ( 'NONE', *, *, #107, .F. ) ;
#7186 = ORIENTED_EDGE ( 'NONE', *, *, #6638, .T. ) ;
#7187 = DIRECTION ( 'NONE',  ( -0.000000000000000000, -0.9510565162951533091, -0.3090169943749481174 ) ) ;
#7188 = ADVANCED_FACE ( 'NONE', ( #5245 ), #3353, .F. ) ;
#7189 = ORIENTED_EDGE ( 'NONE', *, *, #1655, .T. ) ;
#7190 = DIRECTION ( 'NONE',  ( 3.275100319219485787E-16, 0.3090169943749517811, -0.9510565162951523099 ) ) ;
#7191 = ORIENTED_EDGE ( 'NONE', *, *, #2213, .T. ) ;
#7192 = CARTESIAN_POINT ( 'NONE',  ( 23.70474528246992918, -3.975275438175178699, -34.77351269559406433 ) ) ;
#7193 =( BOUNDED_CURVE ( )  B_SPLINE_CURVE ( 3, ( #5615, #11, #177, #3234 ),
 .UNSPECIFIED., .F., .F. ) 
 B_SPLINE_CURVE_WITH_KNOTS ( ( 4, 4 ),
 ( 1.552883144289289641, 1.684621253977660382 ),
 .UNSPECIFIED. ) 
 CURVE ( )  GEOMETRIC_REPRESENTATION_ITEM ( )  RATIONAL_B_SPLINE_CURVE ( ( 1.000000000000000000, 0.9985542787012120503, 0.9985542787012120503, 1.000000000000000000 ) ) 
 REPRESENTATION_ITEM ( '' )  );
#7194 = VERTEX_POINT ( 'NONE', #2078 ) ;
#7195 = CIRCLE ( 'NONE', #6674, 35.00000000000000000 ) ;
#7196 = EDGE_CURVE ( 'NONE', #7623, #5757, #5290, .T. ) ;
#7197 = CARTESIAN_POINT ( 'NONE',  ( 15.00000000000007105, 36.49717567993136669, 17.11596235647368758 ) ) ;
#7198 = PLANE ( 'NONE',  #3719 ) ;
#7199 = EDGE_CURVE ( 'NONE', #5214, #4447, #4581, .T. ) ;
#7200 = FACE_OUTER_BOUND ( 'NONE', #1186, .T. ) ;
#7201 = VECTOR ( 'NONE', #3236, 1000.000000000000000 ) ;
#7202 = ORIENTED_EDGE ( 'NONE', *, *, #1154, .F. ) ;
#7203 = CARTESIAN_POINT ( 'NONE',  ( 24.45953615552168259, 34.38465223649151170, 6.534193949948201130 ) ) ;
#7204 = CARTESIAN_POINT ( 'NONE',  ( 24.99999999999999289, 6.284324884054742100, -34.43119604009785206 ) ) ;
#7205 = VERTEX_POINT ( 'NONE', #866 ) ;
#7206 = CARTESIAN_POINT ( 'NONE',  ( 15.00000000000006573, 1.481484572605556398E-32, 0.000000000000000000 ) ) ;
#7207 = CARTESIAN_POINT ( 'NONE',  ( 24.99999999999999289, 16.61657284454171446, -30.80405017042464522 ) ) ;
#7208 = CARTESIAN_POINT ( 'NONE',  ( 24.19512822508730210, 6.656295275874780870, -34.36144904282060253 ) ) ;
#7209 = FACE_OUTER_BOUND ( 'NONE', #6955, .T. ) ;
#7210 = EDGE_CURVE ( 'NONE', #6614, #4106, #147, .T. ) ;
#7211 = DIRECTION ( 'NONE',  ( 5.551115123125782702E-16, -0.8090169943749464521, -0.5877852522924744694 ) ) ;
#7212 = CARTESIAN_POINT ( 'NONE',  ( 24.99999999999999645, -19.73890189115332205, 35.10156741994325102 ) ) ;
#7213 = AXIS2_PLACEMENT_3D ( 'NONE', #835, #5217, #4012 ) ;
#7214 = VECTOR ( 'NONE', #3830, 999.9999999999998863 ) ;
#7215 = EDGE_LOOP ( 'NONE', ( #898, #7532, #6551, #1101 ) ) ;
#7216 = DIRECTION ( 'NONE',  ( 0.000000000000000000, -1.000000000000000000, 0.000000000000000000 ) ) ;
#7217 = PLANE ( 'NONE',  #2665 ) ;
#7218 = LINE ( 'NONE', #7179, #2209 ) ;
#7219 = LINE ( 'NONE', #5832, #2103 ) ;
#7220 = AXIS2_PLACEMENT_3D ( 'NONE', #5810, #7660, #1656 ) ;
#7221 = DIRECTION ( 'NONE',  ( 0.000000000000000000, 0.9510565162951563067, -0.3090169943749386805 ) ) ;
#7222 = LINE ( 'NONE', #380, #1344 ) ;
#7223 = DIRECTION ( 'NONE',  ( 6.938893903907230350E-16, 1.000000000000000000, 3.491481338843133355E-15 ) ) ;
#7224 = CARTESIAN_POINT ( 'NONE',  ( 15.24782577960350771, 34.12692758281661298, -7.771001358902869249 ) ) ;
#7225 = ORIENTED_EDGE ( 'NONE', *, *, #5075, .F. ) ;
#7226 = EDGE_LOOP ( 'NONE', ( #3746, #4826, #5531, #8096 ) ) ;
#7227 = AXIS2_PLACEMENT_3D ( 'NONE', #2979, #2370, #4890 ) ;
#7228 = AXIS2_PLACEMENT_3D ( 'NONE', #3277, #4517, #3814 ) ;
#7229 = LINE ( 'NONE', #6037, #3857 ) ;
#7230 = ORIENTED_EDGE ( 'NONE', *, *, #7162, .T. ) ;
#7231 = CARTESIAN_POINT ( 'NONE',  ( 15.00000000000006573, 10.53152512457310230, 25.55271364741022211 ) ) ;
#7232 = VERTEX_POINT ( 'NONE', #5932 ) ;
#7233 = CYLINDRICAL_SURFACE ( 'NONE', #816, 5.000000000000000888 ) ;
#7234 = CARTESIAN_POINT ( 'NONE',  ( 15.18862017184826740, -32.10032955997250070, -13.95014779961611140 ) ) ;
#7235 = EDGE_CURVE ( 'NONE', #4535, #4328, #7742, .T. ) ;
#7236 = VECTOR ( 'NONE', #3404, 1000.000000000000000 ) ;
#7237 = EDGE_LOOP ( 'NONE', ( #7810, #3051, #984, #5029, #2754, #2844, #7386, #746, #4862, #3369 ) ) ;
#7238 = ORIENTED_EDGE ( 'NONE', *, *, #4363, .F. ) ;
#7239 = LINE ( 'NONE', #3538, #1332 ) ;
#7240 =( BOUNDED_CURVE ( )  B_SPLINE_CURVE ( 3, ( #633, #2589, #6210, #6321 ),
 .UNSPECIFIED., .F., .F. ) 
 B_SPLINE_CURVE_WITH_KNOTS ( ( 4, 4 ),
 ( 1.552883144289288753, 1.684621253977660382 ),
 .UNSPECIFIED. ) 
 CURVE ( )  GEOMETRIC_REPRESENTATION_ITEM ( )  RATIONAL_B_SPLINE_CURVE ( ( 1.000000000000000000, 0.9985542787012120503, 0.9985542787012120503, 1.000000000000000000 ) ) 
 REPRESENTATION_ITEM ( '' )  );
#7241 = DIRECTION ( 'NONE',  ( 0.000000000000000000, -0.3090169943749582759, 0.9510565162951500895 ) ) ;
#7242 = ORIENTED_EDGE ( 'NONE', *, *, #3662, .T. ) ;
#7243 = CARTESIAN_POINT ( 'NONE',  ( 15.04754234242349575, 7.012224162931127047, 34.29256243340111610 ) ) ;
#7244 = EDGE_CURVE ( 'NONE', #5964, #840, #2194, .T. ) ;
#7245 = DIRECTION ( 'NONE',  ( 0.000000000000000000, 0.3090169943749553894, -0.9510565162951509777 ) ) ;
#7246 = VERTEX_POINT ( 'NONE', #2236 ) ;
#7247 = CARTESIAN_POINT ( 'NONE',  ( 24.24381083264136905, 19.14434203569782156, -29.30053865815377634 ) ) ;
#7248 = PLANE ( 'NONE',  #4063 ) ;
#7249 = EDGE_CURVE ( 'NONE', #726, #436, #2854, .T. ) ;
#7250 = CARTESIAN_POINT ( 'NONE',  ( 15.00000000000007105, 5.949380111716834563, 34.49064911372803977 ) ) ;
#7251 = CARTESIAN_POINT ( 'NONE',  ( 22.86788218175522047, -28.14416244781023480, 20.80639613463295845 ) ) ;
#7252 = AXIS2_PLACEMENT_3D ( 'NONE', #7828, #4048, #3469 ) ;
#7253 = CYLINDRICAL_SURFACE ( 'NONE', #7227, 5.000000000000001776 ) ;
#7254 = CARTESIAN_POINT ( 'NONE',  ( 15.54046384447847728, -31.51206516742532315, -15.23120969863982488 ) ) ;
#7255 = EDGE_LOOP ( 'NONE', ( #2799, #2906, #1315, #4329 ) ) ;
#7256 = EDGE_CURVE ( 'NONE', #7895, #3900, #3481, .T. ) ;
#7257 = CIRCLE ( 'NONE', #7776, 35.00000000000000000 ) ;
#7258 = CARTESIAN_POINT ( 'NONE',  ( 24.34597678335758175, 22.08375224535081216, 27.15399102590093605 ) ) ;
#7259 = FACE_BOUND ( 'NONE', #1982, .T. ) ;
#7260 = EDGE_CURVE ( 'NONE', #823, #3492, #398, .T. ) ;
#7261 = CARTESIAN_POINT ( 'NONE',  ( 22.86788218175522047, 0.2900044396688614690, 34.99879851402005926 ) ) ;
#7262 = AXIS2_PLACEMENT_3D ( 'NONE', #1764, #7291, #7983 ) ;
#7263 = DIRECTION ( 'NONE',  ( 0.000000000000000000, 0.5877852522924685852, 0.8090169943749507819 ) ) ;
#7264 = LINE ( 'NONE', #1126, #3022 ) ;
#7265 = DIRECTION ( 'NONE',  ( 0.000000000000000000, -0.9510565162951500895, -0.3090169943749579984 ) ) ;
#7266 = DIRECTION ( 'NONE',  ( 3.558029438935070571E-16, 0.3090169943749579984, -0.9510565162951500895 ) ) ;
#7267 = CARTESIAN_POINT ( 'NONE',  ( 15.00000000000007105, 36.49717567993136669, 17.11596235647368758 ) ) ;
#7268 = LINE ( 'NONE', #4138, #572 ) ;
#7269 = DIRECTION ( 'NONE',  ( 0.000000000000000000, 1.000000000000000000, 0.000000000000000000 ) ) ;
#7270 = ADVANCED_FACE ( 'NONE', ( #7904 ), #3503, .F. ) ;
#7271 = ORIENTED_EDGE ( 'NONE', *, *, #7889, .T. ) ;
#7272 = ORIENTED_EDGE ( 'NONE', *, *, #2856, .T. ) ;
#7273 = VECTOR ( 'NONE', #129, 1000.000000000000227 ) ;
#7274 = DIRECTION ( 'NONE',  ( -8.962797721530239046E-30, -1.047444401652939691E-14, 1.000000000000000000 ) ) ;
#7275 = CARTESIAN_POINT ( 'NONE',  ( 24.99999999999999645, -6.956480103272165039, 34.30409497040294298 ) ) ;
#7276 = CARTESIAN_POINT ( 'NONE',  ( 15.75577990824706553, -2.071902597725747697, 34.93901340816766776 ) ) ;
#7277 = AXIS2_PLACEMENT_3D ( 'NONE', #6914, #6329, #1297 ) ;
#7278 = ORIENTED_EDGE ( 'NONE', *, *, #6347, .F. ) ;
#7279 = CARTESIAN_POINT ( 'NONE',  ( 24.63977589264510470, 6.450960777436655746, -34.40046922624959791 ) ) ;
#7280 = ORIENTED_EDGE ( 'NONE', *, *, #2173, .T. ) ;
#7281 = CARTESIAN_POINT ( 'NONE',  ( 16.29525471753020582, 25.56521582826710670, 23.90438745615793792 ) ) ;
#7282 = CARTESIAN_POINT ( 'NONE',  ( 15.04754234242350464, -31.86494773802521507, -14.48365394549425034 ) ) ;
#7283 = ORIENTED_EDGE ( 'NONE', *, *, #5798, .F. ) ;
#7284 = ORIENTED_EDGE ( 'NONE', *, *, #40, .T. ) ;
#7285 = ORIENTED_EDGE ( 'NONE', *, *, #3230, .F. ) ;
#7286 = DIRECTION ( 'NONE',  ( 0.9063077870366491595, 0.2484087816006624316, 0.3419053558814281746 ) ) ;
#7287 = EDGE_CURVE ( 'NONE', #1945, #953, #3643, .T. ) ;
#7288 = DIRECTION ( 'NONE',  ( -4.234512397019167246E-31, -3.491481338843132961E-15, 1.000000000000000000 ) ) ;
#7289 = ORIENTED_EDGE ( 'NONE', *, *, #7714, .T. ) ;
#7290 = CARTESIAN_POINT ( 'NONE',  ( 23.70474528246986168, -14.52631798659612983, -31.84314817589953250 ) ) ;
#7291 = DIRECTION ( 'NONE',  ( 0.4226182617407008846, -0.2800645083286696368, -0.8619499266302474982 ) ) ;
#7292 = ORIENTED_EDGE ( 'NONE', *, *, #5784, .F. ) ;
#7293 = CARTESIAN_POINT ( 'NONE',  ( 15.80489273818011497, -25.34918808176147564, -24.13367259278149035 ) ) ;
#7294 = LINE ( 'NONE', #1591, #6696 ) ;
#7295 = CARTESIAN_POINT ( 'NONE',  ( 24.45953615552162574, 6.534193949948594593, -34.38465223649144065 ) ) ;
#7296 = CARTESIAN_POINT ( 'NONE',  ( 24.99999999999999289, -23.23883332036962557, -32.55871839151500069 ) ) ;
#7297 = EDGE_CURVE ( 'NONE', #6917, #3070, #6015, .T. ) ;
#7298 = EDGE_CURVE ( 'NONE', #7899, #2066, #6113, .T. ) ;
#7299 = CARTESIAN_POINT ( 'NONE',  ( 24.81993129918791041, -31.58593879200396870, 15.07765394767869438 ) ) ;
#7300 = ADVANCED_FACE ( 'NONE', ( #7462 ), #581, .T. ) ;
#7301 = ORIENTED_EDGE ( 'NONE', *, *, #344, .F. ) ;
#7302 = DIRECTION ( 'NONE',  ( -1.000000000000000000, 1.481484572605565909E-33, -0.000000000000000000 ) ) ;
#7303 = CARTESIAN_POINT ( 'NONE',  ( 20.00000000000000000, -29.78279198716976595, 27.05956823586902615 ) ) ;
#7304 = CARTESIAN_POINT ( 'NONE',  ( 15.00000000000006573, 22.46358480242454192, 27.31196294961026183 ) ) ;
#7305 = CIRCLE ( 'NONE', #3485, 5.000000000000000000 ) ;
#7306 = CARTESIAN_POINT ( 'NONE',  ( 20.00000000000008527, 35.13660617934330332, -19.69067517619922114 ) ) ;
#7307 = FACE_OUTER_BOUND ( 'NONE', #3251, .T. ) ;
#7308 = DIRECTION ( 'NONE',  ( 6.938893903907231336E-16, -0.9510565162951566398, 0.3090169943749383474 ) ) ;
#7309 = EDGE_CURVE ( 'NONE', #4990, #6540, #1721, .T. ) ;
#7310 = CARTESIAN_POINT ( 'NONE',  ( 15.54046384447841689, 7.845084767480005716, 39.50946640995965708 ) ) ;
#7311 = CARTESIAN_POINT ( 'NONE',  ( 24.99999999999999289, 23.95848850648209805, 25.51452191370172429 ) ) ;
#7312 = CARTESIAN_POINT ( 'NONE',  ( 15.24782577960349705, 32.17694437460981760, 13.77243257656923525 ) ) ;
#7313 = CARTESIAN_POINT ( 'NONE',  ( 15.00000000000007105, -19.46632511982383917, -35.29960603646043893 ) ) ;
#7314 = CARTESIAN_POINT ( 'NONE',  ( 15.00000000000006573, 16.56360523921270200, 30.83256365402536048 ) ) ;
#7315 = VECTOR ( 'NONE', #4563, 999.9999999999998863 ) ;
#7316 = VERTEX_POINT ( 'NONE', #5397 ) ;
#7317 = EDGE_CURVE ( 'NONE', #2397, #51, #7951, .T. ) ;
#7318 = VERTEX_POINT ( 'NONE', #3552 ) ;
#7319 = DIRECTION ( 'NONE',  ( 2.806841545212839984E-16, -0.3090169943749445092, -0.9510565162951544194 ) ) ;
#7320 = PRODUCT_RELATED_PRODUCT_CATEGORY ( 'part', '', ( #5270 ) ) ;
#7321 = EDGE_LOOP ( 'NONE', ( #7666, #4166, #5873, #7169 ) ) ;
#7322 = DIRECTION ( 'NONE',  ( 0.9063077870366491595, -0.4019338517338256755, 0.1305962250110723755 ) ) ;
#7323 = ORIENTED_EDGE ( 'NONE', *, *, #8064, .T. ) ;
#7324 = EDGE_CURVE ( 'NONE', #644, #7444, #1113, .T. ) ;
#7325 = DIRECTION ( 'NONE',  ( -3.299640131595831282E-16, -0.5877852522924829071, 0.8090169943749403458 ) ) ;
#7326 = PLANE ( 'NONE',  #1231 ) ;
#7327 = VERTEX_POINT ( 'NONE', #4887 ) ;
#7328 = ORIENTED_EDGE ( 'NONE', *, *, #2302, .F. ) ;
#7329 = EDGE_LOOP ( 'NONE', ( #4146, #859 ) ) ;
#7330 = DIRECTION ( 'NONE',  ( 4.996003610813203446E-16, 0.5877852522924772449, -0.8090169943749444537 ) ) ;
#7331 = LINE ( 'NONE', #6007, #5777 ) ;
#7332 = CARTESIAN_POINT ( 'NONE',  ( 23.94355495384388277, 17.07677558018066222, -30.55179311444551971 ) ) ;
#7333 = CYLINDRICAL_SURFACE ( 'NONE', #5059, 5.000000000000000000 ) ;
#7334 = DIRECTION ( 'NONE',  ( 0.000000000000000000, 0.000000000000000000, 1.000000000000000000 ) ) ;
#7335 = ORIENTED_EDGE ( 'NONE', *, *, #615, .T. ) ;
#7336 = LINE ( 'NONE', #7985, #5683 ) ;
#7337 = DIRECTION ( 'NONE',  ( 1.000000000000000000, -1.481484572605566251E-33, 0.000000000000000000 ) ) ;
#7338 = DIRECTION ( 'NONE',  ( 1.912937205851028114E-16, -0.9510565162951511997, -0.3090169943749548342 ) ) ;
#7339 = CARTESIAN_POINT ( 'NONE',  ( 25.00000000000000000, 6.630442559838446215, -34.59903648728070635 ) ) ;
#7340 = AXIS2_PLACEMENT_3D ( 'NONE', #1488, #5364, #2201 ) ;
#7341 = CARTESIAN_POINT ( 'NONE',  ( 24.63977589264505497, -31.62234382660271947, 15.00115158413822947 ) ) ;
#7342 = ORIENTED_EDGE ( 'NONE', *, *, #3049, .T. ) ;
#7343 = CARTESIAN_POINT ( 'NONE',  ( 15.54046384447853768, -16.54111581286330690, -30.84463466578010227 ) ) ;
#7344 = ADVANCED_FACE ( 'NONE', ( #4164 ), #7429, .T. ) ;
#7345 = CARTESIAN_POINT ( 'NONE',  ( 24.52945112611146072, 22.35731483595773739, 26.92920004743197993 ) ) ;
#7346 = DIRECTION ( 'NONE',  ( -1.363218471095150835E-17, 0.5877852522924713607, 0.8090169943749485615 ) ) ;
#7347 = FACE_OUTER_BOUND ( 'NONE', #7083, .T. ) ;
#7348 = FACE_OUTER_BOUND ( 'NONE', #5499, .T. ) ;
#7349 = CARTESIAN_POINT ( 'NONE',  ( 23.70474528246987234, 3.975275438175388754, 34.74391141602119149 ) ) ;
#7350 = CIRCLE ( 'NONE', #6686, 11.00000000000000000 ) ;
#7351 = CYLINDRICAL_SURFACE ( 'NONE', #6341, 5.000000000000000000 ) ;
#7352 = AXIS2_PLACEMENT_3D ( 'NONE', #5883, #5199, #1467 ) ;
#7353 = CARTESIAN_POINT ( 'NONE',  ( 16.29525471753025556, -16.90825193742086441, -30.60856315976480246 ) ) ;
#7354 = CARTESIAN_POINT ( 'NONE',  ( 24.34597678335757465, -29.39394116929668499, -19.00072536522410971 ) ) ;
#7355 = CARTESIAN_POINT ( 'NONE',  ( 16.80065191590787066, 21.26170326325640403, -27.80276712285538210 ) ) ;
#7356 = ORIENTED_EDGE ( 'NONE', *, *, #4042, .F. ) ;
#7357 = ORIENTED_EDGE ( 'NONE', *, *, #6359, .T. ) ;
#7358 = EDGE_CURVE ( 'NONE', #114, #3578, #6673, .T. ) ;
#7359 = VECTOR ( 'NONE', #374, 1000.000000000000000 ) ;
#7360 = AXIS2_PLACEMENT_3D ( 'NONE', #6193, #2410, #622 ) ;
#7361 = DIRECTION ( 'NONE',  ( -0.000000000000000000, -0.9510565162951576390, 0.3090169943749349613 ) ) ;
#7362 = LINE ( 'NONE', #4949, #8039 ) ;
#7363 = EDGE_CURVE ( 'NONE', #3900, #5428, #6492, .T. ) ;
#7364 = EDGE_LOOP ( 'NONE', ( #89, #1692, #240, #4372 ) ) ;
#7365 = VECTOR ( 'NONE', #2330, 1000.000000000000000 ) ;
#7366 = AXIS2_PLACEMENT_3D ( 'NONE', #2468, #5622, #670 ) ;
#7367 = VERTEX_POINT ( 'NONE', #4301 ) ;
#7368 = LINE ( 'NONE', #4738, #435 ) ;
#7369 = ORIENTED_EDGE ( 'NONE', *, *, #1752, .F. ) ;
#7370 = ORIENTED_EDGE ( 'NONE', *, *, #5833, .F. ) ;
#7371 = VECTOR ( 'NONE', #3487, 1000.000000000000000 ) ;
#7372 = ADVANCED_FACE ( 'NONE', ( #7989 ), #5527, .F. ) ;
#7373 = ORIENTED_EDGE ( 'NONE', *, *, #751, .F. ) ;
#7374 = B_SPLINE_CURVE_WITH_KNOTS ( 'NONE', 3,
 ( #5698, #99, #1966, #4466 ),
 .UNSPECIFIED., .F., .F.,
 ( 4, 4 ),
 ( 4.906538933386797396E-18, 0.0008734117105027635469 ),
 .UNSPECIFIED. ) ;
#7375 = VERTEX_POINT ( 'NONE', #4930 ) ;
#7376 = CARTESIAN_POINT ( 'NONE',  ( 24.99999999999999645, 29.61979213005276534, -27.28391829224428378 ) ) ;
#7377 = DIRECTION ( 'NONE',  ( -0.000000000000000000, -0.5877852522924830181, 0.8090169943749402348 ) ) ;
#7378 = VECTOR ( 'NONE', #5541, 999.9999999999998863 ) ;
#7379 = FACE_OUTER_BOUND ( 'NONE', #4561, .T. ) ;
#7380 = DIRECTION ( 'NONE',  ( -1.072118069236054337E-16, 0.8090169943749423442, 0.5877852522924800205 ) ) ;
#7381 = EDGE_LOOP ( 'NONE', ( #1177, #1801, #3542, #2514 ) ) ;
#7382 = CARTESIAN_POINT ( 'NONE',  ( 15.98126570279172931, -12.45821387828705440, 32.70810824968999952 ) ) ;
#7383 = CARTESIAN_POINT ( 'NONE',  ( 15.00000000000007816, 16.99460606859279466, -9.727021859303984996 ) ) ;
#7384 = CARTESIAN_POINT ( 'NONE',  ( 17.13211781824489321, -10.21761575938560540, -33.47536897770591224 ) ) ;
#7385 = DIRECTION ( 'NONE',  ( -8.707947832763841886E-34, -0.5877852522924831291, 0.8090169943749402348 ) ) ;
#7386 = ORIENTED_EDGE ( 'NONE', *, *, #6836, .T. ) ;
#7387 = CARTESIAN_POINT ( 'NONE',  ( 24.45953615552158666, -27.08002786370505888, -29.76792719743973592 ) ) ;
#7388 = EDGE_LOOP ( 'NONE', ( #6200, #3665, #5053, #1100 ) ) ;
#7389 = CYLINDRICAL_SURFACE ( 'NONE', #2285, 5.000000000000000000 ) ;
#7390 = ORIENTED_EDGE ( 'NONE', *, *, #7024, .F. ) ;
#7391 = DIRECTION ( 'NONE',  ( -1.000000000000000000, 1.481484572605565909E-33, -0.000000000000000000 ) ) ;
#7392 = CYLINDRICAL_SURFACE ( 'NONE', #2413, 5.000000000000000000 ) ;
#7393 = VECTOR ( 'NONE', #7361, 1000.000000000000000 ) ;
#7394 = CARTESIAN_POINT ( 'NONE',  ( 15.36021751530112489, 25.20433833647011213, 24.28473853897194346 ) ) ;
#7395 = DIRECTION ( 'NONE',  ( -0.5735764363510443831, 2.838517995258262316E-34, 0.8191520442889930198 ) ) ;
#7396 = PLANE ( 'NONE',  #2260 ) ;
#7397 = CARTESIAN_POINT ( 'NONE',  ( 20.00000000000000000, -16.53178983488695408, -36.68698483819299128 ) ) ;
#7398 = EDGE_CURVE ( 'NONE', #5757, #5865, #1195, .T. ) ;
#7399 = CARTESIAN_POINT ( 'NONE',  ( 25.00000000000000000, 32.20875288851433993, -8.590575283207600776 ) ) ;
#7400 = CARTESIAN_POINT ( 'NONE',  ( 24.34597678335757465, -12.61185178508016591, -32.64923485198259101 ) ) ;
#7401 = CARTESIAN_POINT ( 'NONE',  ( 20.00000000000007105, 36.58286977608884882, 16.85222304749669675 ) ) ;
#7402 = VERTEX_POINT ( 'NONE', #8078 ) ;
#7403 = VECTOR ( 'NONE', #6776, 1000.000000000000114 ) ;
#7404 = VERTEX_POINT ( 'NONE', #1843 ) ;
#7405 = VECTOR ( 'NONE', #2449, 1000.000000000000114 ) ;
#7406 = FACE_OUTER_BOUND ( 'NONE', #5624, .T. ) ;
#7407 = CARTESIAN_POINT ( 'NONE',  ( 24.45953615552161864, 30.68257059498199268, 16.83982962158307828 ) ) ;
#7408 = CYLINDRICAL_SURFACE ( 'NONE', #985, 5.000000000000000888 ) ;
#7409 = VECTOR ( 'NONE', #351, 1000.000000000000000 ) ;
#7410 = VERTEX_POINT ( 'NONE', #4338 ) ;
#7411 = EDGE_CURVE ( 'NONE', #5046, #7781, #4800, .T. ) ;
#7412 = AXIS2_PLACEMENT_3D ( 'NONE', #1583, #213, #7127 ) ;
#7413 = ORIENTED_EDGE ( 'NONE', *, *, #8015, .F. ) ;
#7414 = LINE ( 'NONE', #356, #8021 ) ;
#7415 = LINE ( 'NONE', #2963, #3176 ) ;
#7416 = EDGE_CURVE ( 'NONE', #1283, #7318, #1726, .T. ) ;
#7417 = ORIENTED_EDGE ( 'NONE', *, *, #4961, .F. ) ;
#7418 = AXIS2_PLACEMENT_3D ( 'NONE', #2646, #6928, #619 ) ;
#7419 = ORIENTED_EDGE ( 'NONE', *, *, #6511, .F. ) ;
#7420 = DIRECTION ( 'NONE',  ( -3.469446951953614189E-16, -0.8090169943749486725, 0.5877852522924713607 ) ) ;
#7421 = EDGE_CURVE ( 'NONE', #8010, #2715, #1719, .T. ) ;
#7422 = CARTESIAN_POINT ( 'NONE',  ( 15.80489273818008122, -15.11915667062729440, 31.56622547580112936 ) ) ;
#7423 = ADVANCED_FACE ( 'NONE', ( #2576 ), #1922, .F. ) ;
#7424 = CARTESIAN_POINT ( 'NONE',  ( 15.18862017184827451, 3.347831609037542844, -34.84006034735741508 ) ) ;
#7425 = DIRECTION ( 'NONE',  ( -0.4226182617407011066, 0.8619499266302463880, -0.2800645083286728565 ) ) ;
#7426 = VERTEX_POINT ( 'NONE', #5730 ) ;
#7427 = FACE_OUTER_BOUND ( 'NONE', #6727, .T. ) ;
#7428 = CARTESIAN_POINT ( 'NONE',  ( 15.00000000000007105, 36.49717567993136669, 17.11596235647368758 ) ) ;
#7429 = CYLINDRICAL_SURFACE ( 'NONE', #3413, 5.000000000000002665 ) ;
#7430 = ORIENTED_EDGE ( 'NONE', *, *, #4830, .F. ) ;
#7431 = ADVANCED_FACE ( 'NONE', ( #3722 ), #1395, .F. ) ;
#7432 = CARTESIAN_POINT ( 'NONE',  ( 16.29525471753020227, 39.99999999999997868, 4.312198856625538035 ) ) ;
#7433 = ORIENTED_EDGE ( 'NONE', *, *, #4957, .F. ) ;
#7434 = DIRECTION ( 'NONE',  ( -2.081668171172167724E-15, -0.8090169943749404569, -0.5877852522924829071 ) ) ;
#7435 = DIRECTION ( 'NONE',  ( 0.000000000000000000, -0.5877852522924623679, -0.8090169943749552228 ) ) ;
#7436 = DIRECTION ( 'NONE',  ( -9.020562075079396891E-15, -1.000000000000000000, -1.110223024625156540E-14 ) ) ;
#7437 = CARTESIAN_POINT ( 'NONE',  ( 24.63977589264510470, 25.43902538212309494, -24.03878461041381698 ) ) ;
#7438 = DIRECTION ( 'NONE',  ( -8.326672684688672821E-17, 0.8090169943749506709, -0.5877852522924686962 ) ) ;
#7439 = CARTESIAN_POINT ( 'NONE',  ( 24.45953615552161864, -25.49706543986530605, 23.97706516559577494 ) ) ;
#7440 = CARTESIAN_POINT ( 'NONE',  ( 13.42737253577502798, -23.33630755759821440, -32.48789921278354598 ) ) ;
#7441 = CARTESIAN_POINT ( 'NONE',  ( 15.54046384447849150, 34.67645756116565536, 4.747977570363818067 ) ) ;
#7442 = DIRECTION ( 'NONE',  ( -3.377522666200621221E-17, -0.5877852522924652545, -0.8090169943749532244 ) ) ;
#7443 = VERTEX_POINT ( 'NONE', #1884 ) ;
#7444 = VERTEX_POINT ( 'NONE', #2613 ) ;
#7445 = CYLINDRICAL_SURFACE ( 'NONE', #3321, 5.000000000000000000 ) ;
#7446 = LINE ( 'NONE', #6217, #5672 ) ;
#7447 = CARTESIAN_POINT ( 'NONE',  ( 20.00000000000007461, 39.50165152752333597, 7.869136502499466168 ) ) ;
#7448 = EDGE_LOOP ( 'NONE', ( #2907, #1535, #5685, #2565 ) ) ;
#7449 = VERTEX_POINT ( 'NONE', #3189 ) ;
#7450 = LINE ( 'NONE', #3130, #2238 ) ;
#7451 = CARTESIAN_POINT ( 'NONE',  ( 15.00000000000007461, -31.76647631344087941, -15.28728194667518281 ) ) ;
#7452 = ORIENTED_EDGE ( 'NONE', *, *, #6504, .T. ) ;
#7453 = ADVANCED_FACE ( 'NONE', ( #4501 ), #6307, .T. ) ;
#7454 = VERTEX_POINT ( 'NONE', #2032 ) ;
#7455 = CARTESIAN_POINT ( 'NONE',  ( 15.00000000000007105, 35.29960603646049577, -19.46632511982371483 ) ) ;
#7456 = LINE ( 'NONE', #3752, #6548 ) ;
#7457 = DIRECTION ( 'NONE',  ( -0.000000000000000000, 0.8090169943749465631, 0.5877852522924742473 ) ) ;
#7458 = CARTESIAN_POINT ( 'NONE',  ( 15.18862017184825497, -34.16940328296886520, 7.582193665148277972 ) ) ;
#7459 = ORIENTED_EDGE ( 'NONE', *, *, #350, .F. ) ;
#7460 = ADVANCED_FACE ( 'NONE', ( #5 ), #7584, .T. ) ;
#7461 = CARTESIAN_POINT ( 'NONE',  ( 15.00000000000007105, -29.42175351353527191, -27.55649506357390521 ) ) ;
#7462 = FACE_OUTER_BOUND ( 'NONE', #7694, .T. ) ;
#7463 = EDGE_CURVE ( 'NONE', #999, #2542, #7503, .T. ) ;
#7464 = FACE_OUTER_BOUND ( 'NONE', #6759, .T. ) ;
#7465 = EDGE_LOOP ( 'NONE', ( #4953, #818, #5899, #1657 ) ) ;
#7466 = CARTESIAN_POINT ( 'NONE',  ( 16.29525471753026622, -16.92710313988908055, -30.63450961402120498 ) ) ;
#7467 =( BOUNDED_CURVE ( )  B_SPLINE_CURVE ( 3, ( #4987, #2473, #7484, #1091 ),
 .UNSPECIFIED., .F., .T. ) 
 B_SPLINE_CURVE_WITH_KNOTS ( ( 4, 4 ),
 ( 4.704103044437397685, 4.835908513616244520 ),
 .UNSPECIFIED. ) 
 CURVE ( )  GEOMETRIC_REPRESENTATION_ITEM ( )  RATIONAL_B_SPLINE_CURVE ( ( 1.000000000000000000, 0.9985528004245092237, 0.9985528004245092237, 1.000000000000000000 ) ) 
 REPRESENTATION_ITEM ( '' )  );
#7468 = ORIENTED_EDGE ( 'NONE', *, *, #2828, .F. ) ;
#7469 = CIRCLE ( 'NONE', #7847, 35.00000000000000000 ) ;
#7470 = CARTESIAN_POINT ( 'NONE',  ( 8.033763659851169692, 2.513521739311040622E-32, 0.000000000000000000 ) ) ;
#7471 = DIRECTION ( 'NONE',  ( -0.5735764363510464925, 0.2531319026622786406, -0.7790598895575414629 ) ) ;
#7472 = DIRECTION ( 'NONE',  ( -0.000000000000000000, -1.000000000000000000, -0.000000000000000000 ) ) ;
#7473 = EDGE_CURVE ( 'NONE', #302, #2356, #678, .T. ) ;
#7474 =( NAMED_UNIT ( * ) SI_UNIT ( $, .STERADIAN. ) SOLID_ANGLE_UNIT ( ) );
#7475 = LINE ( 'NONE', #4356, #1624 ) ;
#7476 = CARTESIAN_POINT ( 'NONE',  ( 24.75193471525577849, 32.30878350329307835, -13.46024161111490791 ) ) ;
#7477 = CARTESIAN_POINT ( 'NONE',  ( 24.61076051292646127, -29.68195797188724327, -18.54769437551126288 ) ) ;
#7478 = CARTESIAN_POINT ( 'NONE',  ( 17.13211781824485413, 28.67955088998849078, -20.06198795604663943 ) ) ;
#7479 = ORIENTED_EDGE ( 'NONE', *, *, #386, .F. ) ;
#7480 = VERTEX_POINT ( 'NONE', #3796 ) ;
#7481 = LINE ( 'NONE', #4281, #7119 ) ;
#7482 = DIRECTION ( 'NONE',  ( -1.387778780781445676E-16, -0.9510565162951576390, 0.3090169943749350168 ) ) ;
#7483 = VECTOR ( 'NONE', #6298, 1000.000000000000000 ) ;
#7484 = CARTESIAN_POINT ( 'NONE',  ( 18.47620868754435364, -22.78036188466449730, 26.61621977644812986 ) ) ;
#7485 = ORIENTED_EDGE ( 'NONE', *, *, #4818, .F. ) ;
#7486 = EDGE_LOOP ( 'NONE', ( #5312, #5292, #7762, #6507 ) ) ;
#7487 = CARTESIAN_POINT ( 'NONE',  ( 15.00000000000006928, 23.91281104903859500, -25.56053970837948341 ) ) ;
#7488 = VECTOR ( 'NONE', #3642, 1000.000000000000227 ) ;
#7489 = DIRECTION ( 'NONE',  ( 0.000000000000000000, -1.000000000000000000, 0.000000000000000000 ) ) ;
#7490 = AXIS2_PLACEMENT_3D ( 'NONE', #367, #7337, #406 ) ;
#7491 = AXIS2_PLACEMENT_3D ( 'NONE', #7197, #926, #1510 ) ;
#7492 = VERTEX_POINT ( 'NONE', #5088 ) ;
#7493 = CARTESIAN_POINT ( 'NONE',  ( 24.75193471525578204, 13.46024161111525252, 32.30878350329295756 ) ) ;
#7494 = AXIS2_PLACEMENT_3D ( 'NONE', #2296, #1078, #2337 ) ;
#7495 = ADVANCED_FACE ( 'NONE', ( #2537 ), #2492, .T. ) ;
#7496 = CARTESIAN_POINT ( 'NONE',  ( 15.80489273818008478, 34.42443017628868063, -6.322507118059735198 ) ) ;
#7497 = CARTESIAN_POINT ( 'NONE',  ( 15.54046384447847373, 16.54111581286351651, 30.84463466577999924 ) ) ;
#7498 = VECTOR ( 'NONE', #7709, 1000.000000000000000 ) ;
#7499 = CYLINDRICAL_SURFACE ( 'NONE', #1503, 35.00000000000000000 ) ;
#7500 = VECTOR ( 'NONE', #7377, 1000.000000000000114 ) ;
#7501 = ORIENTED_EDGE ( 'NONE', *, *, #1612, .F. ) ;
#7502 = CARTESIAN_POINT ( 'NONE',  ( 23.19917531777617725, 0.5219783908678643503, 34.99687634872890385 ) ) ;
#7503 = LINE ( 'NONE', #1313, #2098 ) ;
#7504 = AXIS2_PLACEMENT_3D ( 'NONE', #3290, #4606, #7649 ) ;
#7505 = EDGE_CURVE ( 'NONE', #840, #2866, #159, .T. ) ;
#7506 = CARTESIAN_POINT ( 'NONE',  ( 15.00000000000007105, -17.11596235647381903, 36.49717567993130984 ) ) ;
#7507 = ORIENTED_EDGE ( 'NONE', *, *, #6959, .F. ) ;
#7508 = DIRECTION ( 'NONE',  ( -0.4226182617407010511, 0.8619499266302442786, 0.2800645083286790737 ) ) ;
#7509 = ORIENTED_EDGE ( 'NONE', *, *, #7249, .F. ) ;
#7510 = EDGE_CURVE ( 'NONE', #185, #1237, #5138, .T. ) ;
#7511 = VECTOR ( 'NONE', #7438, 1000.000000000000114 ) ;
#7512 = CARTESIAN_POINT ( 'NONE',  ( 15.80489273818007057, 25.34918808176163907, 24.13367259278131627 ) ) ;
#7513 = CARTESIAN_POINT ( 'NONE',  ( 24.99999999999999289, -25.32227488053403874, 24.16158924563272237 ) ) ;
#7514 = DIRECTION ( 'NONE',  ( 0.000000000000000000, 0.8090169943749506709, -0.5877852522924686962 ) ) ;
#7515 = AXIS2_PLACEMENT_3D ( 'NONE', #3211, #6446, #3168 ) ;
#7516 = CARTESIAN_POINT ( 'NONE',  ( 17.13211781824485769, 24.01860538316467242, -31.99218082574391175 ) ) ;
#7517 = LINE ( 'NONE', #15, #5817 ) ;
#7518 = EDGE_CURVE ( 'NONE', #1662, #1661, #4242, .T. ) ;
#7519 = DIRECTION ( 'NONE',  ( -3.413867802863535007E-16, -0.5877852522924651435, -0.8090169943749533354 ) ) ;
#7520 =( BOUNDED_CURVE ( )  B_SPLINE_CURVE ( 3, ( #5705, #105, #1369, #6987 ),
 .UNSPECIFIED., .F., .F. ) 
 B_SPLINE_CURVE_WITH_KNOTS ( ( 4, 4 ),
 ( 1.552883144289288753, 1.684621253977660382 ),
 .UNSPECIFIED. ) 
 CURVE ( )  GEOMETRIC_REPRESENTATION_ITEM ( )  RATIONAL_B_SPLINE_CURVE ( ( 1.000000000000000000, 0.9985542787012120503, 0.9985542787012120503, 1.000000000000000000 ) ) 
 REPRESENTATION_ITEM ( '' )  );
#7521 = CARTESIAN_POINT ( 'NONE',  ( 15.00000000000006573, 1.481484572605556398E-32, 0.000000000000000000 ) ) ;
#7522 = VERTEX_POINT ( 'NONE', #3417 ) ;
#7523 = ORIENTED_EDGE ( 'NONE', *, *, #6806, .F. ) ;
#7524 = B_SPLINE_CURVE_WITH_KNOTS ( 'NONE', 3,
 ( #7955, #2334, #1600, #4089, #6595, #2849, #7345, #7258, #3608, #1730, #4219, #6729, #2984, #5488 ),
 .UNSPECIFIED., .F., .F.,
 ( 4, 2, 2, 2, 2, 2, 4 ),
 ( 0.000000000000000000, 0.001196137445628218249, 0.001794206168442331927, 0.002392274891256445605, 0.002990343614070559500, 0.003588412336884672527, 0.004784549782512895547 ),
 .UNSPECIFIED. ) ;
#7525 = EDGE_CURVE ( 'NONE', #2657, #5482, #4698, .T. ) ;
#7526 = AXIS2_PLACEMENT_3D ( 'NONE', #7866, #2245, #3978 ) ;
#7527 = PLANE ( 'NONE',  #6731 ) ;
#7528 = LINE ( 'NONE', #3706, #327 ) ;
#7529 = CARTESIAN_POINT ( 'NONE',  ( 24.81118820077486120, -34.87085120006301509, 3.010227753417684671 ) ) ;
#7530 = ORIENTED_EDGE ( 'NONE', *, *, #4500, .F. ) ;
#7531 = AXIS2_PLACEMENT_3D ( 'NONE', #1499, #118, #4529 ) ;
#7532 = ORIENTED_EDGE ( 'NONE', *, *, #5224, .T. ) ;
#7533 = VECTOR ( 'NONE', #1163, 1000.000000000000000 ) ;
#7534 = LINE ( 'NONE', #646, #2396 ) ;
#7535 = VERTEX_POINT ( 'NONE', #7047 ) ;
#7536 = AXIS2_PLACEMENT_3D ( 'NONE', #3867, #3829, #1946 ) ;
#7537 = DIRECTION ( 'NONE',  ( 0.000000000000000000, 0.000000000000000000, 1.000000000000000000 ) ) ;
#7538 = CARTESIAN_POINT ( 'NONE',  ( 15.00000000000006573, -30.83256365402543153, 16.56360523921257766 ) ) ;
#7539 = CIRCLE ( 'NONE', #3208, 35.00000000000000000 ) ;
#7540 = CARTESIAN_POINT ( 'NONE',  ( 15.00000000000007105, 36.49717567993136669, 17.11596235647368758 ) ) ;
#7541 = CARTESIAN_POINT ( 'NONE',  ( 15.00000000000007105, 27.55649506357400824, -29.42175351353517598 ) ) ;
#7542 = CARTESIAN_POINT ( 'NONE',  ( 17.13211781824489321, -10.21761575938560540, -33.47536897770591224 ) ) ;
#7543 = ORIENTED_EDGE ( 'NONE', *, *, #4805, .T. ) ;
#7544 = DIRECTION ( 'NONE',  ( -0.000000000000000000, -0.3090169943749515591, 0.9510565162951521989 ) ) ;
#7545 = ADVANCED_FACE ( 'NONE', ( #241 ), #6534, .F. ) ;
#7546 = CARTESIAN_POINT ( 'NONE',  ( 13.42737253577498180, 23.68651262579971117, -32.23346033721212933 ) ) ;
#7547 = ORIENTED_EDGE ( 'NONE', *, *, #7692, .T. ) ;
#7548 = ORIENTED_EDGE ( 'NONE', *, *, #6216, .F. ) ;
#7549 = CARTESIAN_POINT ( 'NONE',  ( 15.00000000000007105, -34.49064911372806108, 5.949380111716702224 ) ) ;
#7550 = ORIENTED_EDGE ( 'NONE', *, *, #4908, .T. ) ;
#7551 = DIRECTION ( 'NONE',  ( 0.000000000000000000, -0.000000000000000000, -1.000000000000000000 ) ) ;
#7552 = ADVANCED_FACE ( 'NONE', ( #2692 ), #1428, .T. ) ;
#7553 = EDGE_CURVE ( 'NONE', #5757, #2397, #1577, .T. ) ;
#7554 = CARTESIAN_POINT ( 'NONE',  ( 24.99999999999999645, -39.48323056157683197, -7.925830406131772143 ) ) ;
#7555 = CARTESIAN_POINT ( 'NONE',  ( 15.18006210666843181, 30.92454867560712017, -16.39144551574055342 ) ) ;
#7556 = CARTESIAN_POINT ( 'NONE',  ( 23.70474528246981549, -36.81383298408869820, 16.14139138454251565 ) ) ;
#7557 = EDGE_CURVE ( 'NONE', #2009, #6917, #2747, .T. ) ;
#7558 = CARTESIAN_POINT ( 'NONE',  ( 15.24782577960349350, 26.34617690189630679, 23.04158438599361602 ) ) ;
#7559 = FACE_OUTER_BOUND ( 'NONE', #7226, .T. ) ;
#7560 = CARTESIAN_POINT ( 'NONE',  ( 21.52238633098371423, -2.447171249265092552, -34.94820413681611626 ) ) ;
#7561 = ORIENTED_EDGE ( 'NONE', *, *, #1024, .F. ) ;
#7562 = ORIENTED_EDGE ( 'NONE', *, *, #4394, .T. ) ;
#7563 = CARTESIAN_POINT ( 'NONE',  ( 22.86788218175522047, -0.2900044396686170534, -34.99879851402005926 ) ) ;
#7564 = ADVANCED_FACE ( 'NONE', ( #3915 ), #4031, .F. ) ;
#7565 = LINE ( 'NONE', #6284, #2130 ) ;
#7566 = DIRECTION ( 'NONE',  ( 0.000000000000000000, -0.8090169943749466741, -0.5877852522924742473 ) ) ;
#7567 =( BOUNDED_CURVE ( )  B_SPLINE_CURVE ( 3, ( #525, #7933, #5381, #2962 ),
 .UNSPECIFIED., .F., .T. ) 
 B_SPLINE_CURVE_WITH_KNOTS ( ( 4, 4 ),
 ( 4.704103044437397685, 4.835908513616246296 ),
 .UNSPECIFIED. ) 
 CURVE ( )  GEOMETRIC_REPRESENTATION_ITEM ( )  RATIONAL_B_SPLINE_CURVE ( ( 1.000000000000000000, 0.9985528004245092237, 0.9985528004245092237, 1.000000000000000000 ) ) 
 REPRESENTATION_ITEM ( '' )  );
#7568 = ORIENTED_EDGE ( 'NONE', *, *, #1655, .F. ) ;
#7569 = ADVANCED_FACE ( 'NONE', ( #276 ), #6467, .T. ) ;
#7570 = B_SPLINE_CURVE_WITH_KNOTS ( 'NONE', 3,
 ( #4079, #7170, #1434, #6583 ),
 .UNSPECIFIED., .F., .F.,
 ( 4, 4 ),
 ( 3.878959614448864246E-18, 0.0008734117105027557407 ),
 .UNSPECIFIED. ) ;
#7571 = ORIENTED_EDGE ( 'NONE', *, *, #5659, .F. ) ;
#7572 = CARTESIAN_POINT ( 'NONE',  ( 23.94355495384380816, -31.77329507725497848, 14.67944299547564135 ) ) ;
#7573 = ORIENTED_EDGE ( 'NONE', *, *, #700, .T. ) ;
#7574 = DIRECTION ( 'NONE',  ( -0.000000000000000000, -0.000000000000000000, -1.000000000000000000 ) ) ;
#7575 = VERTEX_POINT ( 'NONE', #2185 ) ;
#7576 = DIRECTION ( 'NONE',  ( 0.000000000000000000, 0.000000000000000000, -1.000000000000000000 ) ) ;
#7577 = ADVANCED_FACE ( 'NONE', ( #966 ), #4572, .T. ) ;
#7578 = ORIENTED_EDGE ( 'NONE', *, *, #7743, .F. ) ;
#7579 = DIRECTION ( 'NONE',  ( 0.9063077870366491595, -0.1305962250110709877, -0.4019338517338261751 ) ) ;
#7580 = DIRECTION ( 'NONE',  ( -2.039289751969431972E-16, 0.5877852522924652545, 0.8090169943749531134 ) ) ;
#7581 = DIRECTION ( 'NONE',  ( -1.000000000000000000, 1.481484572605565909E-33, -0.000000000000000000 ) ) ;
#7582 = ORIENTED_EDGE ( 'NONE', *, *, #7244, .T. ) ;
#7583 = LINE ( 'NONE', #6235, #6035 ) ;
#7584 = CYLINDRICAL_SURFACE ( 'NONE', #3406, 5.000000000000000000 ) ;
#7585 = ORIENTED_EDGE ( 'NONE', *, *, #6651, .F. ) ;
#7586 = LINE ( 'NONE', #3020, #7625 ) ;
#7587 = VERTEX_POINT ( 'NONE', #3959 ) ;
#7588 = DIRECTION ( 'NONE',  ( 0.8191520442889921316, 0.4640330845810146099, 0.3371397703496191722 ) ) ;
#7589 = ORIENTED_EDGE ( 'NONE', *, *, #2828, .T. ) ;
#7590 = CARTESIAN_POINT ( 'NONE',  ( 15.54046384447849327, 25.26305227762933470, 24.22350489953443287 ) ) ;
#7591 = LINE ( 'NONE', #1892, #2873 ) ;
#7592 = CARTESIAN_POINT ( 'NONE',  ( 16.29525471753013477, 8.259534952843518241, 39.37480338162767168 ) ) ;
#7593 = CYLINDRICAL_SURFACE ( 'NONE', #1774, 4.999999999999999112 ) ;
#7594 = CARTESIAN_POINT ( 'NONE',  ( 15.00000000000006573, 25.56053970837973210, 23.91281104903830013 ) ) ;
#7595 = CARTESIAN_POINT ( 'NONE',  ( 23.70474528246986523, -30.02407149863797287, 26.72747547850404715 ) ) ;
#7596 = CARTESIAN_POINT ( 'NONE',  ( 24.45953615552162574, 23.97706516559586731, 25.49706543986523144 ) ) ;
#7597 = VERTEX_POINT ( 'NONE', #7730 ) ;
#7598 = ORIENTED_EDGE ( 'NONE', *, *, #7624, .F. ) ;
#7599 = EDGE_CURVE ( 'NONE', #1504, #2177, #6425, .T. ) ;
#7600 = CARTESIAN_POINT ( 'NONE',  ( 13.42737253577498358, -39.99999999999997868, -0.2164386351805732966 ) ) ;
#7601 = CARTESIAN_POINT ( 'NONE',  ( 24.99999999999999289, 1.069105884036878258E-47, 0.000000000000000000 ) ) ;
#7602 = CARTESIAN_POINT ( 'NONE',  ( 24.52945112611145362, -34.92748042473075998, 2.258861006966718765 ) ) ;
#7603 = B_SPLINE_CURVE_WITH_KNOTS ( 'NONE', 3,
 ( #4228, #5497, #2386, #1213, #2342, #4277, #8092, #7400, #2467, #3084, #6867, #6739, #1130, #1254 ),
 .UNSPECIFIED., .F., .F.,
 ( 4, 2, 2, 2, 2, 2, 4 ),
 ( 0.000000000000000000, 0.001196137445628216297, 0.001794206168442329758, 0.002392274891256443436, 0.002990343614070556898, 0.003588412336884669925, 0.004784549782512892077 ),
 .UNSPECIFIED. ) ;
#7604 = ORIENTED_EDGE ( 'NONE', *, *, #2282, .T. ) ;
#7605 = VECTOR ( 'NONE', #2782, 1000.000000000000227 ) ;
#7606 = ORIENTED_EDGE ( 'NONE', *, *, #6497, .T. ) ;
#7607 = ADVANCED_FACE ( 'NONE', ( #208 ), #5314, .T. ) ;
#7608 = CARTESIAN_POINT ( 'NONE',  ( 15.54046384447843110, -35.15147096907330848, 19.67021554836329145 ) ) ;
#7609 = ORIENTED_EDGE ( 'NONE', *, *, #3380, .F. ) ;
#7610 = ADVANCED_FACE ( 'NONE', ( #1543 ), #7122, .F. ) ;
#7611 = CARTESIAN_POINT ( 'NONE',  ( 16.29525471753020227, 30.63450961402127604, -16.92710313988895265 ) ) ;
#7612 = PLANE ( 'NONE',  #7090 ) ;
#7613 = ORIENTED_EDGE ( 'NONE', *, *, #6830, .F. ) ;
#7614 = AXIS2_PLACEMENT_3D ( 'NONE', #1804, #2928, #2319 ) ;
#7615 = ORIENTED_EDGE ( 'NONE', *, *, #5440, .F. ) ;
#7616 = CARTESIAN_POINT ( 'NONE',  ( 15.54046384447853235, -19.67021554836318842, -35.15147096907335822 ) ) ;
#7617 = CARTESIAN_POINT ( 'NONE',  ( 15.04754234242351707, -7.012224162930943194, -34.29256243340114452 ) ) ;
#7618 = ORIENTED_EDGE ( 'NONE', *, *, #4029, .F. ) ;
#7619 = EDGE_CURVE ( 'NONE', #2877, #4965, #2838, .T. ) ;
#7620 = VECTOR ( 'NONE', #2077, 1000.000000000000000 ) ;
#7621 = DIRECTION ( 'NONE',  ( 0.5735764363510458264, 0.4814854910183060666, -0.6627079248067699879 ) ) ;
#7622 = CARTESIAN_POINT ( 'NONE',  ( 24.52945112611145362, -33.91603429479517473, -8.644880541859638612 ) ) ;
#7623 = VERTEX_POINT ( 'NONE', #5281 ) ;
#7624 = EDGE_CURVE ( 'NONE', #544, #5068, #7775, .T. ) ;
#7625 = VECTOR ( 'NONE', #4970, 1000.000000000000000 ) ;
#7626 = AXIS2_PLACEMENT_3D ( 'NONE', #7521, #5065, #3700 ) ;
#7627 = ORIENTED_EDGE ( 'NONE', *, *, #6705, .F. ) ;
#7628 = LINE ( 'NONE', #9, #1385 ) ;
#7629 = ORIENTED_EDGE ( 'NONE', *, *, #353, .F. ) ;
#7630 = CARTESIAN_POINT ( 'NONE',  ( 25.00000000000000000, 31.10684191460877912, 11.98190854702897745 ) ) ;
#7631 = CARTESIAN_POINT ( 'NONE',  ( 20.67025973870255839, 33.68385846843802511, -9.631496325218673604 ) ) ;
#7632 = LINE ( 'NONE', #2005, #3146 ) ;
#7633 = AXIS2_PLACEMENT_3D ( 'NONE', #3439, #7874, #950 ) ;
#7634 = CARTESIAN_POINT ( 'NONE',  ( 24.45953615552162574, 25.49706543986548724, -23.97706516559557954 ) ) ;
#7635 = CARTESIAN_POINT ( 'NONE',  ( 24.45953615552172167, 16.55584156990625289, 36.67916995575662042 ) ) ;
#7636 = CYLINDRICAL_SURFACE ( 'NONE', #2654, 5.000000000000000888 ) ;
#7637 = DIRECTION ( 'NONE',  ( -2.081668171172168513E-15, -0.8090169943749531134, 0.5877852522924651435 ) ) ;
#7638 = EDGE_LOOP ( 'NONE', ( #6455, #7852, #3307, #3506 ) ) ;
#7639 = AXIS2_PLACEMENT_3D ( 'NONE', #5268, #2792, #6414 ) ;
#7640 = FACE_OUTER_BOUND ( 'NONE', #6098, .T. ) ;
#7641 = DIRECTION ( 'NONE',  ( -0.9063077870366492705, -0.1305962250110735134, -0.4019338517338251204 ) ) ;
#7642 = CYLINDRICAL_SURFACE ( 'NONE', #4574, 5.000000000000000888 ) ;
#7643 = CARTESIAN_POINT ( 'NONE',  ( 23.70474528247000734, 14.52631798659640339, 31.84314817589940105 ) ) ;
#7644 = EDGE_CURVE ( 'NONE', #2401, #4442, #4647, .T. ) ;
#7645 = LINE ( 'NONE', #2632, #1099 ) ;
#7646 = ORIENTED_EDGE ( 'NONE', *, *, #3389, .F. ) ;
#7647 = ORIENTED_EDGE ( 'NONE', *, *, #1265, .F. ) ;
#7648 = EDGE_LOOP ( 'NONE', ( #7684, #5279, #3570, #3480 ) ) ;
#7649 = DIRECTION ( 'NONE',  ( 0.000000000000000000, 1.000000000000000000, 0.000000000000000000 ) ) ;
#7650 = ORIENTED_EDGE ( 'NONE', *, *, #2490, .T. ) ;
#7651 = CYLINDRICAL_SURFACE ( 'NONE', #7536, 5.000000000000001776 ) ;
#7652 = EDGE_CURVE ( 'NONE', #2834, #1963, #7239, .T. ) ;
#7653 = CARTESIAN_POINT ( 'NONE',  ( 24.63977589264509760, 30.72333391096159261, 16.76555788912880374 ) ) ;
#7654 = ORIENTED_EDGE ( 'NONE', *, *, #6495, .T. ) ;
#7655 = EDGE_CURVE ( 'NONE', #1162, #6701, #4200, .T. ) ;
#7656 = VECTOR ( 'NONE', #1244, 1000.000000000000000 ) ;
#7657 = CARTESIAN_POINT ( 'NONE',  ( 13.42737253577489831, -38.10914386831633038, 12.15483440063108667 ) ) ;
#7658 = ORIENTED_EDGE ( 'NONE', *, *, #4918, .F. ) ;
#7659 = VECTOR ( 'NONE', #7780, 1000.000000000000114 ) ;
#7660 = DIRECTION ( 'NONE',  ( -0.5735764363510449382, 0.6627079248067757611, -0.4814854910182992942 ) ) ;
#7661 = ADVANCED_FACE ( 'NONE', ( #2967 ), #6053, .T. ) ;
#7662 = CARTESIAN_POINT ( 'NONE',  ( 23.89409946658236095, -33.65042473767869069, -9.626619232961667549 ) ) ;
#7663 = ORIENTED_EDGE ( 'NONE', *, *, #2039, .F. ) ;
#7664 = EDGE_CURVE ( 'NONE', #5572, #2172, #1102, .T. ) ;
#7665 = AXIS2_PLACEMENT_3D ( 'NONE', #5613, #96, #6239 ) ;
#7666 = ORIENTED_EDGE ( 'NONE', *, *, #7473, .F. ) ;
#7667 = CARTESIAN_POINT ( 'NONE',  ( 15.00000000000007105, -16.31639344633005351, -30.96409703034399286 ) ) ;
#7668 = ORIENTED_EDGE ( 'NONE', *, *, #5457, .F. ) ;
#7669 = DIRECTION ( 'NONE',  ( -0.4226182617407009401, -0.8619499266302425022, -0.2800645083286851245 ) ) ;
#7670 = LINE ( 'NONE', #7705, #7620 ) ;
#7671 = VECTOR ( 'NONE', #6747, 1000.000000000000000 ) ;
#7672 = DIRECTION ( 'NONE',  ( -2.934757003067734844E-16, 0.3090169943749445647, 0.9510565162951544194 ) ) ;
#7673 = DIRECTION ( 'NONE',  ( 0.9063077870366491595, 0.1305962250110765666, -0.4019338517338243988 ) ) ;
#7674 = EDGE_CURVE ( 'NONE', #4788, #524, #4598, .T. ) ;
#7675 = CARTESIAN_POINT ( 'NONE',  ( 15.00000000000007105, 31.40047916997853150, 15.45994527466849355 ) ) ;
#7676 = PLANE ( 'NONE',  #5144 ) ;
#7677 = VERTEX_POINT ( 'NONE', #6758 ) ;
#7678 = PLANE ( 'NONE',  #7213 ) ;
#7679 = CARTESIAN_POINT ( 'NONE',  ( 24.63977589264509760, -24.03878461041390580, -25.43902538212300968 ) ) ;
#7680 = EDGE_CURVE ( 'NONE', #263, #2977, #6624, .T. ) ;
#7681 = FACE_OUTER_BOUND ( 'NONE', #820, .T. ) ;
#7682 = CARTESIAN_POINT ( 'NONE',  ( 24.99999999999999289, -34.72412804286559407, 4.385764661113934260 ) ) ;
#7683 = CARTESIAN_POINT ( 'NONE',  ( 24.45953615552161864, 19.94279231969289867, -34.95343235255605663 ) ) ;
#7684 = ORIENTED_EDGE ( 'NONE', *, *, #6951, .F. ) ;
#7685 = ORIENTED_EDGE ( 'NONE', *, *, #2482, .T. ) ;
#7686 = DIRECTION ( 'NONE',  ( 0.000000000000000000, -1.000000000000000000, 0.000000000000000000 ) ) ;
#7687 = ORIENTED_EDGE ( 'NONE', *, *, #3837, .T. ) ;
#7688 = CYLINDRICAL_SURFACE ( 'NONE', #7531, 5.000000000000002665 ) ;
#7689 = DIRECTION ( 'NONE',  ( 9.714451465470119729E-15, -0.5877852522924623679, -0.8090169943749552228 ) ) ;
#7690 = VERTEX_POINT ( 'NONE', #1149 ) ;
#7691 = CARTESIAN_POINT ( 'NONE',  ( 15.00000000000000000, -3.703711431513914807E-32, -11.00000000000000000 ) ) ;
#7692 = EDGE_CURVE ( 'NONE', #2071, #7182, #3587, .T. ) ;
#7693 = CARTESIAN_POINT ( 'NONE',  ( 15.00000000000006573, 1.481484572605556398E-32, 0.000000000000000000 ) ) ;
#7694 = EDGE_LOOP ( 'NONE', ( #6741, #4507, #3002, #4613 ) ) ;
#7695 = CARTESIAN_POINT ( 'NONE',  ( 15.00000000000006750, -4.321762240727343496, 34.73450868495608290 ) ) ;
#7696 = VERTEX_POINT ( 'NONE', #3495 ) ;
#7697 = CARTESIAN_POINT ( 'NONE',  ( 22.86788218175522758, -33.37545168956173569, -10.53941291143541292 ) ) ;
#7698 = EDGE_LOOP ( 'NONE', ( #7647, #3902, #1587, #2256 ) ) ;
#7699 = CARTESIAN_POINT ( 'NONE',  ( 15.00000000000007283, 38.04226065180628069, -12.36067977499739179 ) ) ;
#7700 = ADVANCED_FACE ( 'NONE', ( #8029 ), #6104, .F. ) ;
#7701 = CARTESIAN_POINT ( 'NONE',  ( 25.00000000000000000, -23.66367939513859397, -25.79135174142176368 ) ) ;
#7702 = ORIENTED_EDGE ( 'NONE', *, *, #7324, .F. ) ;
#7703 = DIRECTION ( 'NONE',  ( 0.8978821065938827894, -0.4402359851926364587, 0.000000000000000000 ) ) ;
#7704 = ADVANCED_FACE ( 'NONE', ( #3058 ), #2872, .F. ) ;
#7705 = CARTESIAN_POINT ( 'NONE',  ( 22.86788218175522402, -32.53114010773442288, -23.27679157156281420 ) ) ;
#7706 = CARTESIAN_POINT ( 'NONE',  ( 24.99999999999999645, 35.10156741994332208, 19.73890189115320126 ) ) ;
#7707 = FACE_OUTER_BOUND ( 'NONE', #1148, .T. ) ;
#7708 = DIRECTION ( 'NONE',  ( -0.000000000000000000, 0.8090169943749465631, 0.5877852522924742473 ) ) ;
#7709 = DIRECTION ( 'NONE',  ( 6.938893903907230350E-16, 0.8090169943749445647, 0.5877852522924770229 ) ) ;
#7710 = DIRECTION ( 'NONE',  ( 0.8191520442889925757, 0.4640330845810163307, -0.3371397703496155085 ) ) ;
#7711 = ORIENTED_EDGE ( 'NONE', *, *, #1265, .T. ) ;
#7712 = DIRECTION ( 'NONE',  ( 0.000000000000000000, -0.8090169943749491166, 0.5877852522924708056 ) ) ;
#7713 = CARTESIAN_POINT ( 'NONE',  ( 24.45953615552157956, 39.99999999999997868, -4.411054151913790022 ) ) ;
#7714 = EDGE_CURVE ( 'NONE', #1707, #5315, #6006, .T. ) ;
#7715 = DIRECTION ( 'NONE',  ( -1.000000000000000000, 0.000000000000000000, 0.000000000000000000 ) ) ;
#7716 = CARTESIAN_POINT ( 'NONE',  ( 15.75577990824709573, 12.76724537651411850, -32.58872326137467468 ) ) ;
#7717 = CARTESIAN_POINT ( 'NONE',  ( 16.29525471753020582, 4.312198856625954591, -39.99999999999993605 ) ) ;
#7718 = ORIENTED_EDGE ( 'NONE', *, *, #4635, .F. ) ;
#7719 = CARTESIAN_POINT ( 'NONE',  ( 16.29525471753024490, -25.53926937401054786, -23.88553625368989941 ) ) ;
#7720 = EDGE_LOOP ( 'NONE', ( #3309, #770, #4774, #1415 ) ) ;
#7721 = PLANE ( 'NONE',  #7124 ) ;
#7722 = AXIS2_PLACEMENT_3D ( 'NONE', #2336, #3030, #8046 ) ;
#7723 = CARTESIAN_POINT ( 'NONE',  ( 13.42737253577497292, 32.48789921278363835, -23.33630755759807940 ) ) ;
#7724 = EDGE_LOOP ( 'NONE', ( #5263, #6250, #6537, #4920 ) ) ;
#7725 = EDGE_CURVE ( 'NONE', #4160, #3216, #396, .T. ) ;
#7726 = AXIS2_PLACEMENT_3D ( 'NONE', #2887, #6153, #4262 ) ;
#7727 = ORIENTED_EDGE ( 'NONE', *, *, #7411, .F. ) ;
#7728 = LINE ( 'NONE', #206, #4735 ) ;
#7729 = ORIENTED_EDGE ( 'NONE', *, *, #1043, .T. ) ;
#7730 = CARTESIAN_POINT ( 'NONE',  ( 15.00000000000006573, 6.225138546852560850, 34.44194608428058046 ) ) ;
#7731 = VECTOR ( 'NONE', #4657, 1000.000000000000114 ) ;
#7732 = AXIS2_PLACEMENT_3D ( 'NONE', #3345, #7848, #7080 ) ;
#7733 = ADVANCED_FACE ( 'NONE', ( #4744 ), #5388, .T. ) ;
#7734 = ORIENTED_EDGE ( 'NONE', *, *, #3890, .T. ) ;
#7735 = ORIENTED_EDGE ( 'NONE', *, *, #601, .F. ) ;
#7736 = CARTESIAN_POINT ( 'NONE',  ( 23.70474528246986523, -23.65542331968030965, -25.79575444848871513 ) ) ;
#7737 = AXIS2_PLACEMENT_3D ( 'NONE', #464, #6122, #4806 ) ;
#7738 = LINE ( 'NONE', #2881, #6350 ) ;
#7739 = EDGE_LOOP ( 'NONE', ( #3858, #7774, #4246, #4998 ) ) ;
#7740 = LINE ( 'NONE', #3921, #3723 ) ;
#7741 = CARTESIAN_POINT ( 'NONE',  ( 16.29525471753020938, 34.36591252768467797, -6.632047658116259292 ) ) ;
#7742 = LINE ( 'NONE', #7861, #1844 ) ;
#7743 = EDGE_CURVE ( 'NONE', #6785, #5393, #1033, .T. ) ;
#7744 = AXIS2_PLACEMENT_3D ( 'NONE', #7399, #2857, #5411 ) ;
#7745 = DIRECTION ( 'NONE',  ( -0.000000000000000000, -0.5877852522924713607, -0.8090169943749486725 ) ) ;
#7746 = VECTOR ( 'NONE', #7964, 1000.000000000000000 ) ;
#7747 = CARTESIAN_POINT ( 'NONE',  ( 15.36021751530115864, -16.46635330131283936, -30.88472771195868916 ) ) ;
#7748 = CARTESIAN_POINT ( 'NONE',  ( 26.57262746422510347, -23.60888432892763333, 32.28986059626632255 ) ) ;
#7749 = CARTESIAN_POINT ( 'NONE',  ( 15.00000000000006395, -23.91281104903840316, 25.56053970837964329 ) ) ;
#7750 = ADVANCED_FACE ( 'NONE', ( #1759 ), #1984, .T. ) ;
#7751 = ORIENTED_EDGE ( 'NONE', *, *, #5844, .T. ) ;
#7752 = AXIS2_PLACEMENT_3D ( 'NONE', #7769, #2142, #1700 ) ;
#7753 = DIRECTION ( 'NONE',  ( 3.299640131595842622E-16, 0.000000000000000000, -1.000000000000000000 ) ) ;
#7754 = LINE ( 'NONE', #6553, #7000 ) ;
#7755 = PLANE ( 'NONE',  #3792 ) ;
#7756 = LINE ( 'NONE', #7870, #3607 ) ;
#7757 = EDGE_CURVE ( 'NONE', #969, #528, #5131, .T. ) ;
#7758 = VERTEX_POINT ( 'NONE', #6382 ) ;
#7759 = DIRECTION ( 'NONE',  ( -6.938893903907229364E-16, -0.5877852522924804646, 0.8090169943749421222 ) ) ;
#7760 = CARTESIAN_POINT ( 'NONE',  ( 22.86788218175522758, -28.48508311328346920, -20.33715909436057601 ) ) ;
#7761 = CIRCLE ( 'NONE', #6057, 13.50000000000000000 ) ;
#7762 = ORIENTED_EDGE ( 'NONE', *, *, #7155, .T. ) ;
#7763 = ADVANCED_FACE ( 'NONE', ( #649 ), #8071, .F. ) ;
#7764 = CARTESIAN_POINT ( 'NONE',  ( 25.00000000000000000, 4.385764661113823237, 34.95455853997906814 ) ) ;
#7765 = B_SPLINE_CURVE_WITH_KNOTS ( 'NONE', 3,
 ( #5076, #7572, #116, #2601 ),
 .UNSPECIFIED., .F., .F.,
 ( 4, 4 ),
 ( 3.878959614448864246E-18, 0.0008731425215613001535 ),
 .UNSPECIFIED. ) ;
#7766 = CARTESIAN_POINT ( 'NONE',  ( 24.19512822508744065, 14.81209699700921867, 31.71146842505374153 ) ) ;
#7767 = AXIS2_PLACEMENT_3D ( 'NONE', #2384, #1171, #3614 ) ;
#7768 = CARTESIAN_POINT ( 'NONE',  ( 24.45953615552155114, -16.55584156990592959, -36.67916995575675543 ) ) ;
#7769 = CARTESIAN_POINT ( 'NONE',  ( 20.00000000000006750, -39.50165152752344255, 7.869136502498881747 ) ) ;
#7770 = EDGE_LOOP ( 'NONE', ( #1423, #2578, #2127, #2955 ) ) ;
#7771 = LINE ( 'NONE', #961, #2522 ) ;
#7772 =( BOUNDED_CURVE ( )  B_SPLINE_CURVE ( 3, ( #5207, #6396, #1435, #5931 ),
 .UNSPECIFIED., .F., .F. ) 
 B_SPLINE_CURVE_WITH_KNOTS ( ( 4, 4 ),
 ( 1.427448757889531183, 1.434720266952592471 ),
 .UNSPECIFIED. ) 
 CURVE ( )  GEOMETRIC_REPRESENTATION_ITEM ( )  RATIONAL_B_SPLINE_CURVE ( ( 1.000000000000000000, 0.9999955937678493001, 0.9999955937678493001, 1.000000000000000000 ) ) 
 REPRESENTATION_ITEM ( '' )  );
#7773 = EDGE_LOOP ( 'NONE', ( #1796, #5230, #6171, #1431, #1285, #395, #1382, #1227, #5401, #5797 ) ) ;
#7774 = ORIENTED_EDGE ( 'NONE', *, *, #7244, .F. ) ;
#7775 = LINE ( 'NONE', #5348, #4058 ) ;
#7776 = AXIS2_PLACEMENT_3D ( 'NONE', #286, #4668, #5319 ) ;
#7777 = ORIENTED_EDGE ( 'NONE', *, *, #6059, .T. ) ;
#7778 = CARTESIAN_POINT ( 'NONE',  ( 24.63977589264513668, 34.40046922624966896, 6.450960777436272053 ) ) ;
#7779 = AXIS2_PLACEMENT_3D ( 'NONE', #123, #6965, #3835 ) ;
#7780 = DIRECTION ( 'NONE',  ( 0.9063077870366491595, -0.4019338517338229555, -0.1305962250110807854 ) ) ;
#7781 = VERTEX_POINT ( 'NONE', #3135 ) ;
#7782 = EDGE_CURVE ( 'NONE', #342, #4498, #6886, .T. ) ;
#7783 = CARTESIAN_POINT ( 'NONE',  ( 15.54046384447842399, 6.200019683603955833, 34.44647668373245608 ) ) ;
#7784 = CIRCLE ( 'NONE', #4645, 35.00000000000000000 ) ;
#7785 = CARTESIAN_POINT ( 'NONE',  ( 16.29525471753013477, 6.622136994478175609, 34.33541064136223042 ) ) ;
#7786 = CARTESIAN_POINT ( 'NONE',  ( 20.67025973870255484, 27.59091945641680965, 21.58956243961383237 ) ) ;
#7787 = FACE_OUTER_BOUND ( 'NONE', #271, .T. ) ;
#7788 = DIRECTION ( 'NONE',  ( -1.481484572605565909E-33, -1.000000000000000000, 6.908276016444633005E-34 ) ) ;
#7789 = CARTESIAN_POINT ( 'NONE',  ( 15.54046384447847373, 16.54111581286351651, 30.84463466577999924 ) ) ;
#7790 = VERTEX_POINT ( 'NONE', #7455 ) ;
#7791 = EDGE_LOOP ( 'NONE', ( #6571, #3672, #4379, #7417 ) ) ;
#7792 = EDGE_CURVE ( 'NONE', #2232, #1979, #1835, .T. ) ;
#7793 = AXIS2_PLACEMENT_3D ( 'NONE', #3821, #6992, #7566 ) ;
#7794 = CARTESIAN_POINT ( 'NONE',  ( 25.00000000000000000, 35.00000000000000000, -1.782929408355195866 ) ) ;
#7795 = CARTESIAN_POINT ( 'NONE',  ( 13.42737253577502798, -23.33630755759821440, -32.48789921278354598 ) ) ;
#7796 = DIRECTION ( 'NONE',  ( 9.714451465470118151E-15, 0.9510565162951545304, -0.3090169943749442871 ) ) ;
#7797 = CARTESIAN_POINT ( 'NONE',  ( 24.99999999999999645, 27.28391829224461063, 29.61979213005246692 ) ) ;
#7798 = ORIENTED_EDGE ( 'NONE', *, *, #4654, .T. ) ;
#7799 = VERTEX_POINT ( 'NONE', #7538 ) ;
#7800 = LINE ( 'NONE', #5369, #6982 ) ;
#7801 = DIRECTION ( 'NONE',  ( 2.616358120058047365E-16, -0.3090169943749384029, -0.9510565162951565288 ) ) ;
#7802 = VERTEX_POINT ( 'NONE', #1232 ) ;
#7803 = ORIENTED_EDGE ( 'NONE', *, *, #998, .T. ) ;
#7804 = EDGE_CURVE ( 'NONE', #6086, #2176, #2501, .T. ) ;
#7805 = CARTESIAN_POINT ( 'NONE',  ( 22.86788218175522758, -10.53941291143529213, 33.37545168956177832 ) ) ;
#7806 = EDGE_CURVE ( 'NONE', #6266, #2801, #3758, .T. ) ;
#7807 = ORIENTED_EDGE ( 'NONE', *, *, #2539, .T. ) ;
#7808 = ORIENTED_EDGE ( 'NONE', *, *, #6126, .F. ) ;
#7809 = DIRECTION ( 'NONE',  ( 0.000000000000000000, 1.000000000000000000, 0.000000000000000000 ) ) ;
#7810 = ORIENTED_EDGE ( 'NONE', *, *, #7398, .T. ) ;
#7811 = CARTESIAN_POINT ( 'NONE',  ( 15.54046384447852880, -29.56988858092234906, -27.35260463503456307 ) ) ;
#7812 = ORIENTED_EDGE ( 'NONE', *, *, #6588, .F. ) ;
#7813 = ADVANCED_FACE ( 'NONE', ( #4446 ), #3716, .T. ) ;
#7814 = DIRECTION ( 'NONE',  ( 1.542645200235865053E-31, -3.491481338843132172E-15, 1.000000000000000000 ) ) ;
#7815 =( BOUNDED_CURVE ( )  B_SPLINE_CURVE ( 3, ( #3527, #6528, #7279, #7842 ),
 .UNSPECIFIED., .F., .F. ) 
 B_SPLINE_CURVE_WITH_KNOTS ( ( 4, 4 ),
 ( 4.578760888222364045, 4.586022819131210682 ),
 .UNSPECIFIED. ) 
 CURVE ( )  GEOMETRIC_REPRESENTATION_ITEM ( )  RATIONAL_B_SPLINE_CURVE ( ( 1.000000000000000000, 0.9999956053681178236, 0.9999956053681178236, 1.000000000000000000 ) ) 
 REPRESENTATION_ITEM ( '' )  );
#7816 = FACE_OUTER_BOUND ( 'NONE', #4739, .T. ) ;
#7817 = ORIENTED_EDGE ( 'NONE', *, *, #6806, .T. ) ;
#7818 = CARTESIAN_POINT ( 'NONE',  ( 15.75577990824707619, 8.826252443122058366, 33.86922948814844858 ) ) ;
#7819 = LINE ( 'NONE', #2724, #6598 ) ;
#7820 = ORIENTED_EDGE ( 'NONE', *, *, #5946, .F. ) ;
#7821 = CARTESIAN_POINT ( 'NONE',  ( 24.45953615552162574, -6.534193949948355673, 34.38465223649147617 ) ) ;
#7822 = CARTESIAN_POINT ( 'NONE',  ( 20.00000000000006395, 4.023882007554712814, 27.66717507218416117 ) ) ;
#7823 = CARTESIAN_POINT ( 'NONE',  ( 15.24782577960351126, 30.05526537555876487, -17.93646206941652821 ) ) ;
#7824 = CARTESIAN_POINT ( 'NONE',  ( 16.29525471753019517, 14.83433730242553139, -31.70082706804141282 ) ) ;
#7825 = CARTESIAN_POINT ( 'NONE',  ( 22.86788218175522758, 28.14416244781039111, -20.80639613463274173 ) ) ;
#7826 = ORIENTED_EDGE ( 'NONE', *, *, #53, .F. ) ;
#7827 = CARTESIAN_POINT ( 'NONE',  ( -7.500000000000000000, 4.814824860968089633E-32, 0.000000000000000000 ) ) ;
#7828 = CARTESIAN_POINT ( 'NONE',  ( 20.00000000000000000, 25.48568518939003269, -13.09533089099484116 ) ) ;
#7829 = LINE ( 'NONE', #1029, #1965 ) ;
#7830 = LINE ( 'NONE', #7797, #4658 ) ;
#7831 = ORIENTED_EDGE ( 'NONE', *, *, #3174, .F. ) ;
#7832 = CARTESIAN_POINT ( 'NONE',  ( 25.00000000000000000, -3.703711431513914807E-32, -11.00000000000000000 ) ) ;
#7833 = EDGE_CURVE ( 'NONE', #855, #6044, #2529, .T. ) ;
#7834 = CARTESIAN_POINT ( 'NONE',  ( 24.99999999999999289, -6.284324884054505844, 34.43119604009790180 ) ) ;
#7835 = DIRECTION ( 'NONE',  ( 0.000000000000000000, 0.000000000000000000, 1.000000000000000000 ) ) ;
#7836 = ORIENTED_EDGE ( 'NONE', *, *, #3144, .T. ) ;
#7837 = ORIENTED_EDGE ( 'NONE', *, *, #6433, .T. ) ;
#7838 = CARTESIAN_POINT ( 'NONE',  ( 17.13211781824485058, -37.84852928940016881, -12.95692359970921714 ) ) ;
#7839 = CARTESIAN_POINT ( 'NONE',  ( 15.54046384447846130, 31.51206516742544039, 15.23120969863960639 ) ) ;
#7840 = ORIENTED_EDGE ( 'NONE', *, *, #2436, .F. ) ;
#7841 = ADVANCED_FACE ( 'NONE', ( #6226 ), #1878, .T. ) ;
#7842 = CARTESIAN_POINT ( 'NONE',  ( 24.45953615552162574, 6.534193949948594593, -34.38465223649144065 ) ) ;
#7843 = ORIENTED_EDGE ( 'NONE', *, *, #3470, .T. ) ;
#7844 = CARTESIAN_POINT ( 'NONE',  ( 15.24782577960350238, -32.17694437460972523, -13.77243257656942887 ) ) ;
#7845 = ADVANCED_FACE ( 'NONE', ( #35 ), #5041, .T. ) ;
#7846 = ORIENTED_EDGE ( 'NONE', *, *, #2875, .F. ) ;
#7847 = AXIS2_PLACEMENT_3D ( 'NONE', #6024, #2739, #4716 ) ;
#7848 = DIRECTION ( 'NONE',  ( -0.5735764363510452712, -0.4814854910182918002, -0.6627079248067808681 ) ) ;
#7849 = ADVANCED_FACE ( 'NONE', ( #5721 ), #7612, .F. ) ;
#7850 = CARTESIAN_POINT ( 'NONE',  ( 0.000000000000000000, 23.51141009169930740, -32.36067977499759252 ) ) ;
#7851 = AXIS2_PLACEMENT_3D ( 'NONE', #7094, #4124, #1552 ) ;
#7852 = ORIENTED_EDGE ( 'NONE', *, *, #7652, .T. ) ;
#7853 = ADVANCED_FACE ( 'NONE', ( #5156 ), #5227, .F. ) ;
#7854 = DIRECTION ( 'NONE',  ( 0.000000000000000000, -0.5877852522924804646, 0.8090169943749421222 ) ) ;
#7855 = CARTESIAN_POINT ( 'NONE',  ( 24.99999999999999289, -23.95848850648190265, -25.51452191370190903 ) ) ;
#7856 = ORIENTED_EDGE ( 'NONE', *, *, #4514, .F. ) ;
#7857 = AXIS2_PLACEMENT_3D ( 'NONE', #7306, #3509, #7435 ) ;
#7858 = DIRECTION ( 'NONE',  ( 2.093948326015318630E-17, 0.3090169943749382919, 0.9510565162951566398 ) ) ;
#7859 = FACE_OUTER_BOUND ( 'NONE', #7648, .T. ) ;
#7860 = CARTESIAN_POINT ( 'NONE',  ( 15.18862017184827273, 30.15400695301177691, -17.77002099513939370 ) ) ;
#7861 = CARTESIAN_POINT ( 'NONE',  ( 24.99999999999999289, -39.99999999999997868, -0.3369234184500283780 ) ) ;
#7862 = DIRECTION ( 'NONE',  ( 9.103851795008628248E-18, -0.9510565162951511997, -0.3090169943749548898 ) ) ;
#7863 = AXIS2_PLACEMENT_3D ( 'NONE', #3235, #5058, #3849 ) ;
#7864 = VERTEX_POINT ( 'NONE', #6685 ) ;
#7865 = DIRECTION ( 'NONE',  ( -1.000000000000000000, 1.481484572605565909E-33, -0.000000000000000000 ) ) ;
#7866 = CARTESIAN_POINT ( 'NONE',  ( -7.500000000000000000, 4.814824860968089633E-32, 0.000000000000000000 ) ) ;
#7867 = CARTESIAN_POINT ( 'NONE',  ( 24.01831258142418335, 27.46810897511951310, -21.69171240286735625 ) ) ;
#7868 = DIRECTION ( 'NONE',  ( -0.000000000000000000, 0.5877852522924770229, -0.8090169943749445647 ) ) ;
#7869 = AXIS2_PLACEMENT_3D ( 'NONE', #6771, #332, #4264 ) ;
#7870 = CARTESIAN_POINT ( 'NONE',  ( 25.00000000000000000, -24.09393215436360336, -25.70094410188895040 ) ) ;
#7871 = AXIS2_PLACEMENT_3D ( 'NONE', #5087, #6852, #44 ) ;
#7872 = FACE_OUTER_BOUND ( 'NONE', #7698, .T. ) ;
#7873 = DIRECTION ( 'NONE',  ( -3.469446951953614189E-16, -0.5877852522924685852, -0.8090169943749507819 ) ) ;
#7874 = DIRECTION ( 'NONE',  ( -3.992908580914546950E-16, 0.8090169943749464521, 0.5877852522924743583 ) ) ;
#7875 = CARTESIAN_POINT ( 'NONE',  ( 24.45953615552162574, -6.534193949948355673, 34.38465223649147617 ) ) ;
#7876 = ORIENTED_EDGE ( 'NONE', *, *, #6257, .T. ) ;
#7877 = VERTEX_POINT ( 'NONE', #6026 ) ;
#7878 = VECTOR ( 'NONE', #2263, 1000.000000000000000 ) ;
#7879 = AXIS2_PLACEMENT_3D ( 'NONE', #4631, #2969, #6187 ) ;
#7880 = ADVANCED_FACE ( 'NONE', ( #3334 ), #2681, .T. ) ;
#7881 = CARTESIAN_POINT ( 'NONE',  ( 24.75193471525578204, -8.101062250960934463, 34.05008643305195903 ) ) ;
#7882 = CARTESIAN_POINT ( 'NONE',  ( 23.49692031861293628, -27.84539026649773419, 21.20673884492503092 ) ) ;
#7883 = ORIENTED_EDGE ( 'NONE', *, *, #3036, .F. ) ;
#7884 = LINE ( 'NONE', #5340, #7878 ) ;
#7885 = ORIENTED_EDGE ( 'NONE', *, *, #1105, .T. ) ;
#7886 = CARTESIAN_POINT ( 'NONE',  ( 20.67025973870253708, -32.91206543455959377, -12.00683103969288545 ) ) ;
#7887 = ORIENTED_EDGE ( 'NONE', *, *, #2921, .T. ) ;
#7888 = ORIENTED_EDGE ( 'NONE', *, *, #4368, .F. ) ;
#7889 = EDGE_CURVE ( 'NONE', #2834, #302, #2297, .T. ) ;
#7890 = VERTEX_POINT ( 'NONE', #7768 ) ;
#7891 = CARTESIAN_POINT ( 'NONE',  ( 15.98126570279175418, 19.13866104029218462, 29.30425040664555070 ) ) ;
#7892 = EDGE_CURVE ( 'NONE', #841, #7182, #6516, .T. ) ;
#7893 = CIRCLE ( 'NONE', #2013, 4.999999999999999112 ) ;
#7894 = LINE ( 'NONE', #2274, #4879 ) ;
#7895 = VERTEX_POINT ( 'NONE', #1648 ) ;
#7896 = B_SPLINE_CURVE_WITH_KNOTS ( 'NONE', 3,
 ( #1173, #1034, #1129, #4813, #7312, #2991, #5454, #3566, #6167, #3514, #6081, #3616, #472, #2952 ),
 .UNSPECIFIED., .F., .F.,
 ( 4, 2, 2, 2, 2, 2, 4 ),
 ( 0.000000000000000000, 0.001196801401551000074, 0.001795202102326494149, 0.002393602803101988440, 0.002992003503877484899, 0.003590404204652981792, 0.004787205606203968206 ),
 .UNSPECIFIED. ) ;
#7897 = CARTESIAN_POINT ( 'NONE',  ( 15.04754234242351707, 3.927963088707108863, -34.78106139745683834 ) ) ;
#7898 = DIRECTION ( 'NONE',  ( -3.469446951953614189E-16, -1.000000000000000000, -3.491481338843133355E-15 ) ) ;
#7899 = VERTEX_POINT ( 'NONE', #6460 ) ;
#7900 = EDGE_CURVE ( 'NONE', #5011, #6470, #2025, .T. ) ;
#7901 = PLANE ( 'NONE',  #5820 ) ;
#7902 = DIRECTION ( 'NONE',  ( 0.000000000000000000, -1.000000000000000000, 0.000000000000000000 ) ) ;
#7903 = CARTESIAN_POINT ( 'NONE',  ( 15.00000000000007105, -5.000000000000139444, 39.99999999999995737 ) ) ;
#7904 = FACE_OUTER_BOUND ( 'NONE', #2437, .T. ) ;
#7905 = EDGE_CURVE ( 'NONE', #205, #334, #7305, .T. ) ;
#7906 = AXIS2_PLACEMENT_3D ( 'NONE', #7600, #793, #2558 ) ;
#7907 = DIRECTION ( 'NONE',  ( 0.000000000000000000, -1.000000000000000000, 0.000000000000000000 ) ) ;
#7908 = EDGE_LOOP ( 'NONE', ( #3991, #6804, #3762, #1576 ) ) ;
#7909 = DIRECTION ( 'NONE',  ( -1.000000000000000000, 1.481484572605565909E-33, 0.000000000000000000 ) ) ;
#7910 = ORIENTED_EDGE ( 'NONE', *, *, #3285, .T. ) ;
#7911 = AXIS2_PLACEMENT_3D ( 'NONE', #4220, #1122, #1166 ) ;
#7912 = DIRECTION ( 'NONE',  ( -2.039289751969372807E-16, -0.9510565162951576390, 0.3090169943749351278 ) ) ;
#7913 = CARTESIAN_POINT ( 'NONE',  ( 22.86788218175522402, -20.80639613463282345, -28.14416244781032361 ) ) ;
#7914 = DIRECTION ( 'NONE',  ( 0.000000000000000000, 0.5877852522924653655, 0.8090169943749531134 ) ) ;
#7915 = AXIS2_PLACEMENT_3D ( 'NONE', #7657, #2028, #4534 ) ;
#7916 = DIRECTION ( 'NONE',  ( -1.408975556567263617E-33, -0.9510565162951533091, -0.3090169943749481729 ) ) ;
#7917 = CARTESIAN_POINT ( 'NONE',  ( 25.00000000000000000, 21.85981778945155085, 18.08590922629550235 ) ) ;
#7918 = EDGE_CURVE ( 'NONE', #4323, #1433, #3372, .T. ) ;
#7919 = CARTESIAN_POINT ( 'NONE',  ( 17.13211781824484348, 37.84852928940023986, 12.95692359970898622 ) ) ;
#7920 = DIRECTION ( 'NONE',  ( 0.000000000000000000, -1.000000000000000000, 0.000000000000000000 ) ) ;
#7921 = PLANE ( 'NONE',  #289 ) ;
#7922 = CARTESIAN_POINT ( 'NONE',  ( 24.52945112611146072, -29.58465042117889610, -18.70240095082407095 ) ) ;
#7923 = CARTESIAN_POINT ( 'NONE',  ( 15.47020472364247112, 22.61668486464891359, -26.71173814311258710 ) ) ;
#7924 = ORIENTED_EDGE ( 'NONE', *, *, #1137, .T. ) ;
#7925 = EDGE_LOOP ( 'NONE', ( #6141, #2250, #3961, #2303 ) ) ;
#7926 = DIRECTION ( 'NONE',  ( 0.000000000000000000, -1.000000000000000000, -1.040834085586084257E-14 ) ) ;
#7927 = CARTESIAN_POINT ( 'NONE',  ( 24.99999999999999289, 1.069105884036878258E-47, 0.000000000000000000 ) ) ;
#7928 = CYLINDRICAL_SURFACE ( 'NONE', #477, 4.999999999999999112 ) ;
#7929 = AXIS2_PLACEMENT_3D ( 'NONE', #6889, #654, #1276 ) ;
#7930 = ORIENTED_EDGE ( 'NONE', *, *, #4642, .T. ) ;
#7931 = CARTESIAN_POINT ( 'NONE',  ( 16.29525471753020582, 34.73334048174631761, 4.312198856625536258 ) ) ;
#7932 = ORIENTED_EDGE ( 'NONE', *, *, #2716, .F. ) ;
#7933 = CARTESIAN_POINT ( 'NONE',  ( 20.67025973870251576, -33.68385846843796116, 9.631496325218870780 ) ) ;
#7934 = CARTESIAN_POINT ( 'NONE',  ( 17.13211781824485058, -31.99218082574400412, -24.01860538316456584 ) ) ;
#7935 = ORIENTED_EDGE ( 'NONE', *, *, #3711, .T. ) ;
#7936 = EDGE_LOOP ( 'NONE', ( #7042, #5690, #4305, #6786 ) ) ;
#7937 = ORIENTED_EDGE ( 'NONE', *, *, #4745, .F. ) ;
#7938 = CARTESIAN_POINT ( 'NONE',  ( 25.00000000000000000, -14.97266267961658492, -31.88848486005434069 ) ) ;
#7939 = ADVANCED_FACE ( 'NONE', ( #423 ), #2249, .F. ) ;
#7940 = FACE_OUTER_BOUND ( 'NONE', #2919, .T. ) ;
#7941 = ORIENTED_EDGE ( 'NONE', *, *, #7297, .F. ) ;
#7942 = CARTESIAN_POINT ( 'NONE',  ( 15.24782577960350771, 3.155139108370347945, -34.85800834198235520 ) ) ;
#7943 = CARTESIAN_POINT ( 'NONE',  ( 18.47620868754437851, -13.44054737703086211, 32.35304821790759178 ) ) ;
#7944 = ORIENTED_EDGE ( 'NONE', *, *, #5583, .F. ) ;
#7945 = CARTESIAN_POINT ( 'NONE',  ( 24.75193471525578559, 34.88692249060355266, -2.817487325059943259 ) ) ;
#7946 = CARTESIAN_POINT ( 'NONE',  ( 15.00000000000007105, -17.11596235647381903, 36.49717567993130984 ) ) ;
#7947 = CARTESIAN_POINT ( 'NONE',  ( 23.70474528246987944, 6.964894767507033180, -34.30000351133441683 ) ) ;
#7948 = DIRECTION ( 'NONE',  ( -0.9063077870366492705, -0.1305962250110765110, 0.4019338517338242323 ) ) ;
#7949 = EDGE_CURVE ( 'NONE', #6774, #7790, #4610, .T. ) ;
#7950 = PLANE ( 'NONE',  #4474 ) ;
#7951 =( BOUNDED_CURVE ( )  B_SPLINE_CURVE ( 3, ( #3068, #5570, #2976, #456 ),
 .UNSPECIFIED., .F., .F. ) 
 B_SPLINE_CURVE_WITH_KNOTS ( ( 4, 4 ),
 ( 4.578760888222364045, 4.586022819131208905 ),
 .UNSPECIFIED. ) 
 CURVE ( )  GEOMETRIC_REPRESENTATION_ITEM ( )  RATIONAL_B_SPLINE_CURVE ( ( 1.000000000000000000, 0.9999956053681178236, 0.9999956053681178236, 1.000000000000000000 ) ) 
 REPRESENTATION_ITEM ( '' )  );
#7952 = ORIENTED_EDGE ( 'NONE', *, *, #2212, .T. ) ;
#7953 = DIRECTION ( 'NONE',  ( 0.000000000000000000, -1.000000000000000000, 0.000000000000000000 ) ) ;
#7954 = EDGE_CURVE ( 'NONE', #1506, #2877, #4496, .T. ) ;
#7955 = CARTESIAN_POINT ( 'NONE',  ( 24.99999999999999289, 23.95848850648209805, 25.51452191370172429 ) ) ;
#7956 = CARTESIAN_POINT ( 'NONE',  ( 24.45953615552155469, -34.38465223649144775, -6.534193949948506663 ) ) ;
#7957 = CARTESIAN_POINT ( 'NONE',  ( 13.42737253577498358, -23.68651262579946604, 32.23346033721231407 ) ) ;
#7958 = FACE_OUTER_BOUND ( 'NONE', #2266, .T. ) ;
#7959 = DIRECTION ( 'NONE',  ( 1.198546196142200979E-33, 0.8090169943749423442, 0.5877852522924801315 ) ) ;
#7960 = LINE ( 'NONE', #7516, #312 ) ;
#7961 = DIRECTION ( 'NONE',  ( 0.000000000000000000, 1.000000000000000000, 0.000000000000000000 ) ) ;
#7962 = CARTESIAN_POINT ( 'NONE',  ( 15.00000000000007283, 23.51141009169884200, 32.36067977499793358 ) ) ;
#7963 = CARTESIAN_POINT ( 'NONE',  ( 23.19917531777618436, -28.61987891632772474, -20.14835840517768517 ) ) ;
#7964 = DIRECTION ( 'NONE',  ( -0.000000000000000000, -0.8090169943749551118, 0.5877852522924625900 ) ) ;
#7965 = ORIENTED_EDGE ( 'NONE', *, *, #568, .T. ) ;
#7966 = ORIENTED_EDGE ( 'NONE', *, *, #2141, .T. ) ;
#7967 = B_SPLINE_CURVE_WITH_KNOTS ( 'NONE', 3,
 ( #2533, #4333, #1918, #4376 ),
 .UNSPECIFIED., .F., .F.,
 ( 4, 4 ),
 ( 3.576224061345498009E-18, 0.0008734117105027604027 ),
 .UNSPECIFIED. ) ;
#7968 = EDGE_CURVE ( 'NONE', #773, #2561, #5478, .T. ) ;
#7969 = DIRECTION ( 'NONE',  ( -1.337583389684757983E-16, 0.3090169943749383474, 0.9510565162951565288 ) ) ;
#7970 = CARTESIAN_POINT ( 'NONE',  ( 24.19512822508732341, 25.58220899252968650, -23.88652402892734372 ) ) ;
#7971 = DIRECTION ( 'NONE',  ( -2.774301387623292583E-17, -0.3090169943749516146, 0.9510565162951521989 ) ) ;
#7972 = ORIENTED_EDGE ( 'NONE', *, *, #7525, .T. ) ;
#7973 = DIRECTION ( 'NONE',  ( 3.299640131595842622E-16, 0.000000000000000000, -1.000000000000000000 ) ) ;
#7974 = ORIENTED_EDGE ( 'NONE', *, *, #4908, .F. ) ;
#7975 = DIRECTION ( 'NONE',  ( 1.000000000000000000, -1.481484572605566251E-33, 0.000000000000000000 ) ) ;
#7976 = CARTESIAN_POINT ( 'NONE',  ( 0.000000000000000000, -32.36067977499767068, -23.51141009169919727 ) ) ;
#7977 = VERTEX_POINT ( 'NONE', #7919 ) ;
#7978 = ORIENTED_EDGE ( 'NONE', *, *, #606, .T. ) ;
#7979 = ORIENTED_EDGE ( 'NONE', *, *, #3292, .T. ) ;
#7980 = CARTESIAN_POINT ( 'NONE',  ( 15.00000000000007105, 19.46632511982410207, 35.29960603646028972 ) ) ;
#7981 = DIRECTION ( 'NONE',  ( -0.000000000000000000, 0.3090169943749447312, 0.9510565162951544194 ) ) ;
#7982 = DIRECTION ( 'NONE',  ( -0.000000000000000000, 0.5877852522924830181, -0.8090169943749402348 ) ) ;
#7983 = DIRECTION ( 'NONE',  ( -0.8978821065938837886, 0.000000000000000000, -0.4402359851926342937 ) ) ;
#7984 = EDGE_LOOP ( 'NONE', ( #4187, #3881, #7561, #7910 ) ) ;
#7985 = CARTESIAN_POINT ( 'NONE',  ( 24.45953615552153693, -36.67916995575670569, 16.55584156990603262 ) ) ;
#7986 = FACE_OUTER_BOUND ( 'NONE', #5792, .T. ) ;
#7987 = EDGE_CURVE ( 'NONE', #7449, #5958, #1422, .T. ) ;
#7988 = CYLINDRICAL_SURFACE ( 'NONE', #3409, 5.000000000000000000 ) ;
#7989 = FACE_OUTER_BOUND ( 'NONE', #3087, .T. ) ;
#7990 = B_SPLINE_CURVE_WITH_KNOTS ( 'NONE', 3,
 ( #5012, #659, #3148, #1198 ),
 .UNSPECIFIED., .F., .F.,
 ( 4, 4 ),
 ( 1.592264493058081649E-17, 0.0008731425215613222712 ),
 .UNSPECIFIED. ) ;
#7991 = VERTEX_POINT ( 'NONE', #806 ) ;
#7992 = CARTESIAN_POINT ( 'NONE',  ( 24.45953615552161864, -25.49706543986530605, 23.97706516559577494 ) ) ;
#7993 = ORIENTED_EDGE ( 'NONE', *, *, #4951, .T. ) ;
#7994 = CYLINDRICAL_SURFACE ( 'NONE', #6608, 5.000000000000001776 ) ;
#7995 = ORIENTED_EDGE ( 'NONE', *, *, #5067, .T. ) ;
#7996 = CARTESIAN_POINT ( 'NONE',  ( 16.29525471753019872, 30.60856315976487707, -16.90825193742073296 ) ) ;
#7997 = CARTESIAN_POINT ( 'NONE',  ( 24.45953615552161864, 34.72092454513393989, -4.411054151913809562 ) ) ;
#7998 = EDGE_CURVE ( 'NONE', #5588, #5623, #1722, .T. ) ;
#7999 = DIRECTION ( 'NONE',  ( -0.000000000000000000, -0.5877852522924770229, 0.8090169943749445647 ) ) ;
#8000 = CARTESIAN_POINT ( 'NONE',  ( 18.47620868754435364, 22.78036188466470335, -26.61621977644797354 ) ) ;
#8001 = LINE ( 'NONE', #6077, #1219 ) ;
#8002 = CARTESIAN_POINT ( 'NONE',  ( 24.99999999999999645, 35.10156741994332208, 19.73890189115320126 ) ) ;
#8003 = CIRCLE ( 'NONE', #5366, 35.00000000000000000 ) ;
#8004 = CARTESIAN_POINT ( 'NONE',  ( -7.499999999999999112, -13.50000000000000000, 0.000000000000000000 ) ) ;
#8005 = AXIS2_PLACEMENT_3D ( 'NONE', #1957, #4455, #699 ) ;
#8006 = ADVANCED_FACE ( 'NONE', ( #1249 ), #7396, .F. ) ;
#8007 = DIRECTION ( 'NONE',  ( 6.938893903907229364E-16, 0.3090169943749411785, 0.9510565162951555296 ) ) ;
#8008 = PLANE ( 'NONE',  #48 ) ;
#8009 = CARTESIAN_POINT ( 'NONE',  ( 23.70474528246992918, -3.975275438175178699, -34.77351269559406433 ) ) ;
#8010 = VERTEX_POINT ( 'NONE', #470 ) ;
#8011 = ORIENTED_EDGE ( 'NONE', *, *, #7918, .T. ) ;
#8012 = AXIS2_PLACEMENT_3D ( 'NONE', #6073, #7391, #7216 ) ;
#8013 = VECTOR ( 'NONE', #5492, 1000.000000000000000 ) ;
#8014 = CARTESIAN_POINT ( 'NONE',  ( 24.99999999999999645, -36.60129074203545940, 16.79552914386407636 ) ) ;
#8015 = EDGE_CURVE ( 'NONE', #6441, #7696, #3960, .T. ) ;
#8016 = DIRECTION ( 'NONE',  ( -2.475233283118129299E-30, 0.9510565162951510887, 0.3090169943749548898 ) ) ;
#8017 = CARTESIAN_POINT ( 'NONE',  ( 15.80489273818004925, 31.56622547580117910, 15.11915667062719493 ) ) ;
#8018 = ORIENTED_EDGE ( 'NONE', *, *, #6362, .T. ) ;
#8019 = EDGE_CURVE ( 'NONE', #6607, #3207, #4599, .T. ) ;
#8020 = VECTOR ( 'NONE', #409, 999.9999999999998863 ) ;
#8021 = VECTOR ( 'NONE', #1702, 1000.000000000000114 ) ;
#8022 = ORIENTED_EDGE ( 'NONE', *, *, #834, .T. ) ;
#8023 = CARTESIAN_POINT ( 'NONE',  ( 16.29525471753024846, -29.82603288212069970, -27.00005224983343410 ) ) ;
#8024 = DIRECTION ( 'NONE',  ( -0.8191520442889925757, -0.5455036073850142442, 0.1772448664054916967 ) ) ;
#8025 = EDGE_LOOP ( 'NONE', ( #4693, #2063, #5770, #6693 ) ) ;
#8026 = VERTEX_POINT ( 'NONE', #1784 ) ;
#8027 = CIRCLE ( 'NONE', #1871, 11.00000000000000000 ) ;
#8028 = ORIENTED_EDGE ( 'NONE', *, *, #7043, .T. ) ;
#8029 = FACE_OUTER_BOUND ( 'NONE', #3678, .T. ) ;
#8030 = ORIENTED_EDGE ( 'NONE', *, *, #2771, .T. ) ;
#8031 = CARTESIAN_POINT ( 'NONE',  ( 17.13211781824483637, 11.76443595028670153, 38.23599201421203020 ) ) ;
#8032 = AXIS2_PLACEMENT_3D ( 'NONE', #2525, #2564, #1911 ) ;
#8033 = CARTESIAN_POINT ( 'NONE',  ( 19.32833852793592300, -11.68867368810109575, -33.02636109117828056 ) ) ;
#8034 = CARTESIAN_POINT ( 'NONE',  ( 23.70474528246986523, 31.84314817589958935, -14.52631798659601792 ) ) ;
#8035 = ORIENTED_EDGE ( 'NONE', *, *, #2376, .T. ) ;
#8036 = CARTESIAN_POINT ( 'NONE',  ( 15.54046384447849150, 4.747977570364181332, -34.67645756116560563 ) ) ;
#8037 = CARTESIAN_POINT ( 'NONE',  ( 24.45953615552161864, 34.72092454513393989, -4.411054151913809562 ) ) ;
#8038 = DIRECTION ( 'NONE',  ( 1.000000000000000000, -1.072118069236030918E-16, 3.299640131595842622E-16 ) ) ;
#8039 = VECTOR ( 'NONE', #6699, 1000.000000000000114 ) ;
#8040 = ORIENTED_EDGE ( 'NONE', *, *, #7968, .T. ) ;
#8041 = CARTESIAN_POINT ( 'NONE',  ( 17.13211781824484703, -39.99999999999997868, -0.6269278581190050881 ) ) ;
#8042 =( BOUNDED_CURVE ( )  B_SPLINE_CURVE ( 3, ( #2750, #885, #4061, #5275 ),
 .UNSPECIFIED., .F., .T. ) 
 B_SPLINE_CURVE_WITH_KNOTS ( ( 4, 4 ),
 ( 4.704103044437397685, 4.835908513616244520 ),
 .UNSPECIFIED. ) 
 CURVE ( )  GEOMETRIC_REPRESENTATION_ITEM ( )  RATIONAL_B_SPLINE_CURVE ( ( 1.000000000000000000, 0.9985528004245092237, 0.9985528004245092237, 1.000000000000000000 ) ) 
 REPRESENTATION_ITEM ( '' )  );
#8043 = ORIENTED_EDGE ( 'NONE', *, *, #2080, .T. ) ;
#8044 = FACE_OUTER_BOUND ( 'NONE', #7638, .T. ) ;
#8045 = CYLINDRICAL_SURFACE ( 'NONE', #3802, 4.999999999999999112 ) ;
#8046 = DIRECTION ( 'NONE',  ( 0.000000000000000000, -1.000000000000000000, 0.000000000000000000 ) ) ;
#8047 = DIRECTION ( 'NONE',  ( -0.000000000000000000, 0.9510565162951576390, -0.3090169943749349613 ) ) ;
#8048 = CARTESIAN_POINT ( 'NONE',  ( 15.18862017184824964, -30.15400695301165968, 17.77002099513959976 ) ) ;
#8049 = CARTESIAN_POINT ( 'NONE',  ( 15.00000000000006573, 1.481484572605556398E-32, 0.000000000000000000 ) ) ;
#8050 = DIRECTION ( 'NONE',  ( 6.938893903907228378E-16, -0.5877852522924623679, -0.8090169943749552228 ) ) ;
#8051 = FACE_OUTER_BOUND ( 'NONE', #6132, .T. ) ;
#8052 = FACE_OUTER_BOUND ( 'NONE', #7381, .T. ) ;
#8053 = ORIENTED_EDGE ( 'NONE', *, *, #2775, .T. ) ;
#8054 = VECTOR ( 'NONE', #366, 1000.000000000000000 ) ;
#8055 = VERTEX_POINT ( 'NONE', #4224 ) ;
#8056 = ADVANCED_FACE ( 'NONE', ( #6165 ), #2950, .F. ) ;
#8057 = AXIS2_PLACEMENT_3D ( 'NONE', #776, #5764, #163 ) ;
#8058 = LINE ( 'NONE', #4948, #4504 ) ;
#8059 = DIRECTION ( 'NONE',  ( 0.000000000000000000, -1.000000000000000000, -1.224646799147352714E-16 ) ) ;
#8060 = DIRECTION ( 'NONE',  ( 1.000000000000000000, -0.000000000000000000, -0.000000000000000000 ) ) ;
#8061 = ORIENTED_EDGE ( 'NONE', *, *, #3482, .T. ) ;
#8062 = VECTOR ( 'NONE', #1513, 1000.000000000000227 ) ;
#8063 = ORIENTED_EDGE ( 'NONE', *, *, #2331, .F. ) ;
#8064 = EDGE_CURVE ( 'NONE', #5196, #2608, #6735, .T. ) ;
#8065 = CARTESIAN_POINT ( 'NONE',  ( 15.36021751530110535, 31.47514712630222178, 15.30758995606804618 ) ) ;
#8066 = DIRECTION ( 'NONE',  ( -0.000000000000000000, 0.8090169943749465631, 0.5877852522924742473 ) ) ;
#8067 = EDGE_LOOP ( 'NONE', ( #335, #6529, #461, #265 ) ) ;
#8068 = EDGE_CURVE ( 'NONE', #1346, #2182, #592, .T. ) ;
#8069 = ORIENTED_EDGE ( 'NONE', *, *, #3852, .T. ) ;
#8070 = ORIENTED_EDGE ( 'NONE', *, *, #847, .T. ) ;
#8071 = PLANE ( 'NONE',  #6180 ) ;
#8072 = CARTESIAN_POINT ( 'NONE',  ( 16.29525471753019161, 31.67032518171918198, 14.82442663878679845 ) ) ;
#8073 = CARTESIAN_POINT ( 'NONE',  ( 16.05646280002828519, -34.39783874677770825, 6.466612530196436559 ) ) ;
#8074 = CARTESIAN_POINT ( 'NONE',  ( 16.80065191590786711, -33.54313575706808592, 9.995595476278410274 ) ) ;
#8075 = ORIENTED_EDGE ( 'NONE', *, *, #6694, .T. ) ;
#8076 = EDGE_CURVE ( 'NONE', #7799, #3905, #2100, .T. ) ;
#8077 = DIRECTION ( 'NONE',  ( -0.000000000000000000, -0.9510565162951511997, -0.3090169943749548898 ) ) ;
#8078 = CARTESIAN_POINT ( 'NONE',  ( 24.99999999999999645, -39.99999999999997868, 4.663076581549970179 ) ) ;
#8079 = ORIENTED_EDGE ( 'NONE', *, *, #7260, .T. ) ;
#8080 = ORIENTED_EDGE ( 'NONE', *, *, #3432, .T. ) ;
#8081 = CARTESIAN_POINT ( 'NONE',  ( 15.80489273818007767, -24.13367259278139443, 25.34918808176156446 ) ) ;
#8082 = ORIENTED_EDGE ( 'NONE', *, *, #3250, .F. ) ;
#8083 = DIRECTION ( 'NONE',  ( -1.198546196142220138E-33, -0.8090169943749551118, 0.5877852522924625900 ) ) ;
#8084 = ORIENTED_EDGE ( 'NONE', *, *, #8106, .T. ) ;
#8085 = FACE_OUTER_BOUND ( 'NONE', #7255, .T. ) ;
#8086 = CARTESIAN_POINT ( 'NONE',  ( 22.86788218175522047, 20.80639613463304727, 28.14416244781016374 ) ) ;
#8087 = CARTESIAN_POINT ( 'NONE',  ( 13.42737253577497825, 0.2164386351809939601, -39.99999999999997868 ) ) ;
#8088 = DIRECTION ( 'NONE',  ( -0.000000000000000000, -0.8090169943749506709, 0.5877852522924685852 ) ) ;
#8089 = CARTESIAN_POINT ( 'NONE',  ( 15.75577990824707264, -29.48408940503149722, 18.86043239872014610 ) ) ;
#8090 = CARTESIAN_POINT ( 'NONE',  ( 15.54046384447847728, 35.15147096907344348, -19.67021554836304631 ) ) ;
#8091 = DIRECTION ( 'NONE',  ( 1.000000000000000000, -1.072118069236030918E-16, 3.299640131595842622E-16 ) ) ;
#8092 = CARTESIAN_POINT ( 'NONE',  ( 24.52945112611146072, -12.94148950202053783, -32.51998141662811292 ) ) ;
#8093 =( BOUNDED_CURVE ( )  B_SPLINE_CURVE ( 3, ( #831, #2124, #3317, #5179 ),
 .UNSPECIFIED., .F., .T. ) 
 B_SPLINE_CURVE_WITH_KNOTS ( ( 4, 4 ),
 ( 1.427448757889531405, 1.434720266952592471 ),
 .UNSPECIFIED. ) 
 CURVE ( )  GEOMETRIC_REPRESENTATION_ITEM ( )  RATIONAL_B_SPLINE_CURVE ( ( 1.000000000000000000, 0.9999955937678493001, 0.9999955937678493001, 1.000000000000000000 ) ) 
 REPRESENTATION_ITEM ( '' )  );
#8094 = CYLINDRICAL_SURFACE ( 'NONE', #7366, 35.00000000000000000 ) ;
#8095 = ORIENTED_EDGE ( 'NONE', *, *, #403, .T. ) ;
#8096 = ORIENTED_EDGE ( 'NONE', *, *, #5079, .F. ) ;
#8097 = DIRECTION ( 'NONE',  ( -0.000000000000000000, 0.9510565162951556406, -0.3090169943749411230 ) ) ;
#8098 = FACE_OUTER_BOUND ( 'NONE', #7448, .T. ) ;
#8099 = CARTESIAN_POINT ( 'NONE',  ( 16.29525471753019517, 16.92710313988928661, 30.63450961402108774 ) ) ;
#8100 = EDGE_CURVE ( 'NONE', #6796, #750, #7960, .T. ) ;
#8101 = ORIENTED_EDGE ( 'NONE', *, *, #6588, .T. ) ;
#8102 = ORIENTED_EDGE ( 'NONE', *, *, #2317, .T. ) ;
#8103 = CARTESIAN_POINT ( 'NONE',  ( 15.18006210666842115, 31.43795162992791248, 15.38383548403317214 ) ) ;
#8104 = CARTESIAN_POINT ( 'NONE',  ( 24.99999999999999289, 1.069105884036878258E-47, 0.000000000000000000 ) ) ;
#8105 = VERTEX_POINT ( 'NONE', #8002 ) ;
#8106 = EDGE_CURVE ( 'NONE', #6929, #1201, #4392, .T. ) ;
#8107 = CARTESIAN_POINT ( 'NONE',  ( 15.00000000000006573, 1.481484572605556398E-32, 0.000000000000000000 ) ) ;
#8108 = EDGE_CURVE ( 'NONE', #97, #3900, #2424, .T. ) ;
#8109 = DIRECTION ( 'NONE',  ( 0.000000000000000000, -1.000000000000000000, 0.000000000000000000 ) ) ;
ENDSEC;
END-ISO-10303-21;
