ISO-10303-21;
HEADER;
FILE_DESCRIPTION (( 'STEP AP214' ),
    '1' );
FILE_NAME ('Rotor.STEP',
    '2026-05-03T19:46:23',
    ( '' ),
    ( '' ),
    'SwSTEP 2.0',
    'SolidWorks 2025',
    '' );
FILE_SCHEMA (( 'AUTOMOTIVE_DESIGN' ));
ENDSEC;

DATA;
#1 = CARTESIAN_POINT ( 'NONE',  ( -26.31957627153452961, -23.08964431380291060, -7.374970462211826394 ) ) ;
#2 = ORIENTED_EDGE ( 'NONE', *, *, #3190, .T. ) ;
#3 = CIRCLE ( 'NONE', #4519, 10.00000000000000000 ) ;
#4 = ADVANCED_FACE ( 'NONE', ( #3819 ), #19, .F. ) ;
#5 = DIRECTION ( 'NONE',  ( 0.000000000000000000, 0.000000000000000000, 1.000000000000000000 ) ) ;
#6 = EDGE_CURVE ( 'NONE', #4557, #3923, #3700, .T. ) ;
#7 = EDGE_CURVE ( 'NONE', #1921, #4846, #3175, .T. ) ;
#8 = ORIENTED_EDGE ( 'NONE', *, *, #4825, .T. ) ;
#9 = CARTESIAN_POINT ( 'NONE',  ( 12.05865286883647336, -32.85709803054588463, -7.500000000000000000 ) ) ;
#10 = CARTESIAN_POINT ( 'NONE',  ( 38.04226065180618122, 12.36067977499779857, 7.500000000000000000 ) ) ;
#11 = CYLINDRICAL_SURFACE ( 'NONE', #3195, 35.00000000000000711 ) ;
#12 = CARTESIAN_POINT ( 'NONE',  ( -33.91913873459498774, -8.633552005409997676, 6.425211645992654930 ) ) ;
#13 = EDGE_CURVE ( 'NONE', #1047, #4496, #2070, .T. ) ;
#14 = ORIENTED_EDGE ( 'NONE', *, *, #46, .F. ) ;
#15 = CARTESIAN_POINT ( 'NONE',  ( -34.53443187575447837, 5.694020593959294274, 6.531040695676799679 ) ) ;
#16 = CIRCLE ( 'NONE', #1173, 35.00000000000000711 ) ;
#17 = LINE ( 'NONE', #1736, #3292 ) ;
#18 = CARTESIAN_POINT ( 'NONE',  ( 6.379706395764451088, 40.00000000000000000, -6.181324516535937619 ) ) ;
#19 = PLANE ( 'NONE',  #3132 ) ;
#20 = CARTESIAN_POINT ( 'NONE',  ( 4.615000253113260342, 34.69507119737018286, -6.196689755746668915 ) ) ;
#21 = ORIENTED_EDGE ( 'NONE', *, *, #126, .F. ) ;
#22 = DIRECTION ( 'NONE',  ( 0.000000000000000000, 0.000000000000000000, 1.000000000000000000 ) ) ;
#23 = VECTOR ( 'NONE', #3657, 1000.000000000000114 ) ;
#24 = CIRCLE ( 'NONE', #1896, 10.00000000000000000 ) ;
#25 = CARTESIAN_POINT ( 'NONE',  ( 35.07380240406781269, -19.25039222152311069, -0.7524306995458305281 ) ) ;
#26 = ORIENTED_EDGE ( 'NONE', *, *, #3656, .T. ) ;
#27 = DIRECTION ( 'NONE',  ( 0.8090169943749426773, -0.5877852522924796874, 0.000000000000000000 ) ) ;
#28 = CARTESIAN_POINT ( 'NONE',  ( -23.51141009169919371, -32.36067977499769910, 7.500000000000000000 ) ) ;
#29 = VERTEX_POINT ( 'NONE', #521 ) ;
#30 = FACE_OUTER_BOUND ( 'NONE', #3050, .T. ) ;
#31 =( BOUNDED_CURVE ( )  B_SPLINE_CURVE ( 3, ( #3413, #2552, #4244, #438 ),
 .UNSPECIFIED., .F., .F. ) 
 B_SPLINE_CURVE_WITH_KNOTS ( ( 4, 4 ),
 ( 1.754098410389749674, 1.766791262608477853 ),
 .UNSPECIFIED. ) 
 CURVE ( )  GEOMETRIC_REPRESENTATION_ITEM ( )  RATIONAL_B_SPLINE_CURVE ( ( 1.000000000000000000, 0.9999865743369418247, 0.9999865743369418247, 1.000000000000000000 ) ) 
 REPRESENTATION_ITEM ( '' )  );
#32 = EDGE_LOOP ( 'NONE', ( #4301, #3555, #4346, #1929 ) ) ;
#33 = DIRECTION ( 'NONE',  ( -0.8660254037844363761, 0.5000000000000041078, 2.213332160209487901E-16 ) ) ;
#34 = DIRECTION ( 'NONE',  ( 0.000000000000000000, 0.000000000000000000, 1.000000000000000000 ) ) ;
#35 = ORIENTED_EDGE ( 'NONE', *, *, #4989, .T. ) ;
#36 = DIRECTION ( 'NONE',  ( 1.000000000000000000, 0.000000000000000000, 0.000000000000000000 ) ) ;
#37 = CARTESIAN_POINT ( 'NONE',  ( 22.42575515467006397, 26.87164873510350560, -7.500000000000000000 ) ) ;
#38 = ORIENTED_EDGE ( 'NONE', *, *, #1943, .T. ) ;
#39 = DIRECTION ( 'NONE',  ( -0.7382173651457202279, 0.1569129449004831034, 0.6560590289905082750 ) ) ;
#40 = DIRECTION ( 'NONE',  ( 0.9510565162951543083, 0.3090169943749449533, 9.890408147403373073E-17 ) ) ;
#41 = DIRECTION ( 'NONE',  ( -0.8660254037844433705, -0.4999999999999920064, 0.000000000000000000 ) ) ;
#42 = CARTESIAN_POINT ( 'NONE',  ( -33.42937638412499268, -10.36710155098846897, 7.116933741779907230 ) ) ;
#43 = VERTEX_POINT ( 'NONE', #5184 ) ;
#44 = CARTESIAN_POINT ( 'NONE',  ( 24.38031330777119976, -25.11175666923593042, -7.500000000000000000 ) ) ;
#45 = VERTEX_POINT ( 'NONE', #3966 ) ;
#46 = EDGE_CURVE ( 'NONE', #5263, #2420, #4442, .T. ) ;
#47 = DIRECTION ( 'NONE',  ( 0.9945218953682744001, 0.1045284632676436454, -0.000000000000000000 ) ) ;
#48 = DIRECTION ( 'NONE',  ( 0.8090169943749426773, -0.5877852522924796874, 0.000000000000000000 ) ) ;
#49 = ADVANCED_FACE ( 'NONE', ( #3045 ), #2735, .F. ) ;
#50 = ORIENTED_EDGE ( 'NONE', *, *, #2051, .F. ) ;
#51 = EDGE_CURVE ( 'NONE', #390, #2803, #3696, .T. ) ;
#52 = VECTOR ( 'NONE', #4972, 1000.000000000000000 ) ;
#53 = CARTESIAN_POINT ( 'NONE',  ( -30.30497407446842217, 26.12197852590549729, -0.7524306995458345249 ) ) ;
#54 = VERTEX_POINT ( 'NONE', #1414 ) ;
#55 = CARTESIAN_POINT ( 'NONE',  ( 25.45693621010647334, 31.50627005043167728, 6.181324516535932290 ) ) ;
#56 = ORIENTED_EDGE ( 'NONE', *, *, #3190, .F. ) ;
#57 = APPLICATION_CONTEXT ( 'automotive_design' ) ;
#58 = DIRECTION ( 'NONE',  ( 0.2079116908177663925, 0.9781476007338042455, 2.161154269394042529E-17 ) ) ;
#59 = ORIENTED_EDGE ( 'NONE', *, *, #1121, .T. ) ;
#60 = DIRECTION ( 'NONE',  ( 1.000000000000000000, 0.000000000000000000, 0.000000000000000000 ) ) ;
#61 = LINE ( 'NONE', #4774, #4868 ) ;
#62 = ORIENTED_EDGE ( 'NONE', *, *, #3846, .F. ) ;
#63 = CARTESIAN_POINT ( 'NONE',  ( -33.89074050185992348, -8.743212110569430706, 2.484073212054713764 ) ) ;
#64 = DIRECTION ( 'NONE',  ( 0.000000000000000000, 0.000000000000000000, 1.000000000000000000 ) ) ;
#65 = ORIENTED_EDGE ( 'NONE', *, *, #785, .F. ) ;
#66 = CARTESIAN_POINT ( 'NONE',  ( 0.000000000000000000, 0.000000000000000000, -7.500000000000000000 ) ) ;
#67 =( BOUNDED_CURVE ( )  B_SPLINE_CURVE ( 3, ( #2042, #3918, #2256, #5220 ),
 .UNSPECIFIED., .F., .F. ) 
 B_SPLINE_CURVE_WITH_KNOTS ( ( 4, 4 ),
 ( 4.572974245177897856, 4.769853937967570623 ),
 .UNSPECIFIED. ) 
 CURVE ( )  GEOMETRIC_REPRESENTATION_ITEM ( )  RATIONAL_B_SPLINE_CURVE ( ( 1.000000000000000000, 0.9967724731469831401, 0.9967724731469831401, 1.000000000000000000 ) ) 
 REPRESENTATION_ITEM ( '' )  );
#68 = CARTESIAN_POINT ( 'NONE',  ( -34.96092949315449516, -1.653302445011402000, -4.060590289905077199 ) ) ;
#69 = CARTESIAN_POINT ( 'NONE',  ( 25.87350147395218514, 23.68237528735512498, -1.418366989929919386 ) ) ;
#70 = ORIENTED_EDGE ( 'NONE', *, *, #751, .T. ) ;
#71 = CARTESIAN_POINT ( 'NONE',  ( -33.55826809660387511, -9.941963707259235505, 6.181324516535935842 ) ) ;
#72 = LINE ( 'NONE', #3485, #2943 ) ;
#73 = CIRCLE ( 'NONE', #774, 9.999999999999998224 ) ;
#74 = LINE ( 'NONE', #1764, #1873 ) ;
#75 = ORIENTED_EDGE ( 'NONE', *, *, #4394, .F. ) ;
#76 = CARTESIAN_POINT ( 'NONE',  ( -37.83086934925988487, -14.47501219258160532, -6.181324516535857683 ) ) ;
#77 = CARTESIAN_POINT ( 'NONE',  ( 26.31957627153422763, -23.08964431380326587, 7.374970462211829059 ) ) ;
#78 = ORIENTED_EDGE ( 'NONE', *, *, #5125, .T. ) ;
#79 = EDGE_CURVE ( 'NONE', #3740, #2882, #4166, .T. ) ;
#80 = DIRECTION ( 'NONE',  ( 0.5877852522924689183, -0.8090169943749504489, 0.000000000000000000 ) ) ;
#81 = ORIENTED_EDGE ( 'NONE', *, *, #3031, .T. ) ;
#82 = EDGE_CURVE ( 'NONE', #1034, #4945, #1611, .T. ) ;
#83 = EDGE_CURVE ( 'NONE', #4055, #1998, #1056, .T. ) ;
#84 = FACE_OUTER_BOUND ( 'NONE', #3308, .T. ) ;
#85 = ORIENTED_EDGE ( 'NONE', *, *, #239, .T. ) ;
#86 = CARTESIAN_POINT ( 'NONE',  ( -29.06857275563976728, 19.49405237373897748, -7.500000000000000000 ) ) ;
#87 = DIRECTION ( 'NONE',  ( 0.1045284632676571207, 0.9945218953682729568, 0.000000000000000000 ) ) ;
#88 = ORIENTED_EDGE ( 'NONE', *, *, #1669, .F. ) ;
#89 = VECTOR ( 'NONE', #4164, 999.9999999999998863 ) ;
#90 = CARTESIAN_POINT ( 'NONE',  ( 30.07287676292399681, 17.90592313180157902, -7.116933741779884137 ) ) ;
#91 = DIRECTION ( 'NONE',  ( -1.000000000000000000, 0.000000000000000000, 0.000000000000000000 ) ) ;
#92 = ORIENTED_EDGE ( 'NONE', *, *, #621, .T. ) ;
#93 = CARTESIAN_POINT ( 'NONE',  ( -13.07390791440831279, -38.11467888072402133, -3.846916844037803873 ) ) ;
#94 = VECTOR ( 'NONE', #2817, 1000.000000000000114 ) ;
#95 = FACE_OUTER_BOUND ( 'NONE', #2188, .T. ) ;
#96 = DIRECTION ( 'NONE',  ( -0.6691306063588570163, 0.7431448254773953543, 0.000000000000000000 ) ) ;
#97 = ORIENTED_EDGE ( 'NONE', *, *, #1042, .F. ) ;
#98 = FACE_OUTER_BOUND ( 'NONE', #3553, .T. ) ;
#99 = CARTESIAN_POINT ( 'NONE',  ( 27.58493545433159966, -21.54231500977461522, -3.846916844037864269 ) ) ;
#100 = AXIS2_PLACEMENT_3D ( 'NONE', #1547, #1165, #4932 ) ;
#101 = CARTESIAN_POINT ( 'NONE',  ( -30.07287676292375522, 17.90592313180197692, 7.116933741779897460 ) ) ;
#102 = CIRCLE ( 'NONE', #3914, 9.999999999999998224 ) ;
#103 = EDGE_LOOP ( 'NONE', ( #1194, #4065, #4594, #701 ) ) ;
#104 = DIRECTION ( 'NONE',  ( -0.07888863263405471171, 0.7505752021757452486, 0.6560590289905082750 ) ) ;
#105 = DIRECTION ( 'NONE',  ( -0.4067366430757887730, 0.9135454576426059736, -5.515444202426963635E-17 ) ) ;
#106 = CARTESIAN_POINT ( 'NONE',  ( 30.51862899782283733, -17.28890574521656731, -1.418366989929915167 ) ) ;
#107 = CARTESIAN_POINT ( 'NONE',  ( -19.82544451219994031, 28.84357380585286634, 6.181324516535899427 ) ) ;
#108 = ORIENTED_EDGE ( 'NONE', *, *, #3261, .T. ) ;
#109 = EDGE_CURVE ( 'NONE', #5268, #2181, #1024, .T. ) ;
#110 = DIRECTION ( 'NONE',  ( 0.2332180861064265254, 0.7177714641812441565, 0.6560590289905082750 ) ) ;
#111 = EDGE_LOOP ( 'NONE', ( #3494, #931, #3348, #3294 ) ) ;
#112 = CARTESIAN_POINT ( 'NONE',  ( 34.53443187575456363, 5.694020593958862619, -6.531040695676799679 ) ) ;
#113 = ORIENTED_EDGE ( 'NONE', *, *, #2755, .F. ) ;
#114 = VECTOR ( 'NONE', #1221, 1000.000000000000000 ) ;
#115 = CARTESIAN_POINT ( 'NONE',  ( 9.895744271843177842, 33.57261440568940003, 6.196689755746681350 ) ) ;
#116 = AXIS2_PLACEMENT_3D ( 'NONE', #3908, #4737, #4409 ) ;
#117 = ADVANCED_FACE ( 'NONE', ( #1153 ), #4974, .T. ) ;
#118 = CARTESIAN_POINT ( 'NONE',  ( -21.30546954598859344, 27.76827267629287732, -6.181324516535871005 ) ) ;
#119 = DIRECTION ( 'NONE',  ( -0.9510565162951504226, 0.3090169943749573878, 0.000000000000000000 ) ) ;
#120 = VECTOR ( 'NONE', #2013, 1000.000000000000227 ) ;
#121 = ORIENTED_EDGE ( 'NONE', *, *, #2043, .T. ) ;
#122 = DIRECTION ( 'NONE',  ( 0.4226182617407003295, 0.000000000000000000, -0.9063077870366496036 ) ) ;
#123 = VECTOR ( 'NONE', #1767, 999.9999999999998863 ) ;
#124 = ADVANCED_FACE ( 'NONE', ( #3284 ), #3257, .T. ) ;
#125 = VECTOR ( 'NONE', #3506, 1000.000000000000000 ) ;
#126 = EDGE_CURVE ( 'NONE', #1695, #396, #1575, .T. ) ;
#127 = DIRECTION ( 'NONE',  ( 0.7431448254773954654, 0.6691306063588569053, 0.000000000000000000 ) ) ;
#128 = LINE ( 'NONE', #1823, #1450 ) ;
#129 = ORIENTED_EDGE ( 'NONE', *, *, #4890, .T. ) ;
#130 = DIRECTION ( 'NONE',  ( -0.5877852522924690293, 0.8090169943749504489, -8.791951570848402634E-18 ) ) ;
#131 = CARTESIAN_POINT ( 'NONE',  ( -33.42937638412499268, -10.36710155098846897, 7.116933741779907230 ) ) ;
#132 = CARTESIAN_POINT ( 'NONE',  ( 22.50323929324047967, 26.80679431247157396, 3.846916844037852279 ) ) ;
#133 = ORIENTED_EDGE ( 'NONE', *, *, #2545, .F. ) ;
#134 =( BOUNDED_CURVE ( )  B_SPLINE_CURVE ( 3, ( #202, #279, #5309, #1903 ),
 .UNSPECIFIED., .F., .F. ) 
 B_SPLINE_CURVE_WITH_KNOTS ( ( 4, 4 ),
 ( 4.895691063979542790, 4.908383916198270747 ),
 .UNSPECIFIED. ) 
 CURVE ( )  GEOMETRIC_REPRESENTATION_ITEM ( )  RATIONAL_B_SPLINE_CURVE ( ( 1.000000000000000000, 0.9999865743369418247, 0.9999865743369418247, 1.000000000000000000 ) ) 
 REPRESENTATION_ITEM ( '' )  );
#135 = CARTESIAN_POINT ( 'NONE',  ( -29.72579301909545180, 26.76522425435468477, 7.500000000000000000 ) ) ;
#136 = CARTESIAN_POINT ( 'NONE',  ( 31.58637079250196322, -15.25103792967268923, 1.226003498143968251 ) ) ;
#137 = CARTESIAN_POINT ( 'NONE',  ( -11.96374522200462032, -32.89177405162212153, -3.846916844037805205 ) ) ;
#138 = EDGE_LOOP ( 'NONE', ( #3424, #1404, #3682, #5133 ) ) ;
#139 = ORIENTED_EDGE ( 'NONE', *, *, #2375, .T. ) ;
#140 = CARTESIAN_POINT ( 'NONE',  ( 34.18576345041484643, 7.550568661896200240, -5.425564169306128726 ) ) ;
#141 = CARTESIAN_POINT ( 'NONE',  ( 8.169140914312201573, 34.03329453229751067, 6.181324516535968705 ) ) ;
#142 = ORIENTED_EDGE ( 'NONE', *, *, #400, .T. ) ;
#143 = CARTESIAN_POINT ( 'NONE',  ( -19.82544451219994031, 28.84357380585286634, 6.181324516535899427 ) ) ;
#144 = ORIENTED_EDGE ( 'NONE', *, *, #2089, .F. ) ;
#145 = CARTESIAN_POINT ( 'NONE',  ( 14.66436101729183683, -31.77981302579567569, -7.116933741779874367 ) ) ;
#146 = FACE_OUTER_BOUND ( 'NONE', #2063, .T. ) ;
#147 = PLANE ( 'NONE',  #4430 ) ;
#148 = EDGE_CURVE ( 'NONE', #2719, #4303, #1588, .T. ) ;
#149 = ORIENTED_EDGE ( 'NONE', *, *, #3031, .F. ) ;
#150 = EDGE_CURVE ( 'NONE', #4922, #1917, #372, .T. ) ;
#151 = CARTESIAN_POINT ( 'NONE',  ( -29.11231336696015859, 19.42985854685343838, 6.425211645992659371 ) ) ;
#152 = VECTOR ( 'NONE', #4681, 1000.000000000000114 ) ;
#153 = PLANE ( 'NONE',  #975 ) ;
#154 = EDGE_CURVE ( 'NONE', #943, #4549, #1104, .T. ) ;
#155 = LINE ( 'NONE', #5262, #564 ) ;
#156 = CARTESIAN_POINT ( 'NONE',  ( -3.661408334766635964, -1.623443297273436725, -2.430951445218589413 ) ) ;
#157 = CARTESIAN_POINT ( 'NONE',  ( 34.28657929784582592, 21.69995793571323617, -7.116933741779893019 ) ) ;
#158 = CARTESIAN_POINT ( 'NONE',  ( 32.98850081852323513, -11.70368757111318558, 6.986545299580311230 ) ) ;
#159 = CARTESIAN_POINT ( 'NONE',  ( -23.33073613031937654, 33.86765446807387292, 2.500000000000000444 ) ) ;
#160 = VERTEX_POINT ( 'NONE', #5397 ) ;
#161 = DIRECTION ( 'NONE',  ( 0.000000000000000000, 0.000000000000000000, 1.000000000000000000 ) ) ;
#162 = ORIENTED_EDGE ( 'NONE', *, *, #1105, .F. ) ;
#163 = CARTESIAN_POINT ( 'NONE',  ( 34.70095639915666652, 4.589238934699985784, -6.986545299580307677 ) ) ;
#164 = PLANE ( 'NONE',  #3463 ) ;
#165 = ORIENTED_EDGE ( 'NONE', *, *, #1633, .T. ) ;
#166 = DIRECTION ( 'NONE',  ( 0.000000000000000000, 0.000000000000000000, 1.000000000000000000 ) ) ;
#167 = VERTEX_POINT ( 'NONE', #4456 ) ;
#168 = CARTESIAN_POINT ( 'NONE',  ( 18.37153247539642464, -29.79764700713034031, -4.798630682669623226 ) ) ;
#169 = DIRECTION ( 'NONE',  ( -0.3090169943749575543, -0.9510565162951503115, 0.000000000000000000 ) ) ;
#170 = CARTESIAN_POINT ( 'NONE',  ( -13.81808390124110275, 37.63324381140920849, 10.40750713394290194 ) ) ;
#171 = PLANE ( 'NONE',  #3831 ) ;
#172 = LINE ( 'NONE', #5282, #4067 ) ;
#173 = EDGE_CURVE ( 'NONE', #1663, #1749, #4140, .T. ) ;
#174 = DIRECTION ( 'NONE',  ( 0.9510565162951544194, 0.3090169943749448977, -0.000000000000000000 ) ) ;
#175 = AXIS2_PLACEMENT_3D ( 'NONE', #4789, #1411, #991 ) ;
#176 = CARTESIAN_POINT ( 'NONE',  ( -3.477582194506943836, -1.986932614310034984, -2.292559155000216009 ) ) ;
#177 = CARTESIAN_POINT ( 'NONE',  ( 8.316467632710130786, -39.12590402935227729, 7.500000000000000000 ) ) ;
#178 = VECTOR ( 'NONE', #577, 1000.000000000000114 ) ;
#179 = CARTESIAN_POINT ( 'NONE',  ( -4.000000000000000000, 2.861519261691602695E-15, 2.275566573465935161 ) ) ;
#180 = EDGE_CURVE ( 'NONE', #2465, #1070, #2860, .T. ) ;
#181 = EDGE_CURVE ( 'NONE', #2739, #1284, #5348, .T. ) ;
#182 = EDGE_LOOP ( 'NONE', ( #2471, #3752, #3667, #1114, #35, #121, #3400, #4467, #1791, #2811, #194, #3645, #3796, #5154 ) ) ;
#183 = CARTESIAN_POINT ( 'NONE',  ( -9.163125302109964565, -38.94594138623309476, 0.7524306995458346359 ) ) ;
#184 =( LENGTH_UNIT ( ) NAMED_UNIT ( * ) SI_UNIT ( .MILLI., .METRE. ) );
#185 = ORIENTED_EDGE ( 'NONE', *, *, #5055, .T. ) ;
#186 = CARTESIAN_POINT ( 'NONE',  ( -34.89198990789989807, 2.747551685958297796, -6.181324516535938507 ) ) ;
#187 = B_SPLINE_CURVE_WITH_KNOTS ( 'NONE', 3,
 ( #1237, #2537, #420, #3337 ),
 .UNSPECIFIED., .F., .F.,
 ( 4, 4 ),
 ( 0.000000000000000000, 0.002845522393967942539 ),
 .UNSPECIFIED. ) ;
#188 = ORIENTED_EDGE ( 'NONE', *, *, #1742, .T. ) ;
#189 = LINE ( 'NONE', #2743, #351 ) ;
#190 = EDGE_CURVE ( 'NONE', #2719, #5472, #2369, .T. ) ;
#191 = ORIENTED_EDGE ( 'NONE', *, *, #3027, .T. ) ;
#192 = AXIS2_PLACEMENT_3D ( 'NONE', #1398, #950, #631 ) ;
#193 = CARTESIAN_POINT ( 'NONE',  ( -34.64101615137773393, -19.99999999999967670, -7.500000000000000000 ) ) ;
#194 = ORIENTED_EDGE ( 'NONE', *, *, #46, .T. ) ;
#195 = AXIS2_PLACEMENT_3D ( 'NONE', #3249, #1532, #2809 ) ;
#196 = DIRECTION ( 'NONE',  ( -0.2027333892711998820, -0.6239492145956917479, 0.7547095802227712369 ) ) ;
#197 = CARTESIAN_POINT ( 'NONE',  ( -29.23280655037183706, 19.24816554100926425, 6.531040695676808561 ) ) ;
#198 = AXIS2_PLACEMENT_3D ( 'NONE', #2819, #4489, #5405 ) ;
#199 = CARTESIAN_POINT ( 'NONE',  ( 25.69286149883166814, -23.76713840582946702, 7.116933741779897460 ) ) ;
#200 = VECTOR ( 'NONE', #2841, 1000.000000000000114 ) ;
#201 = DIRECTION ( 'NONE',  ( 0.5877852522924689183, -0.8090169943749505599, 0.000000000000000000 ) ) ;
#202 = CARTESIAN_POINT ( 'NONE',  ( 33.55826809660374010, -9.941963707259686700, -6.181324516535940283 ) ) ;
#203 =( BOUNDED_CURVE ( )  B_SPLINE_CURVE ( 3, ( #2393, #2832, #4580, #4160 ),
 .UNSPECIFIED., .F., .F. ) 
 B_SPLINE_CURVE_WITH_KNOTS ( ( 4, 4 ),
 ( 1.431381591588105406, 1.628261284377777507 ),
 .UNSPECIFIED. ) 
 CURVE ( )  GEOMETRIC_REPRESENTATION_ITEM ( )  RATIONAL_B_SPLINE_CURVE ( ( 1.000000000000000000, 0.9967724731469831401, 0.9967724731469831401, 1.000000000000000000 ) ) 
 REPRESENTATION_ITEM ( '' )  );
#204 = CARTESIAN_POINT ( 'NONE',  ( -3.839779332068152140, -1.125816733965767646, -2.500528640065559305 ) ) ;
#205 = DIRECTION ( 'NONE',  ( 0.7431448254773954654, 0.6691306063588569053, -1.255587870214664394E-17 ) ) ;
#206 = CARTESIAN_POINT ( 'NONE',  ( -15.06654539569986717, -31.59112549181045182, 6.181324516535948277 ) ) ;
#207 = ADVANCED_FACE ( 'NONE', ( #310 ), #3671, .F. ) ;
#208 = EDGE_LOOP ( 'NONE', ( #3234, #3432, #1140, #4587, #2171 ) ) ;
#209 = EDGE_CURVE ( 'NONE', #4267, #2675, #4036, .T. ) ;
#210 = CARTESIAN_POINT ( 'NONE',  ( 32.46913736165827657, 13.26831175257435902, 1.226003498143945158 ) ) ;
#211 = CYLINDRICAL_SURFACE ( 'NONE', #677, 2.500000000000000444 ) ;
#212 = ORIENTED_EDGE ( 'NONE', *, *, #5435, .F. ) ;
#213 = EDGE_CURVE ( 'NONE', #5387, #1540, #24, .T. ) ;
#214 = ORIENTED_EDGE ( 'NONE', *, *, #4695, .F. ) ;
#215 = DIRECTION ( 'NONE',  ( -0.000000000000000000, -0.000000000000000000, -1.000000000000000000 ) ) ;
#216 = DIRECTION ( 'NONE',  ( 0.9510565162951545304, 0.3090169943749449533, 0.000000000000000000 ) ) ;
#217 = VERTEX_POINT ( 'NONE', #1513 ) ;
#218 = CARTESIAN_POINT ( 'NONE',  ( -39.99099545634403086, -2.181983681408293130, -4.060590289905081640 ) ) ;
#219 = VERTEX_POINT ( 'NONE', #3723 ) ;
#220 = CARTESIAN_POINT ( 'NONE',  ( -35.00000000000000711, -1.221657921071612118E-16, -5.574933786402038294 ) ) ;
#221 = CARTESIAN_POINT ( 'NONE',  ( 18.72084754482244406, 35.45039279999903670, 10.40750713394298188 ) ) ;
#222 = EDGE_LOOP ( 'NONE', ( #5395, #3324, #468, #1925, #554, #5362, #581, #5326 ) ) ;
#223 = AXIS2_PLACEMENT_3D ( 'NONE', #2758, #649, #2367 ) ;
#224 = FACE_OUTER_BOUND ( 'NONE', #4907, .T. ) ;
#225 = LINE ( 'NONE', #3611, #1947 ) ;
#226 = LINE ( 'NONE', #2754, #1500 ) ;
#227 = AXIS2_PLACEMENT_3D ( 'NONE', #1496, #1602, #3654 ) ;
#228 = DIRECTION ( 'NONE',  ( -0.4067366430757888285, 0.9135454576426059736, 0.000000000000000000 ) ) ;
#229 = ADVANCED_FACE ( 'NONE', ( #231 ), #707, .F. ) ;
#230 = CARTESIAN_POINT ( 'NONE',  ( 12.13177195147059351, -32.83087421992190258, 6.425211645992653153 ) ) ;
#231 = FACE_OUTER_BOUND ( 'NONE', #1029, .T. ) ;
#232 =( BOUNDED_CURVE ( )  B_SPLINE_CURVE ( 3, ( #749, #2466, #2356, #3296 ),
 .UNSPECIFIED., .F., .F. ) 
 B_SPLINE_CURVE_WITH_KNOTS ( ( 4, 4 ),
 ( 4.572974245177896968, 4.769853937967571511 ),
 .UNSPECIFIED. ) 
 CURVE ( )  GEOMETRIC_REPRESENTATION_ITEM ( )  RATIONAL_B_SPLINE_CURVE ( ( 1.000000000000000000, 0.9967724731469831401, 0.9967724731469831401, 1.000000000000000000 ) ) 
 REPRESENTATION_ITEM ( '' )  );
#233 = VERTEX_POINT ( 'NONE', #4115 ) ;
#234 = FACE_OUTER_BOUND ( 'NONE', #4133, .T. ) ;
#235 = EDGE_CURVE ( 'NONE', #4802, #43, #1976, .T. ) ;
#236 = DIRECTION ( 'NONE',  ( -0.3090169943749573322, -0.9510565162951503115, 0.000000000000000000 ) ) ;
#237 = CARTESIAN_POINT ( 'NONE',  ( -17.74499939949080485, -30.17933906032070013, 5.425564169306132278 ) ) ;
#238 = LINE ( 'NONE', #1625, #4258 ) ;
#239 = EDGE_CURVE ( 'NONE', #1383, #570, #5205, .T. ) ;
#240 = ADVANCED_FACE ( 'NONE', ( #4291 ), #4227, .T. ) ;
#241 = ORIENTED_EDGE ( 'NONE', *, *, #83, .F. ) ;
#242 = DIRECTION ( 'NONE',  ( 0.5000000000000039968, 0.8660254037844363761, 0.000000000000000000 ) ) ;
#243 = EDGE_LOOP ( 'NONE', ( #1908, #2088, #1309, #498 ) ) ;
#244 = EDGE_CURVE ( 'NONE', #3912, #5472, #2072, .T. ) ;
#245 = CARTESIAN_POINT ( 'NONE',  ( -29.25577289386348312, -19.21196898765671790, 4.060590289905079864 ) ) ;
#246 = ORIENTED_EDGE ( 'NONE', *, *, #1236, .F. ) ;
#247 = EDGE_CURVE ( 'NONE', #2453, #1421, #1671, .T. ) ;
#248 = CARTESIAN_POINT ( 'NONE',  ( -30.75788893904947940, 16.70186420771939950, -6.181324516535946501 ) ) ;
#249 = CYLINDRICAL_SURFACE ( 'NONE', #4085, 35.00000000000000711 ) ;
#250 = B_SPLINE_CURVE_WITH_KNOTS ( 'NONE', 3,
 ( #1769, #5152, #1652, #3968 ),
 .UNSPECIFIED., .F., .F.,
 ( 4, 4 ),
 ( 4.264003256620890617E-17, 0.002794378677442442126 ),
 .UNSPECIFIED. ) ;
#251 = CARTESIAN_POINT ( 'NONE',  ( -3.682862765350802814, 1.563430172519711503, -0.4913463998071900818 ) ) ;
#252 = ORIENTED_EDGE ( 'NONE', *, *, #4756, .T. ) ;
#253 = PLANE ( 'NONE',  #1030 ) ;
#254 = AXIS2_PLACEMENT_3D ( 'NONE', #3538, #5231, #1433 ) ;
#255 = DIRECTION ( 'NONE',  ( 0.4067366430757888285, -0.9135454576426059736, 4.667050983438678457E-17 ) ) ;
#256 = CARTESIAN_POINT ( 'NONE',  ( 19.49328834727996806, 29.07187920452958352, -5.331456580176157978 ) ) ;
#257 = CIRCLE ( 'NONE', #5500, 10.00000000000000000 ) ;
#258 = EDGE_LOOP ( 'NONE', ( #59, #1448, #1464, #1934, #311, #1510, #4339, #2909 ) ) ;
#259 = FACE_OUTER_BOUND ( 'NONE', #4369, .T. ) ;
#260 = CARTESIAN_POINT ( 'NONE',  ( -25.49105710050537965, -23.98390995750658305, -6.493572096533692495 ) ) ;
#261 = CARTESIAN_POINT ( 'NONE',  ( 1.031945805364347546, -41.11297064681929214, -2.500000000000000444 ) ) ;
#262 = DIRECTION ( 'NONE',  ( -0.4226182617406999409, 0.000000000000000000, 0.9063077870366496036 ) ) ;
#263 = CARTESIAN_POINT ( 'NONE',  ( -34.70076432987713133, 4.566941528236164949, 6.181324516535877223 ) ) ;
#264 =( BOUNDED_CURVE ( )  B_SPLINE_CURVE ( 3, ( #5289, #210, #2638, #5318 ),
 .UNSPECIFIED., .F., .F. ) 
 B_SPLINE_CURVE_WITH_KNOTS ( ( 4, 4 ),
 ( 4.572974245177897856, 4.769853937967570623 ),
 .UNSPECIFIED. ) 
 CURVE ( )  GEOMETRIC_REPRESENTATION_ITEM ( )  RATIONAL_B_SPLINE_CURVE ( ( 1.000000000000000000, 0.9967724731469831401, 0.9967724731469831401, 1.000000000000000000 ) ) 
 REPRESENTATION_ITEM ( '' )  );
#265 = LINE ( 'NONE', #2848, #3557 ) ;
#266 = CIRCLE ( 'NONE', #3120, 10.00000000000000178 ) ;
#267 = ORIENTED_EDGE ( 'NONE', *, *, #1438, .T. ) ;
#268 = ADVANCED_FACE ( 'NONE', ( #1263 ), #3008, .T. ) ;
#269 = CARTESIAN_POINT ( 'NONE',  ( -23.97254876767460274, -25.50214206580147902, -6.073605354730918116 ) ) ;
#270 = EDGE_LOOP ( 'NONE', ( #3030, #429, #2744, #4299 ) ) ;
#271 = CARTESIAN_POINT ( 'NONE',  ( 20.06898283158726670, 28.67503891987706766, -6.805446025395974985 ) ) ;
#272 = EDGE_CURVE ( 'NONE', #5438, #2081, #3336, .T. ) ;
#273 = AXIS2_PLACEMENT_3D ( 'NONE', #536, #2236, #122 ) ;
#274 = FACE_OUTER_BOUND ( 'NONE', #689, .T. ) ;
#275 = CARTESIAN_POINT ( 'NONE',  ( 28.87150054760741824, 19.78592047028203638, -6.196689755746676909 ) ) ;
#276 = ORIENTED_EDGE ( 'NONE', *, *, #4793, .F. ) ;
#277 = ADVANCED_FACE ( 'NONE', ( #1701 ), #2535, .T. ) ;
#278 = ADVANCED_FACE ( 'NONE', ( #2186 ), #813, .T. ) ;
#279 = CARTESIAN_POINT ( 'NONE',  ( 33.51620385553199100, -10.08394803960392316, -6.493572096533737792 ) ) ;
#280 = CARTESIAN_POINT ( 'NONE',  ( 25.00045951794770716, 32.65452941695672706, 2.500000000000000444 ) ) ;
#281 = ORIENTED_EDGE ( 'NONE', *, *, #1469, .F. ) ;
#282 = AXIS2_PLACEMENT_3D ( 'NONE', #4007, #2316, #3587 ) ;
#283 = FACE_OUTER_BOUND ( 'NONE', #103, .T. ) ;
#284 = AXIS2_PLACEMENT_3D ( 'NONE', #4584, #4998, #5024 ) ;
#285 = CARTESIAN_POINT ( 'NONE',  ( -18.62651717862968326, 29.63195669870982485, -7.500000000000000000 ) ) ;
#286 = DIRECTION ( 'NONE',  ( 0.8279533620734534916, 0.3686285868927338116, 0.4226182617407004405 ) ) ;
#287 = ORIENTED_EDGE ( 'NONE', *, *, #2662, .F. ) ;
#288 = CARTESIAN_POINT ( 'NONE',  ( -8.632157830810617938, 33.92169325381932765, -6.823943630429763374 ) ) ;
#289 = CARTESIAN_POINT ( 'NONE',  ( -33.07937722485787191, -11.43485152631801860, 0.3289357989817901506 ) ) ;
#290 = LINE ( 'NONE', #3675, #3742 ) ;
#291 = CARTESIAN_POINT ( 'NONE',  ( -33.26910956927814311, 11.11122523581895827, 1.418366989929934707 ) ) ;
#292 = CARTESIAN_POINT ( 'NONE',  ( -18.91226666409658463, -29.45040185848237257, 4.060590289905086969 ) ) ;
#293 = CARTESIAN_POINT ( 'NONE',  ( -8.635672279239001270, 33.93144448909487210, 7.500000000000000000 ) ) ;
#294 = ORIENTED_EDGE ( 'NONE', *, *, #967, .T. ) ;
#295 = DIRECTION ( 'NONE',  ( 0.8090169943749426773, -0.5877852522924796874, 0.000000000000000000 ) ) ;
#296 = ORIENTED_EDGE ( 'NONE', *, *, #1469, .T. ) ;
#297 = CARTESIAN_POINT ( 'NONE',  ( 9.163125302109426329, -38.94594138623321555, -0.7524306995458237557 ) ) ;
#298 = CARTESIAN_POINT ( 'NONE',  ( 6.379706395764451976, 34.41365058089366613, -6.181324516535939395 ) ) ;
#299 = DIRECTION ( 'NONE',  ( 0.8090169943749426773, -0.5877852522924796874, 0.000000000000000000 ) ) ;
#300 = CARTESIAN_POINT ( 'NONE',  ( 29.23280655037210352, 19.24816554100888766, -6.531040695676803232 ) ) ;
#301 = ORIENTED_EDGE ( 'NONE', *, *, #2016, .F. ) ;
#302 = ADVANCED_FACE ( 'NONE', ( #4701 ), #2159, .F. ) ;
#303 = CARTESIAN_POINT ( 'NONE',  ( -0.9147057750823108790, -34.98804529185692758, 6.181324516535918967 ) ) ;
#304 = DIRECTION ( 'NONE',  ( 0.4067366430758009299, 0.9135454576426004225, -0.000000000000000000 ) ) ;
#305 = EDGE_CURVE ( 'NONE', #2069, #4518, #4028, .T. ) ;
#306 = EDGE_CURVE ( 'NONE', #217, #4446, #2979, .T. ) ;
#307 = ORIENTED_EDGE ( 'NONE', *, *, #3068, .F. ) ;
#308 = CARTESIAN_POINT ( 'NONE',  ( -6.350227846092847628, -39.54384119781446572, 4.060590289905088746 ) ) ;
#309 = ORIENTED_EDGE ( 'NONE', *, *, #1880, .T. ) ;
#310 = FACE_OUTER_BOUND ( 'NONE', #1887, .T. ) ;
#311 = ORIENTED_EDGE ( 'NONE', *, *, #623, .T. ) ;
#312 = CARTESIAN_POINT ( 'NONE',  ( -0.2866829199192895139, 35.07436087339527830, -1.418366989929921607 ) ) ;
#313 = LINE ( 'NONE', #1214, #4089 ) ;
#314 = AXIS2_PLACEMENT_3D ( 'NONE', #1870, #1426, #5195 ) ;
#315 = CARTESIAN_POINT ( 'NONE',  ( -27.93026703720888904, 28.75935788053882902, 10.40750713394290727 ) ) ;
#316 = CARTESIAN_POINT ( 'NONE',  ( -33.85320839637717683, 8.885959783358121200, 4.060590289905089634 ) ) ;
#317 = FACE_OUTER_BOUND ( 'NONE', #1840, .T. ) ;
#318 = CARTESIAN_POINT ( 'NONE',  ( 8.730993794915686834, 3.887288888747167270, 2.500000000000000444 ) ) ;
#319 = EDGE_LOOP ( 'NONE', ( #4607, #1297, #3085, #3042 ) ) ;
#320 = CARTESIAN_POINT ( 'NONE',  ( -24.12686481086507229, -25.35627313161502272, -6.196689755746670691 ) ) ;
#321 = VERTEX_POINT ( 'NONE', #5480 ) ;
#322 = CARTESIAN_POINT ( 'NONE',  ( -34.96092949315449516, -1.653302445011402000, -4.060590289905077199 ) ) ;
#323 = ORIENTED_EDGE ( 'NONE', *, *, #894, .T. ) ;
#324 = AXIS2_PLACEMENT_3D ( 'NONE', #318, #2822, #4514 ) ;
#325 = APPLICATION_CONTEXT ( 'automotive_design' ) ;
#326 = CARTESIAN_POINT ( 'NONE',  ( 34.64101615137744972, -20.00000000000015987, -7.500000000000000000 ) ) ;
#327 = CARTESIAN_POINT ( 'NONE',  ( -16.34876867560819846, -30.94701541007554013, -7.500000000000000000 ) ) ;
#328 = ORIENTED_EDGE ( 'NONE', *, *, #4831, .F. ) ;
#329 = ORIENTED_EDGE ( 'NONE', *, *, #453, .F. ) ;
#330 = ADVANCED_FACE ( 'NONE', ( #5113 ), #5054, .F. ) ;
#331 = CARTESIAN_POINT ( 'NONE',  ( 20.95130420542398042, 28.03645576908365555, 7.116933741779887690 ) ) ;
#332 = ORIENTED_EDGE ( 'NONE', *, *, #4582, .T. ) ;
#333 = CARTESIAN_POINT ( 'NONE',  ( -26.87501693343202547, -22.42534093164923803, 5.331456580176237026 ) ) ;
#334 = DIRECTION ( 'NONE',  ( 0.9781476007338042455, -0.2079116908177663647, 0.000000000000000000 ) ) ;
#335 = CARTESIAN_POINT ( 'NONE',  ( -32.51583421452924227, -12.95247922446010769, -6.425211645992646048 ) ) ;
#336 = AXIS2_PLACEMENT_3D ( 'NONE', #5227, #568, #3477 ) ;
#337 = VERTEX_POINT ( 'NONE', #845 ) ;
#338 = DIRECTION ( 'NONE',  ( -1.000000000000000000, 0.000000000000000000, 0.000000000000000000 ) ) ;
#339 = CARTESIAN_POINT ( 'NONE',  ( 34.85430591650460741, 3.190197341656602958, 7.116933741779905453 ) ) ;
#340 = DIRECTION ( 'NONE',  ( 0.9781476007338042455, -0.2079116908177663647, 0.000000000000000000 ) ) ;
#341 = EDGE_CURVE ( 'NONE', #2069, #1813, #5342, .T. ) ;
#342 = LINE ( 'NONE', #768, #5060 ) ;
#343 = AXIS2_PLACEMENT_3D ( 'NONE', #1648, #4591, #2075 ) ;
#344 = EDGE_CURVE ( 'NONE', #2770, #943, #5011, .T. ) ;
#345 = FACE_OUTER_BOUND ( 'NONE', #4659, .T. ) ;
#346 = EDGE_LOOP ( 'NONE', ( #1807, #3088, #85, #853 ) ) ;
#347 = CIRCLE ( 'NONE', #2229, 10.00000000000000000 ) ;
#348 = CARTESIAN_POINT ( 'NONE',  ( -26.51706461506566725, -22.84441317152711548, 6.493572096533765325 ) ) ;
#349 = ORIENTED_EDGE ( 'NONE', *, *, #651, .F. ) ;
#350 = DIRECTION ( 'NONE',  ( -0.3280295144952487529, 0.5681637854879345584, -0.7547095802227713479 ) ) ;
#351 = VECTOR ( 'NONE', #4440, 1000.000000000000114 ) ;
#352 = AXIS2_PLACEMENT_3D ( 'NONE', #4781, #5141, #930 ) ;
#353 = CARTESIAN_POINT ( 'NONE',  ( -30.07287676292376233, 17.90592313180197337, 7.116933741779903677 ) ) ;
#354 = ORIENTED_EDGE ( 'NONE', *, *, #486, .T. ) ;
#355 = DIRECTION ( 'NONE',  ( 0.000000000000000000, 0.000000000000000000, 1.000000000000000000 ) ) ;
#356 = LINE ( 'NONE', #2062, #5191 ) ;
#357 = ORIENTED_EDGE ( 'NONE', *, *, #3919, .F. ) ;
#358 = PLANE ( 'NONE',  #3710 ) ;
#359 = CARTESIAN_POINT ( 'NONE',  ( 27.33952728184451431, -21.85404089661311033, -6.531040695676795238 ) ) ;
#360 = ORIENTED_EDGE ( 'NONE', *, *, #815, .F. ) ;
#361 = CARTESIAN_POINT ( 'NONE',  ( 34.96092949315447385, -1.653302445011862964, 4.060590289905085193 ) ) ;
#362 = CARTESIAN_POINT ( 'NONE',  ( -34.86780357491463178, 3.042729500330120018, -6.805446025395998078 ) ) ;
#363 = CARTESIAN_POINT ( 'NONE',  ( -34.54069020992839256, -5.651612143606314476, 4.060590289905087857 ) ) ;
#364 = CARTESIAN_POINT ( 'NONE',  ( -29.01217291025317735, 19.57789117922491329, 3.846916844037818528 ) ) ;
#365 = ORIENTED_EDGE ( 'NONE', *, *, #1978, .T. ) ;
#366 = CARTESIAN_POINT ( 'NONE',  ( -7.736514885292681498, 34.13423995681822021, -7.116933741779868150 ) ) ;
#367 = VECTOR ( 'NONE', #3145, 1000.000000000000114 ) ;
#368 = CARTESIAN_POINT ( 'NONE',  ( -20.94382339266789472, 28.05722779156543467, 7.374970462211829947 ) ) ;
#369 = AXIS2_PLACEMENT_3D ( 'NONE', #1958, #4895, #3670 ) ;
#370 = CARTESIAN_POINT ( 'NONE',  ( 0.000000000000000000, 0.000000000000000000, 7.500000000000000000 ) ) ;
#371 = VERTEX_POINT ( 'NONE', #4589 ) ;
#372 = CIRCLE ( 'NONE', #1182, 35.00000000000000711 ) ;
#373 = EDGE_CURVE ( 'NONE', #1721, #45, #483, .T. ) ;
#374 = CARTESIAN_POINT ( 'NONE',  ( 6.815988142536165029, 34.32990395618384127, -7.116933741779874367 ) ) ;
#375 = ORIENTED_EDGE ( 'NONE', *, *, #724, .F. ) ;
#376 = EDGE_CURVE ( 'NONE', #3219, #4715, #2708, .T. ) ;
#377 = EDGE_CURVE ( 'NONE', #2668, #3912, #3502, .T. ) ;
#378 = CARTESIAN_POINT ( 'NONE',  ( -38.04226065180601069, 12.36067977499829595, -7.500000000000000000 ) ) ;
#379 = ORIENTED_EDGE ( 'NONE', *, *, #1260, .F. ) ;
#380 = FACE_OUTER_BOUND ( 'NONE', #5308, .T. ) ;
#381 = ORIENTED_EDGE ( 'NONE', *, *, #5331, .F. ) ;
#382 = EDGE_LOOP ( 'NONE', ( #1427, #5375, #3655, #4438, #1078, #5013, #1842, #1768, #2833, #3756, #4797, #5490, #4610, #4971 ) ) ;
#383 = CARTESIAN_POINT ( 'NONE',  ( 0.000000000000000000, 0.000000000000000000, 7.500000000000000000 ) ) ;
#384 = DIRECTION ( 'NONE',  ( 0.7431448254773862505, -0.6691306063588671194, -9.667485314083582729E-18 ) ) ;
#385 = ORIENTED_EDGE ( 'NONE', *, *, #3033, .T. ) ;
#386 = DIRECTION ( 'NONE',  ( 0.000000000000000000, 1.000000000000000000, 0.000000000000000000 ) ) ;
#387 = FACE_OUTER_BOUND ( 'NONE', #2877, .T. ) ;
#388 = EDGE_LOOP ( 'NONE', ( #3725, #2954, #2249, #4157 ) ) ;
#389 = DIRECTION ( 'NONE',  ( -0.04417563744860384528, -0.4203031146836057608, -0.9063077870366496036 ) ) ;
#390 = VERTEX_POINT ( 'NONE', #4840 ) ;
#391 = DIRECTION ( 'NONE',  ( 0.8660254037844363761, -0.5000000000000039968, 0.000000000000000000 ) ) ;
#392 = ORIENTED_EDGE ( 'NONE', *, *, #3514, .F. ) ;
#393 = CYLINDRICAL_SURFACE ( 'NONE', #3364, 35.00000000000000711 ) ;
#394 = CARTESIAN_POINT ( 'NONE',  ( -40.99561720110514074, 3.271182943811987709, -2.500000000000000444 ) ) ;
#395 = FACE_OUTER_BOUND ( 'NONE', #32, .T. ) ;
#396 = VERTEX_POINT ( 'NONE', #4406 ) ;
#397 = LINE ( 'NONE', #4183, #1154 ) ;
#398 = ORIENTED_EDGE ( 'NONE', *, *, #4143, .F. ) ;
#399 = VECTOR ( 'NONE', #5155, 1000.000000000000114 ) ;
#400 = EDGE_CURVE ( 'NONE', #1836, #3436, #3516, .T. ) ;
#401 = CARTESIAN_POINT ( 'NONE',  ( -27.86825234652615180, -21.17552491706400986, 6.073605354730936767 ) ) ;
#402 = ORIENTED_EDGE ( 'NONE', *, *, #2119, .F. ) ;
#403 = DIRECTION ( 'NONE',  ( -0.6105728762178006530, 0.4436071610187927727, 0.6560590289905087191 ) ) ;
#404 = EDGE_CURVE ( 'NONE', #903, #3526, #72, .T. ) ;
#405 = B_SPLINE_CURVE_WITH_KNOTS ( 'NONE', 3,
 ( #3358, #3419, #1640, #808 ),
 .UNSPECIFIED., .F., .F.,
 ( 4, 4 ),
 ( 1.250926888277100149E-17, 0.002794378677442426080 ),
 .UNSPECIFIED. ) ;
#406 = ADVANCED_FACE ( 'NONE', ( #960 ), #599, .F. ) ;
#407 = ORIENTED_EDGE ( 'NONE', *, *, #3986, .F. ) ;
#408 = CARTESIAN_POINT ( 'NONE',  ( 16.26946572303204164, 36.54181830570401956, 7.500000000000000000 ) ) ;
#409 = ORIENTED_EDGE ( 'NONE', *, *, #5178, .T. ) ;
#410 = CYLINDRICAL_SURFACE ( 'NONE', #2322, 10.00000000000000000 ) ;
#411 = ORIENTED_EDGE ( 'NONE', *, *, #4292, .T. ) ;
#412 = ADVANCED_FACE ( 'NONE', ( #3452 ), #5146, .F. ) ;
#413 = EDGE_CURVE ( 'NONE', #2278, #1389, #155, .T. ) ;
#414 = VECTOR ( 'NONE', #3652, 1000.000000000000227 ) ;
#415 = CARTESIAN_POINT ( 'NONE',  ( 30.07287676292399325, 17.90592313180157547, -7.116933741779895684 ) ) ;
#416 = ORIENTED_EDGE ( 'NONE', *, *, #4050, .T. ) ;
#417 = PLANE ( 'NONE',  #1480 ) ;
#418 = ORIENTED_EDGE ( 'NONE', *, *, #3916, .T. ) ;
#419 = DIRECTION ( 'NONE',  ( -0.8279533620734536026, -0.3686285868927339227, -0.4226182617407000519 ) ) ;
#420 = CARTESIAN_POINT ( 'NONE',  ( 33.43553376794865528, -10.38830358159695066, 7.374970462211828170 ) ) ;
#421 = EDGE_LOOP ( 'NONE', ( #4537, #3931, #1738, #4086 ) ) ;
#422 = CARTESIAN_POINT ( 'NONE',  ( -9.348413438075050763, -1.987066617467001972, 2.500000000000000444 ) ) ;
#423 = EDGE_LOOP ( 'NONE', ( #4117, #365, #3426, #1781 ) ) ;
#424 = EDGE_LOOP ( 'NONE', ( #4624, #2034, #449, #4377 ) ) ;
#425 = DIRECTION ( 'NONE',  ( 0.000000000000000000, 0.000000000000000000, 1.000000000000000000 ) ) ;
#426 = CARTESIAN_POINT ( 'NONE',  ( 1.390807871560189701, -34.97514939906108111, -6.823943630429753604 ) ) ;
#427 = ORIENTED_EDGE ( 'NONE', *, *, #5127, .F. ) ;
#428 = LINE ( 'NONE', #1328, #1336 ) ;
#429 = ORIENTED_EDGE ( 'NONE', *, *, #413, .F. ) ;
#430 = CARTESIAN_POINT ( 'NONE',  ( 13.07390791440784206, -38.11467888072418475, 3.846916844037881145 ) ) ;
#431 = AXIS2_PLACEMENT_3D ( 'NONE', #538, #1874, #3034 ) ;
#432 = ORIENTED_EDGE ( 'NONE', *, *, #2351, .F. ) ;
#433 = LINE ( 'NONE', #2145, #2942 ) ;
#434 = DIRECTION ( 'NONE',  ( -0.3419053558814238447, 0.2484087816006665950, -0.9063077870366496036 ) ) ;
#435 = ORIENTED_EDGE ( 'NONE', *, *, #4854, .T. ) ;
#436 = CARTESIAN_POINT ( 'NONE',  ( 29.72579301909581773, 26.76522425435427621, 0.000000000000000000 ) ) ;
#437 = CIRCLE ( 'NONE', #3552, 10.00000000000000000 ) ;
#438 = CARTESIAN_POINT ( 'NONE',  ( -14.66436101729225250, -31.77981302579548739, 7.116933741779898348 ) ) ;
#439 = VERTEX_POINT ( 'NONE', #4427 ) ;
#440 = CARTESIAN_POINT ( 'NONE',  ( -18.69258619706959124, 29.59110362916436898, 6.425211645992654041 ) ) ;
#441 = B_SPLINE_CURVE_WITH_KNOTS ( 'NONE', 3,
 ( #2325, #3893, #1342, #90 ),
 .UNSPECIFIED., .F., .F.,
 ( 4, 4 ),
 ( 0.000000000000000000, 0.002845522393967951646 ),
 .UNSPECIFIED. ) ;
#442 = DIRECTION ( 'NONE',  ( 0.8660254037844363761, -0.5000000000000041078, 0.000000000000000000 ) ) ;
#443 = ORIENTED_EDGE ( 'NONE', *, *, #2519, .F. ) ;
#444 = AXIS2_PLACEMENT_3D ( 'NONE', #3527, #3947, #3139 ) ;
#445 = AXIS2_PLACEMENT_3D ( 'NONE', #718, #4668, #2595 ) ;
#446 =( BOUNDED_CURVE ( )  B_SPLINE_CURVE ( 3, ( #2383, #348, #5359, #694 ),
 .UNSPECIFIED., .F., .F. ) 
 B_SPLINE_CURVE_WITH_KNOTS ( ( 4, 4 ),
 ( 1.754098410389749896, 1.766791262608478075 ),
 .UNSPECIFIED. ) 
 CURVE ( )  GEOMETRIC_REPRESENTATION_ITEM ( )  RATIONAL_B_SPLINE_CURVE ( ( 1.000000000000000000, 0.9999865743369418247, 0.9999865743369418247, 1.000000000000000000 ) ) 
 REPRESENTATION_ITEM ( '' )  );
#447 = CARTESIAN_POINT ( 'NONE',  ( 23.51141009169875673, -32.36067977499801884, 0.000000000000000000 ) ) ;
#448 = ADVANCED_FACE ( 'NONE', ( #619 ), #1353, .T. ) ;
#449 = ORIENTED_EDGE ( 'NONE', *, *, #1003, .F. ) ;
#450 = EDGE_CURVE ( 'NONE', #5472, #1259, #4017, .T. ) ;
#451 = DIRECTION ( 'NONE',  ( 0.000000000000000000, 1.000000000000000000, -0.000000000000000000 ) ) ;
#452 = DIRECTION ( 'NONE',  ( -0.000000000000000000, -1.000000000000000000, 0.000000000000000000 ) ) ;
#453 = EDGE_CURVE ( 'NONE', #2136, #4061, #4725, .T. ) ;
#454 = CARTESIAN_POINT ( 'NONE',  ( -34.75593503081719149, 4.126133799771379174, 7.116933741779895684 ) ) ;
#455 = CARTESIAN_POINT ( 'NONE',  ( -33.69312701259625698, -9.485178655950166515, 6.823943630429766927 ) ) ;
#456 = ORIENTED_EDGE ( 'NONE', *, *, #4044, .T. ) ;
#457 = CARTESIAN_POINT ( 'NONE',  ( -34.75593503081719149, 4.126133799771379174, 7.116933741779895684 ) ) ;
#458 = ORIENTED_EDGE ( 'NONE', *, *, #1507, .T. ) ;
#459 = CIRCLE ( 'NONE', #4803, 35.00000000000000711 ) ;
#460 = DIRECTION ( 'NONE',  ( 0.8090169943749504489, 0.5877852522924690293, 0.000000000000000000 ) ) ;
#461 = ORIENTED_EDGE ( 'NONE', *, *, #3233, .F. ) ;
#462 = CIRCLE ( 'NONE', #2326, 35.00000000000000711 ) ;
#463 = LINE ( 'NONE', #4676, #5497 ) ;
#464 = EDGE_LOOP ( 'NONE', ( #1169, #1181, #893, #5193 ) ) ;
#465 = VECTOR ( 'NONE', #5187, 1000.000000000000000 ) ;
#466 = VECTOR ( 'NONE', #2345, 1000.000000000000114 ) ;
#467 = CARTESIAN_POINT ( 'NONE',  ( 31.66190335885906393, 14.91865342640305236, 6.073605354730919004 ) ) ;
#468 = ORIENTED_EDGE ( 'NONE', *, *, #1853, .T. ) ;
#469 = CARTESIAN_POINT ( 'NONE',  ( -25.68230321687319062, -30.78343359580430061, 10.40750713394294280 ) ) ;
#470 = ORIENTED_EDGE ( 'NONE', *, *, #644, .T. ) ;
#471 = CARTESIAN_POINT ( 'NONE',  ( -20.95130420542360739, 28.03645576908393977, -7.116933741779873479 ) ) ;
#472 = FACE_OUTER_BOUND ( 'NONE', #4571, .T. ) ;
#473 = ORIENTED_EDGE ( 'NONE', *, *, #3548, .T. ) ;
#474 = CARTESIAN_POINT ( 'NONE',  ( 0.000000000000000000, 0.000000000000000000, 7.500000000000000000 ) ) ;
#475 = CYLINDRICAL_SURFACE ( 'NONE', #4754, 35.00000000000000711 ) ;
#476 = EDGE_LOOP ( 'NONE', ( #3455, #5494, #3013, #761 ) ) ;
#477 = CARTESIAN_POINT ( 'NONE',  ( 39.57075617311783589, -6.180293380003731407, -4.060590289905087857 ) ) ;
#478 = DIRECTION ( 'NONE',  ( -0.2079116908177664480, -0.9781476007338042455, -1.193135663638877653E-17 ) ) ;
#479 = CARTESIAN_POINT ( 'NONE',  ( 30.07287676292399681, 17.90592313180157902, -7.116933741779884137 ) ) ;
#480 = ORIENTED_EDGE ( 'NONE', *, *, #4652, .F. ) ;
#481 = CARTESIAN_POINT ( 'NONE',  ( 26.87501693343171283, -22.42534093164960396, -5.331456580176216598 ) ) ;
#482 = EDGE_CURVE ( 'NONE', #3841, #2687, #3836, .T. ) ;
#483 = LINE ( 'NONE', #784, #2596 ) ;
#484 = ADVANCED_FACE ( 'NONE', ( #146 ), #1489, .T. ) ;
#485 = B_SPLINE_CURVE_WITH_KNOTS ( 'NONE', 3,
 ( #248, #4107, #1952, #4912 ),
 .UNSPECIFIED., .F., .F.,
 ( 4, 4 ),
 ( 2.737347473354741795E-17, 0.002794378677442437356 ),
 .UNSPECIFIED. ) ;
#486 = EDGE_CURVE ( 'NONE', #3743, #3852, #2615, .T. ) ;
#487 = ORIENTED_EDGE ( 'NONE', *, *, #4652, .T. ) ;
#488 = DIRECTION ( 'NONE',  ( -0.7431448254773862505, 0.6691306063588671194, 0.000000000000000000 ) ) ;
#489 = EDGE_LOOP ( 'NONE', ( #4168, #525, #2508, #5075 ) ) ;
#490 = UNCERTAINTY_MEASURE_WITH_UNIT (LENGTH_MEASURE( 1.000000000000000082E-05 ), #1313, 'distance_accuracy_value', 'NONE');
#491 = VERTEX_POINT ( 'NONE', #477 ) ;
#492 = CARTESIAN_POINT ( 'NONE',  ( 27.52262852276042437, -21.62186206593074544, 7.500000000000000000 ) ) ;
#493 = CARTESIAN_POINT ( 'NONE',  ( -35.00000000000000711, 0.000000000000000000, 7.500000000000000000 ) ) ;
#494 = ORIENTED_EDGE ( 'NONE', *, *, #2587, .T. ) ;
#495 = DIRECTION ( 'NONE',  ( -0.4303270360089750390, 0.000000000000000000, -0.9026730538128022729 ) ) ;
#496 = ORIENTED_EDGE ( 'NONE', *, *, #4080, .T. ) ;
#497 = CARTESIAN_POINT ( 'NONE',  ( 17.26357459591660870, 30.45728980025884880, -5.425564169306123397 ) ) ;
#498 = ORIENTED_EDGE ( 'NONE', *, *, #2781, .T. ) ;
#499 = DIRECTION ( 'NONE',  ( -0.9945218953682745111, -0.1045284632676436870, 0.000000000000000000 ) ) ;
#500 = DIRECTION ( 'NONE',  ( -0.3419053558814271754, -0.2484087816006619875, -0.9063077870366496036 ) ) ;
#501 = AXIS2_PLACEMENT_3D ( 'NONE', #3135, #110, #4334 ) ;
#502 = CARTESIAN_POINT ( 'NONE',  ( 20.18994489921261959, 28.58961568413887022, -7.116933741779871703 ) ) ;
#503 = EDGE_LOOP ( 'NONE', ( #5219, #56, #14, #1719 ) ) ;
#504 = DIRECTION ( 'NONE',  ( 0.4999999999999921174, -0.8660254037844431485, 0.000000000000000000 ) ) ;
#505 = CARTESIAN_POINT ( 'NONE',  ( 40.14851682130797172, 5.878289837048265021, -7.116933741779889466 ) ) ;
#506 = ORIENTED_EDGE ( 'NONE', *, *, #644, .F. ) ;
#507 = CARTESIAN_POINT ( 'NONE',  ( -16.26946572303155136, 36.54181830570423983, -7.500000000000000000 ) ) ;
#508 = ADVANCED_FACE ( 'NONE', ( #2585 ), #1402, .T. ) ;
#509 = DIRECTION ( 'NONE',  ( -0.9510565162951503115, 0.3090169943749574988, -1.087776430324476904E-16 ) ) ;
#510 = ORIENTED_EDGE ( 'NONE', *, *, #3662, .T. ) ;
#511 = CARTESIAN_POINT ( 'NONE',  ( 21.34051696652472430, -33.93792595419139957, 10.40750713394291260 ) ) ;
#512 = CARTESIAN_POINT ( 'NONE',  ( 0.9147057750818702315, -34.98804529185694889, -6.181324516535873670 ) ) ;
#513 = VECTOR ( 'NONE', #3624, 1000.000000000000000 ) ;
#514 = DIRECTION ( 'NONE',  ( 0.04417563744860387304, 0.4203031146836061493, 0.9063077870366496036 ) ) ;
#515 = EDGE_CURVE ( 'NONE', #3661, #1733, #3868, .T. ) ;
#516 = AXIS2_PLACEMENT_3D ( 'NONE', #1545, #4930, #2464 ) ;
#517 = DIRECTION ( 'NONE',  ( 0.000000000000000000, 0.000000000000000000, 1.000000000000000000 ) ) ;
#518 = ORIENTED_EDGE ( 'NONE', *, *, #2857, .T. ) ;
#519 = CARTESIAN_POINT ( 'NONE',  ( -14.98351008096247483, -37.70878041004363013, -7.116933741779896572 ) ) ;
#520 = CARTESIAN_POINT ( 'NONE',  ( 2.052997059575726535, -34.94043586704283655, -6.531040695676792573 ) ) ;
#521 = CARTESIAN_POINT ( 'NONE',  ( 28.38072892071284414, 28.25906927526585832, 4.060590289905088746 ) ) ;
#522 = B_SPLINE_CURVE_WITH_KNOTS ( 'NONE', 3,
 ( #5381, #1163, #1519, #3158 ),
 .UNSPECIFIED., .F., .F.,
 ( 4, 4 ),
 ( 1.734723475976807094E-18, 0.002845522393967951213 ),
 .UNSPECIFIED. ) ;
#523 = FACE_OUTER_BOUND ( 'NONE', #4473, .T. ) ;
#524 = EDGE_CURVE ( 'NONE', #3154, #2661, #2252, .T. ) ;
#525 = ORIENTED_EDGE ( 'NONE', *, *, #4250, .T. ) ;
#526 = EDGE_CURVE ( 'NONE', #4643, #3108, #2749, .T. ) ;
#527 = ORIENTED_EDGE ( 'NONE', *, *, #4163, .T. ) ;
#528 = EDGE_CURVE ( 'NONE', #4656, #2972, #2947, .T. ) ;
#529 = CARTESIAN_POINT ( 'NONE',  ( 11.96374522200421531, -32.89177405162227785, 3.846916844037879368 ) ) ;
#530 = DIRECTION ( 'NONE',  ( 1.000000000000000000, 0.000000000000000000, 0.000000000000000000 ) ) ;
#531 = ORIENTED_EDGE ( 'NONE', *, *, #244, .F. ) ;
#532 = B_SPLINE_CURVE_WITH_KNOTS ( 'NONE', 3,
 ( #2272, #4196, #1980, #4995 ),
 .UNSPECIFIED., .F., .F.,
 ( 4, 4 ),
 ( 0.000000000000000000, 0.002845522393967935600 ),
 .UNSPECIFIED. ) ;
#533 = CARTESIAN_POINT ( 'NONE',  ( -34.31920398502278147, -6.869948648646800216, 1.108887166415582382 ) ) ;
#534 = CARTESIAN_POINT ( 'NONE',  ( 0.000000000000000000, 0.000000000000000000, -7.500000000000000000 ) ) ;
#535 = ORIENTED_EDGE ( 'NONE', *, *, #3637, .F. ) ;
#536 = CARTESIAN_POINT ( 'NONE',  ( 0.000000000000000000, 40.00000000000000000, -7.500000000000000000 ) ) ;
#537 = VECTOR ( 'NONE', #3551, 999.9999999999998863 ) ;
#538 = CARTESIAN_POINT ( 'NONE',  ( 25.68230321687277851, -30.78343359580464522, -10.40750713394293925 ) ) ;
#539 = CARTESIAN_POINT ( 'NONE',  ( -0.9364997589805226230, -35.09057792470996162, 6.181324516535926072 ) ) ;
#540 = B_SPLINE_CURVE_WITH_KNOTS ( 'NONE', 3,
 ( #1125, #5311, #4034, #1101 ),
 .UNSPECIFIED., .F., .F.,
 ( 4, 4 ),
 ( 4.336808689942017736E-19, 0.002845522393967984606 ),
 .UNSPECIFIED. ) ;
#541 = ORIENTED_EDGE ( 'NONE', *, *, #4510, .F. ) ;
#542 = CARTESIAN_POINT ( 'NONE',  ( -22.16478479366438492, -27.08730911424286703, -4.060590289905085193 ) ) ;
#543 = CARTESIAN_POINT ( 'NONE',  ( -6.815988142536186345, 34.32990395618384127, 7.116933741779907230 ) ) ;
#544 = CIRCLE ( 'NONE', #3636, 10.00000000000000000 ) ;
#545 = DIRECTION ( 'NONE',  ( 0.5877852522924689183, -0.8090169943749505599, 0.000000000000000000 ) ) ;
#546 = ORIENTED_EDGE ( 'NONE', *, *, #5163, .F. ) ;
#547 = EDGE_CURVE ( 'NONE', #3501, #233, #3927, .T. ) ;
#548 = DIRECTION ( 'NONE',  ( 0.9510565162951544194, 0.3090169943749448422, -0.000000000000000000 ) ) ;
#549 = CARTESIAN_POINT ( 'NONE',  ( -3.999999999999999112, -0.1953369583731976167, 2.361407594621243167 ) ) ;
#550 = DIRECTION ( 'NONE',  ( -0.7431448254773862505, 0.6691306063588671194, 0.000000000000000000 ) ) ;
#551 = CIRCLE ( 'NONE', #2759, 35.00000000000000711 ) ;
#552 = ORIENTED_EDGE ( 'NONE', *, *, #4142, .F. ) ;
#553 = DIRECTION ( 'NONE',  ( 1.000000000000000000, 0.000000000000000000, 0.000000000000000000 ) ) ;
#554 = ORIENTED_EDGE ( 'NONE', *, *, #3098, .T. ) ;
#555 = ADVANCED_FACE ( 'NONE', ( #1315 ), #5197, .F. ) ;
#556 = DIRECTION ( 'NONE',  ( -0.8660254037844432595, -0.4999999999999920064, -0.000000000000000000 ) ) ;
#557 = ORIENTED_EDGE ( 'NONE', *, *, #2516, .T. ) ;
#558 = CARTESIAN_POINT ( 'NONE',  ( -9.557262555325861442, 33.66984901137168862, 7.500000000000000000 ) ) ;
#559 = EDGE_CURVE ( 'NONE', #4615, #1279, #3344, .T. ) ;
#560 = VECTOR ( 'NONE', #3554, 1000.000000000000114 ) ;
#561 = CARTESIAN_POINT ( 'NONE',  ( 9.272659247164146024, 33.75006142204102133, 6.531040695676813002 ) ) ;
#562 = EDGE_CURVE ( 'NONE', #5038, #3879, #4464, .T. ) ;
#563 = ORIENTED_EDGE ( 'NONE', *, *, #3702, .T. ) ;
#564 = VECTOR ( 'NONE', #1878, 1000.000000000000114 ) ;
#565 = DIRECTION ( 'NONE',  ( -0.9945218953682745111, -0.1045284632676436593, 0.000000000000000000 ) ) ;
#566 = ORIENTED_EDGE ( 'NONE', *, *, #5079, .T. ) ;
#567 = DIRECTION ( 'NONE',  ( 0.000000000000000000, -0.4402359851926356815, 0.8978821065938831225 ) ) ;
#568 = DIRECTION ( 'NONE',  ( 0.7332184018469959375, -0.5327143512579761708, -0.4226182617407000519 ) ) ;
#569 = DIRECTION ( 'NONE',  ( 0.8090169943749426773, -0.5877852522924796874, 0.000000000000000000 ) ) ;
#570 = VERTEX_POINT ( 'NONE', #2206 ) ;
#571 = CARTESIAN_POINT ( 'NONE',  ( -27.31219930434903986, 21.88706853736965741, 4.060590289905082528 ) ) ;
#572 = CARTESIAN_POINT ( 'NONE',  ( 2.585399115074553666, 34.98011848449783656, -1.226003498143971360 ) ) ;
#573 = DIRECTION ( 'NONE',  ( -0.9510565162951544194, -0.3090169943749448977, 0.000000000000000000 ) ) ;
#574 = ORIENTED_EDGE ( 'NONE', *, *, #4787, .F. ) ;
#575 = LINE ( 'NONE', #603, #5258 ) ;
#576 = CARTESIAN_POINT ( 'NONE',  ( 32.83356047615087903, -12.13065243427485385, 6.823943630429766927 ) ) ;
#577 = DIRECTION ( 'NONE',  ( 0.06857684211324029111, -0.6524650689851099195, 0.7547095802227712369 ) ) ;
#578 = EDGE_CURVE ( 'NONE', #5366, #167, #3217, .T. ) ;
#579 = ORIENTED_EDGE ( 'NONE', *, *, #1203, .F. ) ;
#580 = CARTESIAN_POINT ( 'NONE',  ( -1.649425184458834792, -40.54302764866071129, 7.116933741779893019 ) ) ;
#581 = ORIENTED_EDGE ( 'NONE', *, *, #963, .T. ) ;
#582 = CARTESIAN_POINT ( 'NONE',  ( -29.84318316396737814, 18.28618108413822441, 6.181324516535904756 ) ) ;
#583 = CARTESIAN_POINT ( 'NONE',  ( -25.68230321687319062, -30.78343359580429706, 10.40750713394294280 ) ) ;
#584 = CARTESIAN_POINT ( 'NONE',  ( 34.86780357491468152, 3.042729500329656389, 6.805446025396003407 ) ) ;
#585 = ORIENTED_EDGE ( 'NONE', *, *, #1066, .T. ) ;
#586 = VERTEX_POINT ( 'NONE', #93 ) ;
#587 = EDGE_CURVE ( 'NONE', #2886, #3108, #1631, .T. ) ;
#588 = CARTESIAN_POINT ( 'NONE',  ( -9.654426508305709476, 33.64211718658213357, -3.846916844037856720 ) ) ;
#589 = ORIENTED_EDGE ( 'NONE', *, *, #4954, .T. ) ;
#590 = LINE ( 'NONE', #2292, #2772 ) ;
#591 = ADVANCED_FACE ( 'NONE', ( #4749 ), #4343, .F. ) ;
#592 = CARTESIAN_POINT ( 'NONE',  ( -13.07390791440831102, -38.11467888072402133, -3.846916844037801209 ) ) ;
#593 = FACE_OUTER_BOUND ( 'NONE', #3523, .T. ) ;
#594 = CARTESIAN_POINT ( 'NONE',  ( -14.55676213711373812, -37.79948848568787412, -6.181324516535888769 ) ) ;
#595 = CIRCLE ( 'NONE', #3076, 35.00000000000000711 ) ;
#596 = ORIENTED_EDGE ( 'NONE', *, *, #3626, .F. ) ;
#597 = EDGE_CURVE ( 'NONE', #978, #666, #1820, .T. ) ;
#598 = EDGE_CURVE ( 'NONE', #3254, #160, #2430, .T. ) ;
#599 = PLANE ( 'NONE',  #2685 ) ;
#600 = B_SPLINE_CURVE_WITH_KNOTS ( 'NONE', 3,
 ( #5294, #3183, #3556, #2771 ),
 .UNSPECIFIED., .F., .F.,
 ( 4, 4 ),
 ( 3.469446951953613804E-18, 0.002794378677442423478 ),
 .UNSPECIFIED. ) ;
#601 =( BOUNDED_CURVE ( )  B_SPLINE_CURVE ( 3, ( #4616, #3726, #312, #5430 ),
 .UNSPECIFIED., .F., .F. ) 
 B_SPLINE_CURVE_WITH_KNOTS ( ( 4, 4 ),
 ( 4.572974245177896968, 4.769853937967571511 ),
 .UNSPECIFIED. ) 
 CURVE ( )  GEOMETRIC_REPRESENTATION_ITEM ( )  RATIONAL_B_SPLINE_CURVE ( ( 1.000000000000000000, 0.9967724731469831401, 0.9967724731469831401, 1.000000000000000000 ) ) 
 REPRESENTATION_ITEM ( '' )  );
#602 = FACE_OUTER_BOUND ( 'NONE', #4403, .T. ) ;
#603 = CARTESIAN_POINT ( 'NONE',  ( 38.04226065180618122, 12.36067977499779857, 7.500000000000000000 ) ) ;
#604 = CARTESIAN_POINT ( 'NONE',  ( 21.62524278285282975, 27.52292363931622177, 5.331456580176211268 ) ) ;
#605 = VERTEX_POINT ( 'NONE', #1162 ) ;
#606 = CARTESIAN_POINT ( 'NONE',  ( -31.28580360994785181, 15.69227032603420113, -6.531040695676805896 ) ) ;
#607 = ORIENTED_EDGE ( 'NONE', *, *, #2729, .F. ) ;
#608 = CARTESIAN_POINT ( 'NONE',  ( 22.81114722498204728, -32.86945052845065618, 0.7524306995458285297 ) ) ;
#609 = DIRECTION ( 'NONE',  ( -0.9510565162951503115, 0.3090169943749573878, 0.000000000000000000 ) ) ;
#610 = ORIENTED_EDGE ( 'NONE', *, *, #4142, .T. ) ;
#611 = EDGE_LOOP ( 'NONE', ( #5328, #3632, #3242, #50 ) ) ;
#612 = DIRECTION ( 'NONE',  ( 0.7431448254773953543, 0.6691306063588569053, -0.000000000000000000 ) ) ;
#613 = ORIENTED_EDGE ( 'NONE', *, *, #2756, .T. ) ;
#614 = CARTESIAN_POINT ( 'NONE',  ( 16.84605342347170165, -30.67984400899711162, -6.073605354730920780 ) ) ;
#615 = CARTESIAN_POINT ( 'NONE',  ( -33.89064178754887280, -8.743565091223802099, -2.484011147826860721 ) ) ;
#616 = AXIS2_PLACEMENT_3D ( 'NONE', #2363, #4057, #299 ) ;
#617 = DIRECTION ( 'NONE',  ( -1.000000000000000000, 0.000000000000000000, 0.000000000000000000 ) ) ;
#618 = AXIS2_PLACEMENT_3D ( 'NONE', #3896, #5255, #4780 ) ;
#620 = EDGE_CURVE ( 'NONE', #5230, #1680, #5008, .T. ) ;
#619 = FACE_OUTER_BOUND ( 'NONE', #2270, .T. ) ;
#621 = EDGE_CURVE ( 'NONE', #2938, #2530, #3290, .T. ) ;
#622 = VECTOR ( 'NONE', #3286, 1000.000000000000000 ) ;
#623 = EDGE_CURVE ( 'NONE', #3788, #3080, #342, .T. ) ;
#624 = CARTESIAN_POINT ( 'NONE',  ( -3.741634964450784029, -1.430259536804254106, -2.474871029617897289 ) ) ;
#625 = LINE ( 'NONE', #177, #4095 ) ;
#626 = AXIS2_PLACEMENT_3D ( 'NONE', #1416, #997, #4331 ) ;
#627 = CARTESIAN_POINT ( 'NONE',  ( -3.985203255271935863, -0.4028809921004736783, 2.425376480852723837 ) ) ;
#628 =( BOUNDED_CURVE ( )  B_SPLINE_CURVE ( 3, ( #4934, #3629, #4990, #2412 ),
 .UNSPECIFIED., .F., .F. ) 
 B_SPLINE_CURVE_WITH_KNOTS ( ( 4, 4 ),
 ( 1.754098410389750118, 1.766791262608478075 ),
 .UNSPECIFIED. ) 
 CURVE ( )  GEOMETRIC_REPRESENTATION_ITEM ( )  RATIONAL_B_SPLINE_CURVE ( ( 1.000000000000000000, 0.9999865743369418247, 0.9999865743369418247, 1.000000000000000000 ) ) 
 REPRESENTATION_ITEM ( '' )  );
#629 = ORIENTED_EDGE ( 'NONE', *, *, #190, .T. ) ;
#630 = CARTESIAN_POINT ( 'NONE',  ( 0.000000000000000000, 0.000000000000000000, -7.500000000000000000 ) ) ;
#631 = DIRECTION ( 'NONE',  ( -0.5877852522924689183, 0.8090169943749504489, 0.000000000000000000 ) ) ;
#632 = DIRECTION ( 'NONE',  ( 0.000000000000000000, 0.000000000000000000, 1.000000000000000000 ) ) ;
#633 = ORIENTED_EDGE ( 'NONE', *, *, #3656, .F. ) ;
#634 = CARTESIAN_POINT ( 'NONE',  ( 34.97294056740900459, 1.392702694510745465, 6.425211645992653153 ) ) ;
#635 = ORIENTED_EDGE ( 'NONE', *, *, #5016, .F. ) ;
#636 = CARTESIAN_POINT ( 'NONE',  ( 27.93026703720928339, 28.75935788053844888, -10.40750713394289839 ) ) ;
#637 = PRODUCT_DEFINITION_SHAPE ( 'NONE', 'NONE',  #880 ) ;
#638 = ORIENTED_EDGE ( 'NONE', *, *, #1665, .F. ) ;
#639 = CARTESIAN_POINT ( 'NONE',  ( -19.06715460702885423, 29.35691747235631510, 4.553765416902581187 ) ) ;
#640 = EDGE_LOOP ( 'NONE', ( #113, #585, #4864, #2485 ) ) ;
#641 = CARTESIAN_POINT ( 'NONE',  ( -6.815988142536186345, 34.32990395618384127, 7.116933741779907230 ) ) ;
#642 = AXIS2_PLACEMENT_3D ( 'NONE', #469, #2468, #27 ) ;
#643 = CARTESIAN_POINT ( 'NONE',  ( -4.963767564838305724, 34.64622651259816877, -7.500000000000000000 ) ) ;
#644 = EDGE_CURVE ( 'NONE', #4194, #1359, #2242, .T. ) ;
#645 = CARTESIAN_POINT ( 'NONE',  ( 22.19838242191752187, 27.06068501268700288, 6.531040695676805008 ) ) ;
#646 = AXIS2_PLACEMENT_3D ( 'NONE', #4844, #1905, #5287 ) ;
#647 = CARTESIAN_POINT ( 'NONE',  ( -39.54523412499725765, 7.735003059746683007, 3.846916844037791439 ) ) ;
#648 = EDGE_CURVE ( 'NONE', #3108, #1293, #3729, .T. ) ;
#649 = DIRECTION ( 'NONE',  ( -0.4531538935183175298, 0.7848855672213996826, 0.4226182617407003295 ) ) ;
#650 = CARTESIAN_POINT ( 'NONE',  ( -33.93757586309725838, -8.558092342135545039, -7.500000000000000000 ) ) ;
#651 = EDGE_CURVE ( 'NONE', #3342, #2614, #1110, .T. ) ;
#652 = CARTESIAN_POINT ( 'NONE',  ( -33.29933041407671368, -22.32386786479560215, -10.40750713394285754 ) ) ;
#653 = EDGE_CURVE ( 'NONE', #2283, #2495, #3283, .T. ) ;
#654 = B_SPLINE_CURVE_WITH_KNOTS ( 'NONE', 3,
 ( #4548, #1999, #2027, #4495 ),
 .UNSPECIFIED., .F., .F.,
 ( 4, 4 ),
 ( 1.398578778534940505E-17, 0.002794378677442428249 ),
 .UNSPECIFIED. ) ;
#655 = EDGE_LOOP ( 'NONE', ( #1485, #3006, #3944, #748 ) ) ;
#656 = CARTESIAN_POINT ( 'NONE',  ( -18.35011919840323458, -36.11057710838405654, 6.181324516535937619 ) ) ;
#657 = DIRECTION ( 'NONE',  ( 1.000000000000000000, 0.000000000000000000, 0.000000000000000000 ) ) ;
#658 = ADVANCED_FACE ( 'NONE', ( #4927 ), #4097, .F. ) ;
#659 = CARTESIAN_POINT ( 'NONE',  ( -2.911018821908889276, -34.87933935414132947, 6.073605354730928774 ) ) ;
#660 = CARTESIAN_POINT ( 'NONE',  ( -18.37153247539681900, -29.79764700713009162, 4.798630682669629444 ) ) ;
#661 =( BOUNDED_CURVE ( )  B_SPLINE_CURVE ( 3, ( #2341, #2784, #4032, #1928 ),
 .UNSPECIFIED., .F., .F. ) 
 B_SPLINE_CURVE_WITH_KNOTS ( ( 4, 4 ),
 ( 4.572974245177896968, 4.769853937967571511 ),
 .UNSPECIFIED. ) 
 CURVE ( )  GEOMETRIC_REPRESENTATION_ITEM ( )  RATIONAL_B_SPLINE_CURVE ( ( 1.000000000000000000, 0.9967724731469831401, 0.9967724731469831401, 1.000000000000000000 ) ) 
 REPRESENTATION_ITEM ( '' )  );
#662 = CARTESIAN_POINT ( 'NONE',  ( 40.06136451134734244, -1.512466845807894700, -10.40750713394292681 ) ) ;
#663 = LINE ( 'NONE', #1086, #414 ) ;
#664 = ORIENTED_EDGE ( 'NONE', *, *, #1203, .T. ) ;
#665 = CARTESIAN_POINT ( 'NONE',  ( -25.38912718229176235, -24.09133082503775469, -6.181324516535873670 ) ) ;
#666 = VERTEX_POINT ( 'NONE', #4543 ) ;
#667 = CARTESIAN_POINT ( 'NONE',  ( -33.46148901987064761, -10.26388020588281336, -2.169101354318824004 ) ) ;
#668 = ORIENTED_EDGE ( 'NONE', *, *, #3325, .T. ) ;
#669 = CARTESIAN_POINT ( 'NONE',  ( -4.000000000000000000, -2.168372569564605283E-15, -2.275566573465937825 ) ) ;
#670 = DIRECTION ( 'NONE',  ( 0.000000000000000000, 0.000000000000000000, 1.000000000000000000 ) ) ;
#671 = DIRECTION ( 'NONE',  ( 0.2079116908177532641, -0.9781476007338070211, 0.000000000000000000 ) ) ;
#672 = VECTOR ( 'NONE', #442, 1000.000000000000000 ) ;
#673 = EDGE_LOOP ( 'NONE', ( #4710, #1714, #3072, #2441, #589, #709, #3115, #972 ) ) ;
#674 = FACE_OUTER_BOUND ( 'NONE', #4621, .T. ) ;
#675 = CARTESIAN_POINT ( 'NONE',  ( 13.80463082539310626, -32.16258956885479137, 7.116933741779899236 ) ) ;
#676 = DIRECTION ( 'NONE',  ( 0.5877852522924797984, 0.8090169943749426773, 3.641859197492429252E-17 ) ) ;
#677 = AXIS2_PLACEMENT_3D ( 'NONE', #4822, #4361, #1463 ) ;
#678 = B_SPLINE_CURVE_WITH_KNOTS ( 'NONE', 3,
 ( #3124, #4811, #3634, #1581, #2339, #4527, #645, #5335, #4883, #4131 ),
 .UNSPECIFIED., .F., .F.,
 ( 4, 2, 2, 2, 4 ),
 ( 6.009258394948636926E-18, 0.002894432855054567683, 0.003618041068818207001, 0.004341649282581847187, 0.005788865710109126692 ),
 .UNSPECIFIED. ) ;
#679 = ADVANCED_FACE ( 'NONE', ( #5321 ), #2897, .T. ) ;
#680 = EDGE_LOOP ( 'NONE', ( #1252, #3883, #1092, #4880 ) ) ;
#681 = LINE ( 'NONE', #1486, #5410 ) ;
#682 = CARTESIAN_POINT ( 'NONE',  ( -4.863724327625678079, 40.00000000000000000, 3.846916844037868710 ) ) ;
#683 = DIRECTION ( 'NONE',  ( 0.6691306063588670083, 0.7431448254773862505, 0.000000000000000000 ) ) ;
#684 = DIRECTION ( 'NONE',  ( 0.4067366430757888840, -0.9135454576426059736, -4.946829744509236991E-17 ) ) ;
#685 = AXIS2_PLACEMENT_3D ( 'NONE', #3311, #391, #1646 ) ;
#686 = ADVANCED_FACE ( 'NONE', ( #3649 ), #4903, .T. ) ;
#687 = CARTESIAN_POINT ( 'NONE',  ( 25.13766915648266931, -31.17913340287829627, 4.060590289905078087 ) ) ;
#688 = CARTESIAN_POINT ( 'NONE',  ( 30.09275303623157427, 17.89631203213192734, 7.374970462211829059 ) ) ;
#689 = EDGE_LOOP ( 'NONE', ( #4022, #2977, #3497, #2396 ) ) ;
#690 = ORIENTED_EDGE ( 'NONE', *, *, #4320, .T. ) ;
#691 = ADVANCED_FACE ( 'NONE', ( #2797 ), #1543, .F. ) ;
#692 = EDGE_CURVE ( 'NONE', #3181, #1749, #3929, .T. ) ;
#693 = VECTOR ( 'NONE', #5129, 1000.000000000000227 ) ;
#694 = CARTESIAN_POINT ( 'NONE',  ( -26.32257486426723503, -23.06777086142152200, 7.116933741779912559 ) ) ;
#695 = ORIENTED_EDGE ( 'NONE', *, *, #648, .T. ) ;
#696 = DIRECTION ( 'NONE',  ( 0.2079116908177532641, -0.9781476007338069101, 0.000000000000000000 ) ) ;
#697 = CARTESIAN_POINT ( 'NONE',  ( 0.000000000000000000, 0.000000000000000000, -37.50000000000001421 ) ) ;
#698 = ORIENTED_EDGE ( 'NONE', *, *, #2558, .T. ) ;
#699 = DIRECTION ( 'NONE',  ( -0.7431448254773861395, 0.6691306063588671194, 2.386271327277758079E-17 ) ) ;
#700 = CARTESIAN_POINT ( 'NONE',  ( 28.67270098499475495, -28.61078244161173956, 6.181324516535908309 ) ) ;
#701 = ORIENTED_EDGE ( 'NONE', *, *, #4106, .T. ) ;
#702 = CARTESIAN_POINT ( 'NONE',  ( 34.75593503081723412, 4.126133799770935084, -7.116933741779875255 ) ) ;
#703 = VERTEX_POINT ( 'NONE', #1964 ) ;
#704 = CARTESIAN_POINT ( 'NONE',  ( -26.70402205934108508, -22.78422473429669282, 6.181324516535958935 ) ) ;
#705 = AXIS2_PLACEMENT_3D ( 'NONE', #3686, #1143, #1502 ) ;
#706 = CARTESIAN_POINT ( 'NONE',  ( 39.69039885089673447, -5.041969339336184852, 0.7524306995458286407 ) ) ;
#707 = PLANE ( 'NONE',  #5171 ) ;
#708 = AXIS2_PLACEMENT_3D ( 'NONE', #2921, #5005, #338 ) ;
#709 = ORIENTED_EDGE ( 'NONE', *, *, #4037, .T. ) ;
#710 = CARTESIAN_POINT ( 'NONE',  ( -10.09922849606641826, 33.51190725916831070, -6.073605354730917227 ) ) ;
#711 = CARTESIAN_POINT ( 'NONE',  ( 32.98025982760228914, 23.15077268773075403, -3.846916844037809202 ) ) ;
#712 = AXIS2_PLACEMENT_3D ( 'NONE', #2257, #215, #2694 ) ;
#713 = CARTESIAN_POINT ( 'NONE',  ( 32.98025982760228914, 23.15077268773075403, -3.846916844037809202 ) ) ;
#714 = DIRECTION ( 'NONE',  ( -0.1045284632676571207, -0.9945218953682729568, 0.000000000000000000 ) ) ;
#715 = CARTESIAN_POINT ( 'NONE',  ( -16.08706173049575838, -31.08464734213304581, 6.531040695676805008 ) ) ;
#716 = CARTESIAN_POINT ( 'NONE',  ( -6.815988142536186345, 34.32990395618384127, 7.116933741779907230 ) ) ;
#717 = PLANE ( 'NONE',  #4332 ) ;
#718 = CARTESIAN_POINT ( 'NONE',  ( 0.000000000000000000, 0.000000000000000000, -7.500000000000000000 ) ) ;
#719 = ORIENTED_EDGE ( 'NONE', *, *, #4460, .T. ) ;
#720 = ADVANCED_FACE ( 'NONE', ( #1570 ), #3353, .T. ) ;
#721 = EDGE_CURVE ( 'NONE', #945, #217, #3097, .T. ) ;
#722 = DIRECTION ( 'NONE',  ( -0.2113091308703465843, 0.3659981507706692172, -0.9063077870366497146 ) ) ;
#723 = VERTEX_POINT ( 'NONE', #2496 ) ;
#724 = EDGE_CURVE ( 'NONE', #750, #1891, #2061, .T. ) ;
#725 = EDGE_CURVE ( 'NONE', #3750, #5148, #4147, .T. ) ;
#726 = CARTESIAN_POINT ( 'NONE',  ( -33.17602134473515463, -11.15200355309709757, -1.256964096104127515 ) ) ;
#727 = AXIS2_PLACEMENT_3D ( 'NONE', #3262, #3758, #1158 ) ;
#728 = CARTESIAN_POINT ( 'NONE',  ( -4.000000000000000000, 2.861519261691602695E-15, 2.275566573465935161 ) ) ;
#729 = DIRECTION ( 'NONE',  ( 0.3860809933300304309, 0.1718943330829373894, -0.9063077870366496036 ) ) ;
#730 = ORIENTED_EDGE ( 'NONE', *, *, #1507, .F. ) ;
#731 = AXIS2_PLACEMENT_3D ( 'NONE', #843, #1044, #4316 ) ;
#732 = FACE_OUTER_BOUND ( 'NONE', #4834, .T. ) ;
#733 = DIRECTION ( 'NONE',  ( 0.000000000000000000, 0.000000000000000000, 1.000000000000000000 ) ) ;
#734 = AXIS2_PLACEMENT_3D ( 'NONE', #5189, #4304, #5158 ) ;
#735 = ORIENTED_EDGE ( 'NONE', *, *, #1533, .F. ) ;
#736 = VECTOR ( 'NONE', #514, 1000.000000000000227 ) ;
#737 = CARTESIAN_POINT ( 'NONE',  ( -23.51141009169919371, -32.36067977499769910, -7.500000000000000000 ) ) ;
#738 = ORIENTED_EDGE ( 'NONE', *, *, #5099, .F. ) ;
#739 = DIRECTION ( 'NONE',  ( 0.2079116908177532641, -0.9781476007338070211, 0.000000000000000000 ) ) ;
#740 = B_SPLINE_CURVE_WITH_KNOTS ( 'NONE', 3,
 ( #789, #1621, #5376, #710, #4949, #3314, #5351, #288, #5456, #366 ),
 .UNSPECIFIED., .F., .F.,
 ( 4, 2, 2, 2, 4 ),
 ( 0.000000000000000000, 0.002894432855054566815, 0.003618041068818207001, 0.004341649282581847187, 0.005788865710109128426 ),
 .UNSPECIFIED. ) ;
#741 = VERTEX_POINT ( 'NONE', #3386 ) ;
#742 = CARTESIAN_POINT ( 'NONE',  ( -13.66855157978853264, -32.22099667393406008, -6.805446025395977649 ) ) ;
#743 = CARTESIAN_POINT ( 'NONE',  ( -27.52262852276072280, -21.62186206593036886, -7.500000000000000000 ) ) ;
#744 = FACE_OUTER_BOUND ( 'NONE', #3414, .T. ) ;
#745 = CARTESIAN_POINT ( 'NONE',  ( -2.052997059576187056, -34.94043586704281523, 6.531040695676812113 ) ) ;
#746 = LINE ( 'NONE', #4545, #4010 ) ;
#747 = DIRECTION ( 'NONE',  ( -0.5877852522924688072, 0.8090169943749505599, -2.621974584483798548E-17 ) ) ;
#748 = ORIENTED_EDGE ( 'NONE', *, *, #2296, .T. ) ;
#749 = CARTESIAN_POINT ( 'NONE',  ( 9.654426508306141130, 33.64211718658200567, 3.846916844037900240 ) ) ;
#750 = VERTEX_POINT ( 'NONE', #2939 ) ;
#751 = EDGE_CURVE ( 'NONE', #1830, #4968, #3815, .T. ) ;
#752 = ORIENTED_EDGE ( 'NONE', *, *, #3229, .F. ) ;
#753 = LINE ( 'NONE', #5364, #3713 ) ;
#754 = CARTESIAN_POINT ( 'NONE',  ( 28.75088453695042645, 19.96068592773815453, -6.073605354730921668 ) ) ;
#755 = ORIENTED_EDGE ( 'NONE', *, *, #2730, .T. ) ;
#756 = ORIENTED_EDGE ( 'NONE', *, *, #1036, .F. ) ;
#757 = ADVANCED_FACE ( 'NONE', ( #891 ), #1312, .T. ) ;
#758 = CARTESIAN_POINT ( 'NONE',  ( 2.448864658608838507, -34.91422434887846293, -3.846916844037818528 ) ) ;
#759 = ADVANCED_FACE ( 'NONE', ( #5447, #5076 ), #2907, .T. ) ;
#760 = EDGE_CURVE ( 'NONE', #3059, #321, #2091, .T. ) ;
#761 = ORIENTED_EDGE ( 'NONE', *, *, #2587, .F. ) ;
#762 = CARTESIAN_POINT ( 'NONE',  ( -34.75593503081717728, 4.126133799771381838, 7.116933741779888578 ) ) ;
#763 = CARTESIAN_POINT ( 'NONE',  ( -35.00000000000000711, 0.000000000000000000, -2.460460499051108751 ) ) ;
#764 = AXIS2_PLACEMENT_3D ( 'NONE', #2057, #1115, #2802 ) ;
#765 = ORIENTED_EDGE ( 'NONE', *, *, #3544, .T. ) ;
#766 = CARTESIAN_POINT ( 'NONE',  ( 37.42108496357133873, 14.27246196437167036, 4.060590289905088746 ) ) ;
#767 = DIRECTION ( 'NONE',  ( -0.07888863263406477311, -0.7505752021757435832, 0.6560590289905088301 ) ) ;
#768 = CARTESIAN_POINT ( 'NONE',  ( 15.47872589248116704, 36.89387836088128125, -0.7524306995458190928 ) ) ;
#769 = CARTESIAN_POINT ( 'NONE',  ( 34.75593503081723412, 4.126133799770935084, -7.116933741779875255 ) ) ;
#770 = EDGE_LOOP ( 'NONE', ( #5101, #3672, #4242, #1514 ) ) ;
#771 =( BOUNDED_CURVE ( )  B_SPLINE_CURVE ( 3, ( #1274, #2601, #4298, #5150 ),
 .UNSPECIFIED., .F., .F. ) 
 B_SPLINE_CURVE_WITH_KNOTS ( ( 4, 4 ),
 ( 1.431381591588105184, 1.628261284377777951 ),
 .UNSPECIFIED. ) 
 CURVE ( )  GEOMETRIC_REPRESENTATION_ITEM ( )  RATIONAL_B_SPLINE_CURVE ( ( 1.000000000000000000, 0.9967724731469831401, 0.9967724731469831401, 1.000000000000000000 ) ) 
 REPRESENTATION_ITEM ( '' )  );
#772 = ORIENTED_EDGE ( 'NONE', *, *, #4398, .F. ) ;
#773 = CARTESIAN_POINT ( 'NONE',  ( 39.27247818500669041, -9.018218867565334307, -3.846916844037844729 ) ) ;
#774 = AXIS2_PLACEMENT_3D ( 'NONE', #280, #4942, #1148 ) ;
#775 = CARTESIAN_POINT ( 'NONE',  ( 27.58493545433159966, -21.54231500977461522, -3.846916844037864269 ) ) ;
#776 = CARTESIAN_POINT ( 'NONE',  ( -32.61085701990747765, 12.70952416210582392, -4.060590289905078976 ) ) ;
#777 = EDGE_LOOP ( 'NONE', ( #5115, #4634, #4712, #3462 ) ) ;
#778 = DIRECTION ( 'NONE',  ( 0.000000000000000000, 0.000000000000000000, 1.000000000000000000 ) ) ;
#779 = CARTESIAN_POINT ( 'NONE',  ( 38.04226065180618122, 12.36067977499779857, -7.500000000000000000 ) ) ;
#780 = ORIENTED_EDGE ( 'NONE', *, *, #5131, .T. ) ;
#781 = FACE_OUTER_BOUND ( 'NONE', #3598, .T. ) ;
#782 = EDGE_CURVE ( 'NONE', #2972, #2946, #2150, .T. ) ;
#783 = B_SPLINE_CURVE_WITH_KNOTS ( 'NONE', 3,
 ( #3881, #3406, #879, #3853 ),
 .UNSPECIFIED., .F., .F.,
 ( 4, 4 ),
 ( 0.000000000000000000, 0.002845522393967960754 ),
 .UNSPECIFIED. ) ;
#784 = CARTESIAN_POINT ( 'NONE',  ( -31.07085711747844314, 25.27137923344312398, 4.060590289905085193 ) ) ;
#785 = EDGE_CURVE ( 'NONE', #5350, #3409, #2704, .T. ) ;
#786 = ADVANCED_FACE ( 'NONE', ( #4247 ), #1722, .F. ) ;
#787 = VECTOR ( 'NONE', #196, 1000.000000000000000 ) ;
#788 = ORIENTED_EDGE ( 'NONE', *, *, #2298, .F. ) ;
#789 = CARTESIAN_POINT ( 'NONE',  ( -12.37590541626378737, 32.73892125784986717, -4.060590289905084305 ) ) ;
#790 = CARTESIAN_POINT ( 'NONE',  ( -33.07400264418473057, -11.45034274999934354, 0.1631887509873201358 ) ) ;
#791 = CARTESIAN_POINT ( 'NONE',  ( -34.90643805960037582, 2.620630801111810015, -6.957023416472537747 ) ) ;
#792 = ORIENTED_EDGE ( 'NONE', *, *, #3103, .F. ) ;
#793 = CIRCLE ( 'NONE', #4158, 35.00000000000000711 ) ;
#794 = PLANE ( 'NONE',  #5240 ) ;
#795 = ORIENTED_EDGE ( 'NONE', *, *, #2421, .F. ) ;
#796 = AXIS2_PLACEMENT_3D ( 'NONE', #159, #550, #3941 ) ;
#797 = DIRECTION ( 'NONE',  ( -0.9135454576426005335, 0.4067366430758010409, 0.000000000000000000 ) ) ;
#798 = ORIENTED_EDGE ( 'NONE', *, *, #5170, .T. ) ;
#799 = CARTESIAN_POINT ( 'NONE',  ( -33.07400264418472347, -11.45034274999934354, 3.061616929884898095E-16 ) ) ;
#800 = CIRCLE ( 'NONE', #4877, 10.00000000000000355 ) ;
#801 = CARTESIAN_POINT ( 'NONE',  ( -32.32438845361833302, 12.61644488256687779, -4.060590289905079864 ) ) ;
#802 = VERTEX_POINT ( 'NONE', #4579 ) ;
#803 =( BOUNDED_CURVE ( )  B_SPLINE_CURVE ( 3, ( #529, #2305, #973, #3917 ),
 .UNSPECIFIED., .F., .F. ) 
 B_SPLINE_CURVE_WITH_KNOTS ( ( 4, 4 ),
 ( 4.572974245177896968, 4.769853937967571511 ),
 .UNSPECIFIED. ) 
 CURVE ( )  GEOMETRIC_REPRESENTATION_ITEM ( )  RATIONAL_B_SPLINE_CURVE ( ( 1.000000000000000000, 0.9967724731469831401, 0.9967724731469831401, 1.000000000000000000 ) ) 
 REPRESENTATION_ITEM ( '' )  );
#804 = VERTEX_POINT ( 'NONE', #775 ) ;
#805 = CARTESIAN_POINT ( 'NONE',  ( -9.348413438075008131, 1.987066617467124319, 2.500000000000000444 ) ) ;
#806 = FACE_OUTER_BOUND ( 'NONE', #1740, .T. ) ;
#807 = VERTEX_POINT ( 'NONE', #3326 ) ;
#808 = CARTESIAN_POINT ( 'NONE',  ( 9.654426508306141130, 33.64211718658200567, 3.846916844037900240 ) ) ;
#809 = AXIS2_PLACEMENT_3D ( 'NONE', #805, #5018, #3002 ) ;
#810 = DIRECTION ( 'NONE',  ( -0.1305962250110749845, 0.4019338517338241212, 0.9063077870366496036 ) ) ;
#811 = ORIENTED_EDGE ( 'NONE', *, *, #244, .T. ) ;
#812 = DIRECTION ( 'NONE',  ( 0.1045284632676571207, 0.9945218953682729568, 0.000000000000000000 ) ) ;
#813 = CYLINDRICAL_SURFACE ( 'NONE', #3211, 10.00000000000000000 ) ;
#814 = VECTOR ( 'NONE', #58, 999.9999999999998863 ) ;
#815 = EDGE_CURVE ( 'NONE', #4857, #1830, #551, .T. ) ;
#816 = AXIS2_PLACEMENT_3D ( 'NONE', #10, #902, #2594 ) ;
#817 = EDGE_LOOP ( 'NONE', ( #2129, #2058, #1384, #1771, #3886, #1753, #1311, #4468 ) ) ;
#818 = DIRECTION ( 'NONE',  ( -0.2079116908177532641, 0.9781476007338069101, -0.000000000000000000 ) ) ;
#819 = ADVANCED_FACE ( 'NONE', ( #4221 ), #410, .T. ) ;
#820 = CARTESIAN_POINT ( 'NONE',  ( 29.35924654518018073, 19.06356814938921218, -4.553765416902570529 ) ) ;
#821 = VECTOR ( 'NONE', #255, 1000.000000000000114 ) ;
#822 = ADVANCED_FACE ( 'NONE', ( #2203 ), #4871, .T. ) ;
#823 = CARTESIAN_POINT ( 'NONE',  ( 27.52262852276042437, -21.62186206593074544, 7.500000000000000000 ) ) ;
#824 = EDGE_LOOP ( 'NONE', ( #4874, #1603, #2196, #1866, #2900 ) ) ;
#825 = AXIS2_PLACEMENT_3D ( 'NONE', #1345, #2641, #3895 ) ;
#826 = CARTESIAN_POINT ( 'NONE',  ( 27.58493545433159966, -21.54231500977461522, -3.846916844037864269 ) ) ;
#827 = ORIENTED_EDGE ( 'NONE', *, *, #2267, .F. ) ;
#828 = EDGE_CURVE ( 'NONE', #5454, #439, #459, .T. ) ;
#829 = CARTESIAN_POINT ( 'NONE',  ( 16.04866282905819830, 31.10370430349423998, -4.060590289905084305 ) ) ;
#830 = ORIENTED_EDGE ( 'NONE', *, *, #562, .F. ) ;
#831 = ADVANCED_FACE ( 'NONE', ( #4040 ), #924, .F. ) ;
#832 = FACE_OUTER_BOUND ( 'NONE', #346, .T. ) ;
#833 = CARTESIAN_POINT ( 'NONE',  ( 2.683371474602033402, 40.00000000000000000, 10.40750713394294991 ) ) ;
#834 = ORIENTED_EDGE ( 'NONE', *, *, #1508, .T. ) ;
#835 = DIRECTION ( 'NONE',  ( -0.4546351382095121796, 0.000000000000000000, 0.8906777706360576863 ) ) ;
#836 = ORIENTED_EDGE ( 'NONE', *, *, #5178, .F. ) ;
#837 = CARTESIAN_POINT ( 'NONE',  ( -19.43268980949088132, 29.11298660031885888, 6.823943630429766927 ) ) ;
#838 = CARTESIAN_POINT ( 'NONE',  ( -13.80463082539352015, -32.16258956885462084, -7.116933741779874367 ) ) ;
#839 = ORIENTED_EDGE ( 'NONE', *, *, #3289, .F. ) ;
#840 =( BOUNDED_CURVE ( )  B_SPLINE_CURVE ( 3, ( #3727, #260, #3287, #1962 ),
 .UNSPECIFIED., .F., .F. ) 
 B_SPLINE_CURVE_WITH_KNOTS ( ( 4, 4 ),
 ( 4.895691063979541902, 4.908383916198270747 ),
 .UNSPECIFIED. ) 
 CURVE ( )  GEOMETRIC_REPRESENTATION_ITEM ( )  RATIONAL_B_SPLINE_CURVE ( ( 1.000000000000000000, 0.9999865743369418247, 0.9999865743369418247, 1.000000000000000000 ) ) 
 REPRESENTATION_ITEM ( '' )  );
#841 = CARTESIAN_POINT ( 'NONE',  ( 0.000000000000000000, 0.000000000000000000, -7.500000000000000000 ) ) ;
#842 = VERTEX_POINT ( 'NONE', #118 ) ;
#843 = CARTESIAN_POINT ( 'NONE',  ( -27.93026703720888548, 28.75935788053882547, 10.40750713394290727 ) ) ;
#844 = FACE_OUTER_BOUND ( 'NONE', #3392, .T. ) ;
#845 = CARTESIAN_POINT ( 'NONE',  ( -25.16500674034537255, 31.83049057299566087, -7.116933741779893019 ) ) ;
#846 = DIRECTION ( 'NONE',  ( -0.000000000000000000, -0.000000000000000000, -1.000000000000000000 ) ) ;
#847 = ORIENTED_EDGE ( 'NONE', *, *, #2251, .F. ) ;
#848 = DIRECTION ( 'NONE',  ( 0.9510565162951544194, 0.3090169943749448422, -5.265540618832129840E-19 ) ) ;
#849 = PLANE ( 'NONE',  #2593 ) ;
#850 = CARTESIAN_POINT ( 'NONE',  ( 21.34051696652472430, -33.93792595419139957, 10.40750713394291260 ) ) ;
#851 = ORIENTED_EDGE ( 'NONE', *, *, #2452, .F. ) ;
#852 = DIRECTION ( 'NONE',  ( 0.9781476007338042455, -0.2079116908177663647, 0.000000000000000000 ) ) ;
#853 = ORIENTED_EDGE ( 'NONE', *, *, #1442, .T. ) ;
#854 = VECTOR ( 'NONE', #3800, 1000.000000000000227 ) ;
#855 = CARTESIAN_POINT ( 'NONE',  ( -28.48590665691676094, -20.35265662608087567, 5.425564169306144713 ) ) ;
#856 = ORIENTED_EDGE ( 'NONE', *, *, #3730, .T. ) ;
#857 = EDGE_CURVE ( 'NONE', #5268, #3436, #2179, .T. ) ;
#858 = CARTESIAN_POINT ( 'NONE',  ( -0.9147057750823108790, -34.98804529185692758, 6.181324516535918967 ) ) ;
#859 = ADVANCED_FACE ( 'NONE', ( #234 ), #1936, .F. ) ;
#860 = EDGE_LOOP ( 'NONE', ( #1548, #5358, #836, #4418 ) ) ;
#861 = LINE ( 'NONE', #4685, #2731 ) ;
#862 = EDGE_CURVE ( 'NONE', #3912, #4303, #264, .T. ) ;
#863 = VERTEX_POINT ( 'NONE', #5194 ) ;
#864 = CARTESIAN_POINT ( 'NONE',  ( -5.912082641817987039, 34.51036133782516657, -7.500000000000000000 ) ) ;
#865 = CARTESIAN_POINT ( 'NONE',  ( -22.09761752197563567, 33.94695794248187326, 6.181324516535897651 ) ) ;
#866 = ORIENTED_EDGE ( 'NONE', *, *, #2452, .T. ) ;
#867 = CARTESIAN_POINT ( 'NONE',  ( -15.50170611627793527, -31.39450379151572434, -7.500000000000000000 ) ) ;
#868 = ORIENTED_EDGE ( 'NONE', *, *, #2296, .F. ) ;
#869 = CARTESIAN_POINT ( 'NONE',  ( -35.00000000000001421, 0.4047950708506510842, -2.923573006794476292 ) ) ;
#870 = DIRECTION ( 'NONE',  ( 0.4067366430758010409, 0.9135454576426005335, -0.000000000000000000 ) ) ;
#871 = CARTESIAN_POINT ( 'NONE',  ( -14.66436101729225250, -31.77981302579548739, 7.116933741779898348 ) ) ;
#872 = CARTESIAN_POINT ( 'NONE',  ( 40.06136451134734244, -1.512466845807894700, -10.40750713394292681 ) ) ;
#873 = CARTESIAN_POINT ( 'NONE',  ( -32.35431316958911196, -13.35082814101708770, -6.196689755746668027 ) ) ;
#874 = ORIENTED_EDGE ( 'NONE', *, *, #1179, .T. ) ;
#875 = FACE_OUTER_BOUND ( 'NONE', #673, .T. ) ;
#876 = DIRECTION ( 'NONE',  ( 0.7431448254773954654, 0.6691306063588569053, 0.000000000000000000 ) ) ;
#877 = CARTESIAN_POINT ( 'NONE',  ( -13.81808390124110275, 37.63324381140920849, 10.40750713394290194 ) ) ;
#878 = ORIENTED_EDGE ( 'NONE', *, *, #1777, .T. ) ;
#879 = CARTESIAN_POINT ( 'NONE',  ( 33.15600667586755179, -11.24859951108942013, -7.374970462211830835 ) ) ;
#880 = PRODUCT_DEFINITION ( 'UNKNOWN', '', #942, #1849 ) ;
#881 = ORIENTED_EDGE ( 'NONE', *, *, #82, .T. ) ;
#882 = CARTESIAN_POINT ( 'NONE',  ( 19.80900282939826340, 28.85863641825145365, -6.986545299580300572 ) ) ;
#883 = AXIS2_PLACEMENT_3D ( 'NONE', #833, #1634, #2934 ) ;
#884 = ORIENTED_EDGE ( 'NONE', *, *, #4163, .F. ) ;
#885 = CARTESIAN_POINT ( 'NONE',  ( 29.84318316396762327, 18.28618108413783361, -6.181324516535880775 ) ) ;
#886 = ORIENTED_EDGE ( 'NONE', *, *, #2858, .F. ) ;
#887 = FACE_OUTER_BOUND ( 'NONE', #1226, .T. ) ;
#888 = VECTOR ( 'NONE', #5317, 1000.000000000000114 ) ;
#889 = ORIENTED_EDGE ( 'NONE', *, *, #5079, .F. ) ;
#890 = EDGE_CURVE ( 'NONE', #3154, #2532, #441, .T. ) ;
#891 = FACE_OUTER_BOUND ( 'NONE', #1818, .T. ) ;
#892 = FACE_OUTER_BOUND ( 'NONE', #4109, .T. ) ;
#893 = ORIENTED_EDGE ( 'NONE', *, *, #2315, .F. ) ;
#894 = EDGE_CURVE ( 'NONE', #750, #2680, #4677, .T. ) ;
#895 = VECTOR ( 'NONE', #2632, 1000.000000000000114 ) ;
#896 = DIRECTION ( 'NONE',  ( -0.000000000000000000, -1.000000000000000000, -0.000000000000000000 ) ) ;
#897 = EDGE_CURVE ( 'NONE', #2840, #217, #840, .T. ) ;
#898 = CARTESIAN_POINT ( 'NONE',  ( 30.85758179576644977, 16.73425638043996955, 6.181324516535888769 ) ) ;
#899 = ORIENTED_EDGE ( 'NONE', *, *, #760, .T. ) ;
#900 = LINE ( 'NONE', #4289, #1262 ) ;
#901 = CARTESIAN_POINT ( 'NONE',  ( -5.911327065514044854, 34.50002368617677462, 6.823943630429767815 ) ) ;
#902 = DIRECTION ( 'NONE',  ( -0.2800645083286731341, 0.8619499266302467211, -0.4226182617406999964 ) ) ;
#903 = VERTEX_POINT ( 'NONE', #1567 ) ;
#904 = CARTESIAN_POINT ( 'NONE',  ( 39.50038711811450298, -6.849810215604684061, 10.40750713394289129 ) ) ;
#905 = ORIENTED_EDGE ( 'NONE', *, *, #2422, .T. ) ;
#906 = VECTOR ( 'NONE', #4206, 1000.000000000000227 ) ;
#907 = DIRECTION ( 'NONE',  ( -0.4067366430757888285, 0.9135454576426059736, 0.000000000000000000 ) ) ;
#908 = AXIS2_PLACEMENT_3D ( 'NONE', #3773, #3276, #1607 ) ;
#909 = LINE ( 'NONE', #1713, #2250 ) ;
#910 = EDGE_LOOP ( 'NONE', ( #738, #4248, #2361, #2723 ) ) ;
#911 = AXIS2_PLACEMENT_3D ( 'NONE', #1656, #2933, #4156 ) ;
#913 = VECTOR ( 'NONE', #3983, 1000.000000000000114 ) ;
#912 = CARTESIAN_POINT ( 'NONE',  ( 5.256390950888584435, 34.60374560184166626, -6.531040695676794350 ) ) ;
#914 = ORIENTED_EDGE ( 'NONE', *, *, #5276, .T. ) ;
#915 = CIRCLE ( 'NONE', #198, 10.00000000000000000 ) ;
#916 = VECTOR ( 'NONE', #3096, 1000.000000000000114 ) ;
#917 = CARTESIAN_POINT ( 'NONE',  ( 13.81808390124159125, 37.63324381140903085, -10.40750713394288063 ) ) ;
#918 = EDGE_LOOP ( 'NONE', ( #2560, #1555, #3093, #349 ) ) ;
#919 = CARTESIAN_POINT ( 'NONE',  ( 14.43308701663506355, 37.35942678288174790, 4.060590289905086969 ) ) ;
#920 = VERTEX_POINT ( 'NONE', #5457 ) ;
#921 = DIRECTION ( 'NONE',  ( -0.2079116908177664758, -0.9781476007338042455, 0.000000000000000000 ) ) ;
#922 = DIRECTION ( 'NONE',  ( 0.000000000000000000, 0.000000000000000000, 1.000000000000000000 ) ) ;
#923 = ORIENTED_EDGE ( 'NONE', *, *, #4862, .F. ) ;
#924 = PLANE ( 'NONE',  #4882 ) ;
#925 = DIRECTION ( 'NONE',  ( 1.000000000000000000, 0.000000000000000000, 0.000000000000000000 ) ) ;
#926 = EDGE_LOOP ( 'NONE', ( #2553, #5296, #5087, #5017 ) ) ;
#927 = CARTESIAN_POINT ( 'NONE',  ( 6.670739034965151859, 34.35874225984415631, -6.805446025395998966 ) ) ;
#928 = EDGE_CURVE ( 'NONE', #3270, #945, #1085, .T. ) ;
#929 = CARTESIAN_POINT ( 'NONE',  ( -16.26946572303155136, 36.54181830570423983, 0.000000000000000000 ) ) ;
#930 = DIRECTION ( 'NONE',  ( -1.000000000000000000, 0.000000000000000000, 0.000000000000000000 ) ) ;
#931 = ORIENTED_EDGE ( 'NONE', *, *, #5207, .T. ) ;
#932 = CARTESIAN_POINT ( 'NONE',  ( 36.07082295639244052, 18.42814111473943584, 6.181324516535885216 ) ) ;
#933 = CARTESIAN_POINT ( 'NONE',  ( 39.54523412499735713, 7.735003059746142995, -3.846916844037842065 ) ) ;
#934 = EDGE_CURVE ( 'NONE', #2851, #390, #2362, .T. ) ;
#935 = ADVANCED_FACE ( 'NONE', ( #4094 ), #4950, .T. ) ;
#936 = CARTESIAN_POINT ( 'NONE',  ( -2.683371474602046280, 40.00000000000000000, -10.40750713394293570 ) ) ;
#937 = ORIENTED_EDGE ( 'NONE', *, *, #3232, .F. ) ;
#938 = LINE ( 'NONE', #4297, #906 ) ;
#939 = CARTESIAN_POINT ( 'NONE',  ( 2.911018821908422094, -34.87933935414135078, -6.073605354730913675 ) ) ;
#940 = CARTESIAN_POINT ( 'NONE',  ( -15.43034175323543167, -31.41762251430429131, 5.331456580176219262 ) ) ;
#941 = CIRCLE ( 'NONE', #3589, 35.00000000000000711 ) ;
#942 = PRODUCT_DEFINITION_FORMATION_WITH_SPECIFIED_SOURCE ( 'ANY', '', #1478, .NOT_KNOWN. ) ;
#943 = VERTEX_POINT ( 'NONE', #4148 ) ;
#944 = DIRECTION ( 'NONE',  ( -0.2588190451025206840, 0.9659258262890683122, 0.000000000000000000 ) ) ;
#945 = VERTEX_POINT ( 'NONE', #743 ) ;
#946 = CARTESIAN_POINT ( 'NONE',  ( 29.25577289386319890, -19.21196898765715844, -4.060590289905082528 ) ) ;
#947 = DIRECTION ( 'NONE',  ( -0.8090169943749425663, 0.5877852522924799095, 0.000000000000000000 ) ) ;
#948 = CARTESIAN_POINT ( 'NONE',  ( -10.94120100247017824, -38.56799972897549367, 10.40750713394293037 ) ) ;
#949 = VERTEX_POINT ( 'NONE', #1992 ) ;
#950 = DIRECTION ( 'NONE',  ( -0.6105728762178068703, -0.4436071610187848346, 0.6560590289905083861 ) ) ;
#951 = DIRECTION ( 'NONE',  ( 1.000000000000000000, 0.000000000000000000, 0.000000000000000000 ) ) ;
#952 = ORIENTED_EDGE ( 'NONE', *, *, #562, .T. ) ;
#953 = CARTESIAN_POINT ( 'NONE',  ( -30.75788893904947940, 16.70186420771939950, -6.181324516535946501 ) ) ;
#954 = CARTESIAN_POINT ( 'NONE',  ( -21.30546954598859344, 27.76827267629287732, -6.181324516535871005 ) ) ;
#955 = CARTESIAN_POINT ( 'NONE',  ( 30.61573399108594629, 16.96168509134851021, 6.805446025395991860 ) ) ;
#956 = VERTEX_POINT ( 'NONE', #4486 ) ;
#957 = CYLINDRICAL_SURFACE ( 'NONE', #3738, 10.00000000000000355 ) ;
#958 = CARTESIAN_POINT ( 'NONE',  ( 16.26946572303204164, 36.54181830570401956, 7.500000000000000000 ) ) ;
#959 = AXIS2_PLACEMENT_3D ( 'NONE', #2823, #216, #1598 ) ;
#960 = FACE_OUTER_BOUND ( 'NONE', #2371, .T. ) ;
#961 = FACE_OUTER_BOUND ( 'NONE', #4539, .T. ) ;
#962 = VERTEX_POINT ( 'NONE', #682 ) ;
#963 = EDGE_CURVE ( 'NONE', #2134, #3889, #1541, .T. ) ;
#964 = ORIENTED_EDGE ( 'NONE', *, *, #4249, .F. ) ;
#965 = CARTESIAN_POINT ( 'NONE',  ( 38.04901022264557042, -14.09718111667033291, 7.116933741779893019 ) ) ;
#966 = CARTESIAN_POINT ( 'NONE',  ( 39.78087581473091916, -4.181138530706284051, 7.500000000000000000 ) ) ;
#967 = EDGE_CURVE ( 'NONE', #219, #4715, #2048, .T. ) ;
#968 = CARTESIAN_POINT ( 'NONE',  ( -2.754007057556920657, -2.903342563672041354, 1.384615645743763057 ) ) ;
#969 = EDGE_CURVE ( 'NONE', #3784, #2382, #4008, .T. ) ;
#970 = CARTESIAN_POINT ( 'NONE',  ( -20.06898283158689722, 28.67503891987732345, 6.805446025396006071 ) ) ;
#971 = VERTEX_POINT ( 'NONE', #766 ) ;
#972 = ORIENTED_EDGE ( 'NONE', *, *, #3666, .T. ) ;
#973 = CARTESIAN_POINT ( 'NONE',  ( 7.572787883830073952, -34.24829720497430685, -1.418366989929914279 ) ) ;
#974 = DIRECTION ( 'NONE',  ( 0.1045284632676571207, 0.9945218953682729568, 0.000000000000000000 ) ) ;
#975 = AXIS2_PLACEMENT_3D ( 'NONE', #3984, #3586, #3148 ) ;
#976 = CARTESIAN_POINT ( 'NONE',  ( -9.557262555325861442, 33.66984901137168862, 7.500000000000000000 ) ) ;
#977 = CARTESIAN_POINT ( 'NONE',  ( -38.04901022264576227, -14.09718111666981599, -7.116933741779881473 ) ) ;
#978 = VERTEX_POINT ( 'NONE', #2460 ) ;
#979 = VECTOR ( 'NONE', #434, 1000.000000000000114 ) ;
#980 = CYLINDRICAL_SURFACE ( 'NONE', #1041, 9.999999999999998224 ) ;
#981 = ORIENTED_EDGE ( 'NONE', *, *, #2958, .T. ) ;
#982 = DIRECTION ( 'NONE',  ( 0.2800645083286844028, 0.8619499266302429463, 0.4226182617407002740 ) ) ;
#983 = AXIS2_PLACEMENT_3D ( 'NONE', #3863, #3970, #3595 ) ;
#984 = DIRECTION ( 'NONE',  ( -0.9135454576426006446, 0.4067366430758008744, 0.000000000000000000 ) ) ;
#985 = ORIENTED_EDGE ( 'NONE', *, *, #2887, .T. ) ;
#986 = DIRECTION ( 'NONE',  ( 0.8660254037844362651, -0.5000000000000039968, 0.000000000000000000 ) ) ;
#987 = FACE_OUTER_BOUND ( 'NONE', #5081, .T. ) ;
#988 = B_SPLINE_CURVE_WITH_KNOTS ( 'NONE', 3,
 ( #823, #1296, #77, #1650 ),
 .UNSPECIFIED., .F., .F.,
 ( 4, 4 ),
 ( 0.000000000000000000, 0.002845522393967953815 ),
 .UNSPECIFIED. ) ;
#989 = DIRECTION ( 'NONE',  ( 0.2332180861064168942, -0.7177714641812464880, 0.6560590289905090522 ) ) ;
#990 = VECTOR ( 'NONE', #2647, 1000.000000000000114 ) ;
#991 = DIRECTION ( 'NONE',  ( -0.8660254037844363761, 0.5000000000000039968, 0.000000000000000000 ) ) ;
#992 = ORIENTED_EDGE ( 'NONE', *, *, #79, .F. ) ;
#993 = ORIENTED_EDGE ( 'NONE', *, *, #4764, .F. ) ;
#994 = DIRECTION ( 'NONE',  ( 0.000000000000000000, 0.000000000000000000, 1.000000000000000000 ) ) ;
#995 = CARTESIAN_POINT ( 'NONE',  ( 31.55476043657084873, -15.15618904760401975, 4.798630682669618785 ) ) ;
#996 = EDGE_CURVE ( 'NONE', #605, #3409, #1307, .T. ) ;
#997 = DIRECTION ( 'NONE',  ( 0.000000000000000000, 0.000000000000000000, 1.000000000000000000 ) ) ;
#998 = B_SPLINE_CURVE_WITH_KNOTS ( 'NONE', 3,
 ( #2290, #4469, #3186, #4879 ),
 .UNSPECIFIED., .F., .F.,
 ( 4, 4 ),
 ( 1.734723475976806902E-18, 0.002794378677442426080 ),
 .UNSPECIFIED. ) ;
#999 = VECTOR ( 'NONE', #2404, 1000.000000000000114 ) ;
#1000 = EDGE_LOOP ( 'NONE', ( #1559, #3993, #1289, #3078 ) ) ;
#1001 = DIRECTION ( 'NONE',  ( 0.000000000000000000, 0.000000000000000000, 1.000000000000000000 ) ) ;
#1002 = EDGE_CURVE ( 'NONE', #5073, #3399, #2871, .T. ) ;
#1003 = EDGE_CURVE ( 'NONE', #1293, #4274, #4371, .T. ) ;
#1004 = VERTEX_POINT ( 'NONE', #3315 ) ;
#1005 = CARTESIAN_POINT ( 'NONE',  ( 34.75593503081723412, 4.126133799770935084, -7.116933741779875255 ) ) ;
#1006 = VERTEX_POINT ( 'NONE', #2076 ) ;
#1007 = FACE_OUTER_BOUND ( 'NONE', #382, .T. ) ;
#1008 = CARTESIAN_POINT ( 'NONE',  ( -3.663150038644578554, 1.606652356416354621, 0.000000000000000000 ) ) ;
#1009 = EDGE_LOOP ( 'NONE', ( #81, #5025, #2922, #899 ) ) ;
#1010 = AXIS2_PLACEMENT_3D ( 'NONE', #1282, #2112, #1687 ) ;
#1011 = ORIENTED_EDGE ( 'NONE', *, *, #272, .F. ) ;
#1012 = VECTOR ( 'NONE', #896, 1000.000000000000000 ) ;
#1013 = EDGE_CURVE ( 'NONE', #5498, #2824, #4618, .T. ) ;
#1014 = LINE ( 'NONE', #5278, #2359 ) ;
#1015 = ORIENTED_EDGE ( 'NONE', *, *, #897, .F. ) ;
#1016 = CARTESIAN_POINT ( 'NONE',  ( 16.08706173049534982, -31.08464734213324476, -6.531040695676799679 ) ) ;
#1017 = CARTESIAN_POINT ( 'NONE',  ( -22.50323929324014216, 26.80679431247186173, -3.846916844037794103 ) ) ;
#1018 = CARTESIAN_POINT ( 'NONE',  ( 7.731987826961902677, -5.617617982307676172, -2.500000000000000444 ) ) ;
#1019 = ORIENTED_EDGE ( 'NONE', *, *, #3577, .T. ) ;
#1020 = CARTESIAN_POINT ( 'NONE',  ( 33.44628935778247580, 10.56592191761901844, 1.418366989929929600 ) ) ;
#1021 = CARTESIAN_POINT ( 'NONE',  ( 32.48639608759921060, -13.02436444666760984, -7.500000000000000000 ) ) ;
#1022 = DIRECTION ( 'NONE',  ( 0.6894615088518704082, 0.3069680411569476464, 0.6560590289905083861 ) ) ;
#1023 = CARTESIAN_POINT ( 'NONE',  ( -20.71269898975981150, 34.56356339983972958, 3.846916844037818084 ) ) ;
#1024 = LINE ( 'NONE', #3644, #200 ) ;
#1025 = B_SPLINE_CURVE_WITH_KNOTS ( 'NONE', 3,
 ( #3588, #5284, #251, #1479, #3612, #1509, #3199, #1955, #3639, #5339 ),
 .UNSPECIFIED., .F., .F.,
 ( 4, 2, 2, 2, 4 ),
 ( 1.206368944681513154E-18, 0.0007374483135554691640, 0.001474896627110937244, 0.002212344940666405215, 0.002949793254221873186 ),
 .UNSPECIFIED. ) ;
#1026 =( BOUNDED_CURVE ( )  B_SPLINE_CURVE ( 3, ( #1388, #3910, #2277, #2684 ),
 .UNSPECIFIED., .F., .F. ) 
 B_SPLINE_CURVE_WITH_KNOTS ( ( 4, 4 ),
 ( 4.572974245177897856, 4.769853937967571511 ),
 .UNSPECIFIED. ) 
 CURVE ( )  GEOMETRIC_REPRESENTATION_ITEM ( )  RATIONAL_B_SPLINE_CURVE ( ( 1.000000000000000000, 0.9967724731469831401, 0.9967724731469831401, 1.000000000000000000 ) ) 
 REPRESENTATION_ITEM ( '' )  );
#1027 = ORIENTED_EDGE ( 'NONE', *, *, #2014, .F. ) ;
#1028 = CARTESIAN_POINT ( 'NONE',  ( -31.57086003832636933, 15.11049268446360827, -6.196689755746681350 ) ) ;
#1029 = EDGE_LOOP ( 'NONE', ( #2105, #2156, #518, #142 ) ) ;
#1030 = AXIS2_PLACEMENT_3D ( 'NONE', #3151, #1022, #4843 ) ;
#1031 = CARTESIAN_POINT ( 'NONE',  ( -29.72579301909545180, 26.76522425435468477, 7.500000000000000000 ) ) ;
#1032 = ORIENTED_EDGE ( 'NONE', *, *, #4919, .F. ) ;
#1033 = CARTESIAN_POINT ( 'NONE',  ( -6.815988142536178351, 40.00000000000000000, 7.116933741779889466 ) ) ;
#1034 = VERTEX_POINT ( 'NONE', #2431 ) ;
#1035 = ORIENTED_EDGE ( 'NONE', *, *, #1442, .F. ) ;
#1036 = EDGE_CURVE ( 'NONE', #3905, #5387, #1132, .T. ) ;
#1037 = DIRECTION ( 'NONE',  ( -0.6691306063588569053, 0.7431448254773953543, 0.000000000000000000 ) ) ;
#1038 = VERTEX_POINT ( 'NONE', #5377 ) ;
#1039 = CARTESIAN_POINT ( 'NONE',  ( -33.63593277482869581, -21.74085547402552976, 4.060590289905081640 ) ) ;
#1040 = EDGE_CURVE ( 'NONE', #1344, #219, #5345, .T. ) ;
#1041 = AXIS2_PLACEMENT_3D ( 'NONE', #1061, #3977, #3087 ) ;
#1042 = EDGE_CURVE ( 'NONE', #4968, #3473, #313, .T. ) ;
#1043 = CARTESIAN_POINT ( 'NONE',  ( -33.58963677793856561, -9.836624186388144508, -2.371548257891460842 ) ) ;
#1044 = DIRECTION ( 'NONE',  ( -0.7431448254773862505, 0.6691306063588671194, 0.000000000000000000 ) ) ;
#1045 = CIRCLE ( 'NONE', #5109, 9.999999999999998224 ) ;
#1046 = CARTESIAN_POINT ( 'NONE',  ( 9.557262555325861442, 33.66984901137168862, -7.500000000000000000 ) ) ;
#1047 = VERTEX_POINT ( 'NONE', #519 ) ;
#1048 = PLANE ( 'NONE',  #2438 ) ;
#1049 = CARTESIAN_POINT ( 'NONE',  ( -31.74813856982310867, -25.01061095132937240, 4.907591987661865218 ) ) ;
#1050 = CARTESIAN_POINT ( 'NONE',  ( -3.867835192088716845, -1.025271169837331353, 2.502244997138308946 ) ) ;
#1051 = AXIS2_PLACEMENT_3D ( 'NONE', #1984, #1751, #2998 ) ;
#1052 = DIRECTION ( 'NONE',  ( 0.000000000000000000, 0.000000000000000000, 1.000000000000000000 ) ) ;
#1053 = VERTEX_POINT ( 'NONE', #3427 ) ;
#1054 = CARTESIAN_POINT ( 'NONE',  ( -33.27091839694018915, -10.86552574270930904, 1.651435704340164623 ) ) ;
#1055 = ORIENTED_EDGE ( 'NONE', *, *, #4037, .F. ) ;
#1056 = B_SPLINE_CURVE_WITH_KNOTS ( 'NONE', 3,
 ( #4015, #333, #3174, #4867 ),
 .UNSPECIFIED., .F., .F.,
 ( 4, 4 ),
 ( 8.673617379884035472E-19, 0.002794378677442421743 ),
 .UNSPECIFIED. ) ;
#1057 = CARTESIAN_POINT ( 'NONE',  ( 34.96092949315447385, -1.653302445011862964, 4.060590289905085193 ) ) ;
#1058 = CYLINDRICAL_SURFACE ( 'NONE', #1159, 10.00000000000000000 ) ;
#1059 = FACE_OUTER_BOUND ( 'NONE', #2149, .T. ) ;
#1060 = ORIENTED_EDGE ( 'NONE', *, *, #1627, .F. ) ;
#1061 = CARTESIAN_POINT ( 'NONE',  ( 35.98270188867847708, -17.67613213520428417, -10.40750713394293925 ) ) ;
#1062 = ORIENTED_EDGE ( 'NONE', *, *, #1408, .T. ) ;
#1063 = CARTESIAN_POINT ( 'NONE',  ( -34.26695015701206870, -7.126325157293031509, -1.528069012774312174 ) ) ;
#1064 = EDGE_CURVE ( 'NONE', #43, #3154, #16, .T. ) ;
#1065 = AXIS2_PLACEMENT_3D ( 'NONE', #511, #130, #1825 ) ;
#1066 = EDGE_CURVE ( 'NONE', #491, #5175, #3906, .T. ) ;
#1067 = CARTESIAN_POINT ( 'NONE',  ( -3.663150038644569673, 1.606652356416357952, 0.1244291161740441881 ) ) ;
#1068 = CARTESIAN_POINT ( 'NONE',  ( 25.49105710050506701, -23.98390995750691346, 6.493572096533728910 ) ) ;
#1069 = ADVANCED_FACE ( 'NONE', ( #5061 ), #2216, .F. ) ;
#1070 = VERTEX_POINT ( 'NONE', #76 ) ;
#1071 = DIRECTION ( 'NONE',  ( 0.5877852522924796874, 0.8090169943749425663, -2.708015134660411415E-16 ) ) ;
#1072 = VECTOR ( 'NONE', #2170, 999.9999999999998863 ) ;
#1073 = ORIENTED_EDGE ( 'NONE', *, *, #3755, .T. ) ;
#1074 = CARTESIAN_POINT ( 'NONE',  ( -38.04226065180601069, 12.36067977499829595, 7.500000000000000000 ) ) ;
#1075 = LINE ( 'NONE', #4455, #1180 ) ;
#1076 = CARTESIAN_POINT ( 'NONE',  ( 33.56673983008815298, 8.792880503818757632, -4.060590289905090522 ) ) ;
#1077 = AXIS2_PLACEMENT_3D ( 'NONE', #1018, #3005, #569 ) ;
#1078 = ORIENTED_EDGE ( 'NONE', *, *, #4798, .T. ) ;
#1079 = CARTESIAN_POINT ( 'NONE',  ( -33.04237444862335593, -11.54224500467617709, -6.493572096533644533 ) ) ;
#1080 = B_SPLINE_CURVE_WITH_KNOTS ( 'NONE', 3,
 ( #1748, #1424, #3022, #3467 ),
 .UNSPECIFIED., .F., .F.,
 ( 4, 4 ),
 ( 0.000000000000000000, 0.002845522393967932998 ),
 .UNSPECIFIED. ) ;
#1081 = CARTESIAN_POINT ( 'NONE',  ( 6.525309833557791706, 34.38665817620378817, -6.493572096533736904 ) ) ;
#1082 = CARTESIAN_POINT ( 'NONE',  ( -20.95130420542358607, 28.03645576908393622, -7.116933741779897460 ) ) ;
#1083 = EDGE_LOOP ( 'NONE', ( #4878, #1444, #3441, #3760, #2599, #5196, #4853, #2816, #3529, #1711, #3306, #780, #2906, #456, #2366, #1551 ) ) ;
#1085 = CIRCLE ( 'NONE', #727, 35.00000000000000711 ) ;
#1084 = DIRECTION ( 'NONE',  ( -0.8660254037844433705, -0.4999999999999920064, 0.000000000000000000 ) ) ;
#1086 = CARTESIAN_POINT ( 'NONE',  ( -39.57075617311792115, -6.180293380003205606, 4.060590289905081640 ) ) ;
#1087 = ORIENTED_EDGE ( 'NONE', *, *, #1632, .T. ) ;
#1088 = CARTESIAN_POINT ( 'NONE',  ( 25.45074075617796794, -24.17613463419109721, 6.181324516535909197 ) ) ;
#1089 = ORIENTED_EDGE ( 'NONE', *, *, #3604, .F. ) ;
#1090 = AXIS2_PLACEMENT_3D ( 'NONE', #2577, #1248, #1746 ) ;
#1091 = CARTESIAN_POINT ( 'NONE',  ( -38.30973726583237493, 11.53747140343002542, -0.7524306995458415193 ) ) ;
#1092 = ORIENTED_EDGE ( 'NONE', *, *, #6, .F. ) ;
#1093 = VECTOR ( 'NONE', #40, 1000.000000000000227 ) ;
#1094 = CARTESIAN_POINT ( 'NONE',  ( 34.48440802350667411, 5.985449295442171191, 7.500000000000000000 ) ) ;
#1095 = AXIS2_PLACEMENT_3D ( 'NONE', #1358, #3372, #48 ) ;
#1096 = CARTESIAN_POINT ( 'NONE',  ( 38.04226065180618122, 12.36067977499779857, 0.000000000000000000 ) ) ;
#1097 = ADVANCED_FACE ( 'NONE', ( #1766 ), #2167, .T. ) ;
#1098 = VECTOR ( 'NONE', #2455, 1000.000000000000114 ) ;
#1099 = CARTESIAN_POINT ( 'NONE',  ( 34.91218637970411010, -3.381156601303395348, -1.418366989929931377 ) ) ;
#1100 = ORIENTED_EDGE ( 'NONE', *, *, #1172, .F. ) ;
#1101 = CARTESIAN_POINT ( 'NONE',  ( 0.4705459288894343062, -34.99683680747170911, -7.116933741779876144 ) ) ;
#1102 = EDGE_CURVE ( 'NONE', #802, #4729, #2190, .T. ) ;
#1103 = DIRECTION ( 'NONE',  ( -0.06857684211324911738, -0.6524650689851090313, -0.7547095802227711259 ) ) ;
#1104 = LINE ( 'NONE', #762, #1805 ) ;
#1105 = EDGE_CURVE ( 'NONE', #5117, #5350, #4482, .T. ) ;
#1106 = ADVANCED_FACE ( 'NONE', ( #1295 ), #2600, .F. ) ;
#1107 = ORIENTED_EDGE ( 'NONE', *, *, #2251, .T. ) ;
#1108 = CARTESIAN_POINT ( 'NONE',  ( -33.72140654342259580, -9.375097658823635882, 2.483788860506014107 ) ) ;
#1109 = DIRECTION ( 'NONE',  ( -0.000000000000000000, -0.000000000000000000, -1.000000000000000000 ) ) ;
#1110 = LINE ( 'NONE', #2873, #3126 ) ;
#1111 = DIRECTION ( 'NONE',  ( 0.3090169943749574433, 0.9510565162951503115, 0.000000000000000000 ) ) ;
#1112 = CARTESIAN_POINT ( 'NONE',  ( -22.49618072999134100, 33.76950616936468919, 7.116933741779896572 ) ) ;
#1113 = CARTESIAN_POINT ( 'NONE',  ( -37.42108496357116820, 14.27246196437212333, -4.060590289905081640 ) ) ;
#1114 = ORIENTED_EDGE ( 'NONE', *, *, #126, .T. ) ;
#1115 = DIRECTION ( 'NONE',  ( 0.2079116908177532363, -0.9781476007338070211, -8.014236306973670688E-17 ) ) ;
#1116 = EDGE_LOOP ( 'NONE', ( #1591, #5222, #2357, #92 ) ) ;
#1117 = CARTESIAN_POINT ( 'NONE',  ( -33.72102032643619651, -9.376477082399901519, -2.483562201890462617 ) ) ;
#1118 = DIRECTION ( 'NONE',  ( -0.2079116908177664202, -0.9781476007338041345, 0.000000000000000000 ) ) ;
#1119 = DIRECTION ( 'NONE',  ( -0.000000000000000000, 1.000000000000000000, -0.000000000000000000 ) ) ;
#1120 = ADVANCED_BREP_SHAPE_REPRESENTATION ( 'Rotor', ( #5065, #4212 ), #4319 ) ;
#1121 = EDGE_CURVE ( 'NONE', #3420, #807, #17, .T. ) ;
#1122 = CARTESIAN_POINT ( 'NONE',  ( -6.395056888775985549, 7.102430213719276964, -2.500000000000000444 ) ) ;
#1123 = AXIS2_PLACEMENT_3D ( 'NONE', #2197, #4189, #797 ) ;
#1124 = VERTEX_POINT ( 'NONE', #4265 ) ;
#1125 = CARTESIAN_POINT ( 'NONE',  ( -2.348058200542304963, -34.92114864500975102, -7.500000000000000000 ) ) ;
#1126 = CARTESIAN_POINT ( 'NONE',  ( -19.86807997832088546, 28.93933463063304856, 6.181324516535897651 ) ) ;
#1127 = DIRECTION ( 'NONE',  ( 0.6064382790875963991, 0.6735179422261471371, 0.4226182617407002740 ) ) ;
#1128 = EDGE_CURVE ( 'NONE', #3812, #3780, #938, .T. ) ;
#1129 = ORIENTED_EDGE ( 'NONE', *, *, #1828, .T. ) ;
#1130 = CARTESIAN_POINT ( 'NONE',  ( -4.000000000000000000, 4.898587196589412829E-16, -37.50000000000001421 ) ) ;
#1131 = EDGE_CURVE ( 'NONE', #2650, #5073, #1234, .T. ) ;
#1132 = LINE ( 'NONE', #2794, #999 ) ;
#1133 = EDGE_CURVE ( 'NONE', #4003, #3059, #1605, .T. ) ;
#1134 = CARTESIAN_POINT ( 'NONE',  ( -35.00000000000000711, -1.221657921071612118E-16, -5.574933786402038294 ) ) ;
#1135 = CARTESIAN_POINT ( 'NONE',  ( 39.78087581473091916, -4.181138530706284051, -7.500000000000000000 ) ) ;
#1136 = LINE ( 'NONE', #3267, #2852 ) ;
#1137 = FACE_OUTER_BOUND ( 'NONE', #1635, .T. ) ;
#1138 = CARTESIAN_POINT ( 'NONE',  ( -7.469809963311352163, -39.30586667247124666, -0.7524306995458313052 ) ) ;
#1139 = ORIENTED_EDGE ( 'NONE', *, *, #1465, .F. ) ;
#1140 = ORIENTED_EDGE ( 'NONE', *, *, #4421, .T. ) ;
#1141 = CARTESIAN_POINT ( 'NONE',  ( -33.84959478475335004, -8.901244567995153290, -2.500132038600044737 ) ) ;
#1142 = ORIENTED_EDGE ( 'NONE', *, *, #5206, .T. ) ;
#1143 = DIRECTION ( 'NONE',  ( 0.9510565162951544194, 0.3090169943749448977, -0.000000000000000000 ) ) ;
#1144 = CARTESIAN_POINT ( 'NONE',  ( -7.736514885292681498, 34.13423995681822021, -7.116933741779868150 ) ) ;
#1145 = B_SPLINE_CURVE_WITH_KNOTS ( 'NONE', 3,
 ( #2338, #4936, #3221, #3273, #2779, #726, #1475, #3658, #5280, #667, #1924, #1043, #3166, #1117, #2725, #1141, #615, #1899, #2360, #1950, #3584, #1552, #3631, #3685, #1063, #4881, #1579, #4497, #4420, #5330 ),
 .UNSPECIFIED., .F., .F.,
 ( 4, 2, 2, 2, 2, 2, 2, 2, 2, 2, 2, 2, 2, 2, 4 ),
 ( 0.007818627884905223618, 0.008307179628032540508, 0.008795731371159857398, 0.009772834857414489443, 0.01026138660054180460, 0.01074993834366911975, 0.01123849008679643491, 0.01172704182992375180, 0.01221559357305106522, 0.01270414531617838211, 0.01319269705930569553, 0.01368124880243301242, 0.01416980054556032757, 0.01465835228868764273, 0.01563545577494227651 ),
 .UNSPECIFIED. ) ;
#1146 = ORIENTED_EDGE ( 'NONE', *, *, #578, .F. ) ;
#1147 = CARTESIAN_POINT ( 'NONE',  ( -32.20915398756493175, -24.21210882472792747, 3.846916844037874039 ) ) ;
#1148 = DIRECTION ( 'NONE',  ( -0.9135454576426006446, 0.4067366430758009299, 0.000000000000000000 ) ) ;
#1149 = VERTEX_POINT ( 'NONE', #4706 ) ;
#1150 = DIRECTION ( 'NONE',  ( 0.4067366430758010409, 0.9135454576426005335, -0.000000000000000000 ) ) ;
#1151 = AXIS2_PLACEMENT_3D ( 'NONE', #5173, #2616, #984 ) ;
#1152 = ORIENTED_EDGE ( 'NONE', *, *, #5016, .T. ) ;
#1153 = FACE_OUTER_BOUND ( 'NONE', #4748, .T. ) ;
#1154 = VECTOR ( 'NONE', #4709, 1000.000000000000114 ) ;
#1155 = AXIS2_PLACEMENT_3D ( 'NONE', #3757, #1239, #4205 ) ;
#1156 = VERTEX_POINT ( 'NONE', #492 ) ;
#1157 = FACE_OUTER_BOUND ( 'NONE', #2230, .T. ) ;
#1158 = DIRECTION ( 'NONE',  ( 1.000000000000000000, 0.000000000000000000, 0.000000000000000000 ) ) ;
#1159 = AXIS2_PLACEMENT_3D ( 'NONE', #3113, #609, #2285 ) ;
#1160 = CARTESIAN_POINT ( 'NONE',  ( 23.97254876767426879, -25.50214206580180587, 6.073605354730922556 ) ) ;
#1161 = ADVANCED_FACE ( 'NONE', ( #4735 ), #849, .T. ) ;
#1162 = CARTESIAN_POINT ( 'NONE',  ( -22.42575515466968383, 26.87164873510382535, 7.500000000000000000 ) ) ;
#1163 = CARTESIAN_POINT ( 'NONE',  ( -32.84289093324618136, -12.13516691182448071, 7.500000000000000000 ) ) ;
#1164 = DIRECTION ( 'NONE',  ( 0.8660254037844432595, 0.4999999999999919509, -2.473414872254618495E-17 ) ) ;
#1165 = DIRECTION ( 'NONE',  ( 0.000000000000000000, 0.000000000000000000, 1.000000000000000000 ) ) ;
#1166 = EDGE_LOOP ( 'NONE', ( #4315, #2215, #2681, #1956, #4214, #2606, #1577, #4641 ) ) ;
#1167 =( BOUNDED_CURVE ( )  B_SPLINE_CURVE ( 3, ( #763, #2456, #4975, #363 ),
 .UNSPECIFIED., .F., .F. ) 
 B_SPLINE_CURVE_WITH_KNOTS ( ( 4, 4 ),
 ( 1.466076571675246631, 1.628261284377777951 ),
 .UNSPECIFIED. ) 
 CURVE ( )  GEOMETRIC_REPRESENTATION_ITEM ( )  RATIONAL_B_SPLINE_CURVE ( ( 1.000000000000000000, 0.9978092108556622097, 0.9978092108556622097, 1.000000000000000000 ) ) 
 REPRESENTATION_ITEM ( '' )  );
#1168 = CARTESIAN_POINT ( 'NONE',  ( -34.64101615137773393, -19.99999999999967670, 7.500000000000000000 ) ) ;
#1169 = ORIENTED_EDGE ( 'NONE', *, *, #3691, .F. ) ;
#1170 = CARTESIAN_POINT ( 'NONE',  ( -18.91226666409658463, -29.45040185848237257, 4.060590289905086969 ) ) ;
#1171 = EDGE_CURVE ( 'NONE', #4549, #1663, #2158, .T. ) ;
#1172 = EDGE_CURVE ( 'NONE', #863, #1047, #1678, .T. ) ;
#1173 = AXIS2_PLACEMENT_3D ( 'NONE', #3014, #425, #1240 ) ;
#1174 = CARTESIAN_POINT ( 'NONE',  ( -3.686378670351060372, 1.552788636474244699, 0.4930422624464921300 ) ) ;
#1175 = CARTESIAN_POINT ( 'NONE',  ( 29.59396394496275917, 18.69204964808515967, -6.823943630429764262 ) ) ;
#1176 = VERTEX_POINT ( 'NONE', #1273 ) ;
#1177 = CIRCLE ( 'NONE', #3482, 35.00000000000000711 ) ;
#1178 = PLANE ( 'NONE',  #3182 ) ;
#1179 = EDGE_CURVE ( 'NONE', #1638, #4637, #4232, .T. ) ;
#1180 = VECTOR ( 'NONE', #548, 1000.000000000000114 ) ;
#1181 = ORIENTED_EDGE ( 'NONE', *, *, #620, .T. ) ;
#1182 = AXIS2_PLACEMENT_3D ( 'NONE', #3204, #4561, #5314 ) ;
#1183 = CYLINDRICAL_SURFACE ( 'NONE', #4033, 10.00000000000000178 ) ;
#1184 = ORIENTED_EDGE ( 'NONE', *, *, #4560, .F. ) ;
#1185 = CARTESIAN_POINT ( 'NONE',  ( 18.54089304176261166, 29.68560737485287504, -3.846916844037790106 ) ) ;
#1186 = CYLINDRICAL_SURFACE ( 'NONE', #5346, 10.00000000000000000 ) ;
#1187 = CARTESIAN_POINT ( 'NONE',  ( -29.01217291025317735, 19.57789117922491329, 3.846916844037818528 ) ) ;
#1188 = VERTEX_POINT ( 'NONE', #965 ) ;
#1189 = CARTESIAN_POINT ( 'NONE',  ( -10.44131392408745285, 39.13667866892660641, -6.181324516535939395 ) ) ;
#1190 = CARTESIAN_POINT ( 'NONE',  ( 34.77018372359633958, 4.109269214642780277, 7.374970462211826394 ) ) ;
#1191 = CYLINDRICAL_SURFACE ( 'NONE', #1531, 10.00000000000000000 ) ;
#1192 = DIRECTION ( 'NONE',  ( 0.1045284632676439368, -0.9945218953682744001, 0.000000000000000000 ) ) ;
#1193 = DIRECTION ( 'NONE',  ( -0.2079116908177664480, -0.9781476007338042455, 0.000000000000000000 ) ) ;
#1194 = ORIENTED_EDGE ( 'NONE', *, *, #963, .F. ) ;
#1195 = CARTESIAN_POINT ( 'NONE',  ( -31.00508337654924418, -15.57965260166260713, -4.060590289905087857 ) ) ;
#1196 = VERTEX_POINT ( 'NONE', #1385 ) ;
#1197 =( BOUNDED_CURVE ( )  B_SPLINE_CURVE ( 3, ( #3343, #3047, #4738, #2961 ),
 .UNSPECIFIED., .F., .F. ) 
 B_SPLINE_CURVE_WITH_KNOTS ( ( 4, 4 ),
 ( 1.431381591588105184, 1.628261284377777729 ),
 .UNSPECIFIED. ) 
 CURVE ( )  GEOMETRIC_REPRESENTATION_ITEM ( )  RATIONAL_B_SPLINE_CURVE ( ( 1.000000000000000000, 0.9967724731469831401, 0.9967724731469831401, 1.000000000000000000 ) ) 
 REPRESENTATION_ITEM ( '' )  );
#1198 = EDGE_CURVE ( 'NONE', #703, #1344, #3385, .T. ) ;
#1199 = CARTESIAN_POINT ( 'NONE',  ( 13.39529478388809913, -32.33521420452849071, 6.181324516535964264 ) ) ;
#1200 = CARTESIAN_POINT ( 'NONE',  ( 27.44624572870279877, -29.50185434400355078, 3.846916844037826966 ) ) ;
#1201 = EDGE_LOOP ( 'NONE', ( #4708, #2698, #730, #3377 ) ) ;
#1202 = EDGE_CURVE ( 'NONE', #4775, #233, #3312, .T. ) ;
#1203 = EDGE_CURVE ( 'NONE', #3001, #3824, #900, .T. ) ;
#1204 = CARTESIAN_POINT ( 'NONE',  ( -34.70076432987713133, 4.566941528236164949, 6.181324516535877223 ) ) ;
#1205 = CARTESIAN_POINT ( 'NONE',  ( 28.48590665691646606, -20.35265662608129134, -5.425564169306127837 ) ) ;
#1206 = VERTEX_POINT ( 'NONE', #4169 ) ;
#1207 = CARTESIAN_POINT ( 'NONE',  ( 19.43758476452078909, 29.12212319445498565, 7.500000000000000000 ) ) ;
#1208 = CARTESIAN_POINT ( 'NONE',  ( -21.34051696652517549, -33.93792595419112246, -10.40750713394289484 ) ) ;
#1209 = CARTESIAN_POINT ( 'NONE',  ( -18.72084754482198932, 35.45039279999927118, -10.40750713394293747 ) ) ;
#1210 = CIRCLE ( 'NONE', #2883, 9.999999999999998224 ) ;
#1211 = CARTESIAN_POINT ( 'NONE',  ( -34.07177726374128923, -8.009765193366193969, 6.073605354730923445 ) ) ;
#1212 = EDGE_LOOP ( 'NONE', ( #5111, #3123, #1810, #905 ) ) ;
#1213 = PLANE ( 'NONE',  #3627 ) ;
#1214 = CARTESIAN_POINT ( 'NONE',  ( -7.736514885292667287, 34.13423995681822731, -7.116933741779900124 ) ) ;
#1215 = CARTESIAN_POINT ( 'NONE',  ( 25.06096918178501909, -24.43651459786883962, 6.823943630429762486 ) ) ;
#1216 = DIRECTION ( 'NONE',  ( -0.9510565162951503115, 0.3090169943749573322, 0.000000000000000000 ) ) ;
#1217 = DIRECTION ( 'NONE',  ( 0.6894615088518706303, 0.3069680411569478129, 0.6560590289905080530 ) ) ;
#1218 = ORIENTED_EDGE ( 'NONE', *, *, #2916, .T. ) ;
#1219 = CARTESIAN_POINT ( 'NONE',  ( 3.559027351012458151, -40.13712917798036983, -3.846916844037823413 ) ) ;
#1220 = VERTEX_POINT ( 'NONE', #2948 ) ;
#1221 = DIRECTION ( 'NONE',  ( -0.8660254037844363761, 0.5000000000000041078, 5.550378446933854308E-17 ) ) ;
#1222 = LINE ( 'NONE', #801, #5315 ) ;
#1223 = ORIENTED_EDGE ( 'NONE', *, *, #1981, .T. ) ;
#1224 = CARTESIAN_POINT ( 'NONE',  ( -4.963767564838305724, 34.64622651259816877, -7.500000000000000000 ) ) ;
#1225 = DIRECTION ( 'NONE',  ( 0.5049992790393013076, -0.5608585192807696851, 0.6560590289905081640 ) ) ;
#1226 = EDGE_LOOP ( 'NONE', ( #2303, #566, #5409, #3216, #1073, #2838, #3003, #5250 ) ) ;
#1227 = EDGE_CURVE ( 'NONE', #2550, #4209, #4124, .T. ) ;
#1228 = DIRECTION ( 'NONE',  ( 0.000000000000000000, 0.000000000000000000, 1.000000000000000000 ) ) ;
#1229 = DIRECTION ( 'NONE',  ( -1.000000000000000000, 0.000000000000000000, 0.000000000000000000 ) ) ;
#1230 = EDGE_CURVE ( 'NONE', #4937, #5268, #1446, .T. ) ;
#1231 = EDGE_CURVE ( 'NONE', #1034, #4768, #3512, .T. ) ;
#1232 = ORIENTED_EDGE ( 'NONE', *, *, #344, .F. ) ;
#1233 = CARTESIAN_POINT ( 'NONE',  ( 39.78087581473091916, -4.181138530706284051, 7.500000000000000000 ) ) ;
#1234 = B_SPLINE_CURVE_WITH_KNOTS ( 'NONE', 3,
 ( #1325, #4619, #820, #5149 ),
 .UNSPECIFIED., .F., .F.,
 ( 4, 4 ),
 ( 2.209645522606613592E-17, 0.002794378677442438223 ),
 .UNSPECIFIED. ) ;
#1235 = DIRECTION ( 'NONE',  ( 0.5877852522924689183, -0.8090169943749505599, 0.000000000000000000 ) ) ;
#1236 = EDGE_CURVE ( 'NONE', #2851, #2882, #5046, .T. ) ;
#1237 = CARTESIAN_POINT ( 'NONE',  ( 33.93757586309713048, -8.558092342136038866, 7.500000000000000000 ) ) ;
#1238 = VERTEX_POINT ( 'NONE', #4404 ) ;
#1239 = DIRECTION ( 'NONE',  ( -0.7431448254773862505, 0.6691306063588671194, 0.000000000000000000 ) ) ;
#1240 = DIRECTION ( 'NONE',  ( 1.000000000000000000, 0.000000000000000000, 0.000000000000000000 ) ) ;
#1241 = DIRECTION ( 'NONE',  ( 0.9945218953682742891, 0.1045284632676436315, 1.306652126394949035E-17 ) ) ;
#1242 = VERTEX_POINT ( 'NONE', #594 ) ;
#1243 = VECTOR ( 'NONE', #1677, 1000.000000000000114 ) ;
#1244 = CARTESIAN_POINT ( 'NONE',  ( 22.65242958996828904, -26.77985084807726324, 1.226003498143955150 ) ) ;
#1245 = ORIENTED_EDGE ( 'NONE', *, *, #213, .T. ) ;
#1246 = DIRECTION ( 'NONE',  ( -0.7431448254773953543, -0.6691306063588569053, -4.946829744509236374E-17 ) ) ;
#1247 = ORIENTED_EDGE ( 'NONE', *, *, #862, .T. ) ;
#1248 = DIRECTION ( 'NONE',  ( 0.000000000000000000, 0.000000000000000000, 1.000000000000000000 ) ) ;
#1249 = ORIENTED_EDGE ( 'NONE', *, *, #3574, .F. ) ;
#1250 = PLANE ( 'NONE',  #1410 ) ;
#1251 = CARTESIAN_POINT ( 'NONE',  ( -40.28927344445514080, 0.6559418061533168753, -3.846916844037852723 ) ) ;
#1252 = ORIENTED_EDGE ( 'NONE', *, *, #2658, .F. ) ;
#1253 = DIRECTION ( 'NONE',  ( 0.000000000000000000, 0.000000000000000000, 1.000000000000000000 ) ) ;
#1254 = SURFACE_STYLE_FILL_AREA ( #3866 ) ;
#1255 = ORIENTED_EDGE ( 'NONE', *, *, #1380, .T. ) ;
#1256 = B_SPLINE_CURVE_WITH_KNOTS ( 'NONE', 3,
 ( #2506, #4201, #2097, #4348, #3873, #5145, #4732, #901, #2561, #543 ),
 .UNSPECIFIED., .F., .F.,
 ( 4, 2, 2, 2, 4 ),
 ( 4.336808689942017736E-18, 0.002894432855054572887, 0.003618041068818215241, 0.004341649282581857595, 0.005788865710109140569 ),
 .UNSPECIFIED. ) ;
#1257 = DIRECTION ( 'NONE',  ( 1.000000000000000000, 0.000000000000000000, 0.000000000000000000 ) ) ;
#1258 = AXIS2_PLACEMENT_3D ( 'NONE', #4540, #4068, #5352 ) ;
#1259 = VERTEX_POINT ( 'NONE', #932 ) ;
#1260 = EDGE_CURVE ( 'NONE', #3857, #3080, #2706, .T. ) ;
#1261 = LINE ( 'NONE', #3722, #3150 ) ;
#1262 = VECTOR ( 'NONE', #451, 1000.000000000000000 ) ;
#1263 = FACE_OUTER_BOUND ( 'NONE', #1565, .T. ) ;
#1264 = B_SPLINE_CURVE_WITH_KNOTS ( 'NONE', 3,
 ( #3563, #1877, #4424, #4006 ),
 .UNSPECIFIED., .F., .F.,
 ( 4, 4 ),
 ( 0.000000000000000000, 0.002845522393967956851 ),
 .UNSPECIFIED. ) ;
#1265 = VECTOR ( 'NONE', #105, 1000.000000000000114 ) ;
#1266 = CYLINDRICAL_SURFACE ( 'NONE', #4000, 35.00000000000000711 ) ;
#1267 = AXIS2_PLACEMENT_3D ( 'NONE', #2399, #5372, #4946 ) ;
#1268 = CARTESIAN_POINT ( 'NONE',  ( 33.42937638412483636, -10.36710155098891128, -7.116933741779896572 ) ) ;
#1269 = ORIENTED_EDGE ( 'NONE', *, *, #5374, .F. ) ;
#1270 = CARTESIAN_POINT ( 'NONE',  ( 9.557262555325859665, 0.000000000000000000, 2.500000000000000444 ) ) ;
#1271 = ADVANCED_FACE ( 'NONE', ( #1350 ), #2314, .T. ) ;
#1272 = CIRCLE ( 'NONE', #1806, 4.000000000000000000 ) ;
#1273 = CARTESIAN_POINT ( 'NONE',  ( -18.54089304176223507, 29.68560737485311662, 3.846916844037815864 ) ) ;
#1274 = CARTESIAN_POINT ( 'NONE',  ( 29.01217291025344025, 19.57789117922451894, -3.846916844037808314 ) ) ;
#1275 = ADVANCED_FACE ( 'NONE', ( #4423 ), #171, .F. ) ;
#1276 = EDGE_LOOP ( 'NONE', ( #4675, #3861, #4220, #2254 ) ) ;
#1277 = EDGE_CURVE ( 'NONE', #45, #1836, #5260, .T. ) ;
#1278 = PLANE ( 'NONE',  #3459 ) ;
#1279 = VERTEX_POINT ( 'NONE', #4838 ) ;
#1280 = CARTESIAN_POINT ( 'NONE',  ( 32.37749944911521993, 13.30828697010374562, 4.798630682669625003 ) ) ;
#1281 = EDGE_LOOP ( 'NONE', ( #301, #2244, #3307, #4827, #1329 ) ) ;
#1282 = CARTESIAN_POINT ( 'NONE',  ( -0.9990059679537321990, -9.504906871054883410, 2.500000000000000444 ) ) ;
#1283 = DIRECTION ( 'NONE',  ( -0.9510565162951503115, 0.3090169943749573878, 0.000000000000000000 ) ) ;
#1284 = VERTEX_POINT ( 'NONE', #542 ) ;
#1285 = CARTESIAN_POINT ( 'NONE',  ( -22.85662497993786957, 26.50692435740779729, -6.073605354730921668 ) ) ;
#1286 = ORIENTED_EDGE ( 'NONE', *, *, #4555, .T. ) ;
#1287 = CARTESIAN_POINT ( 'NONE',  ( 26.70402205934076889, -22.78422473429705164, -6.181324516535937619 ) ) ;
#1288 = DIRECTION ( 'NONE',  ( -0.6691306063588567943, 0.7431448254773953543, 0.000000000000000000 ) ) ;
#1289 = ORIENTED_EDGE ( 'NONE', *, *, #2621, .F. ) ;
#1290 = CARTESIAN_POINT ( 'NONE',  ( -7.731987826961917776, 5.617617982307685054, 2.500000000000000444 ) ) ;
#1291 = ORIENTED_EDGE ( 'NONE', *, *, #3591, .T. ) ;
#1292 = DIRECTION ( 'NONE',  ( -0.5877852522924796874, -0.8090169943749426773, 2.627061939016743140E-16 ) ) ;
#1293 = VERTEX_POINT ( 'NONE', #3932 ) ;
#1294 = CARTESIAN_POINT ( 'NONE',  ( -34.49825707863925572, 5.909014407068058361, 6.425211645992650489 ) ) ;
#1295 = FACE_OUTER_BOUND ( 'NONE', #4020, .T. ) ;
#1296 = CARTESIAN_POINT ( 'NONE',  ( 26.93080829142754595, -22.37519442600043718, 7.500000000000000000 ) ) ;
#1297 = ORIENTED_EDGE ( 'NONE', *, *, #2624, .F. ) ;
#1298 = ADVANCED_FACE ( 'NONE', ( #98 ), #957, .T. ) ;
#1299 = CARTESIAN_POINT ( 'NONE',  ( 5.911327065514020873, 34.50002368617676751, -6.823943630429757157 ) ) ;
#1300 = ORIENTED_EDGE ( 'NONE', *, *, #2967, .T. ) ;
#1301 = ADVANCED_FACE ( 'NONE', ( #4731 ), #2619, .T. ) ;
#1302 = VECTOR ( 'NONE', #2639, 1000.000000000000114 ) ;
#1303 = ADVANCED_FACE ( 'NONE', ( #3960 ), #4783, .T. ) ;
#1304 = CARTESIAN_POINT ( 'NONE',  ( 18.69258619706998914, 29.59110362916412029, -6.425211645992643383 ) ) ;
#1305 = EDGE_LOOP ( 'NONE', ( #2335, #494, #3338, #1062 ) ) ;
#1306 = DIRECTION ( 'NONE',  ( 1.000000000000000000, 0.000000000000000000, 0.000000000000000000 ) ) ;
#1307 = B_SPLINE_CURVE_WITH_KNOTS ( 'NONE', 3,
 ( #2818, #4119, #368, #4508 ),
 .UNSPECIFIED., .F., .F.,
 ( 4, 4 ),
 ( 0.000000000000000000, 0.002845522393967942539 ),
 .UNSPECIFIED. ) ;
#1308 = CARTESIAN_POINT ( 'NONE',  ( -34.57485803528781787, 5.473954706313737262, 4.553765416902545660 ) ) ;
#1309 = ORIENTED_EDGE ( 'NONE', *, *, #1121, .F. ) ;
#1310 = CARTESIAN_POINT ( 'NONE',  ( -18.72084754482198932, 35.45039279999927118, -10.40750713394293747 ) ) ;
#1311 = ORIENTED_EDGE ( 'NONE', *, *, #5053, .T. ) ;
#1312 = CYLINDRICAL_SURFACE ( 'NONE', #5424, 10.00000000000000000 ) ;
#1313 =( LENGTH_UNIT ( ) NAMED_UNIT ( * ) SI_UNIT ( .MILLI., .METRE. ) );
#1314 = ORIENTED_EDGE ( 'NONE', *, *, #653, .F. ) ;
#1315 = FACE_OUTER_BOUND ( 'NONE', #1735, .T. ) ;
#1316 = CARTESIAN_POINT ( 'NONE',  ( -5.478178417661340838, 34.57418906512994283, 4.553765416902623819 ) ) ;
#1317 = ORIENTED_EDGE ( 'NONE', *, *, #7, .T. ) ;
#1318 = CARTESIAN_POINT ( 'NONE',  ( 14.66436101729183683, -31.77981302579567569, -7.116933741779874367 ) ) ;
#1319 = CARTESIAN_POINT ( 'NONE',  ( -40.06136451134736376, -1.512466845807363791, 10.40750713394293570 ) ) ;
#1320 = ADVANCED_FACE ( 'NONE', ( #2271 ), #1850, .F. ) ;
#1321 = ORIENTED_EDGE ( 'NONE', *, *, #1821, .T. ) ;
#1322 = DIRECTION ( 'NONE',  ( -1.000000000000000000, 0.000000000000000000, 0.000000000000000000 ) ) ;
#1323 = ORIENTED_EDGE ( 'NONE', *, *, #4831, .T. ) ;
#1324 = ORIENTED_EDGE ( 'NONE', *, *, #890, .T. ) ;
#1325 = CARTESIAN_POINT ( 'NONE',  ( 29.84318316396762327, 18.28618108413783361, -6.181324516535880775 ) ) ;
#1326 = LINE ( 'NONE', #3015, #123 ) ;
#1327 = ORIENTED_EDGE ( 'NONE', *, *, #2691, .F. ) ;
#1328 = CARTESIAN_POINT ( 'NONE',  ( 14.66436101729182795, -31.77981302579567569, -7.116933741779899236 ) ) ;
#1329 = ORIENTED_EDGE ( 'NONE', *, *, #7, .F. ) ;
#1330 = CARTESIAN_POINT ( 'NONE',  ( 35.64609952792652336, -18.25914452597429971, 4.060590289905075423 ) ) ;
#1331 = EDGE_CURVE ( 'NONE', #3998, #2108, #678, .T. ) ;
#1332 = LINE ( 'NONE', #378, #3872 ) ;
#1333 = CIRCLE ( 'NONE', #4433, 10.00000000000000178 ) ;
#1334 = ORIENTED_EDGE ( 'NONE', *, *, #5239, .F. ) ;
#1335 = CARTESIAN_POINT ( 'NONE',  ( -0.4705459288898835579, -34.99683680747170911, 7.116933741779904565 ) ) ;
#1336 = VECTOR ( 'NONE', #80, 1000.000000000000000 ) ;
#1337 = ORIENTED_EDGE ( 'NONE', *, *, #5242, .F. ) ;
#1338 = CARTESIAN_POINT ( 'NONE',  ( -10.94120100247017824, -38.56799972897549367, 10.40750713394293037 ) ) ;
#1339 = AXIS2_PLACEMENT_3D ( 'NONE', #5179, #1382, #4644 ) ;
#1340 = CARTESIAN_POINT ( 'NONE',  ( -27.58493545433188388, -21.54231500977423508, 3.846916844037876704 ) ) ;
#1341 = VERTEX_POINT ( 'NONE', #669 ) ;
#1342 = CARTESIAN_POINT ( 'NONE',  ( 30.54503737199521751, 17.11293258312175780, -7.374970462211828170 ) ) ;
#1343 = CARTESIAN_POINT ( 'NONE',  ( -35.00000000000000711, 0.000000000000000000, -7.500000000000000000 ) ) ;
#1344 = VERTEX_POINT ( 'NONE', #1094 ) ;
#1345 = CARTESIAN_POINT ( 'NONE',  ( 10.94120100246967198, -38.56799972897563578, -10.40750713394291260 ) ) ;
#1346 = ADVANCED_FACE ( 'NONE', ( #224 ), #1530, .T. ) ;
#1347 = ADVANCED_FACE ( 'NONE', ( #1926 ), #4859, .T. ) ;
#1348 = CARTESIAN_POINT ( 'NONE',  ( 30.30497407446878100, 26.12197852590508518, 0.7524306995458350800 ) ) ;
#1349 = ORIENTED_EDGE ( 'NONE', *, *, #3514, .T. ) ;
#1350 = FACE_OUTER_BOUND ( 'NONE', #3762, .T. ) ;
#1351 = CARTESIAN_POINT ( 'NONE',  ( 13.82636033092791195, -32.16649700620814656, -7.374970462211831723 ) ) ;
#1352 =( BOUNDED_CURVE ( )  B_SPLINE_CURVE ( 3, ( #1901, #2728, #4813, #3961 ),
 .UNSPECIFIED., .F., .F. ) 
 B_SPLINE_CURVE_WITH_KNOTS ( ( 4, 4 ),
 ( 4.572974245177897856, 4.769853937967570623 ),
 .UNSPECIFIED. ) 
 CURVE ( )  GEOMETRIC_REPRESENTATION_ITEM ( )  RATIONAL_B_SPLINE_CURVE ( ( 1.000000000000000000, 0.9967724731469831401, 0.9967724731469831401, 1.000000000000000000 ) ) 
 REPRESENTATION_ITEM ( '' )  );
#1353 = CYLINDRICAL_SURFACE ( 'NONE', #4544, 10.00000000000000000 ) ;
#1354 = CARTESIAN_POINT ( 'NONE',  ( 39.54523412499735713, 7.735003059746143883, -3.846916844037840733 ) ) ;
#1355 = VERTEX_POINT ( 'NONE', #3223 ) ;
#1356 = AXIS2_PLACEMENT_3D ( 'NONE', #5403, #2844, #3674 ) ;
#1357 = CARTESIAN_POINT ( 'NONE',  ( -11.86581634900841919, 33.00750490638969126, -1.226003498143974468 ) ) ;
#1358 = CARTESIAN_POINT ( 'NONE',  ( -15.77942226473729548, -37.97829775730537705, -2.500000000000000444 ) ) ;
#1359 = VERTEX_POINT ( 'NONE', #3610 ) ;
#1360 = VECTOR ( 'NONE', #5271, 1000.000000000000114 ) ;
#1361 = CARTESIAN_POINT ( 'NONE',  ( 24.30771486651988766, -25.18203720845414395, 3.846916844037829630 ) ) ;
#1362 = ORIENTED_EDGE ( 'NONE', *, *, #5398, .T. ) ;
#1363 = AXIS2_PLACEMENT_3D ( 'NONE', #1563, #4536, #2427 ) ;
#1364 = CARTESIAN_POINT ( 'NONE',  ( -27.33952728184481629, -21.85404089661273730, 6.531040695676813890 ) ) ;
#1365 = ORIENTED_EDGE ( 'NONE', *, *, #5404, .F. ) ;
#1366 = LINE ( 'NONE', #919, #1360 ) ;
#1367 = CARTESIAN_POINT ( 'NONE',  ( 34.97893663427458932, 1.214080695589971226, 3.846916844037805649 ) ) ;
#1368 = ORIENTED_EDGE ( 'NONE', *, *, #3142, .F. ) ;
#1369 = CARTESIAN_POINT ( 'NONE',  ( -33.10026192717082694, -11.37425546425203393, 0.6493865335275904593 ) ) ;
#1370 = CARTESIAN_POINT ( 'NONE',  ( 9.231137288793737739, -33.76071836255032821, 4.060590289905092298 ) ) ;
#1371 = EDGE_LOOP ( 'NONE', ( #329, #4373 ) ) ;
#1372 = CARTESIAN_POINT ( 'NONE',  ( -30.09275303623134690, 17.89631203213230748, -7.374970462211830835 ) ) ;
#1373 = CYLINDRICAL_SURFACE ( 'NONE', #618, 10.00000000000000000 ) ;
#1374 = EDGE_CURVE ( 'NONE', #4846, #1891, #3540, .T. ) ;
#1375 = FACE_OUTER_BOUND ( 'NONE', #1000, .T. ) ;
#1376 = ORIENTED_EDGE ( 'NONE', *, *, #1854, .F. ) ;
#1377 = EDGE_CURVE ( 'NONE', #4446, #2739, #2221, .T. ) ;
#1378 = DIRECTION ( 'NONE',  ( -0.7431448254773862505, 0.6691306063588670083, 0.000000000000000000 ) ) ;
#1379 = CARTESIAN_POINT ( 'NONE',  ( 16.26946572303204164, 36.54181830570401956, 0.000000000000000000 ) ) ;
#1380 = EDGE_CURVE ( 'NONE', #4522, #1985, #753, .T. ) ;
#1381 =( BOUNDED_CURVE ( )  B_SPLINE_CURVE ( 3, ( #3025, #1396, #3440, #5161 ),
 .UNSPECIFIED., .F., .F. ) 
 B_SPLINE_CURVE_WITH_KNOTS ( ( 4, 4 ),
 ( 4.895691063979541902, 4.908383916198270747 ),
 .UNSPECIFIED. ) 
 CURVE ( )  GEOMETRIC_REPRESENTATION_ITEM ( )  RATIONAL_B_SPLINE_CURVE ( ( 1.000000000000000000, 0.9999865743369418247, 0.9999865743369418247, 1.000000000000000000 ) ) 
 REPRESENTATION_ITEM ( '' )  );
#1382 = DIRECTION ( 'NONE',  ( 0.7431448254773954654, 0.6691306063588569053, 0.000000000000000000 ) ) ;
#1383 = VERTEX_POINT ( 'NONE', #2808 ) ;
#1384 = ORIENTED_EDGE ( 'NONE', *, *, #5404, .T. ) ;
#1385 = CARTESIAN_POINT ( 'NONE',  ( -21.88515102691529890, -33.54222614711744654, 4.060590289905085193 ) ) ;
#1386 = PLANE ( 'NONE',  #3389 ) ;
#1387 = CARTESIAN_POINT ( 'NONE',  ( 0.000000000000000000, 0.000000000000000000, -37.50000000000001421 ) ) ;
#1388 = CARTESIAN_POINT ( 'NONE',  ( -16.43804359251221925, -30.89968807044285981, 3.846916844037863825 ) ) ;
#1389 = VERTEX_POINT ( 'NONE', #4500 ) ;
#1390 = CARTESIAN_POINT ( 'NONE',  ( -43.46666218300807571, -11.64685702961346436, 0.000000000000000000 ) ) ;
#1391 = VERTEX_POINT ( 'NONE', #5281 ) ;
#1392 = B_SPLINE_CURVE_WITH_KNOTS ( 'NONE', 3,
 ( #4035, #2788, #3643, #4504, #3230, #230, #2368, #2344, #5371, #675 ),
 .UNSPECIFIED., .F., .F.,
 ( 4, 2, 2, 2, 4 ),
 ( 8.673617379884034509E-19, 0.002894432855054561611, 0.003618041068818203098, 0.004341649282581843718, 0.005788865710109123222 ),
 .UNSPECIFIED. ) ;
#1393 = CARTESIAN_POINT ( 'NONE',  ( -34.92363010051511196, 2.345743309775176311, -5.331456580176213045 ) ) ;
#1394 = FACE_OUTER_BOUND ( 'NONE', #3594, .T. ) ;
#1395 = AXIS2_PLACEMENT_3D ( 'NONE', #4908, #2901, #295 ) ;
#1396 = CARTESIAN_POINT ( 'NONE',  ( 29.92055161471374447, 18.15991519865276516, -6.493572096533700488 ) ) ;
#1397 = ORIENTED_EDGE ( 'NONE', *, *, #2519, .T. ) ;
#1398 = CARTESIAN_POINT ( 'NONE',  ( 28.19218434394681339, -28.95989821674735154, 4.907591987661823474 ) ) ;
#1399 = B_SPLINE_CURVE_WITH_KNOTS ( 'NONE', 3,
 ( #558, #293, #2487, #716 ),
 .UNSPECIFIED., .F., .F.,
 ( 4, 4 ),
 ( 0.000000000000000000, 0.002845522393967951213 ),
 .UNSPECIFIED. ) ;
#1400 = CARTESIAN_POINT ( 'NONE',  ( -24.30771486652021451, -25.18203720845382776, -3.846916844037805649 ) ) ;
#1401 = EDGE_LOOP ( 'NONE', ( #3157, #2146, #149, #252, #765, #2490, #5069, #4602, #1349, #276, #3942, #1019, #3136, #214 ) ) ;
#1402 = CYLINDRICAL_SURFACE ( 'NONE', #2505, 10.00000000000000178 ) ;
#1403 = CARTESIAN_POINT ( 'NONE',  ( -3.559027351012976847, -40.13712917798032720, 3.846916844037847838 ) ) ;
#1404 = ORIENTED_EDGE ( 'NONE', *, *, #3131, .T. ) ;
#1405 = CARTESIAN_POINT ( 'NONE',  ( -29.59396394496252469, 18.69204964808555047, 6.823943630429772256 ) ) ;
#1406 = EDGE_CURVE ( 'NONE', #4643, #3181, #485, .T. ) ;
#1407 = CARTESIAN_POINT ( 'NONE',  ( 31.18915757673710942, 15.89406926940180753, 4.553765416902563423 ) ) ;
#1408 = EDGE_CURVE ( 'NONE', #160, #2093, #2861, .T. ) ;
#1409 = EDGE_CURVE ( 'NONE', #1522, #4937, #1900, .T. ) ;
#1410 = AXIS2_PLACEMENT_3D ( 'NONE', #436, #2579, #2147 ) ;
#1411 = DIRECTION ( 'NONE',  ( -0.3773547901113885050, -0.6535976689524077843, 0.6560590289905084971 ) ) ;
#1412 = VERTEX_POINT ( 'NONE', #2392 ) ;
#1413 = PLANE ( 'NONE',  #4897 ) ;
#1414 = CARTESIAN_POINT ( 'NONE',  ( -31.41663095618183732, 15.42709627127145211, 7.500000000000000000 ) ) ;
#1415 = ADVANCED_FACE ( 'NONE', ( #1476 ), #3167, .F. ) ;
#1416 = CARTESIAN_POINT ( 'NONE',  ( 0.000000000000000000, 0.000000000000000000, -7.500000000000000000 ) ) ;
#1417 = ADVANCED_FACE ( 'NONE', ( #274 ), #4938, .T. ) ;
#1418 = ORIENTED_EDGE ( 'NONE', *, *, #2321, .T. ) ;
#1419 = CARTESIAN_POINT ( 'NONE',  ( -30.98477181652296863, 16.28309975097618079, -6.823943630429767815 ) ) ;
#1420 = PRODUCT_CONTEXT ( 'NONE', #57, 'mechanical' ) ;
#1421 = VERTEX_POINT ( 'NONE', #1147 ) ;
#1422 = CARTESIAN_POINT ( 'NONE',  ( 34.63817286162799292, 5.039087499757730626, -6.823943630429763374 ) ) ;
#1423 = CARTESIAN_POINT ( 'NONE',  ( 31.26593964696135330, -15.73025803960543101, 4.060590289905076311 ) ) ;
#1424 = CARTESIAN_POINT ( 'NONE',  ( -30.99437002156768273, 16.28701285678533139, 7.500000000000000888 ) ) ;
#1425 = VERTEX_POINT ( 'NONE', #2835 ) ;
#1426 = DIRECTION ( 'NONE',  ( 0.000000000000000000, 0.000000000000000000, 1.000000000000000000 ) ) ;
#1427 = ORIENTED_EDGE ( 'NONE', *, *, #4921, .F. ) ;
#1428 = DIRECTION ( 'NONE',  ( 0.2079116908177532086, -0.9781476007338069101, -8.069478548657159988E-17 ) ) ;
#1429 = VECTOR ( 'NONE', #818, 1000.000000000000114 ) ;
#1430 = CARTESIAN_POINT ( 'NONE',  ( 4.778631277662833021, -8.276832163549981303, -2.500000000000000444 ) ) ;
#1431 = ORIENTED_EDGE ( 'NONE', *, *, #2887, .F. ) ;
#1432 = AXIS2_PLACEMENT_3D ( 'NONE', #4151, #1217, #4099 ) ;
#1433 = DIRECTION ( 'NONE',  ( 0.000000000000000000, -0.4402359851926341827, -0.8978821065938838997 ) ) ;
#1434 = FACE_OUTER_BOUND ( 'NONE', #4190, .T. ) ;
#1435 = CARTESIAN_POINT ( 'NONE',  ( -8.316467632710656588, -39.12590402935217071, -7.500000000000000000 ) ) ;
#1436 = CARTESIAN_POINT ( 'NONE',  ( -22.81114722498249492, -32.86945052845034354, -0.7524306995458257541 ) ) ;
#1437 = CARTESIAN_POINT ( 'NONE',  ( -3.916888919790321388, -0.8181144387452030653, 2.492264161917514542 ) ) ;
#1438 = EDGE_CURVE ( 'NONE', #43, #2895, #2925, .T. ) ;
#1439 = AXIS2_PLACEMENT_3D ( 'NONE', #5090, #104, #47 ) ;
#1440 = ORIENTED_EDGE ( 'NONE', *, *, #3258, .F. ) ;
#1441 = CARTESIAN_POINT ( 'NONE',  ( 37.07287831519030163, -15.78789117527196240, 3.846916844037840288 ) ) ;
#1442 = EDGE_CURVE ( 'NONE', #570, #2627, #1584, .T. ) ;
#1443 = CYLINDRICAL_SURFACE ( 'NONE', #4047, 2.500000000000000444 ) ;
#1444 = ORIENTED_EDGE ( 'NONE', *, *, #5096, .T. ) ;
#1445 = ADVANCED_FACE ( 'NONE', ( #732 ), #1178, .T. ) ;
#1446 = CIRCLE ( 'NONE', #731, 10.00000000000000178 ) ;
#1447 = CARTESIAN_POINT ( 'NONE',  ( 33.13856300680314604, -11.26213309476223046, 7.116933741779901901 ) ) ;
#1448 = ORIENTED_EDGE ( 'NONE', *, *, #1731, .T. ) ;
#1449 = ORIENTED_EDGE ( 'NONE', *, *, #578, .T. ) ;
#1450 = VECTOR ( 'NONE', #3509, 999.9999999999998863 ) ;
#1451 = ORIENTED_EDGE ( 'NONE', *, *, #4954, .F. ) ;
#1452 = CARTESIAN_POINT ( 'NONE',  ( -19.49328834727958792, 29.07187920452982510, 5.331456580176173965 ) ) ;
#1453 = EDGE_LOOP ( 'NONE', ( #1774, #798, #4665, #3018, #3528, #3407, #2597, #4801 ) ) ;
#1454 = DIRECTION ( 'NONE',  ( -0.4226182617407003295, 0.000000000000000000, 0.9063077870366496036 ) ) ;
#1455 = FACE_OUTER_BOUND ( 'NONE', #4770, .T. ) ;
#1456 = CARTESIAN_POINT ( 'NONE',  ( -28.87150054760715179, 19.78592047028240941, 6.196689755746685790 ) ) ;
#1457 = CARTESIAN_POINT ( 'NONE',  ( 0.2866829199192886812, 35.07436087339529251, 1.418366989929922051 ) ) ;
#1458 = PLANE ( 'NONE',  #223 ) ;
#1459 = B_SPLINE_CURVE_WITH_KNOTS ( 'NONE', 3,
 ( #5422, #1207, #2476, #331 ),
 .UNSPECIFIED., .F., .F.,
 ( 4, 4 ),
 ( 0.000000000000000000, 0.002845522393967952514 ),
 .UNSPECIFIED. ) ;
#1460 = PLANE ( 'NONE',  #646 ) ;
#1461 = DIRECTION ( 'NONE',  ( -0.000000000000000000, -0.000000000000000000, 1.000000000000000000 ) ) ;
#1462 = ORIENTED_EDGE ( 'NONE', *, *, #4560, .T. ) ;
#1463 = DIRECTION ( 'NONE',  ( -0.2588190451025206840, 0.9659258262890683122, 0.000000000000000000 ) ) ;
#1464 = ORIENTED_EDGE ( 'NONE', *, *, #4758, .T. ) ;
#1465 = EDGE_CURVE ( 'NONE', #2327, #4869, #3107, .T. ) ;
#1466 = CARTESIAN_POINT ( 'NONE',  ( 34.99128551887442029, -1.011390326579238552, 4.798630682669626779 ) ) ;
#1467 = DIRECTION ( 'NONE',  ( 0.8090169943749503378, 0.5877852522924690293, 0.000000000000000000 ) ) ;
#1468 = ADVANCED_FACE ( 'NONE', ( #2006 ), #2395, .T. ) ;
#1469 = EDGE_CURVE ( 'NONE', #2614, #4483, #134, .T. ) ;
#1470 = ORIENTED_EDGE ( 'NONE', *, *, #1013, .T. ) ;
#1471 = DIRECTION ( 'NONE',  ( 0.4067366430758009299, 0.9135454576426005335, -0.000000000000000000 ) ) ;
#1472 = EDGE_LOOP ( 'NONE', ( #992, #4590, #1647, #2970 ) ) ;
#1473 =( BOUNDED_CURVE ( )  B_SPLINE_CURVE ( 3, ( #2501, #4997, #2944, #4198 ),
 .UNSPECIFIED., .F., .F. ) 
 B_SPLINE_CURVE_WITH_KNOTS ( ( 4, 4 ),
 ( 1.754098410389749674, 1.766791262608477853 ),
 .UNSPECIFIED. ) 
 CURVE ( )  GEOMETRIC_REPRESENTATION_ITEM ( )  RATIONAL_B_SPLINE_CURVE ( ( 1.000000000000000000, 0.9999865743369418247, 0.9999865743369418247, 1.000000000000000000 ) ) 
 REPRESENTATION_ITEM ( '' )  );
#1474 = VECTOR ( 'NONE', #2143, 1000.000000000000114 ) ;
#1475 = CARTESIAN_POINT ( 'NONE',  ( -33.23547922430974211, -10.97524924391937162, -1.535910028352449386 ) ) ;
#1476 = FACE_OUTER_BOUND ( 'NONE', #1009, .T. ) ;
#1477 = LINE ( 'NONE', #1927, #1672 ) ;
#1478 = PRODUCT ( 'Rotor', 'Rotor', '', ( #1420 ) ) ;
#1479 = CARTESIAN_POINT ( 'NONE',  ( -3.748247816846637548, 1.399439300668944064, -0.9583504124574395711 ) ) ;
#1480 = AXIS2_PLACEMENT_3D ( 'NONE', #4254, #3451, #2534 ) ;
#1481 = CARTESIAN_POINT ( 'NONE',  ( -3.868875039302676733, -1.021318724116299093, -2.502215520683340522 ) ) ;
#1482 = CARTESIAN_POINT ( 'NONE',  ( 20.95130420542397331, 28.03645576908365911, 7.116933741779895684 ) ) ;
#1483 = DIRECTION ( 'NONE',  ( 0.4999999999999921174, -0.8660254037844431485, 0.000000000000000000 ) ) ;
#1484 = EDGE_CURVE ( 'NONE', #439, #1911, #3901, .T. ) ;
#1485 = ORIENTED_EDGE ( 'NONE', *, *, #4422, .F. ) ;
#1486 = CARTESIAN_POINT ( 'NONE',  ( 26.32257486426691884, -23.06777086142188793, -7.116933741779893019 ) ) ;
#1487 = CARTESIAN_POINT ( 'NONE',  ( -18.83063583945116548, -35.76146133324844101, 4.907591987661865218 ) ) ;
#1488 = VERTEX_POINT ( 'NONE', #303 ) ;
#1489 = PLANE ( 'NONE',  #2161 ) ;
#1490 = CARTESIAN_POINT ( 'NONE',  ( 22.16478479366399768, -27.08730911424317966, 4.060590289905076311 ) ) ;
#1491 = ORIENTED_EDGE ( 'NONE', *, *, #4648, .F. ) ;
#1492 = CARTESIAN_POINT ( 'NONE',  ( -33.81216246836998351, -9.062155234801128501, 4.553765416902614049 ) ) ;
#1493 = CARTESIAN_POINT ( 'NONE',  ( 33.96214137482611761, -8.460079978128112188, -3.846916844037842065 ) ) ;
#1494 = ORIENTED_EDGE ( 'NONE', *, *, #1918, .F. ) ;
#1495 = EDGE_CURVE ( 'NONE', #4506, #1982, #3263, .T. ) ;
#1496 = CARTESIAN_POINT ( 'NONE',  ( -40.06136451134736376, -1.512466845807363569, 10.40750713394293570 ) ) ;
#1497 = EDGE_LOOP ( 'NONE', ( #4830, #5245, #3920, #1599 ) ) ;
#1498 = AXIS2_PLACEMENT_3D ( 'NONE', #1096, #4475, #670 ) ;
#1499 = CARTESIAN_POINT ( 'NONE',  ( 19.82544451220031334, 28.84357380585262121, -6.181324516535869229 ) ) ;
#1500 = VECTOR ( 'NONE', #1071, 1000.000000000000114 ) ;
#1501 = EDGE_CURVE ( 'NONE', #1982, #5175, #3892, .T. ) ;
#1502 = DIRECTION ( 'NONE',  ( -0.3090169943749448422, 0.9510565162951543083, 0.000000000000000000 ) ) ;
#1503 = DIRECTION ( 'NONE',  ( -0.9945218953682742891, -0.1045284632676436593, 0.000000000000000000 ) ) ;
#1504 = ORIENTED_EDGE ( 'NONE', *, *, #150, .F. ) ;
#1505 = EDGE_CURVE ( 'NONE', #949, #2840, #226, .T. ) ;
#1506 = CIRCLE ( 'NONE', #1773, 10.00000000000000000 ) ;
#1507 = EDGE_CURVE ( 'NONE', #1998, #5459, #661, .T. ) ;
#1508 = EDGE_CURVE ( 'NONE', #1891, #1341, #1025, .T. ) ;
#1509 = CARTESIAN_POINT ( 'NONE',  ( -3.878020610256915912, 0.9919831555664684331, -1.567434540328676906 ) ) ;
#1510 = ORIENTED_EDGE ( 'NONE', *, *, #5275, .T. ) ;
#1511 = CARTESIAN_POINT ( 'NONE',  ( -2.398188066552091602, -3.202053043358191964, -0.4269910819210865349 ) ) ;
#1512 = DIRECTION ( 'NONE',  ( 1.000000000000000000, 0.000000000000000000, 0.000000000000000000 ) ) ;
#1513 = CARTESIAN_POINT ( 'NONE',  ( -25.69286149883198078, -23.76713840582912596, -7.116933741779876144 ) ) ;
#1514 = ORIENTED_EDGE ( 'NONE', *, *, #3200, .T. ) ;
#1515 = LINE ( 'NONE', #3206, #5139 ) ;
#1516 = CARTESIAN_POINT ( 'NONE',  ( -34.34367536549802935, -6.746548672464357743, 0.8061303686239962296 ) ) ;
#1517 = CARTESIAN_POINT ( 'NONE',  ( 25.69286149883166814, -23.76713840582946702, 7.116933741779897460 ) ) ;
#1518 = DIRECTION ( 'NONE',  ( 0.5993397458796974053, 0.2668432471111608084, -0.7547095802227713479 ) ) ;
#1519 = CARTESIAN_POINT ( 'NONE',  ( -33.15600667586770101, -11.24859951108897249, 7.374970462211827282 ) ) ;
#1521 = AXIS2_PLACEMENT_3D ( 'NONE', #383, #355, #2973 ) ;
#1520 = CARTESIAN_POINT ( 'NONE',  ( -33.43553376794880450, -10.38830358159647993, -7.374970462211828170 ) ) ;
#1522 = VERTEX_POINT ( 'NONE', #1534 ) ;
#1523 = LINE ( 'NONE', #4521, #2008 ) ;
#1524 = ORIENTED_EDGE ( 'NONE', *, *, #51, .T. ) ;
#1525 = CARTESIAN_POINT ( 'NONE',  ( 27.08835600055807902, 21.68551912134664050, -4.060590289905082528 ) ) ;
#1526 = AXIS2_PLACEMENT_3D ( 'NONE', #1914, #4512, #1111 ) ;
#1527 = VERTEX_POINT ( 'NONE', #5367 ) ;
#1528 = VECTOR ( 'NONE', #4202, 1000.000000000000114 ) ;
#1529 = VECTOR ( 'NONE', #810, 1000.000000000000227 ) ;
#1530 = CYLINDRICAL_SURFACE ( 'NONE', #705, 10.00000000000000178 ) ;
#1531 = AXIS2_PLACEMENT_3D ( 'NONE', #315, #1993, #683 ) ;
#1532 = DIRECTION ( 'NONE',  ( 0.8279533620734486066, -0.3686285868927449139, 0.4226182617407002740 ) ) ;
#1533 = EDGE_CURVE ( 'NONE', #2532, #3111, #2976, .T. ) ;
#1534 = CARTESIAN_POINT ( 'NONE',  ( -29.01217291025317735, 19.57789117922491329, 3.846916844037818528 ) ) ;
#1535 = ADVANCED_FACE ( 'NONE', ( #3719 ), #4583, .T. ) ;
#1536 = ADVANCED_FACE ( 'NONE', ( #5419 ), #4608, .T. ) ;
#1537 = PLANE ( 'NONE',  #1913 ) ;
#1538 = LINE ( 'NONE', #1126, #821 ) ;
#1539 = CARTESIAN_POINT ( 'NONE',  ( -16.26946572303155136, 36.54181830570423983, -7.500000000000000000 ) ) ;
#1540 = VERTEX_POINT ( 'NONE', #5022 ) ;
#1541 = LINE ( 'NONE', #4179, #3202 ) ;
#1542 = CARTESIAN_POINT ( 'NONE',  ( 24.43644472887674723, -25.05805981594290799, 6.425211645992650489 ) ) ;
#1543 = PLANE ( 'NONE',  #5153 ) ;
#1544 = CARTESIAN_POINT ( 'NONE',  ( 37.42108496357134584, 14.27246196437166859, 4.060590289905085193 ) ) ;
#1545 = CARTESIAN_POINT ( 'NONE',  ( 13.97579016393877716, -37.92297789073267467, 4.907591987661878541 ) ) ;
#1546 = CARTESIAN_POINT ( 'NONE',  ( 29.92108203678614586, 18.35632154426986062, -6.181324516535900315 ) ) ;
#1547 = CARTESIAN_POINT ( 'NONE',  ( 0.000000000000000000, 0.000000000000000000, -7.500000000000000000 ) ) ;
#1548 = ORIENTED_EDGE ( 'NONE', *, *, #5370, .F. ) ;
#1549 =( BOUNDED_CURVE ( )  B_SPLINE_CURVE ( 3, ( #3152, #5238, #4383, #3546 ),
 .UNSPECIFIED., .F., .F. ) 
 B_SPLINE_CURVE_WITH_KNOTS ( ( 4, 4 ),
 ( 4.895691063979542790, 4.908383916198270747 ),
 .UNSPECIFIED. ) 
 CURVE ( )  GEOMETRIC_REPRESENTATION_ITEM ( )  RATIONAL_B_SPLINE_CURVE ( ( 1.000000000000000000, 0.9999865743369418247, 0.9999865743369418247, 1.000000000000000000 ) ) 
 REPRESENTATION_ITEM ( '' )  );
#1550 = CARTESIAN_POINT ( 'NONE',  ( 12.05865286883647336, -32.85709803054588463, -7.500000000000000000 ) ) ;
#1551 = ORIENTED_EDGE ( 'NONE', *, *, #828, .T. ) ;
#1552 = CARTESIAN_POINT ( 'NONE',  ( -34.16968871917854500, -7.579634145158260061, -1.989709092679093239 ) ) ;
#1553 = CARTESIAN_POINT ( 'NONE',  ( 34.64101615137744972, -20.00000000000015987, 7.500000000000000000 ) ) ;
#1554 = CARTESIAN_POINT ( 'NONE',  ( -32.98025982760197650, 23.15077268773119812, 3.846916844037821193 ) ) ;
#1555 = ORIENTED_EDGE ( 'NONE', *, *, #209, .F. ) ;
#1556 = DIRECTION ( 'NONE',  ( -0.8660254037844432595, -0.4999999999999919509, 0.000000000000000000 ) ) ;
#1557 = CARTESIAN_POINT ( 'NONE',  ( -24.62207110758305717, 24.87475857919278255, -4.060590289905088746 ) ) ;
#1558 = AXIS2_PLACEMENT_3D ( 'NONE', #3925, #3162, #4372 ) ;
#1559 = ORIENTED_EDGE ( 'NONE', *, *, #528, .F. ) ;
#1560 = EDGE_CURVE ( 'NONE', #2886, #2763, #4154, .T. ) ;
#1561 = CARTESIAN_POINT ( 'NONE',  ( 8.730993794915665518, -3.887288888747298277, 2.500000000000000444 ) ) ;
#1562 = CARTESIAN_POINT ( 'NONE',  ( -6.525309833557806805, 34.38665817620378817, 6.493572096533758220 ) ) ;
#1563 = CARTESIAN_POINT ( 'NONE',  ( 9.348413438075004578, -1.987066617467124319, -2.500000000000000444 ) ) ;
#1564 = EDGE_CURVE ( 'NONE', #2511, #5454, #1869, .T. ) ;
#1565 = EDGE_LOOP ( 'NONE', ( #4185, #432, #2920, #4253 ) ) ;
#1566 = FACE_OUTER_BOUND ( 'NONE', #423, .T. ) ;
#1567 = CARTESIAN_POINT ( 'NONE',  ( 30.54342269181366021, 17.09091367566999864, 7.116933741779888578 ) ) ;
#1568 = CARTESIAN_POINT ( 'NONE',  ( 39.11401490908281886, -10.52589622731503383, -6.181324516535926961 ) ) ;
#1569 = EDGE_CURVE ( 'NONE', #4637, #956, #2401, .T. ) ;
#1570 = FACE_OUTER_BOUND ( 'NONE', #5181, .T. ) ;
#1571 = CARTESIAN_POINT ( 'NONE',  ( 34.92893088065751073, 2.272709738722968886, 6.823943630429765150 ) ) ;
#1572 = ADVANCED_FACE ( 'NONE', ( #3748 ), #358, .T. ) ;
#1573 = CARTESIAN_POINT ( 'NONE',  ( 0.4705459288894343062, -34.99683680747170911, -7.116933741779876144 ) ) ;
#1574 = ORIENTED_EDGE ( 'NONE', *, *, #547, .F. ) ;
#1575 = B_SPLINE_CURVE_WITH_KNOTS ( 'NONE', 3,
 ( #2012, #256, #1988, #1185 ),
 .UNSPECIFIED., .F., .F.,
 ( 4, 4 ),
 ( 1.440969542111313559E-17, 0.002794378677442438223 ),
 .UNSPECIFIED. ) ;
#1576 = FACE_OUTER_BOUND ( 'NONE', #2426, .T. ) ;
#1577 = ORIENTED_EDGE ( 'NONE', *, *, #376, .T. ) ;
#1578 = CARTESIAN_POINT ( 'NONE',  ( 33.56751273287613202, -9.921672134480978400, -6.986545299580310342 ) ) ;
#1579 = CARTESIAN_POINT ( 'NONE',  ( -34.31911467522197512, -6.870392081221349478, -1.109642787261687413 ) ) ;
#1580 =( BOUNDED_CURVE ( )  B_SPLINE_CURVE ( 3, ( #3071, #5059, #1709, #4759 ),
 .UNSPECIFIED., .F., .F. ) 
 B_SPLINE_CURVE_WITH_KNOTS ( ( 4, 4 ),
 ( 4.572974245177897856, 4.769853937967570623 ),
 .UNSPECIFIED. ) 
 CURVE ( )  GEOMETRIC_REPRESENTATION_ITEM ( )  RATIONAL_B_SPLINE_CURVE ( ( 1.000000000000000000, 0.9967724731469831401, 0.9967724731469831401, 1.000000000000000000 ) ) 
 REPRESENTATION_ITEM ( '' )  );
#1581 = CARTESIAN_POINT ( 'NONE',  ( 22.85662497993822839, 26.50692435740749531, 6.073605354730922556 ) ) ;
#1582 = FACE_OUTER_BOUND ( 'NONE', #4550, .T. ) ;
#1583 = ORIENTED_EDGE ( 'NONE', *, *, #5023, .F. ) ;
#1584 = LINE ( 'NONE', #4530, #2390 ) ;
#1585 = PLANE ( 'NONE',  #2370 ) ;
#1586 = ORIENTED_EDGE ( 'NONE', *, *, #3433, .T. ) ;
#1587 = CARTESIAN_POINT ( 'NONE',  ( 23.51141009169875673, -32.36067977499801884, -7.500000000000000000 ) ) ;
#1588 = LINE ( 'NONE', #1076, #1616 ) ;
#1589 = AXIS2_PLACEMENT_3D ( 'NONE', #2213, #3903, #1322 ) ;
#1590 = CARTESIAN_POINT ( 'NONE',  ( -39.06841104854118640, -10.95978797702850827, 7.116933741779886802 ) ) ;
#1591 = ORIENTED_EDGE ( 'NONE', *, *, #4236, .F. ) ;
#1592 = CARTESIAN_POINT ( 'NONE',  ( -29.84318316396737814, 18.28618108413822441, 6.181324516535904756 ) ) ;
#1593 = CARTESIAN_POINT ( 'NONE',  ( -33.07400264418472347, -11.45034274999934354, 3.061616929884898095E-16 ) ) ;
#1594 = CARTESIAN_POINT ( 'NONE',  ( 22.16478479366399768, -27.08730911424317966, 4.060590289905076311 ) ) ;
#1595 = CARTESIAN_POINT ( 'NONE',  ( -0.9368609573143374947, -34.99056702259336049, 6.986545299580314783 ) ) ;
#1596 = EDGE_CURVE ( 'NONE', #2661, #2028, #2288, .T. ) ;
#1597 = CARTESIAN_POINT ( 'NONE',  ( -25.06765677503839740, -24.44443381712522267, 7.500000000000000000 ) ) ;
#1598 = DIRECTION ( 'NONE',  ( -0.3090169943749449533, 0.9510565162951544194, 0.000000000000000000 ) ) ;
#1599 = ORIENTED_EDGE ( 'NONE', *, *, #3887, .F. ) ;
#1600 = ADVANCED_FACE ( 'NONE', ( #2911 ), #2531, .T. ) ;
#1601 = ADVANCED_FACE ( 'NONE', ( #3332 ), #5049, .T. ) ;
#1602 = DIRECTION ( 'NONE',  ( -0.9945218953682745111, -0.1045284632676436593, 0.000000000000000000 ) ) ;
#1603 = ORIENTED_EDGE ( 'NONE', *, *, #1919, .T. ) ;
#1604 = PLANE ( 'NONE',  #3807 ) ;
#1605 = CIRCLE ( 'NONE', #4184, 10.00000000000000000 ) ;
#1606 = CARTESIAN_POINT ( 'NONE',  ( -26.93080829142785149, -22.37519442600007480, -7.500000000000000000 ) ) ;
#1607 = DIRECTION ( 'NONE',  ( -1.000000000000000000, 0.000000000000000000, 0.000000000000000000 ) ) ;
#1608 = ORIENTED_EDGE ( 'NONE', *, *, #2084, .T. ) ;
#1609 = VECTOR ( 'NONE', #729, 1000.000000000000114 ) ;
#1610 = AXIS2_PLACEMENT_3D ( 'NONE', #3063, #4402, #1847 ) ;
#1611 =( BOUNDED_CURVE ( )  B_SPLINE_CURVE ( 3, ( #2319, #3153, #4432, #4845 ),
 .UNSPECIFIED., .F., .F. ) 
 B_SPLINE_CURVE_WITH_KNOTS ( ( 4, 4 ),
 ( 4.572974245177897856, 4.769853937967569735 ),
 .UNSPECIFIED. ) 
 CURVE ( )  GEOMETRIC_REPRESENTATION_ITEM ( )  RATIONAL_B_SPLINE_CURVE ( ( 1.000000000000000000, 0.9967724731469831401, 0.9967724731469831401, 1.000000000000000000 ) ) 
 REPRESENTATION_ITEM ( '' )  );
#1612 = DIRECTION ( 'NONE',  ( 1.000000000000000000, 0.000000000000000000, 0.000000000000000000 ) ) ;
#1613 = PLANE ( 'NONE',  #284 ) ;
#1614 = AXIS2_PLACEMENT_3D ( 'NONE', #261, #1623, #340 ) ;
#1615 = ORIENTED_EDGE ( 'NONE', *, *, #4422, .T. ) ;
#1616 = VECTOR ( 'NONE', #4091, 1000.000000000000114 ) ;
#1617 = LINE ( 'NONE', #1587, #1750 ) ;
#1618 = DIRECTION ( 'NONE',  ( 0.9945218953682745111, 0.1045284632676436454, 1.431763998135552876E-17 ) ) ;
#1619 = DIRECTION ( 'NONE',  ( 0.4226182617406999409, 0.000000000000000000, -0.9063077870366496036 ) ) ;
#1620 = ORIENTED_EDGE ( 'NONE', *, *, #1230, .F. ) ;
#1621 = CARTESIAN_POINT ( 'NONE',  ( -11.77479124096875651, 32.96615330741053640, -4.798630682669625891 ) ) ;
#1622 = DIRECTION ( 'NONE',  ( 0.000000000000000000, 0.000000000000000000, 1.000000000000000000 ) ) ;
#1623 = DIRECTION ( 'NONE',  ( -0.2079116908177664758, -0.9781476007338042455, 0.000000000000000000 ) ) ;
#1624 = DIRECTION ( 'NONE',  ( -0.9063077870366497146, 0.000000000000000000, -0.4226182617406999964 ) ) ;
#1625 = CARTESIAN_POINT ( 'NONE',  ( -37.77478403777966065, 13.18388814656654695, 0.7524306995458258651 ) ) ;
#1626 = ORIENTED_EDGE ( 'NONE', *, *, #5056, .T. ) ;
#1627 = EDGE_CURVE ( 'NONE', #4922, #863, #3860, .T. ) ;
#1628 = CARTESIAN_POINT ( 'NONE',  ( -1.829911031557159395, -34.95763741879113695, 4.553765416902606056 ) ) ;
#1629 = ORIENTED_EDGE ( 'NONE', *, *, #2795, .T. ) ;
#1630 = CARTESIAN_POINT ( 'NONE',  ( -39.78087581473097600, -4.181138530705745815, 7.500000000000000000 ) ) ;
#1631 = B_SPLINE_CURVE_WITH_KNOTS ( 'NONE', 3,
 ( #3474, #5168, #1372, #3060 ),
 .UNSPECIFIED., .F., .F.,
 ( 4, 4 ),
 ( 0.000000000000000000, 0.002845522393967936034 ),
 .UNSPECIFIED. ) ;
#1632 = EDGE_CURVE ( 'NONE', #3780, #3857, #405, .T. ) ;
#1633 = EDGE_CURVE ( 'NONE', #5263, #2108, #1473, .T. ) ;
#1634 = DIRECTION ( 'NONE',  ( 0.000000000000000000, 1.000000000000000000, 0.000000000000000000 ) ) ;
#1635 = EDGE_LOOP ( 'NONE', ( #3138, #772, #3579, #97 ) ) ;
#1636 = DIRECTION ( 'NONE',  ( -0.9510565162951544194, -0.3090169943749448422, 1.643898445394554152E-17 ) ) ;
#1637 = LINE ( 'NONE', #4108, #3101 ) ;
#1638 = VERTEX_POINT ( 'NONE', #4135 ) ;
#1639 = EDGE_CURVE ( 'NONE', #2941, #943, #2040, .T. ) ;
#1640 = CARTESIAN_POINT ( 'NONE',  ( 9.058024587808757744, 33.81326927189580545, 4.553765416902654017 ) ) ;
#1641 = CARTESIAN_POINT ( 'NONE',  ( 26.32257486426691528, -23.06777086142187372, -7.116933741779872591 ) ) ;
#1642 = ORIENTED_EDGE ( 'NONE', *, *, #2914, .T. ) ;
#1643 = CARTESIAN_POINT ( 'NONE',  ( -15.06654539569986717, -31.59112549181045182, 6.181324516535948277 ) ) ;
#1644 = DIRECTION ( 'NONE',  ( -0.1045284632676439368, 0.9945218953682744001, 0.000000000000000000 ) ) ;
#1645 = AXIS2_PLACEMENT_3D ( 'NONE', #3582, #612, #1037 ) ;
#1646 = DIRECTION ( 'NONE',  ( 0.5000000000000038858, 0.8660254037844363761, 0.000000000000000000 ) ) ;
#1647 = ORIENTED_EDGE ( 'NONE', *, *, #3541, .F. ) ;
#1648 = CARTESIAN_POINT ( 'NONE',  ( 23.51141009169875673, -32.36067977499801884, 7.500000000000000000 ) ) ;
#1649 = CARTESIAN_POINT ( 'NONE',  ( 32.85842340205128664, -12.06177692566433102, 5.331456580176197946 ) ) ;
#1650 = CARTESIAN_POINT ( 'NONE',  ( 25.69286149883166814, -23.76713840582946702, 7.116933741779897460 ) ) ;
#1651 = VERTEX_POINT ( 'NONE', #4638 ) ;
#1652 = CARTESIAN_POINT ( 'NONE',  ( 1.829911031556713086, -34.95763741879116537, -4.553765416902574081 ) ) ;
#1653 = ORIENTED_EDGE ( 'NONE', *, *, #1064, .F. ) ;
#1654 = CARTESIAN_POINT ( 'NONE',  ( 18.32776930834533502, 29.81843498419888050, -6.196689755746668915 ) ) ;
#1655 = ORIENTED_EDGE ( 'NONE', *, *, #1380, .F. ) ;
#1656 = CARTESIAN_POINT ( 'NONE',  ( 0.000000000000000000, 0.000000000000000000, -7.500000000000000000 ) ) ;
#1657 = EDGE_CURVE ( 'NONE', #4136, #45, #5172, .T. ) ;
#1658 = ORIENTED_EDGE ( 'NONE', *, *, #4075, .T. ) ;
#1659 = CARTESIAN_POINT ( 'NONE',  ( -7.736514885292681498, 34.13423995681822021, -7.116933741779868150 ) ) ;
#1660 = EDGE_LOOP ( 'NONE', ( #4211, #2137, #2875, #4761 ) ) ;
#1661 = DIRECTION ( 'NONE',  ( -0.4531538935183283545, -0.7848855672213933543, 0.4226182617407003850 ) ) ;
#1662 = CARTESIAN_POINT ( 'NONE',  ( -11.52735737973856800, -33.04788005610411972, -6.073605354730917227 ) ) ;
#1663 = VERTEX_POINT ( 'NONE', #2293 ) ;
#1664 = DIRECTION ( 'NONE',  ( 0.000000000000000000, 0.000000000000000000, 1.000000000000000000 ) ) ;
#1665 = EDGE_CURVE ( 'NONE', #29, #3399, #3869, .T. ) ;
#1666 = ORIENTED_EDGE ( 'NONE', *, *, #3702, .F. ) ;
#1667 = ADVANCED_FACE ( 'NONE', ( #4401 ), #2673, .T. ) ;
#1668 = DIRECTION ( 'NONE',  ( -0.7332184018469958264, 0.5327143512579760598, 0.4226182617407002184 ) ) ;
#1669 = EDGE_CURVE ( 'NONE', #5253, #586, #3146, .T. ) ;
#1670 = ORIENTED_EDGE ( 'NONE', *, *, #5029, .T. ) ;
#1671 = LINE ( 'NONE', #2890, #3570 ) ;
#1672 = VECTOR ( 'NONE', #4860, 1000.000000000000227 ) ;
#1673 = CARTESIAN_POINT ( 'NONE',  ( -39.41964742904058028, -11.72316783644965099, 2.500000000000000444 ) ) ;
#1674 = CARTESIAN_POINT ( 'NONE',  ( -32.83356047615104956, -12.13065243427441153, -6.823943630429750051 ) ) ;
#1675 = VECTOR ( 'NONE', #2313, 1000.000000000000000 ) ;
#1676 = ORIENTED_EDGE ( 'NONE', *, *, #3103, .T. ) ;
#1677 = DIRECTION ( 'NONE',  ( 0.2079116908177532641, -0.9781476007338069101, 0.000000000000000000 ) ) ;
#1678 = LINE ( 'NONE', #5485, #1798 ) ;
#1679 = CARTESIAN_POINT ( 'NONE',  ( 22.16478479366399768, -27.08730911424317966, 4.060590289905076311 ) ) ;
#1680 = VERTEX_POINT ( 'NONE', #68 ) ;
#1681 = AXIS2_PLACEMENT_3D ( 'NONE', #630, #1001, #2688 ) ;
#1682 = CARTESIAN_POINT ( 'NONE',  ( 18.91226666409619028, -29.45040185848262482, -4.060590289905081640 ) ) ;
#1683 = ORIENTED_EDGE ( 'NONE', *, *, #2351, .T. ) ;
#1684 = AXIS2_PLACEMENT_3D ( 'NONE', #877, #2570, #3787 ) ;
#1685 = LINE ( 'NONE', #430, #1474 ) ;
#1686 = EDGE_LOOP ( 'NONE', ( #1249, #2527, #402, #2645 ) ) ;
#1687 = DIRECTION ( 'NONE',  ( 0.1045284632676571207, 0.9945218953682729568, 0.000000000000000000 ) ) ;
#1688 = EDGE_LOOP ( 'NONE', ( #884, #418, #5476, #2090 ) ) ;
#1689 = CARTESIAN_POINT ( 'NONE',  ( -21.68306421749655399, 27.47799388896789807, -6.823943630429761598 ) ) ;
#1690 = FACE_OUTER_BOUND ( 'NONE', #503, .T. ) ;
#1691 = ORIENTED_EDGE ( 'NONE', *, *, #598, .T. ) ;
#1692 = ADVANCED_FACE ( 'NONE', ( #4375 ), #4836, .T. ) ;
#1693 = CARTESIAN_POINT ( 'NONE',  ( 12.54684518281101369, -32.67968274395656891, 4.553765416902643359 ) ) ;
#1694 = DIRECTION ( 'NONE',  ( 0.7431448254773954654, 0.6691306063588569053, 0.000000000000000000 ) ) ;
#1695 = VERTEX_POINT ( 'NONE', #3561 ) ;
#1696 = CARTESIAN_POINT ( 'NONE',  ( -4.863724327625675414, 34.66041237009252285, 3.846916844037866046 ) ) ;
#1697 = ORIENTED_EDGE ( 'NONE', *, *, #1484, .F. ) ;
#1698 = ADVANCED_FACE ( 'NONE', ( #4313 ), #1373, .T. ) ;
#1699 = CARTESIAN_POINT ( 'NONE',  ( 2.683371474602033402, 40.00000000000000000, 10.40750713394294991 ) ) ;
#1700 = ADVANCED_FACE ( 'NONE', ( #95 ), #147, .T. ) ;
#1701 = FACE_OUTER_BOUND ( 'NONE', #824, .T. ) ;
#1702 = ADVANCED_FACE ( 'NONE', ( #1788 ), #4287, .F. ) ;
#1703 = VECTOR ( 'NONE', #5183, 1000.000000000000114 ) ;
#1704 = ADVANCED_FACE ( 'NONE', ( #1455 ), #1822, .T. ) ;
#1705 = B_SPLINE_CURVE_WITH_KNOTS ( 'NONE', 3,
 ( #3402, #5034, #2926, #939, #5091, #3341, #520, #426, #3759, #5458 ),
 .UNSPECIFIED., .F., .F.,
 ( 4, 2, 2, 2, 4 ),
 ( 4.906538933386797396E-18, 0.002894432855054552504, 0.003618041068818188787, 0.004341649282581825503, 0.005788865710109099803 ),
 .UNSPECIFIED. ) ;
#1706 = CARTESIAN_POINT ( 'NONE',  ( 0.000000000000000000, 0.000000000000000000, 7.500000000000000000 ) ) ;
#1707 = ADVANCED_FACE ( 'NONE', ( #2586 ), #3507, .T. ) ;
#1708 = ORIENTED_EDGE ( 'NONE', *, *, #4787, .T. ) ;
#1709 = CARTESIAN_POINT ( 'NONE',  ( -34.85225332957566735, -3.951381483078629575, -1.418366989929917166 ) ) ;
#1710 = ORIENTED_EDGE ( 'NONE', *, *, #5370, .T. ) ;
#1711 = ORIENTED_EDGE ( 'NONE', *, *, #4485, .T. ) ;
#1712 = CARTESIAN_POINT ( 'NONE',  ( -14.00412992039759530, 32.15862750408293635, 1.418366989929920274 ) ) ;
#1713 = CARTESIAN_POINT ( 'NONE',  ( -33.66251713661132783, -9.952920722886398508, 6.181324516535933178 ) ) ;
#1714 = ORIENTED_EDGE ( 'NONE', *, *, #1230, .T. ) ;
#1715 = ORIENTED_EDGE ( 'NONE', *, *, #692, .T. ) ;
#1716 = LINE ( 'NONE', #2575, #152 ) ;
#1717 = EDGE_LOOP ( 'NONE', ( #5467, #4333 ) ) ;
#1718 = FACE_OUTER_BOUND ( 'NONE', #4264, .T. ) ;
#1719 = ORIENTED_EDGE ( 'NONE', *, *, #5446, .F. ) ;
#1720 = DIRECTION ( 'NONE',  ( -0.4067366430757889395, 0.9135454576426059736, 5.727055992542213969E-17 ) ) ;
#1721 = VERTEX_POINT ( 'NONE', #3447 ) ;
#1722 = PLANE ( 'NONE',  #4713 ) ;
#1723 = DIRECTION ( 'NONE',  ( 0.000000000000000000, 0.000000000000000000, 1.000000000000000000 ) ) ;
#1724 = ORIENTED_EDGE ( 'NONE', *, *, #3795, .F. ) ;
#1725 = CARTESIAN_POINT ( 'NONE',  ( -30.61573399108571181, 16.96168509134890812, -6.805446025396008736 ) ) ;
#1726 = CARTESIAN_POINT ( 'NONE',  ( -39.78087581473097600, -4.181138530705745815, 0.000000000000000000 ) ) ;
#1727 = VERTEX_POINT ( 'NONE', #5140 ) ;
#1728 = DIRECTION ( 'NONE',  ( 0.2079116908177664202, 0.9781476007338042455, -0.000000000000000000 ) ) ;
#1729 =( BOUNDED_CURVE ( )  B_SPLINE_CURVE ( 3, ( #512, #5112, #2241, #3900 ),
 .UNSPECIFIED., .F., .F. ) 
 B_SPLINE_CURVE_WITH_KNOTS ( ( 4, 4 ),
 ( 4.895691063979541902, 4.908383916198270747 ),
 .UNSPECIFIED. ) 
 CURVE ( )  GEOMETRIC_REPRESENTATION_ITEM ( )  RATIONAL_B_SPLINE_CURVE ( ( 1.000000000000000000, 0.9999865743369418247, 0.9999865743369418247, 1.000000000000000000 ) ) 
 REPRESENTATION_ITEM ( '' )  );
#1730 = CARTESIAN_POINT ( 'NONE',  ( -40.38565191077363181, 1.572921660246525466, -4.907591987661851007 ) ) ;
#1731 = EDGE_CURVE ( 'NONE', #807, #3345, #5040, .T. ) ;
#1732 = CARTESIAN_POINT ( 'NONE',  ( 32.61085701990764107, 12.70952416210542779, 4.060590289905081640 ) ) ;
#1733 = VERTEX_POINT ( 'NONE', #3062 ) ;
#1734 = CYLINDRICAL_SURFACE ( 'NONE', #1589, 35.00000000000000711 ) ;
#1735 = EDGE_LOOP ( 'NONE', ( #3765, #3281, #3373, #1676 ) ) ;
#1736 = CARTESIAN_POINT ( 'NONE',  ( 17.06020555358293223, 36.18975825052675788, 0.7524306995458366343 ) ) ;
#1737 = CARTESIAN_POINT ( 'NONE',  ( -34.28657929784553460, 21.69995793571370157, 7.116933741779893019 ) ) ;
#1738 = ORIENTED_EDGE ( 'NONE', *, *, #1495, .F. ) ;
#1739 = CARTESIAN_POINT ( 'NONE',  ( 17.99715985092883841, -36.36701708498112140, -7.116933741779896572 ) ) ;
#1740 = EDGE_LOOP ( 'NONE', ( #2574, #2990, #2913, #4940, #610, #4529, #461, #4294, #3244, #4682, #3277, #1715, #139, #1232 ) ) ;
#1741 = LINE ( 'NONE', #1330, #114 ) ;
#1742 = EDGE_CURVE ( 'NONE', #842, #371, #2164, .T. ) ;
#1743 = CYLINDRICAL_SURFACE ( 'NONE', #1123, 10.00000000000000000 ) ;
#1744 = EDGE_LOOP ( 'NONE', ( #2184, #1626, #2705, #3640 ) ) ;
#1745 = ADVANCED_FACE ( 'NONE', ( #4750 ), #3535, .T. ) ;
#1746 = DIRECTION ( 'NONE',  ( 1.000000000000000000, 0.000000000000000000, 0.000000000000000000 ) ) ;
#1747 = EDGE_CURVE ( 'NONE', #4615, #3661, #5384, .T. ) ;
#1748 = CARTESIAN_POINT ( 'NONE',  ( -31.41663095618183732, 15.42709627127145211, 7.500000000000000000 ) ) ;
#1749 = VERTEX_POINT ( 'NONE', #4027 ) ;
#1750 = VECTOR ( 'NONE', #3282, 1000.000000000000227 ) ;
#1751 = DIRECTION ( 'NONE',  ( -0.7332184018470029319, -0.5327143512579662898, 0.4226182617407003295 ) ) ;
#1752 = DIRECTION ( 'NONE',  ( -0.5877852522924689183, 0.8090169943749505599, -7.572611129637724105E-17 ) ) ;
#1753 = ORIENTED_EDGE ( 'NONE', *, *, #3541, .T. ) ;
#1754 = CARTESIAN_POINT ( 'NONE',  ( -33.46152090262845746, -10.26377071869701219, 2.169127248956314702 ) ) ;
#1755 = CARTESIAN_POINT ( 'NONE',  ( 36.12084990787180061, 19.66279404063500635, 2.500000000000000444 ) ) ;
#1756 = ORIENTED_EDGE ( 'NONE', *, *, #4293, .T. ) ;
#1757 = CARTESIAN_POINT ( 'NONE',  ( -30.68722369996114452, 16.83200019425951766, -6.493572096533744897 ) ) ;
#1758 = VECTOR ( 'NONE', #5368, 1000.000000000000114 ) ;
#1759 = DIRECTION ( 'NONE',  ( -0.000000000000000000, -0.000000000000000000, -1.000000000000000000 ) ) ;
#1760 = CARTESIAN_POINT ( 'NONE',  ( 27.31219930434933474, 21.88706853736927727, -4.060590289905079864 ) ) ;
#1761 = EDGE_LOOP ( 'NONE', ( #4311, #531, #5045, #443 ) ) ;
#1762 = CARTESIAN_POINT ( 'NONE',  ( -33.47323937454585518, -10.22566255679124758, 6.805446025396022058 ) ) ;
#1763 =( BOUNDED_CURVE ( )  B_SPLINE_CURVE ( 3, ( #3539, #1068, #2751, #199 ),
 .UNSPECIFIED., .F., .F. ) 
 B_SPLINE_CURVE_WITH_KNOTS ( ( 4, 4 ),
 ( 1.754098410389749230, 1.766791262608477853 ),
 .UNSPECIFIED. ) 
 CURVE ( )  GEOMETRIC_REPRESENTATION_ITEM ( )  RATIONAL_B_SPLINE_CURVE ( ( 1.000000000000000000, 0.9999865743369418247, 0.9999865743369418247, 1.000000000000000000 ) ) 
 REPRESENTATION_ITEM ( '' )  );
#1764 = CARTESIAN_POINT ( 'NONE',  ( 34.99623894790740053, 2.736594670330643631, 6.181324516535887881 ) ) ;
#1765 = ORIENTED_EDGE ( 'NONE', *, *, #3165, .T. ) ;
#1766 = FACE_OUTER_BOUND ( 'NONE', #4477, .T. ) ;
#1767 = DIRECTION ( 'NONE',  ( -0.4389891758756216400, 0.4875468726020207311, 0.7547095802227712369 ) ) ;
#1768 = ORIENTED_EDGE ( 'NONE', *, *, #2014, .T. ) ;
#1769 = CARTESIAN_POINT ( 'NONE',  ( 0.9147057750818702315, -34.98804529185694889, -6.181324516535873670 ) ) ;
#1770 = AXIS2_PLACEMENT_3D ( 'NONE', #1430, #3121, #4807 ) ;
#1771 = ORIENTED_EDGE ( 'NONE', *, *, #4173, .T. ) ;
#1772 = LINE ( 'NONE', #25, #399 ) ;
#1773 = AXIS2_PLACEMENT_3D ( 'NONE', #5130, #2231, #87 ) ;
#1774 = ORIENTED_EDGE ( 'NONE', *, *, #2879, .T. ) ;
#1775 = ADVANCED_FACE ( 'NONE', ( #4472 ), #4524, .T. ) ;
#1776 = CARTESIAN_POINT ( 'NONE',  ( -27.44624572870317891, -29.50185434400319195, -3.846916844037806094 ) ) ;
#1777 = EDGE_CURVE ( 'NONE', #2680, #750, #1145, .T. ) ;
#1778 = EDGE_LOOP ( 'NONE', ( #552, #3035, #535, #1683 ) ) ;
#1779 = CARTESIAN_POINT ( 'NONE',  ( 11.77479124096918461, 32.96615330741038008, 4.798630682669627667 ) ) ;
#1780 = EDGE_CURVE ( 'NONE', #2260, #4577, #2690, .T. ) ;
#1781 = ORIENTED_EDGE ( 'NONE', *, *, #3604, .T. ) ;
#1782 = B_SPLINE_CURVE_WITH_KNOTS ( 'NONE', 3,
 ( #1134, #4902, #4509, #3288, #4984, #4120, #791, #4568 ),
 .UNSPECIFIED., .F., .F.,
 ( 4, 2, 2, 4 ),
 ( 0.002239090196083209135, 0.003126534074589686248, 0.004013977953096163794, 0.005788865710109119753 ),
 .UNSPECIFIED. ) ;
#1783 = CARTESIAN_POINT ( 'NONE',  ( -33.59057740645552315, -9.833414526289828927, 2.372692410939584384 ) ) ;
#1784 = CARTESIAN_POINT ( 'NONE',  ( 29.01217291025344025, 19.57789117922451894, -3.846916844037808314 ) ) ;
#1785 = ORIENTED_EDGE ( 'NONE', *, *, #4399, .T. ) ;
#1786 = CIRCLE ( 'NONE', #2049, 10.00000000000000355 ) ;
#1787 = DIRECTION ( 'NONE',  ( 0.000000000000000000, 1.000000000000000000, 0.000000000000000000 ) ) ;
#1788 = FACE_OUTER_BOUND ( 'NONE', #2036, .T. ) ;
#1789 = B_SPLINE_CURVE_WITH_KNOTS ( 'NONE', 3,
 ( #4800, #2307, #1492, #2354 ),
 .UNSPECIFIED., .F., .F.,
 ( 4, 4 ),
 ( 2.453269466693398698E-18, 0.002794378677442425213 ),
 .UNSPECIFIED. ) ;
#1790 = CARTESIAN_POINT ( 'NONE',  ( 7.736514885293122035, 34.13423995681812784, 7.116933741779903677 ) ) ;
#1791 = ORIENTED_EDGE ( 'NONE', *, *, #4586, .T. ) ;
#1792 = CARTESIAN_POINT ( 'NONE',  ( 34.06700188925822204, 8.350590401343596980, -1.226003498143958703 ) ) ;
#1793 = DIRECTION ( 'NONE',  ( 0.7431448254773954654, 0.6691306063588569053, 0.000000000000000000 ) ) ;
#1794 = B_SPLINE_CURVE_WITH_KNOTS ( 'NONE', 3,
 ( #3709, #5411, #1628, #5012 ),
 .UNSPECIFIED., .F., .F.,
 ( 4, 4 ),
 ( 7.398835848820673529E-18, 0.002794378677442419141 ),
 .UNSPECIFIED. ) ;
#1795 = VECTOR ( 'NONE', #33, 1000.000000000000000 ) ;
#1796 = CARTESIAN_POINT ( 'NONE',  ( 39.99099545634400243, -2.181983681408827369, 4.060590289905083416 ) ) ;
#1797 = ORIENTED_EDGE ( 'NONE', *, *, #3027, .F. ) ;
#1798 = VECTOR ( 'NONE', #3371, 1000.000000000000114 ) ;
#1799 = ORIENTED_EDGE ( 'NONE', *, *, #862, .F. ) ;
#1800 = DIRECTION ( 'NONE',  ( -0.000000000000000000, -0.000000000000000000, -1.000000000000000000 ) ) ;
#1801 = DIRECTION ( 'NONE',  ( 0.4303270360089753721, 0.000000000000000000, 0.9026730538128021619 ) ) ;
#1802 = CARTESIAN_POINT ( 'NONE',  ( -3.937090254003974721, -0.7143947450348384631, 2.480533284214135659 ) ) ;
#1803 = CIRCLE ( 'NONE', #911, 35.00000000000000711 ) ;
#1805 = VECTOR ( 'NONE', #1959, 1000.000000000000000 ) ;
#1804 = CARTESIAN_POINT ( 'NONE',  ( 6.815988142536171246, 34.32990395618384127, -7.116933741779888578 ) ) ;
#1806 = AXIS2_PLACEMENT_3D ( 'NONE', #4356, #1052, #2095 ) ;
#1807 = ORIENTED_EDGE ( 'NONE', *, *, #2449, .F. ) ;
#1808 = VECTOR ( 'NONE', #3179, 1000.000000000000000 ) ;
#1809 = CARTESIAN_POINT ( 'NONE',  ( -36.53928717861477082, 16.98635649024991778, -3.846916844037833183 ) ) ;
#1810 = ORIENTED_EDGE ( 'NONE', *, *, #2853, .F. ) ;
#1811 = CARTESIAN_POINT ( 'NONE',  ( -25.38912718229176235, -24.09133082503775469, -6.181324516535873670 ) ) ;
#1812 = CARTESIAN_POINT ( 'NONE',  ( -34.64101615137773393, -19.99999999999967670, 0.000000000000000000 ) ) ;
#1813 = VERTEX_POINT ( 'NONE', #5389 ) ;
#1814 = ORIENTED_EDGE ( 'NONE', *, *, #2375, .F. ) ;
#1815 = ADVANCED_FACE ( 'NONE', ( #4911 ), #2806, .F. ) ;
#1816 = CARTESIAN_POINT ( 'NONE',  ( -34.24593103505875291, -7.227000678913176657, 1.652824083971363489 ) ) ;
#1817 = DIRECTION ( 'NONE',  ( 0.5877852522924689183, -0.8090169943749505599, 0.000000000000000000 ) ) ;
#1818 = EDGE_LOOP ( 'NONE', ( #4899, #3969, #851, #1655 ) ) ;
#1819 = EDGE_CURVE ( 'NONE', #1196, #2842, #2748, .T. ) ;
#1820 = LINE ( 'NONE', #2820, #4177 ) ;
#1821 = EDGE_CURVE ( 'NONE', #1695, #2028, #3251, .T. ) ;
#1822 = PLANE ( 'NONE',  #5134 ) ;
#1823 = CARTESIAN_POINT ( 'NONE',  ( 24.21167295841547329, -31.85190902154538151, -0.7524306995458365233 ) ) ;
#1824 = EDGE_LOOP ( 'NONE', ( #5224, #4077, #2126, #4413 ) ) ;
#1825 = DIRECTION ( 'NONE',  ( -0.8090169943749503378, -0.5877852522924691403, 0.000000000000000000 ) ) ;
#1826 = CARTESIAN_POINT ( 'NONE',  ( -2.657145101482041305, -40.32883016797185149, 4.907591987661849231 ) ) ;
#1827 = EDGE_CURVE ( 'NONE', #4274, #4768, #3189, .T. ) ;
#1828 = EDGE_CURVE ( 'NONE', #920, #3848, #3430, .T. ) ;
#1829 = PLANE ( 'NONE',  #175 ) ;
#1830 = VERTEX_POINT ( 'NONE', #643 ) ;
#1831 = ORIENTED_EDGE ( 'NONE', *, *, #1002, .T. ) ;
#1832 = FACE_OUTER_BOUND ( 'NONE', #3054, .T. ) ;
#1833 = CARTESIAN_POINT ( 'NONE',  ( -3.740061005969211205, -1.434411428148168355, 2.474154989041231989 ) ) ;
#1834 = CARTESIAN_POINT ( 'NONE',  ( -19.94748107134109461, 28.75969276364921967, 6.493572096533719140 ) ) ;
#1835 = EDGE_LOOP ( 'NONE', ( #3227, #2801, #2538, #1670 ) ) ;
#1836 = VERTEX_POINT ( 'NONE', #353 ) ;
#1837 = DIRECTION ( 'NONE',  ( 0.1045284632676436315, -0.9945218953682744001, 0.000000000000000000 ) ) ;
#1838 = ORIENTED_EDGE ( 'NONE', *, *, #597, .F. ) ;
#1839 = CARTESIAN_POINT ( 'NONE',  ( 34.89198990789994070, 2.747551685957806633, 6.181324516535886993 ) ) ;
#1840 = EDGE_LOOP ( 'NONE', ( #546, #3411, #3460, #792 ) ) ;
#1841 = AXIS2_PLACEMENT_3D ( 'NONE', #2876, #4961, #4573 ) ;
#1842 = ORIENTED_EDGE ( 'NONE', *, *, #751, .F. ) ;
#1843 = CARTESIAN_POINT ( 'NONE',  ( -18.62651717862968326, 29.63195669870982485, -7.500000000000000000 ) ) ;
#1844 = ORIENTED_EDGE ( 'NONE', *, *, #83, .T. ) ;
#1845 = CARTESIAN_POINT ( 'NONE',  ( 4.863724327625662980, 40.00000000000000000, -3.846916844037850503 ) ) ;
#1846 = DIRECTION ( 'NONE',  ( 0.5049992790393009745, -0.5608585192807694630, 0.6560590289905087191 ) ) ;
#1847 = DIRECTION ( 'NONE',  ( -0.3090169943749450643, 0.9510565162951543083, 0.000000000000000000 ) ) ;
#1848 = ORIENTED_EDGE ( 'NONE', *, *, #3192, .F. ) ;
#1849 = PRODUCT_DEFINITION_CONTEXT ( 'detailed design', #325, 'design' ) ;
#1850 = PLANE ( 'NONE',  #254 ) ;
#1851 = FACE_OUTER_BOUND ( 'NONE', #3822, .T. ) ;
#1852 = VECTOR ( 'NONE', #2850, 1000.000000000000000 ) ;
#1853 = EDGE_CURVE ( 'NONE', #949, #4446, #3769, .T. ) ;
#1854 = EDGE_CURVE ( 'NONE', #962, #1638, #4072, .T. ) ;
#1855 = ADVANCED_FACE ( 'NONE', ( #2443 ), #2113, .T. ) ;
#1856 = B_SPLINE_CURVE_WITH_KNOTS ( 'NONE', 3,
 ( #3712, #5388, #5413, #2778, #3298, #4471, #2001, #3683, #1578, #2442 ),
 .UNSPECIFIED., .F., .F.,
 ( 4, 2, 2, 2, 4 ),
 ( 2.453269466693398698E-18, 0.002894432855054559443, 0.003618041068818198761, 0.004341649282581837646, 0.005788865710109121487 ),
 .UNSPECIFIED. ) ;
#1857 = FACE_OUTER_BOUND ( 'NONE', #1305, .T. ) ;
#1858 = DIRECTION ( 'NONE',  ( -0.8865027874162648702, -0.1884319844040860115, 0.4226182617407002740 ) ) ;
#1859 = CARTESIAN_POINT ( 'NONE',  ( 33.13856300680314604, -11.26213309476223046, 7.116933741779901901 ) ) ;
#1860 = CARTESIAN_POINT ( 'NONE',  ( 15.92614932854291609, 30.82853447603718777, -4.060590289905081640 ) ) ;
#1861 = B_SPLINE_CURVE_WITH_KNOTS ( 'NONE', 3,
 ( #1557, #2836, #3689, #1285, #4531, #4218, #4633, #1689, #2971, #471 ),
 .UNSPECIFIED., .F., .F.,
 ( 4, 2, 2, 2, 4 ),
 ( 9.851335625380350225E-18, 0.002894432855054567683, 0.003618041068818202231, 0.004341649282581835911, 0.005788865710109118885 ),
 .UNSPECIFIED. ) ;
#1862 = EDGE_LOOP ( 'NONE', ( #4935, #2474, #2618, #2173 ) ) ;
#1863 = LINE ( 'NONE', #183, #537 ) ;
#1864 = ORIENTED_EDGE ( 'NONE', *, *, #2154, .T. ) ;
#1865 = CARTESIAN_POINT ( 'NONE',  ( -30.07287676292376233, 17.90592313180197337, 7.116933741779903677 ) ) ;
#1866 = ORIENTED_EDGE ( 'NONE', *, *, #4219, .T. ) ;
#1867 = B_SPLINE_CURVE_WITH_KNOTS ( 'NONE', 3,
 ( #186, #1393, #4826, #4799 ),
 .UNSPECIFIED., .F., .F.,
 ( 4, 4 ),
 ( 1.939479807224432123E-18, 0.002794378677442430851 ),
 .UNSPECIFIED. ) ;
#1868 = ORIENTED_EDGE ( 'NONE', *, *, #5446, .T. ) ;
#1869 = CIRCLE ( 'NONE', #3622, 35.00000000000000711 ) ;
#1870 = CARTESIAN_POINT ( 'NONE',  ( 0.000000000000000000, 0.000000000000000000, 7.500000000000000000 ) ) ;
#1871 = ORIENTED_EDGE ( 'NONE', *, *, #2656, .F. ) ;
#1872 = CARTESIAN_POINT ( 'NONE',  ( 33.99464982808515146, 22.02417845827689291, -6.181324516535899427 ) ) ;
#1873 = VECTOR ( 'NONE', #5147, 999.9999999999998863 ) ;
#1874 = DIRECTION ( 'NONE',  ( 0.5877852522924689183, -0.8090169943749506709, 6.939021201406550655E-17 ) ) ;
#1875 = VECTOR ( 'NONE', #747, 1000.000000000000114 ) ;
#1876 = DIRECTION ( 'NONE',  ( 0.7547095802227710148, 0.000000000000000000, 0.6560590289905083861 ) ) ;
#1877 = CARTESIAN_POINT ( 'NONE',  ( 15.50170611627753559, -31.39450379151591974, 7.500000000000000000 ) ) ;
#1878 = DIRECTION ( 'NONE',  ( -0.9945218953682729568, 0.1045284632676571068, -0.000000000000000000 ) ) ;
#1879 = EDGE_CURVE ( 'NONE', #4274, #4945, #1222, .T. ) ;
#1880 = EDGE_CURVE ( 'NONE', #3835, #5117, #3197, .T. ) ;
#1881 = CARTESIAN_POINT ( 'NONE',  ( 39.17609971868819230, -9.935198721658547782, -4.907591987661851007 ) ) ;
#1882 = DIRECTION ( 'NONE',  ( -0.4133830387479577317, -0.08786727736896872420, -0.9063077870366496036 ) ) ;
#1883 = ADVANCED_FACE ( 'NONE', ( #4192 ), #3380, .T. ) ;
#1884 = CARTESIAN_POINT ( 'NONE',  ( 22.02801285247673135, 27.20572803764312653, 4.553765416902614049 ) ) ;
#1885 = EDGE_CURVE ( 'NONE', #54, #1836, #1080, .T. ) ;
#1886 = AXIS2_PLACEMENT_3D ( 'NONE', #2569, #1800, #4673 ) ;
#1887 = EDGE_LOOP ( 'NONE', ( #830, #108, #510, #5035 ) ) ;
#1888 = CARTESIAN_POINT ( 'NONE',  ( 2.448864658608838507, -34.91422434887846293, -3.846916844037818528 ) ) ;
#1889 = CIRCLE ( 'NONE', #4276, 10.00000000000000178 ) ;
#1890 = DIRECTION ( 'NONE',  ( 0.9659258262890682012, 0.2588190451025214056, -0.000000000000000000 ) ) ;
#1891 = VERTEX_POINT ( 'NONE', #1008 ) ;
#1892 = CYLINDRICAL_SURFACE ( 'NONE', #3130, 10.00000000000000355 ) ;
#1893 = DIRECTION ( 'NONE',  ( -0.6691306063588567943, 0.7431448254773953543, 0.000000000000000000 ) ) ;
#1894 = CIRCLE ( 'NONE', #369, 35.00000000000000711 ) ;
#1895 = ORIENTED_EDGE ( 'NONE', *, *, #3919, .T. ) ;
#1896 = AXIS2_PLACEMENT_3D ( 'NONE', #2041, #739, #2790 ) ;
#1897 = DIRECTION ( 'NONE',  ( -0.8660254037844433705, -0.4999999999999920064, 0.000000000000000000 ) ) ;
#1898 = ORIENTED_EDGE ( 'NONE', *, *, #3986, .T. ) ;
#1899 = CARTESIAN_POINT ( 'NONE',  ( -33.96906125804983390, -8.433765975131176873, -2.420728175835857421 ) ) ;
#1900 = LINE ( 'NONE', #2003, #4785 ) ;
#1901 = CARTESIAN_POINT ( 'NONE',  ( -18.54089304176223507, 29.68560737485311662, 3.846916844037815864 ) ) ;
#1902 = DIRECTION ( 'NONE',  ( 0.8090169943749506709, 0.5877852522924688072, 0.000000000000000000 ) ) ;
#1903 = CARTESIAN_POINT ( 'NONE',  ( 33.42937638412485057, -10.36710155098890063, -7.116933741779875255 ) ) ;
#1904 = CARTESIAN_POINT ( 'NONE',  ( -33.13856300680330236, -11.26213309476178637, -7.116933741779869038 ) ) ;
#1905 = DIRECTION ( 'NONE',  ( 0.9945218953682729568, -0.1045284632676570791, 0.000000000000000000 ) ) ;
#1906 = CARTESIAN_POINT ( 'NONE',  ( -2.503507174406859548, -3.120405619268125985, 0.8344102568394626829 ) ) ;
#1907 = EDGE_CURVE ( 'NONE', #2941, #1034, #2337, .T. ) ;
#1908 = ORIENTED_EDGE ( 'NONE', *, *, #4989, .F. ) ;
#1909 = CARTESIAN_POINT ( 'NONE',  ( -32.99294883789733746, -11.68183748302851299, -6.181324516535802616 ) ) ;
#1910 = CARTESIAN_POINT ( 'NONE',  ( -34.26753938452123549, -7.123482677481626446, 1.524208736315717516 ) ) ;
#1911 = VERTEX_POINT ( 'NONE', #976 ) ;
#1912 =( BOUNDED_CURVE ( )  B_SPLINE_CURVE ( 3, ( #4071, #3239, #3180, #1490 ),
 .UNSPECIFIED., .F., .F. ) 
 B_SPLINE_CURVE_WITH_KNOTS ( ( 4, 4 ),
 ( 1.431381591588104518, 1.628261284377777729 ),
 .UNSPECIFIED. ) 
 CURVE ( )  GEOMETRIC_REPRESENTATION_ITEM ( )  RATIONAL_B_SPLINE_CURVE ( ( 1.000000000000000000, 0.9967724731469831401, 0.9967724731469831401, 1.000000000000000000 ) ) 
 REPRESENTATION_ITEM ( '' )  );
#1913 = AXIS2_PLACEMENT_3D ( 'NONE', #1881, #4917, #3566 ) ;
#1914 = CARTESIAN_POINT ( 'NONE',  ( -37.21305326393298429, 14.91271770155912080, 10.40750713394287175 ) ) ;
#1915 = FACE_OUTER_BOUND ( 'NONE', #918, .T. ) ;
#1916 = DIRECTION ( 'NONE',  ( 0.000000000000000000, 0.000000000000000000, 1.000000000000000000 ) ) ;
#1917 = VERTEX_POINT ( 'NONE', #3383 ) ;
#1918 = EDGE_CURVE ( 'NONE', #3835, #4968, #3820, .T. ) ;
#1919 = EDGE_CURVE ( 'NONE', #4775, #4342, #3351, .T. ) ;
#1920 = CARTESIAN_POINT ( 'NONE',  ( 16.04866282905819830, 31.10370430349423998, -4.060590289905084305 ) ) ;
#1921 = VERTEX_POINT ( 'NONE', #2116 ) ;
#1922 = CARTESIAN_POINT ( 'NONE',  ( 2.657145101481510174, -40.32883016797187992, -4.907591987661833244 ) ) ;
#1923 = STYLED_ITEM ( 'NONE', ( #4341 ), #5065 ) ;
#1924 = CARTESIAN_POINT ( 'NONE',  ( -33.50337170380853991, -10.12654722669677021, -2.245950770103110727 ) ) ;
#1925 = ORIENTED_EDGE ( 'NONE', *, *, #1377, .T. ) ;
#1926 = FACE_OUTER_BOUND ( 'NONE', #1401, .T. ) ;
#1927 = CARTESIAN_POINT ( 'NONE',  ( -39.87135277856514648, -3.320307722075844126, 0.7524306995458280856 ) ) ;
#1928 = CARTESIAN_POINT ( 'NONE',  ( -31.26593964696157357, -15.73025803960496560, -4.060590289905087857 ) ) ;
#1929 = ORIENTED_EDGE ( 'NONE', *, *, #3261, .F. ) ;
#1930 = CARTESIAN_POINT ( 'NONE',  ( 0.000000000000000000, 0.000000000000000000, 7.500000000000000000 ) ) ;
#1931 = VECTOR ( 'NONE', #3724, 1000.000000000000114 ) ;
#1932 = CARTESIAN_POINT ( 'NONE',  ( -19.43758476452039119, 29.12212319445524855, -7.500000000000000000 ) ) ;
#1933 = DIRECTION ( 'NONE',  ( 0.9510565162951503115, -0.3090169943749574433, 1.464201931225030808E-17 ) ) ;
#1934 = ORIENTED_EDGE ( 'NONE', *, *, #4112, .T. ) ;
#1935 = CARTESIAN_POINT ( 'NONE',  ( 4.000000000000000000, 0.000000000000000000, 7.500000000000000000 ) ) ;
#1936 = PLANE ( 'NONE',  #192 ) ;
#1937 = CARTESIAN_POINT ( 'NONE',  ( -34.66136868196406340, -1.621817335035666607, -4.060590289905080752 ) ) ;
#1938 = CARTESIAN_POINT ( 'NONE',  ( 34.70076432987718817, 4.566941528235681780, -6.181324516535940283 ) ) ;
#1939 = DIRECTION ( 'NONE',  ( -0.7382173651457196728, 0.1569129449004829924, 0.6560590289905087191 ) ) ;
#1940 = LINE ( 'NONE', #1138, #1852 ) ;
#1941 = ORIENTED_EDGE ( 'NONE', *, *, #306, .T. ) ;
#1942 =( BOUNDED_CURVE ( )  B_SPLINE_CURVE ( 3, ( #5259, #572, #1457, #5336 ),
 .UNSPECIFIED., .F., .F. ) 
 B_SPLINE_CURVE_WITH_KNOTS ( ( 4, 4 ),
 ( 1.431381591588104518, 1.628261284377777951 ),
 .UNSPECIFIED. ) 
 CURVE ( )  GEOMETRIC_REPRESENTATION_ITEM ( )  RATIONAL_B_SPLINE_CURVE ( ( 1.000000000000000000, 0.9967724731469831401, 0.9967724731469831401, 1.000000000000000000 ) ) 
 REPRESENTATION_ITEM ( '' )  );
#1943 = EDGE_CURVE ( 'NONE', #1813, #160, #3319, .T. ) ;
#1944 = CARTESIAN_POINT ( 'NONE',  ( -28.90302495807007688, -19.74912962460033583, 4.798630682669629444 ) ) ;
#1945 = ORIENTED_EDGE ( 'NONE', *, *, #1981, .F. ) ;
#1946 = LINE ( 'NONE', #1525, #3933 ) ;
#1947 = VECTOR ( 'NONE', #1503, 1000.000000000000227 ) ;
#1948 = EDGE_CURVE ( 'NONE', #4557, #4518, #31, .T. ) ;
#1949 = ADVANCED_FACE ( 'NONE', ( #1690 ), #5103, .T. ) ;
#1950 = CARTESIAN_POINT ( 'NONE',  ( -34.07734243341247549, -7.984842541374804981, -2.247491834907297648 ) ) ;
#1951 = AXIS2_PLACEMENT_3D ( 'NONE', #2183, #1759, #5199 ) ;
#1952 = CARTESIAN_POINT ( 'NONE',  ( -31.18915757673690337, 15.89406926940221609, -4.553765416902588292 ) ) ;
#1953 = LINE ( 'NONE', #3660, #2386 ) ;
#1954 = VECTOR ( 'NONE', #848, 1000.000000000000114 ) ;
#1955 = CARTESIAN_POINT ( 'NONE',  ( -3.980843800178888614, 0.4369843194683097898, -2.048352315260161927 ) ) ;
#1956 = ORIENTED_EDGE ( 'NONE', *, *, #4651, .T. ) ;
#1957 = CARTESIAN_POINT ( 'NONE',  ( -20.18994489921224655, 28.58961568413912602, 7.116933741779897460 ) ) ;
#1958 = CARTESIAN_POINT ( 'NONE',  ( 0.000000000000000000, 0.000000000000000000, 7.500000000000000000 ) ) ;
#1959 = DIRECTION ( 'NONE',  ( -0.9510565162951503115, 0.3090169943749573878, 0.000000000000000000 ) ) ;
#1960 = ORIENTED_EDGE ( 'NONE', *, *, #3511, .F. ) ;
#1961 = DIRECTION ( 'NONE',  ( 0.000000000000000000, 1.000000000000000000, 0.000000000000000000 ) ) ;
#1962 = CARTESIAN_POINT ( 'NONE',  ( -25.69286149883198078, -23.76713840582912596, -7.116933741779876144 ) ) ;
#1963 = DIRECTION ( 'NONE',  ( 1.000000000000000000, 0.000000000000000000, 0.000000000000000000 ) ) ;
#1964 = CARTESIAN_POINT ( 'NONE',  ( 33.93757586309713048, -8.558092342136038866, 7.500000000000000000 ) ) ;
#1965 = CARTESIAN_POINT ( 'NONE',  ( -15.49624107116652461, -31.38569633904157641, 6.823943630429765150 ) ) ;
#1967 = AXIS2_PLACEMENT_3D ( 'NONE', #3340, #5006, #5033 ) ;
#1966 = FACE_OUTER_BOUND ( 'NONE', #111, .T. ) ;
#1968 = CARTESIAN_POINT ( 'NONE',  ( 30.54342269181366021, 17.09091367566999864, 7.116933741779888578 ) ) ;
#1969 = DIRECTION ( 'NONE',  ( -0.04417563744859816233, 0.4203031146836064269, -0.9063077870366496036 ) ) ;
#1970 = ORIENTED_EDGE ( 'NONE', *, *, #1780, .T. ) ;
#1971 = CARTESIAN_POINT ( 'NONE',  ( -22.66213060878544638, -26.68034499264278381, -4.798630682669623226 ) ) ;
#1972 = ORIENTED_EDGE ( 'NONE', *, *, #1179, .F. ) ;
#1973 = VECTOR ( 'NONE', #3965, 1000.000000000000114 ) ;
#1974 = CARTESIAN_POINT ( 'NONE',  ( 5.478178417661328403, 34.57418906512994283, -4.553765416902610497 ) ) ;
#1975 = ADVANCED_FACE ( 'NONE', ( #2031 ), #1604, .F. ) ;
#1976 = CIRCLE ( 'NONE', #1267, 35.00000000000000711 ) ;
#1977 = AXIS2_PLACEMENT_3D ( 'NONE', #4931, #2962, #5094 ) ;
#1978 = EDGE_CURVE ( 'NONE', #1425, #2122, #61, .T. ) ;
#1979 = CARTESIAN_POINT ( 'NONE',  ( -3.813426150777627033, 1.209698098464271121, 1.271811151250863192 ) ) ;
#1980 = CARTESIAN_POINT ( 'NONE',  ( 6.836430404333280642, 34.33824382489241600, 7.374970462211829059 ) ) ;
#1981 = EDGE_CURVE ( 'NONE', #2650, #2532, #1381, .T. ) ;
#1982 = VERTEX_POINT ( 'NONE', #1367 ) ;
#1983 = DIRECTION ( 'NONE',  ( 0.000000000000000000, 0.000000000000000000, 1.000000000000000000 ) ) ;
#1984 = CARTESIAN_POINT ( 'NONE',  ( 23.51141009169875673, -32.36067977499801884, -7.500000000000000000 ) ) ;
#1985 = VERTEX_POINT ( 'NONE', #977 ) ;
#1986 = DIRECTION ( 'NONE',  ( -0.3773547901113887826, -0.6535976689524082284, 0.6560590289905077199 ) ) ;
#1987 = EDGE_CURVE ( 'NONE', #4715, #2278, #1506, .T. ) ;
#1988 = CARTESIAN_POINT ( 'NONE',  ( 19.06715460702923082, 29.35691747235607352, -4.553765416902555430 ) ) ;
#1989 = ORIENTED_EDGE ( 'NONE', *, *, #3638, .F. ) ;
#1990 = CARTESIAN_POINT ( 'NONE',  ( -39.11401490908296097, -10.52589622731451513, 6.181324516535932290 ) ) ;
#1991 = B_SPLINE_CURVE_WITH_KNOTS ( 'NONE', 3,
 ( #3224, #4084, #4939, #754, #275, #2004, #300, #1175, #2446, #3327 ),
 .UNSPECIFIED., .F., .F.,
 ( 4, 2, 2, 2, 4 ),
 ( 8.673617379884035472E-19, 0.002894432855054569851, 0.003618041068818211338, 0.004341649282581851524, 0.005788865710109130161 ),
 .UNSPECIFIED. ) ;
#1992 = CARTESIAN_POINT ( 'NONE',  ( -28.67270098499512798, -28.61078244161135586, -6.181324516535894098 ) ) ;
#1993 = DIRECTION ( 'NONE',  ( 0.7431448254773862505, -0.6691306063588671194, 1.211965208864340692E-17 ) ) ;
#1994 = CARTESIAN_POINT ( 'NONE',  ( 2.953356549299112288, 9.089496831186268722, 2.500000000000000444 ) ) ;
#1995 = CARTESIAN_POINT ( 'NONE',  ( -8.211776380432693756, 34.12905535707777460, -6.181324516535937619 ) ) ;
#1996 = CARTESIAN_POINT ( 'NONE',  ( 34.64101615137744972, -20.00000000000015987, 0.000000000000000000 ) ) ;
#1997 = CARTESIAN_POINT ( 'NONE',  ( 6.815988142536172134, 40.00000000000000000, -7.116933741779889466 ) ) ;
#1998 = VERTEX_POINT ( 'NONE', #1340 ) ;
#1999 = CARTESIAN_POINT ( 'NONE',  ( 33.67275753397403548, -9.555514174085844914, -5.331456580176205939 ) ) ;
#2000 = ORIENTED_EDGE ( 'NONE', *, *, #1495, .T. ) ;
#2001 = CARTESIAN_POINT ( 'NONE',  ( 33.86474019435470950, -8.844672242339804313, -6.531040695676800567 ) ) ;
#2002 = CARTESIAN_POINT ( 'NONE',  ( 5.983406468619525853, 34.48711785731365609, -5.331456580176213045 ) ) ;
#2003 = CARTESIAN_POINT ( 'NONE',  ( -32.98025982760197650, 23.15077268773120167, 3.846916844037821193 ) ) ;
#2004 = CARTESIAN_POINT ( 'NONE',  ( 29.11231336696040728, 19.42985854685306535, -6.425211645992652265 ) ) ;
#2005 = ORIENTED_EDGE ( 'NONE', *, *, #2756, .F. ) ;
#2006 = FACE_OUTER_BOUND ( 'NONE', #222, .T. ) ;
#2007 = CARTESIAN_POINT ( 'NONE',  ( -31.26593964696157357, -15.73025803960496560, -4.060590289905087857 ) ) ;
#2008 = VECTOR ( 'NONE', #3218, 1000.000000000000114 ) ;
#2009 = ORIENTED_EDGE ( 'NONE', *, *, #4821, .T. ) ;
#2010 = CARTESIAN_POINT ( 'NONE',  ( -29.25577289386348312, -19.21196898765671790, 4.060590289905079864 ) ) ;
#2011 = ADVANCED_FACE ( 'NONE', ( #3055 ), #2636, .T. ) ;
#2012 = CARTESIAN_POINT ( 'NONE',  ( 19.82544451220031334, 28.84357380585262121, -6.181324516535869229 ) ) ;
#2013 = DIRECTION ( 'NONE',  ( 0.4133830387479580093, 0.08786727736896879359, 0.9063077870366496036 ) ) ;
#2014 = EDGE_CURVE ( 'NONE', #1830, #5142, #793, .T. ) ;
#2015 = VECTOR ( 'NONE', #2454, 1000.000000000000114 ) ;
#2016 = EDGE_CURVE ( 'NONE', #2680, #1921, #2609, .T. ) ;
#2017 = CARTESIAN_POINT ( 'NONE',  ( -24.62207110758305717, 24.87475857919278255, -4.060590289905088746 ) ) ;
#2018 = ORIENTED_EDGE ( 'NONE', *, *, #5304, .F. ) ;
#2019 = CARTESIAN_POINT ( 'NONE',  ( -8.316467632710656588, -39.12590402935217071, 7.500000000000000000 ) ) ;
#2020 = CARTESIAN_POINT ( 'NONE',  ( 34.48440802350667411, 5.985449295442171191, 7.500000000000000000 ) ) ;
#2021 = PLANE ( 'NONE',  #3040 ) ;
#2022 = CARTESIAN_POINT ( 'NONE',  ( -1.390807871560643783, -34.97514939906108111, 6.823943630429773144 ) ) ;
#2023 = CARTESIAN_POINT ( 'NONE',  ( 9.557262555325861442, 33.66984901137168862, -7.500000000000000000 ) ) ;
#2024 = CARTESIAN_POINT ( 'NONE',  ( 9.654426508306141130, 33.64211718658200567, 3.846916844037900240 ) ) ;
#2025 = CARTESIAN_POINT ( 'NONE',  ( 40.28927344445515502, 0.6559418061527527710, 3.846916844037806538 ) ) ;
#2026 = EDGE_LOOP ( 'NONE', ( #2342, #4444, #5310, #3469 ) ) ;
#2027 = CARTESIAN_POINT ( 'NONE',  ( 33.81216246836986272, -9.062155234801572590, -4.553765416902601615 ) ) ;
#2028 = VERTEX_POINT ( 'NONE', #502 ) ;
#2029 = CARTESIAN_POINT ( 'NONE',  ( -34.98441246304369656, -1.156728779942773677, -4.631527357892906593 ) ) ;
#2030 = CARTESIAN_POINT ( 'NONE',  ( -8.169140914311759261, 34.03329453229761015, -6.181324516535933178 ) ) ;
#2031 = FACE_OUTER_BOUND ( 'NONE', #3171, .T. ) ;
#2032 = CARTESIAN_POINT ( 'NONE',  ( -44.11370979576437890, -9.232042463890792305, 0.000000000000000000 ) ) ;
#2033 = FACE_OUTER_BOUND ( 'NONE', #5188, .T. ) ;
#2034 = ORIENTED_EDGE ( 'NONE', *, *, #1879, .F. ) ;
#2035 = CARTESIAN_POINT ( 'NONE',  ( -34.75593503081719149, 4.126133799771379174, 7.116933741779895684 ) ) ;
#2036 = EDGE_LOOP ( 'NONE', ( #2193, #2777, #3747, #1941 ) ) ;
#2037 = CYLINDRICAL_SURFACE ( 'NONE', #5290, 10.00000000000000000 ) ;
#2038 = AXIS2_PLACEMENT_3D ( 'NONE', #422, #4322, #4350 ) ;
#2039 = ORIENTED_EDGE ( 'NONE', *, *, #3061, .T. ) ;
#2040 =( BOUNDED_CURVE ( )  B_SPLINE_CURVE ( 3, ( #1204, #3803, #3391, #2035 ),
 .UNSPECIFIED., .F., .F. ) 
 B_SPLINE_CURVE_WITH_KNOTS ( ( 4, 4 ),
 ( 1.754098410389748786, 1.766791262608477853 ),
 .UNSPECIFIED. ) 
 CURVE ( )  GEOMETRIC_REPRESENTATION_ITEM ( )  RATIONAL_B_SPLINE_CURVE ( ( 1.000000000000000000, 0.9999865743369418247, 0.9999865743369418247, 1.000000000000000000 ) ) 
 REPRESENTATION_ITEM ( '' )  );
#2041 = CARTESIAN_POINT ( 'NONE',  ( -1.031945805364919977, -41.11297064681928504, 2.500000000000000444 ) ) ;
#2042 = CARTESIAN_POINT ( 'NONE',  ( -2.448864658609278599, -34.91422434887842030, 3.846916844037850058 ) ) ;
#2043 = EDGE_CURVE ( 'NONE', #2263, #2524, #2526, .T. ) ;
#2044 = CARTESIAN_POINT ( 'NONE',  ( -18.10584442942854011, 35.72420982852653992, 4.060590289905078087 ) ) ;
#2045 = ORIENTED_EDGE ( 'NONE', *, *, #2089, .T. ) ;
#2046 = DIRECTION ( 'NONE',  ( -0.5877852522924689183, 0.8090169943749505599, -1.705821985982102272E-17 ) ) ;
#2047 = ADVANCED_FACE ( 'NONE', ( #472 ), #2177, .T. ) ;
#2048 = LINE ( 'NONE', #5432, #2409 ) ;
#2049 = AXIS2_PLACEMENT_3D ( 'NONE', #5273, #3974, #1467 ) ;
#2050 = CIRCLE ( 'NONE', #4167, 10.00000000000000000 ) ;
#2051 = EDGE_CURVE ( 'NONE', #4672, #2851, #4462, .T. ) ;
#2052 = CARTESIAN_POINT ( 'NONE',  ( 0.000000000000000000, 0.000000000000000000, 7.500000000000000000 ) ) ;
#2053 = CARTESIAN_POINT ( 'NONE',  ( -38.78186984677736859, -13.68604540176065676, -2.500000000000000444 ) ) ;
#2054 = DIRECTION ( 'NONE',  ( 0.2027333892712001318, 0.6239492145956925251, -0.7547095802227704597 ) ) ;
#2055 = B_SPLINE_CURVE_WITH_KNOTS ( 'NONE', 3,
 ( #2543, #2080, #5488, #2517, #20, #5093, #912, #1299, #2603, #374 ),
 .UNSPECIFIED., .F., .F.,
 ( 4, 2, 2, 2, 4 ),
 ( 5.222209201006511912E-18, 0.002894432855054562912, 0.003618041068818200930, 0.004341649282581839381, 0.005788865710109109344 ),
 .UNSPECIFIED. ) ;
#2056 = ORIENTED_EDGE ( 'NONE', *, *, #2592, .F. ) ;
#2057 = CARTESIAN_POINT ( 'NONE',  ( 10.94120100246967198, -38.56799972897563578, -10.40750713394291260 ) ) ;
#2058 = ORIENTED_EDGE ( 'NONE', *, *, #5323, .T. ) ;
#2059 = PLANE ( 'NONE',  #3295 ) ;
#2060 = ORIENTED_EDGE ( 'NONE', *, *, #5198, .T. ) ;
#2061 = LINE ( 'NONE', #2032, #2762 ) ;
#2062 = CARTESIAN_POINT ( 'NONE',  ( -8.316467632710656588, -39.12590402935217071, -7.500000000000000000 ) ) ;
#2063 = EDGE_LOOP ( 'NONE', ( #3891, #3613, #527, #4366, #3708, #2140, #3510, #5010 ) ) ;
#2064 = VECTOR ( 'NONE', #684, 1000.000000000000114 ) ;
#2065 = CIRCLE ( 'NONE', #2988, 10.00000000000000000 ) ;
#2066 = CARTESIAN_POINT ( 'NONE',  ( 5.785755163109331356, 40.00000000000000000, -4.907591987661851007 ) ) ;
#2067 = CARTESIAN_POINT ( 'NONE',  ( 26.92223341063681019, -22.36937125190216946, -6.823943630429758933 ) ) ;
#2068 = VECTOR ( 'NONE', #2483, 1000.000000000000000 ) ;
#2069 = VERTEX_POINT ( 'NONE', #4847 ) ;
#2070 = CIRCLE ( 'NONE', #116, 10.00000000000000000 ) ;
#2071 = CARTESIAN_POINT ( 'NONE',  ( -6.379706395764465299, 34.41365058089366613, 6.181324516535954494 ) ) ;
#2072 = LINE ( 'NONE', #4613, #1093 ) ;
#2073 = CARTESIAN_POINT ( 'NONE',  ( 8.316467632710130786, -39.12590402935227729, -7.500000000000000000 ) ) ;
#2074 = ORIENTED_EDGE ( 'NONE', *, *, #515, .T. ) ;
#2075 = DIRECTION ( 'NONE',  ( -0.5877852522924689183, 0.8090169943749505599, 0.000000000000000000 ) ) ;
#2076 = CARTESIAN_POINT ( 'NONE',  ( -28.38072892071245690, 28.25906927526624557, -4.060590289905086969 ) ) ;
#2077 = DIRECTION ( 'NONE',  ( -1.000000000000000000, 0.000000000000000000, 0.000000000000000000 ) ) ;
#2078 = EDGE_CURVE ( 'NONE', #2495, #3711, #681, .T. ) ;
#2079 = ORIENTED_EDGE ( 'NONE', *, *, #4208, .F. ) ;
#2080 = CARTESIAN_POINT ( 'NONE',  ( 2.651735478501044074, 34.90531867220449413, -4.798630682669620562 ) ) ;
#2081 = VERTEX_POINT ( 'NONE', #4870 ) ;
#2082 = CARTESIAN_POINT ( 'NONE',  ( 20.18994489921261959, 28.58961568413887022, -7.116933741779871703 ) ) ;
#2083 = ORIENTED_EDGE ( 'NONE', *, *, #2656, .T. ) ;
#2084 = EDGE_CURVE ( 'NONE', #4565, #5043, #4240, .T. ) ;
#2085 = DIRECTION ( 'NONE',  ( 0.8090169943749504489, 0.5877852522924689183, 0.000000000000000000 ) ) ;
#2086 = CARTESIAN_POINT ( 'NONE',  ( -8.561060746006088351, 33.93922052693835667, -5.331456580176215709 ) ) ;
#2087 = ADVANCED_FACE ( 'NONE', ( #2713, #259 ), #5244, .F. ) ;
#2088 = ORIENTED_EDGE ( 'NONE', *, *, #5239, .T. ) ;
#2089 = EDGE_CURVE ( 'NONE', #3191, #4522, #4815, .T. ) ;
#2090 = ORIENTED_EDGE ( 'NONE', *, *, #3665, .T. ) ;
#2091 = LINE ( 'NONE', #1287, #1795 ) ;
#2092 = DIRECTION ( 'NONE',  ( -0.7431448254773954654, -0.6691306063588569053, 0.000000000000000000 ) ) ;
#2093 = VERTEX_POINT ( 'NONE', #580 ) ;
#2094 = DIRECTION ( 'NONE',  ( 0.8090169943749426773, -0.5877852522924797984, 0.000000000000000000 ) ) ;
#2095 = DIRECTION ( 'NONE',  ( 1.000000000000000000, 0.000000000000000000, 0.000000000000000000 ) ) ;
#2096 = ORIENTED_EDGE ( 'NONE', *, *, #5096, .F. ) ;
#2097 = CARTESIAN_POINT ( 'NONE',  ( -3.382964344229691722, 34.84584712776256055, 5.425564169306134055 ) ) ;
#2098 = DIRECTION ( 'NONE',  ( -0.07888863263405469783, 0.7505752021757451375, 0.6560590289905082750 ) ) ;
#2099 = AXIS2_PLACEMENT_3D ( 'NONE', #2746, #119, #4002 ) ;
#2100 = FACE_OUTER_BOUND ( 'NONE', #182, .T. ) ;
#2101 = EDGE_LOOP ( 'NONE', ( #328, #886, #3898, #4810, #2152, #2602, #834 ) ) ;
#2102 = DIRECTION ( 'NONE',  ( 0.000000000000000000, 0.000000000000000000, 1.000000000000000000 ) ) ;
#2103 = DIRECTION ( 'NONE',  ( -0.9510565162951504226, 0.3090169943749573878, 0.000000000000000000 ) ) ;
#2104 = CYLINDRICAL_SURFACE ( 'NONE', #1684, 10.00000000000000178 ) ;
#2105 = ORIENTED_EDGE ( 'NONE', *, *, #857, .F. ) ;
#2106 = CARTESIAN_POINT ( 'NONE',  ( 29.00097167742737270, -19.72908055482543332, -1.226003498143980464 ) ) ;
#2107 = EDGE_CURVE ( 'NONE', #390, #4288, #3177, .T. ) ;
#2108 = VERTEX_POINT ( 'NONE', #4900 ) ;
#2109 = CARTESIAN_POINT ( 'NONE',  ( 31.28580360994805787, 15.69227032603380856, 6.531040695676798791 ) ) ;
#2110 = ORIENTED_EDGE ( 'NONE', *, *, #5170, .F. ) ;
#2111 = VECTOR ( 'NONE', #3811, 1000.000000000000114 ) ;
#2112 = DIRECTION ( 'NONE',  ( 0.9945218953682730678, -0.1045284632676571068, 0.000000000000000000 ) ) ;
#2113 = CYLINDRICAL_SURFACE ( 'NONE', #2226, 10.00000000000000000 ) ;
#2114 = ORIENTED_EDGE ( 'NONE', *, *, #2786, .T. ) ;
#2115 = CARTESIAN_POINT ( 'NONE',  ( 10.28270741932796817, -38.70796686089001071, 4.060590289905090522 ) ) ;
#2116 = CARTESIAN_POINT ( 'NONE',  ( -2.369054813131972193, -3.222976775028985497, 1.041453371800013127E-15 ) ) ;
#2117 = ORIENTED_EDGE ( 'NONE', *, *, #4888, .F. ) ;
#2118 = B_SPLINE_CURVE_WITH_KNOTS ( 'NONE', 3,
 ( #1594, #5007, #5353, #1160, #5434, #1542, #3316, #1215, #3265, #1517 ),
 .UNSPECIFIED., .F., .F.,
 ( 4, 2, 2, 2, 4 ),
 ( 6.009258394948636156E-18, 0.002894432855054588933, 0.003618041068818229119, 0.004341649282581869738, 0.005788865710109143171 ),
 .UNSPECIFIED. ) ;
#2119 = EDGE_CURVE ( 'NONE', #4225, #5041, #257, .T. ) ;
#2120 = CARTESIAN_POINT ( 'NONE',  ( -33.29933041407671368, -22.32386786479560215, -10.40750713394285754 ) ) ;
#2121 = CARTESIAN_POINT ( 'NONE',  ( 34.20822989868707964, -20.74960777847720550, 0.7524306995458286407 ) ) ;
#2122 = VERTEX_POINT ( 'NONE', #3994 ) ;
#2123 = EDGE_CURVE ( 'NONE', #3959, #586, #1863, .T. ) ;
#2124 = EDGE_CURVE ( 'NONE', #4945, #3108, #4321, .T. ) ;
#2125 = CARTESIAN_POINT ( 'NONE',  ( 0.000000000000000000, 0.000000000000000000, 7.500000000000000000 ) ) ;
#2126 = ORIENTED_EDGE ( 'NONE', *, *, #5323, .F. ) ;
#2127 = CARTESIAN_POINT ( 'NONE',  ( 10.04275071607228575, 39.31413044204365548, 7.116933741779896572 ) ) ;
#2128 =( BOUNDED_CURVE ( )  B_SPLINE_CURVE ( 3, ( #1361, #1244, #3461, #1682 ),
 .UNSPECIFIED., .F., .F. ) 
 B_SPLINE_CURVE_WITH_KNOTS ( ( 4, 4 ),
 ( 4.572974245177897856, 4.769853937967570623 ),
 .UNSPECIFIED. ) 
 CURVE ( )  GEOMETRIC_REPRESENTATION_ITEM ( )  RATIONAL_B_SPLINE_CURVE ( ( 1.000000000000000000, 0.9967724731469831401, 0.9967724731469831401, 1.000000000000000000 ) ) 
 REPRESENTATION_ITEM ( '' )  );
#2129 = ORIENTED_EDGE ( 'NONE', *, *, #2189, .T. ) ;
#2130 = DIRECTION ( 'NONE',  ( 0.000000000000000000, 0.000000000000000000, 1.000000000000000000 ) ) ;
#2131 = DIRECTION ( 'NONE',  ( -1.000000000000000000, 0.000000000000000000, 0.000000000000000000 ) ) ;
#2132 = CARTESIAN_POINT ( 'NONE',  ( -34.43692184975444093, -6.285808314767083793, 4.798630682669623226 ) ) ;
#2133 = VECTOR ( 'NONE', #1118, 1000.000000000000114 ) ;
#2134 = VERTEX_POINT ( 'NONE', #656 ) ;
#2135 = CARTESIAN_POINT ( 'NONE',  ( -34.38398235967645888, 6.540955698697029419, 6.073605354730919004 ) ) ;
#2136 = VERTEX_POINT ( 'NONE', #1935 ) ;
#2137 = ORIENTED_EDGE ( 'NONE', *, *, #482, .F. ) ;
#2138 = DIRECTION ( 'NONE',  ( 0.6064382790875870732, -0.6735179422261553528, 0.4226182617407002184 ) ) ;
#2139 = DIRECTION ( 'NONE',  ( -0.6691306063588671194, -0.7431448254773862505, 0.000000000000000000 ) ) ;
#2140 = ORIENTED_EDGE ( 'NONE', *, *, #1854, .T. ) ;
#2141 = ORIENTED_EDGE ( 'NONE', *, *, #4368, .F. ) ;
#2142 = CARTESIAN_POINT ( 'NONE',  ( 0.000000000000000000, 0.000000000000000000, 7.500000000000000000 ) ) ;
#2143 = DIRECTION ( 'NONE',  ( 0.2079116908177532363, -0.9781476007338069101, 3.982083868140257463E-17 ) ) ;
#2144 = ORIENTED_EDGE ( 'NONE', *, *, #3571, .F. ) ;
#2145 = CARTESIAN_POINT ( 'NONE',  ( -38.04226065180601069, 12.36067977499829595, 7.500000000000000000 ) ) ;
#2146 = ORIENTED_EDGE ( 'NONE', *, *, #653, .T. ) ;
#2147 = DIRECTION ( 'NONE',  ( 0.000000000000000000, 0.000000000000000000, 1.000000000000000000 ) ) ;
#2148 = CARTESIAN_POINT ( 'NONE',  ( -8.025146755026407064, 34.06785799711067853, -6.493572096533730686 ) ) ;
#2149 = EDGE_LOOP ( 'NONE', ( #5159, #1449, #1765, #1245, #385, #3690, #1615, #2865 ) ) ;
#2150 = LINE ( 'NONE', #5471, #2932 ) ;
#2151 =( NAMED_UNIT ( * ) SI_UNIT ( $, .STERADIAN. ) SOLID_ANGLE_UNIT ( ) );
#2152 = ORIENTED_EDGE ( 'NONE', *, *, #2261, .F. ) ;
#2153 = CARTESIAN_POINT ( 'NONE',  ( -35.00000000000000711, 0.000000000000000000, 7.500000000000000000 ) ) ;
#2154 = EDGE_CURVE ( 'NONE', #3923, #3801, #1515, .T. ) ;
#2155 = DIRECTION ( 'NONE',  ( -1.000000000000000000, 0.000000000000000000, 0.000000000000000000 ) ) ;
#2156 = ORIENTED_EDGE ( 'NONE', *, *, #109, .T. ) ;
#2157 = CARTESIAN_POINT ( 'NONE',  ( 40.49334058092080113, 2.597510915616472182, 7.116933741779893019 ) ) ;
#2158 = CIRCLE ( 'NONE', #5338, 10.00000000000000178 ) ;
#2159 = PLANE ( 'NONE',  #816 ) ;
#2160 = ADVANCED_FACE ( 'NONE', ( #4093 ), #4176, .T. ) ;
#2161 = AXIS2_PLACEMENT_3D ( 'NONE', #3032, #1787, #4374 ) ;
#2162 = CARTESIAN_POINT ( 'NONE',  ( -33.86474019435483029, -8.844672242339367330, 6.531040695676804120 ) ) ;
#2163 = EDGE_CURVE ( 'NONE', #956, #5429, #601, .T. ) ;
#2164 =( BOUNDED_CURVE ( )  B_SPLINE_CURVE ( 3, ( #954, #3091, #2643, #3957 ),
 .UNSPECIFIED., .F., .T. ) 
 B_SPLINE_CURVE_WITH_KNOTS ( ( 4, 4 ),
 ( 4.895691063979541902, 4.908383916198270747 ),
 .UNSPECIFIED. ) 
 CURVE ( )  GEOMETRIC_REPRESENTATION_ITEM ( )  RATIONAL_B_SPLINE_CURVE ( ( 1.000000000000000000, 0.9999865743369418247, 0.9999865743369418247, 1.000000000000000000 ) ) 
 REPRESENTATION_ITEM ( '' )  );
#2165 = ORIENTED_EDGE ( 'NONE', *, *, #1277, .F. ) ;
#2166 = CARTESIAN_POINT ( 'NONE',  ( -29.72579301909545180, 26.76522425435468477, 0.000000000000000000 ) ) ;
#2167 = CYLINDRICAL_SURFACE ( 'NONE', #1886, 35.00000000000000711 ) ;
#2168 = CARTESIAN_POINT ( 'NONE',  ( 14.43308701663506177, 37.35942678288174079, 4.060590289905086081 ) ) ;
#2169 = ORIENTED_EDGE ( 'NONE', *, *, #3922, .F. ) ;
#2170 = DIRECTION ( 'NONE',  ( -0.4389891758756284679, -0.4875468726020149579, 0.7547095802227710148 ) ) ;
#2171 = ORIENTED_EDGE ( 'NONE', *, *, #2918, .F. ) ;
#2172 = CARTESIAN_POINT ( 'NONE',  ( 18.62651717863008471, 29.63195669870956905, 7.500000000000000000 ) ) ;
#2173 = ORIENTED_EDGE ( 'NONE', *, *, #4106, .F. ) ;
#2174 = CARTESIAN_POINT ( 'NONE',  ( 30.75788893904972099, 16.70186420771897673, 6.181324516535886993 ) ) ;
#2175 = ORIENTED_EDGE ( 'NONE', *, *, #815, .T. ) ;
#2176 = FACE_OUTER_BOUND ( 'NONE', #489, .T. ) ;
#2177 = CYLINDRICAL_SURFACE ( 'NONE', #983, 10.00000000000000178 ) ;
#2178 = VERTEX_POINT ( 'NONE', #1189 ) ;
#2179 = LINE ( 'NONE', #4747, #3642 ) ;
#2180 =( NAMED_UNIT ( * ) PLANE_ANGLE_UNIT ( ) SI_UNIT ( $, .RADIAN. ) );
#2181 = VERTEX_POINT ( 'NONE', #1592 ) ;
#2182 = CARTESIAN_POINT ( 'NONE',  ( 4.778631277662962695, 8.276832163549942223, -2.500000000000000444 ) ) ;
#2183 = CARTESIAN_POINT ( 'NONE',  ( 0.000000000000000000, 0.000000000000000000, 7.500000000000000000 ) ) ;
#2184 = ORIENTED_EDGE ( 'NONE', *, *, #1828, .F. ) ;
#2185 = CARTESIAN_POINT ( 'NONE',  ( 27.20303683681790474, -22.03133620872345233, -4.553765416902620267 ) ) ;
#2186 = FACE_OUTER_BOUND ( 'NONE', #2413, .T. ) ;
#2187 = CARTESIAN_POINT ( 'NONE',  ( -24.38031330777157990, -25.11175666923556093, 7.500000000000000000 ) ) ;
#2188 = EDGE_LOOP ( 'NONE', ( #4604, #1831, #638, #332 ) ) ;
#2189 = EDGE_CURVE ( 'NONE', #3059, #3711, #5401, .T. ) ;
#2190 = LINE ( 'NONE', #2540, #4272 ) ;
#2191 = CARTESIAN_POINT ( 'NONE',  ( -20.18994489921224655, 28.58961568413912602, 7.116933741779901901 ) ) ;
#2192 = EDGE_CURVE ( 'NONE', #4126, #4968, #740, .T. ) ;
#2193 = ORIENTED_EDGE ( 'NONE', *, *, #1853, .F. ) ;
#2194 = EDGE_CURVE ( 'NONE', #4048, #5043, #2479, .T. ) ;
#2195 = DIRECTION ( 'NONE',  ( -0.2079116908177664758, -0.9781476007338042455, 0.000000000000000000 ) ) ;
#2196 = ORIENTED_EDGE ( 'NONE', *, *, #4854, .F. ) ;
#2197 = CARTESIAN_POINT ( 'NONE',  ( -8.730993794915635320, 3.887288888747284954, -2.500000000000000444 ) ) ;
#2198 = VERTEX_POINT ( 'NONE', #1990 ) ;
#2199 = CARTESIAN_POINT ( 'NONE',  ( 34.49825707863931967, 5.909014407067623154, -6.425211645992649601 ) ) ;
#2200 = AXIS2_PLACEMENT_3D ( 'NONE', #4088, #1986, #3668 ) ;
#2201 = DIRECTION ( 'NONE',  ( 0.9659258262890680902, 0.2588190451025213501, -0.000000000000000000 ) ) ;
#2202 = ORIENTED_EDGE ( 'NONE', *, *, #996, .F. ) ;
#2203 = FACE_OUTER_BOUND ( 'NONE', #5156, .T. ) ;
#2204 = CARTESIAN_POINT ( 'NONE',  ( 33.13856300680314604, -11.26213309476223401, 7.116933741779896572 ) ) ;
#2205 = ORIENTED_EDGE ( 'NONE', *, *, #3331, .F. ) ;
#2206 = CARTESIAN_POINT ( 'NONE',  ( -34.85430591650456478, 3.190197341657053265, -7.116933741779873479 ) ) ;
#2207 = AXIS2_PLACEMENT_3D ( 'NONE', #408, #2608, #835 ) ;
#2208 = CARTESIAN_POINT ( 'NONE',  ( 33.59721887963103626, 22.46557024341046827, -4.907591987661805710 ) ) ;
#2209 = CARTESIAN_POINT ( 'NONE',  ( 22.50323929324047967, 26.80679431247157396, 3.846916844037852279 ) ) ;
#2210 = ORIENTED_EDGE ( 'NONE', *, *, #5275, .F. ) ;
#2211 = CARTESIAN_POINT ( 'NONE',  ( -39.54523412499725055, 7.735003059746682119, 3.846916844037791439 ) ) ;
#2212 = CARTESIAN_POINT ( 'NONE',  ( 31.52131900098233785, 24.77109062817012486, 10.40750713394293570 ) ) ;
#2213 = CARTESIAN_POINT ( 'NONE',  ( 0.000000000000000000, 0.000000000000000000, 7.500000000000000000 ) ) ;
#2214 = ORIENTED_EDGE ( 'NONE', *, *, #1198, .F. ) ;
#2215 = ORIENTED_EDGE ( 'NONE', *, *, #2484, .T. ) ;
#2216 = PLANE ( 'NONE',  #1439 ) ;
#2217 = CARTESIAN_POINT ( 'NONE',  ( 40.44773672037901946, 2.163619165902453734, 6.181324516535885216 ) ) ;
#2218 = CARTESIAN_POINT ( 'NONE',  ( 22.50323929324047967, 26.80679431247157396, 3.846916844037852279 ) ) ;
#2219 = ADVANCED_FACE ( 'NONE', ( #1157 ), #1213, .F. ) ;
#2220 = CYLINDRICAL_SURFACE ( 'NONE', #4441, 10.00000000000000178 ) ;
#2221 = CIRCLE ( 'NONE', #616, 10.00000000000000000 ) ;
#2222 = ORIENTED_EDGE ( 'NONE', *, *, #2624, .T. ) ;
#2223 = CARTESIAN_POINT ( 'NONE',  ( 33.55826809660374010, -9.941963707259686700, -6.181324516535940283 ) ) ;
#2224 = ADVANCED_FACE ( 'NONE', ( #1566 ), #3698, .F. ) ;
#2225 = EDGE_CURVE ( 'NONE', #3436, #1721, #3995, .T. ) ;
#2226 = AXIS2_PLACEMENT_3D ( 'NONE', #3323, #4601, #5015 ) ;
#2227 = VERTEX_POINT ( 'NONE', #3260 ) ;
#2228 = DIRECTION ( 'NONE',  ( -0.6064382790875962881, -0.6735179422261472482, -0.4226182617406999409 ) ) ;
#2229 = AXIS2_PLACEMENT_3D ( 'NONE', #4300, #2195, #852 ) ;
#2230 = EDGE_LOOP ( 'NONE', ( #607, #3505, #1107, #5120 ) ) ;
#2231 = DIRECTION ( 'NONE',  ( 0.9945218953682730678, -0.1045284632676571068, 0.000000000000000000 ) ) ;
#2232 = ADVANCED_FACE ( 'NONE', ( #4118 ), #393, .T. ) ;
#2233 = DIRECTION ( 'NONE',  ( 0.5877852522924797984, 0.8090169943749426773, -0.000000000000000000 ) ) ;
#2234 = CARTESIAN_POINT ( 'NONE',  ( -9.231137288794162288, -33.76071836255020031, -4.060590289905080752 ) ) ;
#2235 = ORIENTED_EDGE ( 'NONE', *, *, #400, .F. ) ;
#2236 = DIRECTION ( 'NONE',  ( 0.9063077870366496036, -0.000000000000000000, 0.4226182617407003295 ) ) ;
#2237 = CARTESIAN_POINT ( 'NONE',  ( -25.87350147395187960, 23.68237528735547315, 1.418366989929943811 ) ) ;
#2238 = DIRECTION ( 'NONE',  ( 0.9781476007338069101, 0.2079116908177533474, 0.000000000000000000 ) ) ;
#2239 = ORIENTED_EDGE ( 'NONE', *, *, #4617, .F. ) ;
#2240 = CARTESIAN_POINT ( 'NONE',  ( -28.15915596531764109, 20.80239037049937068, 5.425564169306139384 ) ) ;
#2241 = CARTESIAN_POINT ( 'NONE',  ( 0.6186168154430908839, -34.99484593746142735, -6.805446025395979426 ) ) ;
#2242 = CIRCLE ( 'NONE', #5333, 10.00000000000000178 ) ;
#2243 = DIRECTION ( 'NONE',  ( -0.9135454576426058626, -0.4067366430757889950, 0.000000000000000000 ) ) ;
#2244 = ORIENTED_EDGE ( 'NONE', *, *, #894, .F. ) ;
#2245 = CARTESIAN_POINT ( 'NONE',  ( -30.54342269181342928, 17.09091367567038944, -7.116933741779883249 ) ) ;
#2246 = CARTESIAN_POINT ( 'NONE',  ( -2.397713251025456849, -3.202413241123583276, 0.4247881375672474813 ) ) ;
#2247 = VECTOR ( 'NONE', #350, 1000.000000000000000 ) ;
#2248 = AXIS2_PLACEMENT_3D ( 'NONE', #5425, #419, #4642 ) ;
#2249 = ORIENTED_EDGE ( 'NONE', *, *, #3806, .F. ) ;
#2250 = VECTOR ( 'NONE', #1241, 1000.000000000000114 ) ;
#2251 = EDGE_CURVE ( 'NONE', #5063, #863, #3116, .T. ) ;
#2252 = CIRCLE ( 'NONE', #5349, 35.00000000000000711 ) ;
#2253 = FACE_OUTER_BOUND ( 'NONE', #1281, .T. ) ;
#2254 = ORIENTED_EDGE ( 'NONE', *, *, #4617, .T. ) ;
#2255 = CARTESIAN_POINT ( 'NONE',  ( -34.85430591650456478, 3.190197341657053265, -7.116933741779873479 ) ) ;
#2256 = CARTESIAN_POINT ( 'NONE',  ( -7.011951463249695315, -34.36750666619219885, -1.418366989929919830 ) ) ;
#2257 = CARTESIAN_POINT ( 'NONE',  ( 0.000000000000000000, 0.000000000000000000, 7.500000000000000000 ) ) ;
#2258 = CARTESIAN_POINT ( 'NONE',  ( -34.64817244949347952, 4.966547793298857094, 5.331456580176152649 ) ) ;
#2259 = CARTESIAN_POINT ( 'NONE',  ( 7.736514885293122035, 34.13423995681812784, 7.116933741779903677 ) ) ;
#2260 = VERTEX_POINT ( 'NONE', #4923 ) ;
#2261 = EDGE_CURVE ( 'NONE', #4846, #4061, #2403, .T. ) ;
#2262 = CARTESIAN_POINT ( 'NONE',  ( -25.11169678796774107, -24.38370635285232879, -5.331456580176178406 ) ) ;
#2263 = VERTEX_POINT ( 'NONE', #4980 ) ;
#2264 = CARTESIAN_POINT ( 'NONE',  ( 15.08781084208526124, -31.58441788302250686, -6.986545299580308566 ) ) ;
#2265 = DIRECTION ( 'NONE',  ( 1.000000000000000000, 0.000000000000000000, 0.000000000000000000 ) ) ;
#2266 = EDGE_CURVE ( 'NONE', #5041, #5429, #3673, .T. ) ;
#2267 = EDGE_CURVE ( 'NONE', #1053, #1391, #2459, .T. ) ;
#2268 = DIRECTION ( 'NONE',  ( -0.4067366430757888285, 0.9135454576426060846, 0.000000000000000000 ) ) ;
#2269 = FACE_OUTER_BOUND ( 'NONE', #1862, .T. ) ;
#2270 = EDGE_LOOP ( 'NONE', ( #4362, #2323, #795, #1011 ) ) ;
#2271 = FACE_OUTER_BOUND ( 'NONE', #2518, .T. ) ;
#2272 = CARTESIAN_POINT ( 'NONE',  ( 4.963767564838762247, 34.64622651259809771, 7.500000000000000000 ) ) ;
#2273 = DIRECTION ( 'NONE',  ( 0.000000000000000000, -0.4245275616977252087, 0.9054150149842801198 ) ) ;
#2274 = CARTESIAN_POINT ( 'NONE',  ( -2.503622974101042065, -3.120307949319389262, -0.8344920584136498176 ) ) ;
#2275 = DIRECTION ( 'NONE',  ( 0.5307629037664446381, -0.3856218218739454473, 0.7547095802227707928 ) ) ;
#2276 = CARTESIAN_POINT ( 'NONE',  ( -3.060579873264282380, -2.580028526322000193, 1.844098858825170106 ) ) ;
#2277 = CARTESIAN_POINT ( 'NONE',  ( -20.38426070075439611, -28.54426200582903306, -1.418366989929924049 ) ) ;
#2278 = VERTEX_POINT ( 'NONE', #1796 ) ;
#2279 = DIRECTION ( 'NONE',  ( -0.5877852522924797984, -0.8090169943749426773, -3.641859197492429252E-17 ) ) ;
#2280 = CARTESIAN_POINT ( 'NONE',  ( 36.53928717861499820, 16.98635649024943817, 3.846916844037800320 ) ) ;
#2281 = ORIENTED_EDGE ( 'NONE', *, *, #3845, .F. ) ;
#2282 = CARTESIAN_POINT ( 'NONE',  ( -29.99711717564239422, 18.03316084611318004, 6.805446025396006959 ) ) ;
#2283 = VERTEX_POINT ( 'NONE', #44 ) ;
#2284 = ADVANCED_FACE ( 'NONE', ( #3849 ), #1734, .T. ) ;
#2285 = DIRECTION ( 'NONE',  ( -0.3090169943749574433, -0.9510565162951503115, 0.000000000000000000 ) ) ;
#2286 = CARTESIAN_POINT ( 'NONE',  ( 23.51141009169875673, -32.36067977499801884, 7.500000000000000000 ) ) ;
#2287 = AXIS2_PLACEMENT_3D ( 'NONE', #534, #1723, #2583 ) ;
#2288 = B_SPLINE_CURVE_WITH_KNOTS ( 'NONE', 3,
 ( #37, #5450, #5475, #4252 ),
 .UNSPECIFIED., .F., .F.,
 ( 4, 4 ),
 ( 0.000000000000000000, 0.002845522393967993714 ),
 .UNSPECIFIED. ) ;
#2289 = ORIENTED_EDGE ( 'NONE', *, *, #4695, .T. ) ;
#2290 = CARTESIAN_POINT ( 'NONE',  ( 15.06654539569944617, -31.59112549181064367, -6.181324516535939395 ) ) ;
#2291 = ORIENTED_EDGE ( 'NONE', *, *, #3705, .F. ) ;
#2292 = CARTESIAN_POINT ( 'NONE',  ( 16.26946572303204164, 36.54181830570401956, -7.500000000000000000 ) ) ;
#2293 = CARTESIAN_POINT ( 'NONE',  ( -38.66343634004087448, 10.44889758562442239, 4.060590289905089634 ) ) ;
#2294 = EDGE_CURVE ( 'NONE', #3501, #3784, #4603, .T. ) ;
#2295 = LINE ( 'NONE', #898, #2482 ) ;
#2296 = EDGE_CURVE ( 'NONE', #2437, #3140, #3012, .T. ) ;
#2297 = CARTESIAN_POINT ( 'NONE',  ( 33.13856300680314604, -11.26213309476223046, 7.116933741779901901 ) ) ;
#2298 = EDGE_CURVE ( 'NONE', #3399, #4396, #4788, .T. ) ;
#2299 = CARTESIAN_POINT ( 'NONE',  ( 30.95022388338074038, 16.34766321654471710, 5.331456580176162419 ) ) ;
#2300 = CARTESIAN_POINT ( 'NONE',  ( 33.42937638412485057, -10.36710155098890063, -7.116933741779875255 ) ) ;
#2301 = CARTESIAN_POINT ( 'NONE',  ( -21.30546954598859344, 27.76827267629287732, -6.181324516535871005 ) ) ;
#2302 = CARTESIAN_POINT ( 'NONE',  ( 32.35431316958892722, -13.35082814101754067, 6.196689755746680461 ) ) ;
#2303 = ORIENTED_EDGE ( 'NONE', *, *, #3602, .T. ) ;
#2304 = EDGE_LOOP ( 'NONE', ( #4024, #1334, #21, #2657 ) ) ;
#2305 = CARTESIAN_POINT ( 'NONE',  ( 9.801677520466785865, -33.67818426754196537, 1.226003498143994008 ) ) ;
#2306 = ORIENTED_EDGE ( 'NONE', *, *, #272, .T. ) ;
#2307 = CARTESIAN_POINT ( 'NONE',  ( -33.67275753397416338, -9.555514174085397272, 5.331456580176211268 ) ) ;
#2308 = ORIENTED_EDGE ( 'NONE', *, *, #4293, .F. ) ;
#2309 = LINE ( 'NONE', #193, #4410 ) ;
#2310 = ORIENTED_EDGE ( 'NONE', *, *, #2625, .T. ) ;
#2311 = CARTESIAN_POINT ( 'NONE',  ( 16.28035437033891242, -30.98380632367507914, -6.425211645992653153 ) ) ;
#2312 = VECTOR ( 'NONE', #2937, 1000.000000000000114 ) ;
#2313 = DIRECTION ( 'NONE',  ( -0.5307629037664446381, 0.3856218218739453918, -0.7547095802227707928 ) ) ;
#2314 = PLANE ( 'NONE',  #5427 ) ;
#2315 = EDGE_CURVE ( 'NONE', #3841, #1680, #1580, .T. ) ;
#2316 = DIRECTION ( 'NONE',  ( 0.9510565162951545304, 0.3090169943749449533, 0.000000000000000000 ) ) ;
#2317 = PLANE ( 'NONE',  #2622 ) ;
#2318 = CARTESIAN_POINT ( 'NONE',  ( 31.41663095618205048, 15.42709627127102934, -7.500000000000000000 ) ) ;
#2319 = CARTESIAN_POINT ( 'NONE',  ( -34.46698451524477491, 6.084979739150966793, 3.846916844037798544 ) ) ;
#2320 = ADVANCED_FACE ( 'NONE', ( #961 ), #4704, .T. ) ;
#2321 = EDGE_CURVE ( 'NONE', #2550, #4656, #3875, .T. ) ;
#2322 = AXIS2_PLACEMENT_3D ( 'NONE', #2120, #3799, #504 ) ;
#2323 = ORIENTED_EDGE ( 'NONE', *, *, #3950, .F. ) ;
#2324 = DIRECTION ( 'NONE',  ( -0.8660254037844363761, 0.5000000000000041078, 2.213332160209487901E-16 ) ) ;
#2325 = CARTESIAN_POINT ( 'NONE',  ( 31.41663095618205048, 15.42709627127102934, -7.500000000000000000 ) ) ;
#2326 = AXIS2_PLACEMENT_3D ( 'NONE', #5014, #4273, #1306 ) ;
#2327 = VERTEX_POINT ( 'NONE', #2649 ) ;
#2328 = DIRECTION ( 'NONE',  ( -0.9510565162951544194, -0.3090169943749448422, 1.464201931225029883E-17 ) ) ;
#2329 = VERTEX_POINT ( 'NONE', #4295 ) ;
#2330 = CARTESIAN_POINT ( 'NONE',  ( 18.10584442942904815, 35.72420982852629123, -4.060590289905082528 ) ) ;
#2331 = DIRECTION ( 'NONE',  ( 0.2079116908177532363, -0.9781476007338070211, 0.000000000000000000 ) ) ;
#2332 = ORIENTED_EDGE ( 'NONE', *, *, #4825, .F. ) ;
#2333 = VECTOR ( 'NONE', #3446, 1000.000000000000114 ) ;
#2334 = FACE_OUTER_BOUND ( 'NONE', #5421, .T. ) ;
#2335 = ORIENTED_EDGE ( 'NONE', *, *, #4993, .F. ) ;
#2336 = CARTESIAN_POINT ( 'NONE',  ( -35.00000000000000711, -0.6049430802207278468, -5.135441673257705730 ) ) ;
#2337 = B_SPLINE_CURVE_WITH_KNOTS ( 'NONE', 3,
 ( #2665, #2258, #1308, #4686 ),
 .UNSPECIFIED., .F., .F.,
 ( 4, 4 ),
 ( 8.182674270850422113E-18, 0.002794378677442412202 ),
 .UNSPECIFIED. ) ;
#2338 = CARTESIAN_POINT ( 'NONE',  ( -33.07400264418472347, -11.45034274999934354, 3.061616929884898095E-16 ) ) ;
#2339 = CARTESIAN_POINT ( 'NONE',  ( 22.69542471218352020, 26.64514758563801777, 6.196689755746679573 ) ) ;
#2340 = CARTESIAN_POINT ( 'NONE',  ( -34.97893663427457511, 1.214080695590463943, -3.846916844037850503 ) ) ;
#2341 = CARTESIAN_POINT ( 'NONE',  ( -27.58493545433188388, -21.54231500977423508, 3.846916844037876704 ) ) ;
#2342 = ORIENTED_EDGE ( 'NONE', *, *, #4458, .F. ) ;
#2343 = CARTESIAN_POINT ( 'NONE',  ( -2.369054813131972193, -3.222976775028985497, 1.041453371800013127E-15 ) ) ;
#2344 = CARTESIAN_POINT ( 'NONE',  ( 12.95510864413092733, -32.51708138872555054, 6.823943630429766927 ) ) ;
#2345 = DIRECTION ( 'NONE',  ( -0.2027333892711919716, 0.6239492145956951896, 0.7547095802227704597 ) ) ;
#2346 = EDGE_CURVE ( 'NONE', #1733, #3417, #2660, .T. ) ;
#2347 = ORIENTED_EDGE ( 'NONE', *, *, #5303, .F. ) ;
#2348 = CARTESIAN_POINT ( 'NONE',  ( 9.231137288793737739, -33.76071836255032821, 4.060590289905092298 ) ) ;
#2349 = ADVANCED_FACE ( 'NONE', ( #3785 ), #5088, .T. ) ;
#2350 = DIRECTION ( 'NONE',  ( -0.9781476007338069101, -0.2079116908177532363, 0.000000000000000000 ) ) ;
#2351 = EDGE_CURVE ( 'NONE', #1006, #723, #5484, .T. ) ;
#2352 = CARTESIAN_POINT ( 'NONE',  ( 39.50038711811449588, -6.849810215604683172, 10.40750713394289129 ) ) ;
#2353 = DIRECTION ( 'NONE',  ( -0.4067366430758009299, -0.9135454576426004225, -2.193636111184062427E-17 ) ) ;
#2354 = CARTESIAN_POINT ( 'NONE',  ( -33.96214137482623840, -8.460079978127664546, 3.846916844037852723 ) ) ;
#2355 = ORIENTED_EDGE ( 'NONE', *, *, #4458, .T. ) ;
#2356 = CARTESIAN_POINT ( 'NONE',  ( 14.00412992039803051, 32.15862750408275161, -1.418366989929903399 ) ) ;
#2357 = ORIENTED_EDGE ( 'NONE', *, *, #4426, .F. ) ;
#2358 = PLANE ( 'NONE',  #2767 ) ;
#2359 = VECTOR ( 'NONE', #1471, 1000.000000000000000 ) ;
#2360 = CARTESIAN_POINT ( 'NONE',  ( -34.00690106622670328, -8.279713618626743710, -2.372846730007260430 ) ) ;
#2361 = ORIENTED_EDGE ( 'NONE', *, *, #2791, .F. ) ;
#2362 = B_SPLINE_CURVE_WITH_KNOTS ( 'NONE', 3,
 ( #3699, #1649, #2481, #3647 ),
 .UNSPECIFIED., .F., .F.,
 ( 4, 4 ),
 ( 3.878959614448864246E-18, 0.002794378677442425213 ),
 .UNSPECIFIED. ) ;
#2363 = CARTESIAN_POINT ( 'NONE',  ( -31.24339791866111327, -26.74306179269002470, 2.500000000000000444 ) ) ;
#2364 = CARTESIAN_POINT ( 'NONE',  ( -9.231137288794162288, -33.76071836255020031, -4.060590289905080752 ) ) ;
#2365 = DIRECTION ( 'NONE',  ( -0.9945218953682742891, -0.1045284632676436454, 0.000000000000000000 ) ) ;
#2366 = ORIENTED_EDGE ( 'NONE', *, *, #1564, .T. ) ;
#2367 = DIRECTION ( 'NONE',  ( -0.8660254037844432595, -0.4999999999999919509, 0.000000000000000000 ) ) ;
#2368 = CARTESIAN_POINT ( 'NONE',  ( 12.33604945383688012, -32.75470560664606978, 6.531040695676802343 ) ) ;
#2369 = LINE ( 'NONE', #3616, #466 ) ;
#2370 = AXIS2_PLACEMENT_3D ( 'NONE', #4716, #4243, #3253 ) ;
#2371 = EDGE_LOOP ( 'NONE', ( #4038, #3816, #1799, #811 ) ) ;
#2372 = CARTESIAN_POINT ( 'NONE',  ( 4.743873637767827667, -34.75325367044971614, -1.226003498143943826 ) ) ;
#2373 = CARTESIAN_POINT ( 'NONE',  ( 0.000000000000000000, 0.000000000000000000, 7.500000000000000000 ) ) ;
#2374 = DIRECTION ( 'NONE',  ( -1.000000000000000000, 0.000000000000000000, 0.000000000000000000 ) ) ;
#2375 = EDGE_CURVE ( 'NONE', #1749, #943, #5439, .T. ) ;
#2376 = DIRECTION ( 'NONE',  ( -0.9510565162951504226, 0.3090169943749573878, 0.000000000000000000 ) ) ;
#2377 = CARTESIAN_POINT ( 'NONE',  ( -16.28035437033931387, -30.98380632367487308, 6.425211645992656706 ) ) ;
#2378 = FACE_OUTER_BOUND ( 'NONE', #1276, .T. ) ;
#2379 = B_SPLINE_CURVE_WITH_KNOTS ( 'NONE', 3,
 ( #4203, #2981, #3396, #1187 ),
 .UNSPECIFIED., .F., .F.,
 ( 4, 4 ),
 ( 2.602085213965210642E-18, 0.002794378677442431718 ),
 .UNSPECIFIED. ) ;
#2380 = EDGE_CURVE ( 'NONE', #4245, #3219, #437, .T. ) ;
#2381 = ADVANCED_FACE ( 'NONE', ( #875 ), #2567, .T. ) ;
#2382 = VERTEX_POINT ( 'NONE', #2187 ) ;
#2383 = CARTESIAN_POINT ( 'NONE',  ( -26.61324244213300005, -22.73181309786466997, 6.181324516535961600 ) ) ;
#2384 = ORIENTED_EDGE ( 'NONE', *, *, #4702, .T. ) ;
#2385 = CARTESIAN_POINT ( 'NONE',  ( 26.51706461506535462, -22.84441317152747430, -6.493572096533735127 ) ) ;
#2386 = VECTOR ( 'NONE', #384, 1000.000000000000000 ) ;
#2387 = EDGE_CURVE ( 'NONE', #3219, #4506, #74, .T. ) ;
#2388 = CARTESIAN_POINT ( 'NONE',  ( -24.21167295841589961, -31.85190902154505466, 0.7524306995458349689 ) ) ;
#2389 = EDGE_LOOP ( 'NONE', ( #2079, #4082, #506, #923 ) ) ;
#2390 = VECTOR ( 'NONE', #2365, 1000.000000000000114 ) ;
#2391 = EDGE_CURVE ( 'NONE', #3473, #802, #4959, .T. ) ;
#2392 = CARTESIAN_POINT ( 'NONE',  ( -35.00000000000000711, -1.221657921071612118E-16, -5.574933786402038294 ) ) ;
#2393 = CARTESIAN_POINT ( 'NONE',  ( 18.54089304176261166, 29.68560737485287504, -3.846916844037790106 ) ) ;
#2394 = ORIENTED_EDGE ( 'NONE', *, *, #2825, .T. ) ;
#2395 = PLANE ( 'NONE',  #3992 ) ;
#2396 = ORIENTED_EDGE ( 'NONE', *, *, #3100, .F. ) ;
#2397 = CARTESIAN_POINT ( 'NONE',  ( 28.38072892071284770, 28.25906927526585832, 4.060590289905086969 ) ) ;
#2398 = CARTESIAN_POINT ( 'NONE',  ( -6.670739034965169623, 34.35874225984415631, 6.805446025396027387 ) ) ;
#2399 = CARTESIAN_POINT ( 'NONE',  ( 0.000000000000000000, 0.000000000000000000, -7.500000000000000000 ) ) ;
#2400 = AXIS2_PLACEMENT_3D ( 'NONE', #1826, #39, #1728 ) ;
#2401 = B_SPLINE_CURVE_WITH_KNOTS ( 'NONE', 3,
 ( #5080, #4664, #1316, #1696 ),
 .UNSPECIFIED., .F., .F.,
 ( 4, 4 ),
 ( 9.381951662078253431E-18, 0.002794378677442425213 ),
 .UNSPECIFIED. ) ;
#2402 = ORIENTED_EDGE ( 'NONE', *, *, #3988, .F. ) ;
#2403 = LINE ( 'NONE', #1130, #622 ) ;
#2404 = DIRECTION ( 'NONE',  ( 0.2079116908177532086, -0.9781476007338069101, 0.000000000000000000 ) ) ;
#2405 = DIRECTION ( 'NONE',  ( -0.9945218953682730678, 0.1045284632676570791, 0.000000000000000000 ) ) ;
#2406 = CARTESIAN_POINT ( 'NONE',  ( -31.46103756886229519, 15.33633316965421045, -3.846916844037833183 ) ) ;
#2407 = CARTESIAN_POINT ( 'NONE',  ( 8.635672279238994165, 33.93144448909487210, -7.500000000000000000 ) ) ;
#2409 = VECTOR ( 'NONE', #4924, 1000.000000000000114 ) ;
#2408 = CARTESIAN_POINT ( 'NONE',  ( -2.010166753098149073, 34.94222702726230523, 4.060590289905079864 ) ) ;
#2410 = LINE ( 'NONE', #3707, #513 ) ;
#2411 = ORIENTED_EDGE ( 'NONE', *, *, #1128, .F. ) ;
#2412 = CARTESIAN_POINT ( 'NONE',  ( 13.80463082539310626, -32.16258956885479137, 7.116933741779899236 ) ) ;
#2413 = EDGE_LOOP ( 'NONE', ( #2018, #3160, #3205, #4018 ) ) ;
#2414 = CARTESIAN_POINT ( 'NONE',  ( 26.61324244213268386, -22.73181309786503235, -6.181324516535937619 ) ) ;
#2415 = CIRCLE ( 'NONE', #734, 4.000000000000000000 ) ;
#2416 = CARTESIAN_POINT ( 'NONE',  ( -30.51862899782307181, -17.28890574521613388, 1.418366989929950694 ) ) ;
#2417 = ADVANCED_FACE ( 'NONE', ( #3099 ), #1829, .F. ) ;
#2418 = CARTESIAN_POINT ( 'NONE',  ( -3.699625768751888977, 1.521406653953594645, 0.6113141387625928846 ) ) ;
#2419 = DIRECTION ( 'NONE',  ( -0.8660254037844362651, 0.5000000000000041078, 1.966436824054044634E-16 ) ) ;
#2420 = VERTEX_POINT ( 'NONE', #132 ) ;
#2421 = EDGE_CURVE ( 'NONE', #2081, #1651, #1333, .T. ) ;
#2422 = EDGE_CURVE ( 'NONE', #2763, #5095, #2745, .T. ) ;
#2423 = DIRECTION ( 'NONE',  ( -0.3773547901113796232, 0.6535976689524132244, 0.6560590289905082750 ) ) ;
#2424 = FACE_OUTER_BOUND ( 'NONE', #2026, .T. ) ;
#2425 = CARTESIAN_POINT ( 'NONE',  ( 6.379706395764451976, 34.41365058089366613, -6.181324516535939395 ) ) ;
#2426 = EDGE_LOOP ( 'NONE', ( #1146, #3011, #633, #2402 ) ) ;
#2427 = DIRECTION ( 'NONE',  ( 0.9781476007338041345, -0.2079116908177664202, 0.000000000000000000 ) ) ;
#2428 = ORIENTED_EDGE ( 'NONE', *, *, #5125, .F. ) ;
#2429 = DIRECTION ( 'NONE',  ( -0.000000000000000000, -1.000000000000000000, 0.000000000000000000 ) ) ;
#2430 = B_SPLINE_CURVE_WITH_KNOTS ( 'NONE', 3,
 ( #3703, #3317, #5380, #659, #4511, #4150, #745, #2022, #1595, #3620 ),
 .UNSPECIFIED., .F., .F.,
 ( 4, 2, 2, 2, 4 ),
 ( 1.226634733346699349E-18, 0.002894432855054571152, 0.003618041068818214374, 0.004341649282581856728, 0.005788865710109145774 ),
 .UNSPECIFIED. ) ;
#2431 = CARTESIAN_POINT ( 'NONE',  ( -34.46698451524477491, 6.084979739150966793, 3.846916844037798544 ) ) ;
#2432 = PLANE ( 'NONE',  #4724 ) ;
#2433 = DIRECTION ( 'NONE',  ( -0.9945218953682730678, 0.1045284632676570513, -5.741873453838482560E-17 ) ) ;
#2434 = CARTESIAN_POINT ( 'NONE',  ( 34.75593503081723412, 4.126133799770935084, -7.116933741779875255 ) ) ;
#2435 = CARTESIAN_POINT ( 'NONE',  ( -6.350227846092848516, -39.54384119781446572, 4.060590289905087857 ) ) ;
#2436 = CARTESIAN_POINT ( 'NONE',  ( 13.41708876778630888, -32.43774683738151765, 6.181324516535965152 ) ) ;
#2437 = VERTEX_POINT ( 'NONE', #5114 ) ;
#2438 = AXIS2_PLACEMENT_3D ( 'NONE', #1074, #5343, #2812 ) ;
#2439 = B_SPLINE_CURVE_WITH_KNOTS ( 'NONE', 3,
 ( #2953, #2132, #5003, #1211, #2892, #12, #2162, #455, #3847, #42 ),
 .UNSPECIFIED., .F., .F.,
 ( 4, 2, 2, 2, 4 ),
 ( 4.336808689942017736E-18, 0.002894432855054573320, 0.003618041068818215675, 0.004341649282581857595, 0.005788865710109142304 ),
 .UNSPECIFIED. ) ;
#2440 = LINE ( 'NONE', #1195, #3330 ) ;
#2441 = ORIENTED_EDGE ( 'NONE', *, *, #2225, .T. ) ;
#2442 = CARTESIAN_POINT ( 'NONE',  ( 33.42937638412485057, -10.36710155098890063, -7.116933741779875255 ) ) ;
#2443 = FACE_OUTER_BOUND ( 'NONE', #4101, .T. ) ;
#2444 = ORIENTED_EDGE ( 'NONE', *, *, #2853, .T. ) ;
#2445 = DIRECTION ( 'NONE',  ( -0.8660254037844432595, -0.4999999999999919509, 0.000000000000000000 ) ) ;
#2446 = CARTESIAN_POINT ( 'NONE',  ( 29.83428945573085400, 18.30662890014444955, -6.986545299580309454 ) ) ;
#2447 = ORIENTED_EDGE ( 'NONE', *, *, #3763, .F. ) ;
#2448 = CIRCLE ( 'NONE', #4317, 10.00000000000000178 ) ;
#2449 = EDGE_CURVE ( 'NONE', #741, #2627, #3009, .T. ) ;
#2450 = CARTESIAN_POINT ( 'NONE',  ( 34.54069020992830730, -5.651612143606769223, -4.060590289905088746 ) ) ;
#2451 = EDGE_CURVE ( 'NONE', #2283, #4802, #4965, .T. ) ;
#2452 = EDGE_CURVE ( 'NONE', #1985, #2453, #3909, .T. ) ;
#2453 = VERTEX_POINT ( 'NONE', #4516 ) ;
#2454 = DIRECTION ( 'NONE',  ( -0.7431448254773954654, -0.6691306063588567943, 4.189479764342533451E-17 ) ) ;
#2455 = DIRECTION ( 'NONE',  ( 0.9945218953682729568, -0.1045284632676570929, 1.701123353239144523E-18 ) ) ;
#2456 = CARTESIAN_POINT ( 'NONE',  ( -35.00000000000001421, -1.894231733119910555, -0.2933332997777670648 ) ) ;
#2457 = ORIENTED_EDGE ( 'NONE', *, *, #5374, .T. ) ;
#2458 = CIRCLE ( 'NONE', #685, 10.00000000000000000 ) ;
#2459 = LINE ( 'NONE', #4146, #3902 ) ;
#2460 = CARTESIAN_POINT ( 'NONE',  ( -18.10584442942854011, 35.72420982852653992, 4.060590289905078087 ) ) ;
#2461 = DIRECTION ( 'NONE',  ( -0.000000000000000000, -0.000000000000000000, -1.000000000000000000 ) ) ;
#2462 = CARTESIAN_POINT ( 'NONE',  ( 25.06765677503804213, -24.44443381712558860, -7.500000000000000000 ) ) ;
#2463 = VECTOR ( 'NONE', #3024, 1000.000000000000114 ) ;
#2464 = DIRECTION ( 'NONE',  ( -0.2079116908177532086, 0.9781476007338069101, 0.000000000000000000 ) ) ;
#2465 = VERTEX_POINT ( 'NONE', #4125 ) ;
#2466 = CARTESIAN_POINT ( 'NONE',  ( 11.86581634900885263, 33.00750490638953494, 1.226003498144005999 ) ) ;
#2467 = ORIENTED_EDGE ( 'NONE', *, *, #4112, .F. ) ;
#2468 = DIRECTION ( 'NONE',  ( -0.5877852522924797984, -0.8090169943749426773, 0.000000000000000000 ) ) ;
#2469 = CARTESIAN_POINT ( 'NONE',  ( -20.84812340917786599, -28.20724602100363398, 1.418366989929943145 ) ) ;
#2470 = DIRECTION ( 'NONE',  ( 0.9659258262890680902, 0.2588190451025213501, -0.000000000000000000 ) ) ;
#2471 = ORIENTED_EDGE ( 'NONE', *, *, #524, .T. ) ;
#2472 = DIRECTION ( 'NONE',  ( 0.5877852522924689183, -0.8090169943749504489, 0.000000000000000000 ) ) ;
#2473 = CARTESIAN_POINT ( 'NONE',  ( 27.73931291647562603, -21.34424305635292285, -6.196689755746675132 ) ) ;
#2474 = ORIENTED_EDGE ( 'NONE', *, *, #3000, .F. ) ;
#2475 = ADVANCED_FACE ( 'NONE', ( #2100 ), #1266, .T. ) ;
#2476 = CARTESIAN_POINT ( 'NONE',  ( 20.21201196482353168, 28.58891991637468522, 7.374970462211828170 ) ) ;
#2477 = DIRECTION ( 'NONE',  ( 0.7431448254773862505, -0.6691306063588670083, -0.000000000000000000 ) ) ;
#2478 = ORIENTED_EDGE ( 'NONE', *, *, #725, .T. ) ;
#2479 = LINE ( 'NONE', #4507, #1429 ) ;
#2480 = ADVANCED_FACE ( 'NONE', ( #3810 ), #11, .T. ) ;
#2481 = CARTESIAN_POINT ( 'NONE',  ( 32.68121525447929088, -12.54285285640677472, 4.553765416902600727 ) ) ;
#2482 = VECTOR ( 'NONE', #3958, 1000.000000000000227 ) ;
#2483 = DIRECTION ( 'NONE',  ( -0.000000000000000000, -0.000000000000000000, 1.000000000000000000 ) ) ;
#2484 = EDGE_CURVE ( 'NONE', #2675, #3342, #2050, .T. ) ;
#2485 = ORIENTED_EDGE ( 'NONE', *, *, #3599, .T. ) ;
#2486 = ADVANCED_FACE ( 'NONE', ( #2269 ), #4728, .T. ) ;
#2487 = CARTESIAN_POINT ( 'NONE',  ( -7.721232080086661398, 34.15017342293440805, 7.374970462211825506 ) ) ;
#2488 = ORIENTED_EDGE ( 'NONE', *, *, #559, .F. ) ;
#2489 = CARTESIAN_POINT ( 'NONE',  ( -26.32257486426723503, -23.06777086142152200, 7.116933741779912559 ) ) ;
#2490 = ORIENTED_EDGE ( 'NONE', *, *, #79, .T. ) ;
#2491 = AXIS2_PLACEMENT_3D ( 'NONE', #5165, #34, #925 ) ;
#2492 = DIRECTION ( 'NONE',  ( 0.09473496022643987380, -0.9013429381507153115, -0.4226182617407001074 ) ) ;
#2493 = DIRECTION ( 'NONE',  ( 0.9510565162951503115, -0.3090169943749573878, -0.000000000000000000 ) ) ;
#2494 = EDGE_LOOP ( 'NONE', ( #2214, #3617, #246, #3721, #1524, #4278, #1314, #5274, #3297, #281, #4662, #5483, #1300, #4794 ) ) ;
#2495 = VERTEX_POINT ( 'NONE', #3478 ) ;
#2496 = CARTESIAN_POINT ( 'NONE',  ( -24.62207110758305717, 24.87475857919278255, -4.060590289905088746 ) ) ;
#2497 = CYLINDRICAL_SURFACE ( 'NONE', #908, 35.00000000000000711 ) ;
#2498 = ORIENTED_EDGE ( 'NONE', *, *, #721, .T. ) ;
#2499 = B_SPLINE_CURVE_WITH_KNOTS ( 'NONE', 3,
 ( #2023, #2407, #3704, #3600 ),
 .UNSPECIFIED., .F., .F.,
 ( 4, 4 ),
 ( 0.000000000000000000, 0.002845522393967975065 ),
 .UNSPECIFIED. ) ;
#2500 = AXIS2_PLACEMENT_3D ( 'NONE', #1730, #2098, #3783 ) ;
#2501 = CARTESIAN_POINT ( 'NONE',  ( 21.30546954598894160, 27.76827267629260021, 6.181324516535934954 ) ) ;
#2502 = LINE ( 'NONE', #779, #1529 ) ;
#2503 = AXIS2_PLACEMENT_3D ( 'NONE', #4327, #4233, #4736 ) ;
#2504 = EDGE_LOOP ( 'NONE', ( #2927, #3978, #2144, #4933 ) ) ;
#2505 = AXIS2_PLACEMENT_3D ( 'NONE', #2182, #3955, #5108 ) ;
#2506 = CARTESIAN_POINT ( 'NONE',  ( -2.010166753098149073, 34.94222702726230523, 4.060590289905079864 ) ) ;
#2507 =( BOUNDED_CURVE ( )  B_SPLINE_CURVE ( 3, ( #2414, #2385, #4130, #5329 ),
 .UNSPECIFIED., .F., .F. ) 
 B_SPLINE_CURVE_WITH_KNOTS ( ( 4, 4 ),
 ( 4.895691063979542790, 4.908383916198270747 ),
 .UNSPECIFIED. ) 
 CURVE ( )  GEOMETRIC_REPRESENTATION_ITEM ( )  RATIONAL_B_SPLINE_CURVE ( ( 1.000000000000000000, 0.9999865743369418247, 0.9999865743369418247, 1.000000000000000000 ) ) 
 REPRESENTATION_ITEM ( '' )  );
#2508 = ORIENTED_EDGE ( 'NONE', *, *, #2879, .F. ) ;
#2509 = CARTESIAN_POINT ( 'NONE',  ( -12.05865286883691212, -32.85709803054573541, 7.500000000000000000 ) ) ;
#2510 = CARTESIAN_POINT ( 'NONE',  ( -33.13856300680330236, -11.26213309476178637, -7.116933741779869038 ) ) ;
#2511 = VERTEX_POINT ( 'NONE', #4345 ) ;
#2512 = DIRECTION ( 'NONE',  ( -0.000000000000000000, -0.000000000000000000, -1.000000000000000000 ) ) ;
#2513 = DIRECTION ( 'NONE',  ( -0.9510565162951503115, 0.3090169943749573878, 0.000000000000000000 ) ) ;
#2514 = CARTESIAN_POINT ( 'NONE',  ( 35.93600448230438360, 18.84306971294733302, 7.116933741779886802 ) ) ;
#2515 = ORIENTED_EDGE ( 'NONE', *, *, #239, .F. ) ;
#2516 = EDGE_CURVE ( 'NONE', #4729, #5038, #800, .T. ) ;
#2517 = CARTESIAN_POINT ( 'NONE',  ( 4.404416343385048727, 34.72237694969890498, -6.073605354730915451 ) ) ;
#2518 = EDGE_LOOP ( 'NONE', ( #4271, #1397, #698, #4449 ) ) ;
#2519 = EDGE_CURVE ( 'NONE', #1259, #2668, #2295, .T. ) ;
#2520 = EDGE_CURVE ( 'NONE', #2329, #29, #102, .T. ) ;
#2521 = CARTESIAN_POINT ( 'NONE',  ( 19.43268980949125080, 29.11298660031860663, -6.823943630429752716 ) ) ;
#2522 = VERTEX_POINT ( 'NONE', #3930 ) ;
#2523 = CARTESIAN_POINT ( 'NONE',  ( -7.731987826961970178, -5.617617982307566038, 2.500000000000000444 ) ) ;
#2524 = VERTEX_POINT ( 'NONE', #1790 ) ;
#2525 = DIRECTION ( 'NONE',  ( -0.9135454576426058626, -0.4067366430757890505, 0.000000000000000000 ) ) ;
#2526 = B_SPLINE_CURVE_WITH_KNOTS ( 'NONE', 3,
 ( #3921, #1779, #4305, #3468, #115, #4367, #561, #3500, #5192, #2259 ),
 .UNSPECIFIED., .F., .F.,
 ( 4, 2, 2, 2, 4 ),
 ( 2.453269466693398698E-18, 0.002894432855054568550, 0.003618041068818210471, 0.004341649282581853259, 0.005788865710109147508 ),
 .UNSPECIFIED. ) ;
#2527 = ORIENTED_EDGE ( 'NONE', *, *, #2266, .F. ) ;
#2528 = DIRECTION ( 'NONE',  ( 1.000000000000000000, 0.000000000000000000, 0.000000000000000000 ) ) ;
#2529 = CARTESIAN_POINT ( 'NONE',  ( -11.72766234065665181, -32.97738814324695511, -6.196689755746674244 ) ) ;
#2530 = VERTEX_POINT ( 'NONE', #1403 ) ;
#2531 = CYLINDRICAL_SURFACE ( 'NONE', #4694, 35.00000000000000711 ) ;
#2532 = VERTEX_POINT ( 'NONE', #479 ) ;
#2533 = CARTESIAN_POINT ( 'NONE',  ( 34.46698451524486018, 6.084979739150504940, -3.846916844037834959 ) ) ;
#2534 = DIRECTION ( 'NONE',  ( 0.8660254037844432595, 0.4999999999999919509, 0.000000000000000000 ) ) ;
#2535 = PLANE ( 'NONE',  #2500 ) ;
#2536 = CIRCLE ( 'NONE', #314, 35.00000000000000711 ) ;
#2537 = CARTESIAN_POINT ( 'NONE',  ( 33.70332905427710557, -9.487010671969562381, 7.500000000000000000 ) ) ;
#2538 = ORIENTED_EDGE ( 'NONE', *, *, #1236, .T. ) ;
#2539 = CARTESIAN_POINT ( 'NONE',  ( -33.85320839637717683, 8.885959783358121200, 4.060590289905089634 ) ) ;
#2540 = CARTESIAN_POINT ( 'NONE',  ( -17.06020555358245261, 36.18975825052697814, -0.7524306995458386327 ) ) ;
#2541 = DIRECTION ( 'NONE',  ( 0.5877852522924689183, -0.8090169943749505599, 0.000000000000000000 ) ) ;
#2542 = ORIENTED_EDGE ( 'NONE', *, *, #5053, .F. ) ;
#2543 = CARTESIAN_POINT ( 'NONE',  ( 2.010166753098153958, 34.94222702726229102, -4.060590289905086081 ) ) ;
#2544 = ORIENTED_EDGE ( 'NONE', *, *, #3061, .F. ) ;
#2545 = EDGE_CURVE ( 'NONE', #2420, #1004, #5382, .T. ) ;
#2546 = CARTESIAN_POINT ( 'NONE',  ( -26.92223341063712283, -22.36937125190179998, 6.823943630429774920 ) ) ;
#2547 = ORIENTED_EDGE ( 'NONE', *, *, #3366, .F. ) ;
#2548 = LINE ( 'NONE', #5100, #814 ) ;
#2549 = ADVANCED_FACE ( 'NONE', ( #3536, #4376 ), #3448, .T. ) ;
#2550 = VERTEX_POINT ( 'NONE', #2617 ) ;
#2551 = CYLINDRICAL_SURFACE ( 'NONE', #5478, 10.00000000000000000 ) ;
#2552 = CARTESIAN_POINT ( 'NONE',  ( -14.93288400268502336, -31.65487173111531405, 6.493572096533751115 ) ) ;
#2553 = ORIENTED_EDGE ( 'NONE', *, *, #4992, .F. ) ;
#2554 = CARTESIAN_POINT ( 'NONE',  ( -18.87656340071963612, 29.47412780192437154, 6.531040695676802343 ) ) ;
#2555 = SURFACE_SIDE_STYLE ('',( #1254 ) ) ;
#2556 = ORIENTED_EDGE ( 'NONE', *, *, #3476, .T. ) ;
#2557 = ADVANCED_FACE ( 'NONE', ( #1375 ), #2674, .T. ) ;
#2558 = EDGE_CURVE ( 'NONE', #2668, #903, #4947, .T. ) ;
#2559 = DIRECTION ( 'NONE',  ( -0.9945218953682744001, -0.1045284632676436454, 0.000000000000000000 ) ) ;
#2560 = ORIENTED_EDGE ( 'NONE', *, *, #2484, .F. ) ;
#2561 = CARTESIAN_POINT ( 'NONE',  ( -6.358559654721571697, 34.42072352716143513, 6.986545299580315671 ) ) ;
#2562 = CARTESIAN_POINT ( 'NONE',  ( -34.85430591650456478, 3.190197341657053265, -7.116933741779873479 ) ) ;
#2563 = DIRECTION ( 'NONE',  ( 0.9945218953682730678, -0.1045284632676571068, 0.000000000000000000 ) ) ;
#2564 = CARTESIAN_POINT ( 'NONE',  ( -26.25715810602853395, 23.25628143037393514, -1.418366989929929600 ) ) ;
#2565 = AXIS2_PLACEMENT_3D ( 'NONE', #221, #4858, #4081 ) ;
#2566 = ORIENTED_EDGE ( 'NONE', *, *, #1780, .F. ) ;
#2567 = PLANE ( 'NONE',  #4255 ) ;
#2568 = ORIENTED_EDGE ( 'NONE', *, *, #1128, .T. ) ;
#2569 = CARTESIAN_POINT ( 'NONE',  ( 0.000000000000000000, 0.000000000000000000, 7.500000000000000000 ) ) ;
#2570 = DIRECTION ( 'NONE',  ( 0.4067366430757888840, -0.9135454576426060846, 4.515090783677868655E-17 ) ) ;
#2571 = EDGE_LOOP ( 'NONE', ( #2110, #4337, #2428, #3697 ) ) ;
#2572 = AXIS2_PLACEMENT_3D ( 'NONE', #3938, #5209, #2243 ) ;
#2573 = CARTESIAN_POINT ( 'NONE',  ( 31.26593964696135330, -15.73025803960543101, 4.060590289905076311 ) ) ;
#2574 = ORIENTED_EDGE ( 'NONE', *, *, #3264, .F. ) ;
#2575 = CARTESIAN_POINT ( 'NONE',  ( -0.8655725053807206137, 40.00000000000000000, -0.7524306995458269753 ) ) ;
#2576 = ORIENTED_EDGE ( 'NONE', *, *, #3843, .T. ) ;
#2577 = CARTESIAN_POINT ( 'NONE',  ( 0.000000000000000000, 0.000000000000000000, -7.500000000000000000 ) ) ;
#2578 = ORIENTED_EDGE ( 'NONE', *, *, #1171, .T. ) ;
#2579 = DIRECTION ( 'NONE',  ( 0.7431448254773955764, 0.6691306063588569053, -0.000000000000000000 ) ) ;
#2580 = CARTESIAN_POINT ( 'NONE',  ( 2.348058200541815577, -34.92114864500978655, 7.500000000000000000 ) ) ;
#2581 = ORIENTED_EDGE ( 'NONE', *, *, #5344, .T. ) ;
#2582 = CARTESIAN_POINT ( 'NONE',  ( -16.04866282905775421, 31.10370430349447091, 4.060590289905078976 ) ) ;
#2583 = DIRECTION ( 'NONE',  ( 1.000000000000000000, 0.000000000000000000, 0.000000000000000000 ) ) ;
#2584 = ORIENTED_EDGE ( 'NONE', *, *, #1409, .F. ) ;
#2585 = FACE_OUTER_BOUND ( 'NONE', #1472, .T. ) ;
#2586 = FACE_OUTER_BOUND ( 'NONE', #3048, .T. ) ;
#2587 = EDGE_CURVE ( 'NONE', #1206, #1488, #5229, .T. ) ;
#2588 = ORIENTED_EDGE ( 'NONE', *, *, #623, .F. ) ;
#2589 = ADVANCED_FACE ( 'NONE', ( #593 ), #3122, .T. ) ;
#2590 = VECTOR ( 'NONE', #2878, 999.9999999999998863 ) ;
#2591 = CARTESIAN_POINT ( 'NONE',  ( -4.000000000000000000, 4.898587196589412829E-16, -7.500000000000000000 ) ) ;
#2592 = EDGE_CURVE ( 'NONE', #1053, #4981, #128, .T. ) ;
#2593 = AXIS2_PLACEMENT_3D ( 'NONE', #2628, #4326, #2513 ) ;
#2594 = DIRECTION ( 'NONE',  ( 0.000000000000000000, 0.4402359851926339052, 0.8978821065938840107 ) ) ;
#2595 = DIRECTION ( 'NONE',  ( 1.000000000000000000, 0.000000000000000000, 0.000000000000000000 ) ) ;
#2596 = VECTOR ( 'NONE', #2477, 1000.000000000000114 ) ;
#2597 = ORIENTED_EDGE ( 'NONE', *, *, #4620, .T. ) ;
#2598 = DIRECTION ( 'NONE',  ( 0.000000000000000000, 0.000000000000000000, 1.000000000000000000 ) ) ;
#2599 = ORIENTED_EDGE ( 'NONE', *, *, #3229, .T. ) ;
#2600 = PLANE ( 'NONE',  #4973 ) ;
#2601 = CARTESIAN_POINT ( 'NONE',  ( 27.72526372389023308, 21.48494191787521501, -1.226003498143936055 ) ) ;
#2602 = ORIENTED_EDGE ( 'NONE', *, *, #1374, .T. ) ;
#2603 = CARTESIAN_POINT ( 'NONE',  ( 6.358559654721549492, 34.42072352716144934, -6.986545299580303237 ) ) ;
#2604 = VERTEX_POINT ( 'NONE', #2964 ) ;
#2605 = DIRECTION ( 'NONE',  ( 0.4067366430758009299, 0.9135454576426005335, -1.211965208864336069E-17 ) ) ;
#2606 = ORIENTED_EDGE ( 'NONE', *, *, #2380, .T. ) ;
#2607 = CARTESIAN_POINT ( 'NONE',  ( -34.64823803850985939, 5.041563414031580592, -7.500000000000000000 ) ) ;
#2608 = DIRECTION ( 'NONE',  ( -0.8279533620734487176, 0.3686285868927449139, -0.4226182617407000519 ) ) ;
#2609 = LINE ( 'NONE', #2667, #5044 ) ;
#2610 = ORIENTED_EDGE ( 'NONE', *, *, #1040, .T. ) ;
#2611 = EDGE_CURVE ( 'NONE', #1355, #1156, #1177, .T. ) ;
#2612 = CARTESIAN_POINT ( 'NONE',  ( -34.07742990585773413, -7.984448345543689207, 2.247209450673212761 ) ) ;
#2613 = SURFACE_STYLE_USAGE ( .BOTH. , #2555 ) ;
#2614 = VERTEX_POINT ( 'NONE', #2223 ) ;
#2615 = LINE ( 'NONE', #3089, #1012 ) ;
#2616 = DIRECTION ( 'NONE',  ( 0.4067366430758010964, 0.9135454576426006446, 0.000000000000000000 ) ) ;
#2617 = CARTESIAN_POINT ( 'NONE',  ( 34.46698451524486018, 6.084979739150504940, -3.846916844037834959 ) ) ;
#2618 = ORIENTED_EDGE ( 'NONE', *, *, #3464, .F. ) ;
#2619 = CYLINDRICAL_SURFACE ( 'NONE', #1065, 10.00000000000000178 ) ;
#2620 = FACE_OUTER_BOUND ( 'NONE', #2869, .T. ) ;
#2621 = EDGE_CURVE ( 'NONE', #2946, #2550, #2910, .T. ) ;
#2622 = AXIS2_PLACEMENT_3D ( 'NONE', #1435, #3545, #5237 ) ;
#2623 = CARTESIAN_POINT ( 'NONE',  ( 39.78087581473091916, -4.181138530706284051, -7.500000000000000000 ) ) ;
#2624 = EDGE_CURVE ( 'NONE', #804, #4003, #3855, .T. ) ;
#2625 = EDGE_CURVE ( 'NONE', #5479, #3740, #1741, .T. ) ;
#2626 = DIRECTION ( 'NONE',  ( 0.000000000000000000, 1.000000000000000000, 0.000000000000000000 ) ) ;
#2627 = VERTEX_POINT ( 'NONE', #4683 ) ;
#2628 = CARTESIAN_POINT ( 'NONE',  ( -36.25436398111257574, 17.86325992456172784, -4.907591987661836797 ) ) ;
#2629 = FACE_OUTER_BOUND ( 'NONE', #910, .T. ) ;
#2630 = CARTESIAN_POINT ( 'NONE',  ( -2.369054813131972193, -3.222976775028985497, 1.041453371800013127E-15 ) ) ;
#2631 = ADVANCED_FACE ( 'NONE', ( #380 ), #3322, .T. ) ;
#2632 = DIRECTION ( 'NONE',  ( -0.4067366430758009854, -0.9135454576426004225, 3.066720668573416042E-17 ) ) ;
#2633 = ORIENTED_EDGE ( 'NONE', *, *, #5443, .T. ) ;
#2634 = ORIENTED_EDGE ( 'NONE', *, *, #3434, .T. ) ;
#2635 = LINE ( 'NONE', #3578, #4889 ) ;
#2636 = CYLINDRICAL_SURFACE ( 'NONE', #3185, 10.00000000000000000 ) ;
#2637 = ORIENTED_EDGE ( 'NONE', *, *, #2124, .T. ) ;
#2638 = CARTESIAN_POINT ( 'NONE',  ( 33.26910956927830654, 11.11122523581854971, -1.418366989929935151 ) ) ;
#2639 = DIRECTION ( 'NONE',  ( -0.3280295144952565245, -0.5681637854879296734, -0.7547095802227714589 ) ) ;
#2640 = EDGE_LOOP ( 'NONE', ( #2935, #5201, #4739, #4204 ) ) ;
#2641 = DIRECTION ( 'NONE',  ( 0.2079116908177532641, -0.9781476007338070211, 0.000000000000000000 ) ) ;
#2642 = B_SPLINE_CURVE_WITH_KNOTS ( 'NONE', 3,
 ( #3945, #3525, #140, #3997, #4414, #2199, #112, #1422, #163, #1005 ),
 .UNSPECIFIED., .F., .F.,
 ( 4, 2, 2, 2, 4 ),
 ( 8.673617379884035472E-19, 0.002894432855054552937, 0.003618041068818192690, 0.004341649282581833309, 0.005788865710109118018 ),
 .UNSPECIFIED. ) ;
#2643 = CARTESIAN_POINT ( 'NONE',  ( -21.06992586498640918, 27.94781123800191480, -6.805446025395975873 ) ) ;
#2644 = CARTESIAN_POINT ( 'NONE',  ( 30.54342269181366021, 17.09091367566999864, 7.116933741779888578 ) ) ;
#2645 = ORIENTED_EDGE ( 'NONE', *, *, #3665, .F. ) ;
#2646 = CARTESIAN_POINT ( 'NONE',  ( 32.99294883789718114, -11.68183748302891267, 6.181324516535916302 ) ) ;
#2647 = DIRECTION ( 'NONE',  ( 0.3860809933300280439, -0.1718943330829425242, -0.9063077870366496036 ) ) ;
#2648 = EDGE_CURVE ( 'NONE', #4496, #4805, #2548, .T. ) ;
#2649 = CARTESIAN_POINT ( 'NONE',  ( 13.07390791440784206, -38.11467888072418475, 3.846916844037882477 ) ) ;
#2650 = VERTEX_POINT ( 'NONE', #885 ) ;
#2651 = CARTESIAN_POINT ( 'NONE',  ( 0.000000000000000000, 0.000000000000000000, 7.500000000000000000 ) ) ;
#2652 = CARTESIAN_POINT ( 'NONE',  ( -22.02801285247639029, 27.20572803764340009, -4.553765416902555430 ) ) ;
#2653 = CARTESIAN_POINT ( 'NONE',  ( -3.324320640298515706, -2.226435482170705971, 2.143762915889140253 ) ) ;
#2654 = DIRECTION ( 'NONE',  ( 0.000000000000000000, 1.000000000000000000, 0.000000000000000000 ) ) ;
#2655 = AXIS2_PLACEMENT_3D ( 'NONE', #4914, #671, #4863 ) ;
#2656 = EDGE_CURVE ( 'NONE', #1917, #5279, #4812, .T. ) ;
#2657 = ORIENTED_EDGE ( 'NONE', *, *, #2919, .F. ) ;
#2658 = EDGE_CURVE ( 'NONE', #3801, #2134, #5426, .T. ) ;
#2659 = SHAPE_DEFINITION_REPRESENTATION ( #637, #1120 ) ;
#2660 = CIRCLE ( 'NONE', #3278, 10.00000000000000000 ) ;
#2661 = VERTEX_POINT ( 'NONE', #5466 ) ;
#2662 = EDGE_CURVE ( 'NONE', #2382, #2069, #462, .T. ) ;
#2663 = DIRECTION ( 'NONE',  ( 0.2079116908177532641, -0.9781476007338070211, 0.000000000000000000 ) ) ;
#2664 = CARTESIAN_POINT ( 'NONE',  ( 10.44131392408795556, 39.13667866892648561, 6.181324516535977587 ) ) ;
#2665 = CARTESIAN_POINT ( 'NONE',  ( -34.70076432987713133, 4.566941528236164949, 6.181324516535877223 ) ) ;
#2666 = ORIENTED_EDGE ( 'NONE', *, *, #2194, .F. ) ;
#2667 = CARTESIAN_POINT ( 'NONE',  ( -42.81961457025177253, -14.06167159533613642, 3.061616997868383634E-16 ) ) ;
#2668 = VERTEX_POINT ( 'NONE', #2174 ) ;
#2669 = CARTESIAN_POINT ( 'NONE',  ( -24.75413788056133058, -24.75111403709415825, -4.553765416902565200 ) ) ;
#2670 = ORIENTED_EDGE ( 'NONE', *, *, #3549, .F. ) ;
#2671 = CARTESIAN_POINT ( 'NONE',  ( 6.379706395764451976, 34.41365058089366613, -6.181324516535939395 ) ) ;
#2672 = AXIS2_PLACEMENT_3D ( 'NONE', #1699, #452, #4318 ) ;
#2673 = CYLINDRICAL_SURFACE ( 'NONE', #3274, 10.00000000000000000 ) ;
#2674 = CYLINDRICAL_SURFACE ( 'NONE', #1610, 10.00000000000000000 ) ;
#2675 = VERTEX_POINT ( 'NONE', #773 ) ;
#2676 = DIRECTION ( 'NONE',  ( 0.5000000000000038858, 0.8660254037844362651, 0.000000000000000000 ) ) ;
#2677 = FACE_OUTER_BOUND ( 'NONE', #243, .T. ) ;
#2678 = VECTOR ( 'NONE', #1216, 1000.000000000000114 ) ;
#2679 = CARTESIAN_POINT ( 'NONE',  ( 31.24339791866074023, -26.74306179269044748, -2.500000000000000444 ) ) ;
#2680 = VERTEX_POINT ( 'NONE', #799 ) ;
#2681 = ORIENTED_EDGE ( 'NONE', *, *, #4648, .T. ) ;
#2682 = CARTESIAN_POINT ( 'NONE',  ( 32.27266868991092963, -13.54685203263478321, 6.073605354730925221 ) ) ;
#2683 = VECTOR ( 'NONE', #4215, 1000.000000000000114 ) ;
#2685 = AXIS2_PLACEMENT_3D ( 'NONE', #4786, #989, #573 ) ;
#2684 = CARTESIAN_POINT ( 'NONE',  ( -22.16478479366438492, -27.08730911424286703, -4.060590289905085193 ) ) ;
#2686 = AXIS2_PLACEMENT_3D ( 'NONE', #583, #4743, #947 ) ;
#2687 = VERTEX_POINT ( 'NONE', #2968 ) ;
#2688 = DIRECTION ( 'NONE',  ( 1.000000000000000000, 0.000000000000000000, -0.000000000000000000 ) ) ;
#2689 = ORIENTED_EDGE ( 'NONE', *, *, #5242, .T. ) ;
#2690 =( BOUNDED_CURVE ( )  B_SPLINE_CURVE ( 3, ( #4054, #2829, #2416, #245 ),
 .UNSPECIFIED., .F., .F. ) 
 B_SPLINE_CURVE_WITH_KNOTS ( ( 4, 4 ),
 ( 1.431381591588105406, 1.628261284377776619 ),
 .UNSPECIFIED. ) 
 CURVE ( )  GEOMETRIC_REPRESENTATION_ITEM ( )  RATIONAL_B_SPLINE_CURVE ( ( 1.000000000000000000, 0.9967724731469833621, 0.9967724731469833621, 1.000000000000000000 ) ) 
 REPRESENTATION_ITEM ( '' )  );
#2691 = EDGE_CURVE ( 'NONE', #945, #4922, #1803, .T. ) ;
#2692 = FACE_OUTER_BOUND ( 'NONE', #5462, .T. ) ;
#2693 = ORIENTED_EDGE ( 'NONE', *, *, #1627, .T. ) ;
#2694 = DIRECTION ( 'NONE',  ( -1.000000000000000000, 0.000000000000000000, 0.000000000000000000 ) ) ;
#2695 = ADVANCED_FACE ( 'NONE', ( #832 ), #4241, .F. ) ;
#2696 = ORIENTED_EDGE ( 'NONE', *, *, #721, .F. ) ;
#2697 = ADVANCED_FACE ( 'NONE', ( #1718 ), #4655, .T. ) ;
#2698 = ORIENTED_EDGE ( 'NONE', *, *, #5341, .T. ) ;
#2699 = CARTESIAN_POINT ( 'NONE',  ( -39.50038711811459535, -6.849810215604134278, -10.40750713394293570 ) ) ;
#2700 = EDGE_LOOP ( 'NONE', ( #3449, #1586, #2384, #5392 ) ) ;
#2701 = CARTESIAN_POINT ( 'NONE',  ( 16.43804359251179648, -30.89968807044308008, -3.846916844037855832 ) ) ;
#2702 = CARTESIAN_POINT ( 'NONE',  ( -27.31219930434903986, 21.88706853736965741, 4.060590289905082528 ) ) ;
#2703 = CARTESIAN_POINT ( 'NONE',  ( 24.26532436879126209, 25.32759386619818542, 1.226003498143967807 ) ) ;
#2704 = B_SPLINE_CURVE_WITH_KNOTS ( 'NONE', 3,
 ( #2582, #5416, #4660, #3304, #2880, #440, #2554, #837, #5047, #3415 ),
 .UNSPECIFIED., .F., .F.,
 ( 4, 2, 2, 2, 4 ),
 ( 8.673617379884034509E-19, 0.002894432855054574621, 0.003618041068818218277, 0.004341649282581861065, 0.005788865710109148376 ),
 .UNSPECIFIED. ) ;
#2705 = ORIENTED_EDGE ( 'NONE', *, *, #1819, .F. ) ;
#2706 = LINE ( 'NONE', #2727, #913 ) ;
#2707 = DIRECTION ( 'NONE',  ( 0.6894615088518660784, -0.3069680411569566947, 0.6560590289905087191 ) ) ;
#2708 = LINE ( 'NONE', #2623, #736 ) ;
#2709 = CARTESIAN_POINT ( 'NONE',  ( -2.369054813131973525, -3.222976775028985497, -0.2150730323466921723 ) ) ;
#2710 = FACE_OUTER_BOUND ( 'NONE', #655, .T. ) ;
#2711 = CARTESIAN_POINT ( 'NONE',  ( -16.43804359251221925, -30.89968807044285981, 3.846916844037863825 ) ) ;
#2712 = ORIENTED_EDGE ( 'NONE', *, *, #1227, .F. ) ;
#2713 = FACE_BOUND ( 'NONE', #1717, .T. ) ;
#2714 = ORIENTED_EDGE ( 'NONE', *, *, #4764, .T. ) ;
#2715 = DIRECTION ( 'NONE',  ( -0.7431448254773863615, 0.6691306063588670083, 1.255587870214670557E-17 ) ) ;
#2716 = ORIENTED_EDGE ( 'NONE', *, *, #2266, .T. ) ;
#2717 = LINE ( 'NONE', #4875, #4876 ) ;
#2718 = COLOUR_RGB ( '',0.7921568627450980005, 0.8196078431372548767, 0.9333333333333333481 ) ;
#2719 = VERTEX_POINT ( 'NONE', #4191 ) ;
#2720 = EDGE_CURVE ( 'NONE', #1488, #160, #4562, .T. ) ;
#2721 =( BOUNDED_CURVE ( )  B_SPLINE_CURVE ( 3, ( #4073, #2800, #5437, #769 ),
 .UNSPECIFIED., .F., .F. ) 
 B_SPLINE_CURVE_WITH_KNOTS ( ( 4, 4 ),
 ( 4.895691063979542790, 4.908383916198270747 ),
 .UNSPECIFIED. ) 
 CURVE ( )  GEOMETRIC_REPRESENTATION_ITEM ( )  RATIONAL_B_SPLINE_CURVE ( ( 1.000000000000000000, 0.9999865743369418247, 0.9999865743369418247, 1.000000000000000000 ) ) 
 REPRESENTATION_ITEM ( '' )  );
#2722 = CARTESIAN_POINT ( 'NONE',  ( 25.68230321687277851, -30.78343359580464522, -10.40750713394293925 ) ) ;
#2723 = ORIENTED_EDGE ( 'NONE', *, *, #4178, .F. ) ;
#2724 = CARTESIAN_POINT ( 'NONE',  ( 17.74499939949041760, -30.17933906032093105, -5.425564169306131390 ) ) ;
#2725 = CARTESIAN_POINT ( 'NONE',  ( -33.76417095064152107, -9.219977330076266853, -2.499866340570868761 ) ) ;
#2726 = VECTOR ( 'NONE', #500, 1000.000000000000114 ) ;
#2727 = CARTESIAN_POINT ( 'NONE',  ( 11.82623245630378328, 38.52007321156860797, 3.846916844037897576 ) ) ;
#2728 = CARTESIAN_POINT ( 'NONE',  ( -16.58957558454757830, 30.90435179223661422, 1.226003498143951154 ) ) ;
#2729 = EDGE_CURVE ( 'NONE', #1242, #1047, #5495, .T. ) ;
#2730 = EDGE_CURVE ( 'NONE', #3854, #2465, #4600, .T. ) ;
#2731 = VECTOR ( 'NONE', #304, 1000.000000000000114 ) ;
#2732 = ORIENTED_EDGE ( 'NONE', *, *, #4328, .T. ) ;
#2733 = CARTESIAN_POINT ( 'NONE',  ( -40.01369834721982954, 6.293218435256692445, 6.181324516535870117 ) ) ;
#2734 = DIRECTION ( 'NONE',  ( -0.3773547901113794567, 0.6535976689524130023, 0.6560590289905086081 ) ) ;
#2735 = CYLINDRICAL_SURFACE ( 'NONE', #5261, 4.000000000000000000 ) ;
#2736 = ORIENTED_EDGE ( 'NONE', *, *, #4360, .F. ) ;
#2737 = CARTESIAN_POINT ( 'NONE',  ( -31.38290777699303291, 15.49707366529473873, -6.425211645992656706 ) ) ;
#2738 = CARTESIAN_POINT ( 'NONE',  ( -33.23851625244010677, -10.96399838692334328, 1.525048895935446236 ) ) ;
#2739 = VERTEX_POINT ( 'NONE', #3379 ) ;
#2740 = CARTESIAN_POINT ( 'NONE',  ( 34.99255100767117455, 0.7508117862619652083, 6.073605354730924333 ) ) ;
#2741 = ORIENTED_EDGE ( 'NONE', *, *, #1002, .F. ) ;
#2742 = AXIS2_PLACEMENT_3D ( 'NONE', #1290, #2884, #2094 ) ;
#2743 = CARTESIAN_POINT ( 'NONE',  ( 0.8655725053807201697, 40.00000000000000000, 0.7524306995458268643 ) ) ;
#2744 = ORIENTED_EDGE ( 'NONE', *, *, #1987, .F. ) ;
#2745 = CIRCLE ( 'NONE', #445, 35.00000000000000711 ) ;
#2746 = CARTESIAN_POINT ( 'NONE',  ( -37.21305326393298429, 14.91271770155912080, 10.40750713394287175 ) ) ;
#2747 = ORIENTED_EDGE ( 'NONE', *, *, #3359, .F. ) ;
#2748 = LINE ( 'NONE', #2388, #1675 ) ;
#2749 =( BOUNDED_CURVE ( )  B_SPLINE_CURVE ( 3, ( #953, #1757, #1725, #4872 ),
 .UNSPECIFIED., .F., .F. ) 
 B_SPLINE_CURVE_WITH_KNOTS ( ( 4, 4 ),
 ( 4.895691063979542790, 4.908383916198270747 ),
 .UNSPECIFIED. ) 
 CURVE ( )  GEOMETRIC_REPRESENTATION_ITEM ( )  RATIONAL_B_SPLINE_CURVE ( ( 1.000000000000000000, 0.9999865743369418247, 0.9999865743369418247, 1.000000000000000000 ) ) 
 REPRESENTATION_ITEM ( '' )  );
#2750 = DIRECTION ( 'NONE',  ( 0.4531538935183284655, 0.7848855672213935764, -0.4226182617407001074 ) ) ;
#2751 = CARTESIAN_POINT ( 'NONE',  ( 25.59230323198158530, -23.87584436691850343, 6.805446025396007848 ) ) ;
#2752 = ORIENTED_EDGE ( 'NONE', *, *, #5334, .F. ) ;
#2753 = ADVANCED_FACE ( 'NONE', ( #3766 ), #2059, .T. ) ;
#2754 = CARTESIAN_POINT ( 'NONE',  ( -25.45074075617828768, -24.17613463419076325, -6.181324516535896763 ) ) ;
#2755 = EDGE_CURVE ( 'NONE', #491, #4245, #3741, .T. ) ;
#2756 = EDGE_CURVE ( 'NONE', #2824, #1293, #433, .T. ) ;
#2757 = ORIENTED_EDGE ( 'NONE', *, *, #2267, .T. ) ;
#2758 = CARTESIAN_POINT ( 'NONE',  ( -34.64101615137773393, -19.99999999999967670, -7.500000000000000000 ) ) ;
#2759 = AXIS2_PLACEMENT_3D ( 'NONE', #4605, #1253, #2528 ) ;
#2760 = DIRECTION ( 'NONE',  ( 0.9510565162951503115, -0.3090169943749572767, -9.140326318595342869E-17 ) ) ;
#2761 = CARTESIAN_POINT ( 'NONE',  ( -21.98773748298923536, -26.84362439676155532, -4.060590289905085193 ) ) ;
#2762 = VECTOR ( 'NONE', #2470, 1000.000000000000114 ) ;
#2763 = VERTEX_POINT ( 'NONE', #3410 ) ;
#2764 = CARTESIAN_POINT ( 'NONE',  ( -30.54342269181342928, 17.09091367567038944, -7.116933741779883249 ) ) ;
#2765 = AXIS2_PLACEMENT_3D ( 'NONE', #5365, #1225, #2092 ) ;
#2766 = CARTESIAN_POINT ( 'NONE',  ( -34.36503200854200202, -6.636685134367722227, 0.3277027850429383715 ) ) ;
#2767 = AXIS2_PLACEMENT_3D ( 'NONE', #1922, #4053, #696 ) ;
#2768 = CARTESIAN_POINT ( 'NONE',  ( 6.815988142536165029, 34.32990395618384127, -7.116933741779874367 ) ) ;
#2769 = CARTESIAN_POINT ( 'NONE',  ( -2.448864658609278599, -34.91422434887842030, 3.846916844037850058 ) ) ;
#2770 = VERTEX_POINT ( 'NONE', #2995 ) ;
#2771 = CARTESIAN_POINT ( 'NONE',  ( 24.30771486651988766, -25.18203720845414395, 3.846916844037829630 ) ) ;
#2772 = VECTOR ( 'NONE', #3979, 1000.000000000000227 ) ;
#2773 = AXIS2_PLACEMENT_3D ( 'NONE', #3209, #4926, #1963 ) ;
#2774 = ORIENTED_EDGE ( 'NONE', *, *, #4586, .F. ) ;
#2775 = AXIS2_PLACEMENT_3D ( 'NONE', #1319, #1618, #1644 ) ;
#2776 = DIRECTION ( 'NONE',  ( 1.000000000000000000, 0.000000000000000000, 0.000000000000000000 ) ) ;
#2777 = ORIENTED_EDGE ( 'NONE', *, *, #1505, .T. ) ;
#2778 = CARTESIAN_POINT ( 'NONE',  ( 34.07177726374118976, -8.009765193366634506, -6.073605354730919892 ) ) ;
#2779 = CARTESIAN_POINT ( 'NONE',  ( -33.11574117977953335, -11.32923563143197576, -0.8056641109706962345 ) ) ;
#2780 = ORIENTED_EDGE ( 'NONE', *, *, #5026, .F. ) ;
#2781 = EDGE_CURVE ( 'NONE', #3420, #2263, #1366, .T. ) ;
#2782 = CARTESIAN_POINT ( 'NONE',  ( -3.751257718610671255, 1.389892841634139176, 0.9550434461895332960 ) ) ;
#2783 = DIRECTION ( 'NONE',  ( 0.2079116908177664202, 0.9781476007338042455, 1.398893805352783229E-18 ) ) ;
#2784 = CARTESIAN_POINT ( 'NONE',  ( -29.00097167742763560, -19.72908055482503187, 1.226003498143991788 ) ) ;
#2785 = ORIENTED_EDGE ( 'NONE', *, *, #4525, .F. ) ;
#2786 = EDGE_CURVE ( 'NONE', #5148, #1220, #803, .T. ) ;
#2787 = CARTESIAN_POINT ( 'NONE',  ( -2.853000746845395508, -2.807846301346135220, -1.547508458304267975 ) ) ;
#2788 = CARTESIAN_POINT ( 'NONE',  ( 9.851012519747060381, -33.59122690512921849, 4.798630682669631220 ) ) ;
#2789 = ADVANCED_FACE ( 'NONE', ( #4389 ), #1892, .T. ) ;
#2790 = DIRECTION ( 'NONE',  ( 0.9781476007338069101, 0.2079116908177532363, 0.000000000000000000 ) ) ;
#2791 = EDGE_CURVE ( 'NONE', #1383, #4775, #1867, .T. ) ;
#2792 = EDGE_LOOP ( 'NONE', ( #4269, #191, #357, #5292 ) ) ;
#2793 = DIRECTION ( 'NONE',  ( 0.8660254037844363761, -0.5000000000000039968, 0.000000000000000000 ) ) ;
#2794 = CARTESIAN_POINT ( 'NONE',  ( 0.4705459288894204284, -34.99683680747168069, -7.116933741779889466 ) ) ;
#2795 = EDGE_CURVE ( 'NONE', #2260, #2465, #2635, .T. ) ;
#2796 = DIRECTION ( 'NONE',  ( 0.000000000000000000, 0.000000000000000000, 1.000000000000000000 ) ) ;
#2797 = FACE_OUTER_BOUND ( 'NONE', #3056, .T. ) ;
#2798 = CARTESIAN_POINT ( 'NONE',  ( -16.65963754323848178, -30.78153130782710534, 6.196689755746681350 ) ) ;
#2799 = ADVANCED_FACE ( 'NONE', ( #2692 ), #4772, .F. ) ;
#2800 = CARTESIAN_POINT ( 'NONE',  ( 34.72008696422395957, 4.420123318159133063, -6.493572096533738680 ) ) ;
#2801 = ORIENTED_EDGE ( 'NONE', *, *, #2051, .T. ) ;
#2802 = DIRECTION ( 'NONE',  ( 0.9781476007338069101, 0.2079116908177532641, 0.000000000000000000 ) ) ;
#2803 = VERTEX_POINT ( 'NONE', #946 ) ;
#2804 = LINE ( 'NONE', #1436, #5160 ) ;
#2805 = VECTOR ( 'NONE', #722, 1000.000000000000000 ) ;
#2806 = CYLINDRICAL_SURFACE ( 'NONE', #4953, 4.000000000000000000 ) ;
#2807 = ORIENTED_EDGE ( 'NONE', *, *, #1102, .T. ) ;
#2808 = CARTESIAN_POINT ( 'NONE',  ( -34.89198990789989807, 2.747551685958297796, -6.181324516535938507 ) ) ;
#2809 = DIRECTION ( 'NONE',  ( 0.4546351382095124016, 0.000000000000000000, -0.8906777706360575753 ) ) ;
#2810 = CARTESIAN_POINT ( 'NONE',  ( 34.86473689675114684, 3.209655864944708892, -7.374970462211828170 ) ) ;
#2811 = ORIENTED_EDGE ( 'NONE', *, *, #1633, .F. ) ;
#2812 = DIRECTION ( 'NONE',  ( 0.000000000000000000, 0.4402359851926354595, -0.8978821065938833446 ) ) ;
#2813 = CYLINDRICAL_SURFACE ( 'NONE', #4983, 35.00000000000000711 ) ;
#2814 = CARTESIAN_POINT ( 'NONE',  ( 39.27247818500669041, -9.018218867565334307, -3.846916844037844729 ) ) ;
#2815 = EDGE_CURVE ( 'NONE', #3140, #4048, #1889, .T. ) ;
#2816 = ORIENTED_EDGE ( 'NONE', *, *, #2662, .T. ) ;
#2817 = DIRECTION ( 'NONE',  ( -0.2113091308703517190, -0.3659981507706663306, -0.9063077870366496036 ) ) ;
#2818 = CARTESIAN_POINT ( 'NONE',  ( -22.42575515466968383, 26.87164873510382535, 7.500000000000000000 ) ) ;
#2819 = CARTESIAN_POINT ( 'NONE',  ( 7.538471928116404541, 40.42910719445130496, -2.500000000000000444 ) ) ;
#2820 = CARTESIAN_POINT ( 'NONE',  ( -15.47872589248066078, 36.89387836088148731, 0.7524306995458299729 ) ) ;
#2821 = DIRECTION ( 'NONE',  ( 0.9510565162951503115, -0.3090169943749574988, 1.223966211307640626E-16 ) ) ;
#2822 = DIRECTION ( 'NONE',  ( -0.4067366430757888285, 0.9135454576426059736, 0.000000000000000000 ) ) ;
#2823 = CARTESIAN_POINT ( 'NONE',  ( 35.08890410250718617, 21.45017660618414013, -2.500000000000000444 ) ) ;
#2824 = VERTEX_POINT ( 'NONE', #4336 ) ;
#2825 = EDGE_CURVE ( 'NONE', #4136, #2604, #4742, .T. ) ;
#2826 = EDGE_CURVE ( 'NONE', #4303, #2895, #2642, .T. ) ;
#2827 = CARTESIAN_POINT ( 'NONE',  ( -22.16478479366438492, -27.08730911424286703, -4.060590289905085193 ) ) ;
#2828 = ORIENTED_EDGE ( 'NONE', *, *, #2611, .F. ) ;
#2829 = CARTESIAN_POINT ( 'NONE',  ( -31.58637079250215507, -15.25103792967225402, -1.226003498143918513 ) ) ;
#2830 = VECTOR ( 'NONE', #3980, 1000.000000000000114 ) ;
#2831 = CARTESIAN_POINT ( 'NONE',  ( -0.4705459288898861669, -34.99683680747170200, 7.116933741779898348 ) ) ;
#2832 = CARTESIAN_POINT ( 'NONE',  ( 16.58957558454796555, 30.90435179223639395, -1.226003498143927173 ) ) ;
#2833 = ORIENTED_EDGE ( 'NONE', *, *, #3233, .T. ) ;
#2834 = AXIS2_PLACEMENT_3D ( 'NONE', #850, #2541, #460 ) ;
#2835 = CARTESIAN_POINT ( 'NONE',  ( 18.35011919840275141, -36.11057710838430523, -6.181324516535939395 ) ) ;
#2836 = CARTESIAN_POINT ( 'NONE',  ( -24.16534958425525303, 25.32684054766452419, -4.798630682669622338 ) ) ;
#2837 = VECTOR ( 'NONE', #1164, 1000.000000000000114 ) ;
#2838 = ORIENTED_EDGE ( 'NONE', *, *, #2520, .T. ) ;
#2839 = DIRECTION ( 'NONE',  ( -0.9135454576426005335, 0.4067366430758010409, 0.000000000000000000 ) ) ;
#2840 = VERTEX_POINT ( 'NONE', #1811 ) ;
#2841 = DIRECTION ( 'NONE',  ( 0.7431448254773861395, -0.6691306063588671194, -5.595575221411171436E-18 ) ) ;
#2842 = VERTEX_POINT ( 'NONE', #1776 ) ;
#2843 = CARTESIAN_POINT ( 'NONE',  ( -13.53210440072633780, -32.27853899170241192, -6.493572096533691607 ) ) ;
#2844 = DIRECTION ( 'NONE',  ( -0.9510565162951504226, 0.3090169943749573878, 0.000000000000000000 ) ) ;
#2845 = CARTESIAN_POINT ( 'NONE',  ( 4.000000000000000000, 0.000000000000000000, -37.50000000000001421 ) ) ;
#2846 = DIRECTION ( 'NONE',  ( -0.9945218953682729568, 0.1045284632676570929, 1.134909683810497983E-17 ) ) ;
#2847 = LINE ( 'NONE', #1082, #4541 ) ;
#2849 = AXIS2_PLACEMENT_3D ( 'NONE', #1994, #2376, #236 ) ;
#2848 = CARTESIAN_POINT ( 'NONE',  ( 6.379706395764451088, 34.51847385375770472, -6.181324516535936731 ) ) ;
#2850 = DIRECTION ( 'NONE',  ( 0.6417225651468148051, -0.1364023419936786219, 0.7547095802227712369 ) ) ;
#2851 = VERTEX_POINT ( 'NONE', #4714 ) ;
#2852 = VECTOR ( 'NONE', #4952, 1000.000000000000000 ) ;
#2853 = EDGE_CURVE ( 'NONE', #2763, #570, #5481, .T. ) ;
#2854 = DIRECTION ( 'NONE',  ( 0.8660254037844363761, -0.5000000000000039968, 0.000000000000000000 ) ) ;
#2855 = ORIENTED_EDGE ( 'NONE', *, *, #3577, .F. ) ;
#2856 = CARTESIAN_POINT ( 'NONE',  ( 31.45116295349519575, -25.52498780741822060, -6.181324516535939395 ) ) ;
#2857 = EDGE_CURVE ( 'NONE', #2181, #1836, #3858, .T. ) ;
#2858 = EDGE_CURVE ( 'NONE', #3805, #4691, #2415, .T. ) ;
#2859 = ORIENTED_EDGE ( 'NONE', *, *, #1560, .T. ) ;
#2860 = CIRCLE ( 'NONE', #4626, 10.00000000000000000 ) ;
#2861 = LINE ( 'NONE', #2831, #2133 ) ;
#2862 = DIRECTION ( 'NONE',  ( 1.000000000000000000, 0.000000000000000000, 0.000000000000000000 ) ) ;
#2863 = ORIENTED_EDGE ( 'NONE', *, *, #1408, .F. ) ;
#2864 = DIRECTION ( 'NONE',  ( -0.5877852522924797984, -0.8090169943749426773, 0.000000000000000000 ) ) ;
#2865 = ORIENTED_EDGE ( 'NONE', *, *, #2815, .T. ) ;
#2866 = CARTESIAN_POINT ( 'NONE',  ( -40.14851682130789357, 5.878289837048787270, 7.116933741779886802 ) ) ;
#2867 = DIRECTION ( 'NONE',  ( 0.1045284632676571207, 0.9945218953682729568, 0.000000000000000000 ) ) ;
#2868 = CARTESIAN_POINT ( 'NONE',  ( -27.72526372388995242, 21.48494191787558094, 1.226003498143953374 ) ) ;
#2869 = EDGE_LOOP ( 'NONE', ( #1376, #5066, #4684, #1972 ) ) ;
#2870 = CARTESIAN_POINT ( 'NONE',  ( 34.64101615137744972, -20.00000000000015987, 7.500000000000000000 ) ) ;
#2871 = LINE ( 'NONE', #711, #3732 ) ;
#2872 = FACE_OUTER_BOUND ( 'NONE', #640, .T. ) ;
#2873 = CARTESIAN_POINT ( 'NONE',  ( 33.66251713661119283, -9.952920722886844374, -6.181324516535926072 ) ) ;
#2874 = CARTESIAN_POINT ( 'NONE',  ( -24.38031330777157990, -25.11175666923556093, 7.500000000000000000 ) ) ;
#2875 = ORIENTED_EDGE ( 'NONE', *, *, #3777, .F. ) ;
#2876 = CARTESIAN_POINT ( 'NONE',  ( 18.72084754482244406, 35.45039279999903670, 10.40750713394298188 ) ) ;
#2877 = EDGE_LOOP ( 'NONE', ( #4461, #2498, #1015, #2060, #1129, #3026, #3083, #287, #1898, #4145, #1844, #458, #4832, #2169 ) ) ;
#2878 = DIRECTION ( 'NONE',  ( 0.6417225651468171366, 0.1364023419936700177, 0.7547095802227709038 ) ) ;
#2879 = EDGE_CURVE ( 'NONE', #1651, #1149, #3888, .T. ) ;
#2880 = CARTESIAN_POINT ( 'NONE',  ( -18.32776930834493356, 29.81843498419912919, 6.196689755746677797 ) ) ;
#2881 = CARTESIAN_POINT ( 'NONE',  ( -16.26946572303155136, 36.54181830570423983, 7.500000000000000000 ) ) ;
#2882 = VERTEX_POINT ( 'NONE', #1447 ) ;
#2883 = AXIS2_PLACEMENT_3D ( 'NONE', #2722, #1817, #4445 ) ;
#2884 = DIRECTION ( 'NONE',  ( -0.5877852522924797984, -0.8090169943749426773, 0.000000000000000000 ) ) ;
#2885 = CARTESIAN_POINT ( 'NONE',  ( 27.86825234652584982, -21.17552491706439000, -6.073605354730917227 ) ) ;
#2886 = VERTEX_POINT ( 'NONE', #86 ) ;
#2887 = EDGE_CURVE ( 'NONE', #2824, #4643, #3137, .T. ) ;
#2888 = CARTESIAN_POINT ( 'NONE',  ( 33.96214137482611761, -8.460079978128112188, -3.846916844037842065 ) ) ;
#2889 = EDGE_CURVE ( 'NONE', #971, #4209, #4904, .T. ) ;
#2890 = CARTESIAN_POINT ( 'NONE',  ( -34.20822989868737807, -20.74960777847672588, -0.7524306995458256431 ) ) ;
#2891 = CIRCLE ( 'NONE', #3880, 10.00000000000000000 ) ;
#2892 = CARTESIAN_POINT ( 'NONE',  ( -34.02260908270808670, -8.216341274073869272, 6.196689755746679573 ) ) ;
#2893 = CIRCLE ( 'NONE', #959, 10.00000000000000355 ) ;
#2894 = DIRECTION ( 'NONE',  ( 0.8865027874162624277, -0.1884319844040979741, -0.4226182617407000519 ) ) ;
#2895 = VERTEX_POINT ( 'NONE', #2434 ) ;
#2896 = LINE ( 'NONE', #2845, #2068 ) ;
#2897 = CYLINDRICAL_SURFACE ( 'NONE', #3470, 10.00000000000000000 ) ;
#2898 = B_SPLINE_CURVE_WITH_KNOTS ( 'NONE', 3,
 ( #3885, #1280, #3764, #467, #4238, #3465, #2109, #2930, #3823, #5123 ),
 .UNSPECIFIED., .F., .F.,
 ( 4, 2, 2, 2, 4 ),
 ( 6.774311733017760927E-18, 0.002894432855054561177, 0.003618041068818199195, 0.004341649282581838513, 0.005788865710109118885 ),
 .UNSPECIFIED. ) ;
#2899 = DIRECTION ( 'NONE',  ( 0.8660254037844363761, -0.5000000000000039968, 0.000000000000000000 ) ) ;
#2900 = ORIENTED_EDGE ( 'NONE', *, *, #4421, .F. ) ;
#2901 = DIRECTION ( 'NONE',  ( -0.5877852522924797984, -0.8090169943749426773, 0.000000000000000000 ) ) ;
#2902 = VERTEX_POINT ( 'NONE', #4122 ) ;
#2903 = CARTESIAN_POINT ( 'NONE',  ( -0.6186168154435375266, -34.99484593746142735, 6.805446025396013177 ) ) ;
#2904 = CARTESIAN_POINT ( 'NONE',  ( -22.65242958996864076, -26.77985084807696126, -1.226003498143936943 ) ) ;
#2905 = ORIENTED_EDGE ( 'NONE', *, *, #2225, .F. ) ;
#2906 = ORIENTED_EDGE ( 'NONE', *, *, #1198, .T. ) ;
#2907 = PLANE ( 'NONE',  #1521 ) ;
#2908 = CYLINDRICAL_SURFACE ( 'NONE', #3733, 9.999999999999998224 ) ;
#2909 = ORIENTED_EDGE ( 'NONE', *, *, #3331, .T. ) ;
#2910 = B_SPLINE_CURVE_WITH_KNOTS ( 'NONE', 3,
 ( #4679, #3913, #4769, #4358 ),
 .UNSPECIFIED., .F., .F.,
 ( 4, 4 ),
 ( 1.130901345694950078E-17, 0.002794378677442440392 ),
 .UNSPECIFIED. ) ;
#2911 = FACE_OUTER_BOUND ( 'NONE', #3369, .T. ) ;
#2912 = LINE ( 'NONE', #4419, #4382 ) ;
#2913 = ORIENTED_EDGE ( 'NONE', *, *, #2857, .F. ) ;
#2914 = EDGE_CURVE ( 'NONE', #371, #337, #2847, .T. ) ;
#2915 = CARTESIAN_POINT ( 'NONE',  ( 38.78186984677719096, -13.68604540176116657, 2.500000000000000444 ) ) ;
#2916 = EDGE_CURVE ( 'NONE', #4393, #3532, #1912, .T. ) ;
#2917 = CARTESIAN_POINT ( 'NONE',  ( 6.395056888776077919, 7.102430213719181928, 2.500000000000000444 ) ) ;
#2918 = EDGE_CURVE ( 'NONE', #3784, #3375, #522, .T. ) ;
#2919 = EDGE_CURVE ( 'NONE', #3345, #1695, #746, .T. ) ;
#2920 = ORIENTED_EDGE ( 'NONE', *, *, #3666, .F. ) ;
#2921 = CARTESIAN_POINT ( 'NONE',  ( 0.000000000000000000, 0.000000000000000000, 7.500000000000000000 ) ) ;
#2922 = ORIENTED_EDGE ( 'NONE', *, *, #2189, .F. ) ;
#2923 = DIRECTION ( 'NONE',  ( 0.5993397458796942967, -0.2668432471111691351, -0.7547095802227707928 ) ) ;
#2924 = AXIS2_PLACEMENT_3D ( 'NONE', #1379, #870, #3483 ) ;
#2925 = B_SPLINE_CURVE_WITH_KNOTS ( 'NONE', 3,
 ( #4502, #4941, #2810, #702 ),
 .UNSPECIFIED., .F., .F.,
 ( 4, 4 ),
 ( 0.000000000000000000, 0.002845522393967959886 ),
 .UNSPECIFIED. ) ;
#2926 = CARTESIAN_POINT ( 'NONE',  ( 3.935820537633778038, -34.78773960034293822, -5.425564169306125173 ) ) ;
#2927 = ORIENTED_EDGE ( 'NONE', *, *, #2084, .F. ) ;
#2928 = LINE ( 'NONE', #5036, #4958 ) ;
#2929 = ORIENTED_EDGE ( 'NONE', *, *, #2826, .F. ) ;
#2930 = CARTESIAN_POINT ( 'NONE',  ( 30.98477181652317825, 16.28309975097578288, 6.823943630429760709 ) ) ;
#2931 = EDGE_LOOP ( 'NONE', ( #4669, #5360, #2467, #574 ) ) ;
#2932 = VECTOR ( 'NONE', #1636, 1000.000000000000114 ) ;
#2933 = DIRECTION ( 'NONE',  ( 0.000000000000000000, 0.000000000000000000, 1.000000000000000000 ) ) ;
#2934 = DIRECTION ( 'NONE',  ( 0.000000000000000000, 0.000000000000000000, 1.000000000000000000 ) ) ;
#2935 = ORIENTED_EDGE ( 'NONE', *, *, #2346, .F. ) ;
#2936 = CARTESIAN_POINT ( 'NONE',  ( -31.55476043657107255, -15.15618904760355257, -4.798630682669625891 ) ) ;
#2937 = DIRECTION ( 'NONE',  ( -0.9945218953682742891, -0.1045284632676436593, -1.080577134697021110E-17 ) ) ;
#2938 = VERTEX_POINT ( 'NONE', #2769 ) ;
#2939 = CARTESIAN_POINT ( 'NONE',  ( -34.36809786969732983, -6.620713618554003865, -2.733109325946143278E-17 ) ) ;
#2940 = CARTESIAN_POINT ( 'NONE',  ( 2.010166753098150849, 40.00000000000000000, -4.060590289905084305 ) ) ;
#2941 = VERTEX_POINT ( 'NONE', #263 ) ;
#2942 = VECTOR ( 'NONE', #3826, 1000.000000000000000 ) ;
#2943 = VECTOR ( 'NONE', #174, 1000.000000000000000 ) ;
#2944 = CARTESIAN_POINT ( 'NONE',  ( 21.06992586498677156, 27.94781123800163414, 6.805446025396007848 ) ) ;
#2945 = CIRCLE ( 'NONE', #4307, 10.00000000000000178 ) ;
#2946 = VERTEX_POINT ( 'NONE', #1938 ) ;
#2947 = CIRCLE ( 'NONE', #4632, 10.00000000000000000 ) ;
#2948 = CARTESIAN_POINT ( 'NONE',  ( 5.298657715558063863, -34.59659269947486848, -4.060590289905086969 ) ) ;
#2949 = DIRECTION ( 'NONE',  ( 0.5877852522924797984, 0.8090169943749426773, -2.473414872254619112E-17 ) ) ;
#2950 = CARTESIAN_POINT ( 'NONE',  ( -12.95799702791396513, -32.52703604473540366, 7.499999999999999112 ) ) ;
#2951 = CARTESIAN_POINT ( 'NONE',  ( 0.000000000000000000, 0.000000000000000000, 7.500000000000000000 ) ) ;
#2952 = ADVANCED_FACE ( 'NONE', ( #317 ), #4850, .T. ) ;
#2953 = CARTESIAN_POINT ( 'NONE',  ( -34.54069020992839256, -5.651612143606314476, 4.060590289905087857 ) ) ;
#2954 = ORIENTED_EDGE ( 'NONE', *, *, #5299, .F. ) ;
#2955 = DIRECTION ( 'NONE',  ( 0.7431448254773861395, -0.6691306063588671194, -2.386271327277758079E-17 ) ) ;
#2956 = EDGE_CURVE ( 'NONE', #4857, #1279, #2499, .T. ) ;
#2957 = CARTESIAN_POINT ( 'NONE',  ( -6.379706395764461746, 34.51847385375770472, 6.181324516535947389 ) ) ;
#2958 = EDGE_CURVE ( 'NONE', #971, #4656, #4043, .T. ) ;
#2959 = DIRECTION ( 'NONE',  ( 0.8660254037844363761, -0.5000000000000039968, 0.000000000000000000 ) ) ;
#2960 = ORIENTED_EDGE ( 'NONE', *, *, #2826, .T. ) ;
#2961 = CARTESIAN_POINT ( 'NONE',  ( -5.298657715558551473, -34.59659269947479032, 4.060590289905086081 ) ) ;
#2962 = DIRECTION ( 'NONE',  ( -0.4067366430757888285, 0.9135454576426060846, 0.000000000000000000 ) ) ;
#2963 = ORIENTED_EDGE ( 'NONE', *, *, #4821, .F. ) ;
#2964 = CARTESIAN_POINT ( 'NONE',  ( -26.47132621058893420, 30.37967582097815367, -3.846916844037797656 ) ) ;
#2965 = CARTESIAN_POINT ( 'NONE',  ( 25.69286149883166814, -23.76713840582946702, 7.116933741779897460 ) ) ;
#2966 = ORIENTED_EDGE ( 'NONE', *, *, #4680, .T. ) ;
#2967 = EDGE_CURVE ( 'NONE', #1389, #219, #5423, .T. ) ;
#2968 = CARTESIAN_POINT ( 'NONE',  ( -39.27247818500681831, -9.018218867564817387, 3.846916844037856720 ) ) ;
#2969 = DIRECTION ( 'NONE',  ( 0.000000000000000000, 0.000000000000000000, 1.000000000000000000 ) ) ;
#2970 = ORIENTED_EDGE ( 'NONE', *, *, #5029, .F. ) ;
#2971 = CARTESIAN_POINT ( 'NONE',  ( -21.32487570106490438, 27.75729030993605662, -6.986545299580307677 ) ) ;
#2972 = VERTEX_POINT ( 'NONE', #5293 ) ;
#2973 = DIRECTION ( 'NONE',  ( 1.000000000000000000, 0.000000000000000000, -0.000000000000000000 ) ) ;
#2974 = CARTESIAN_POINT ( 'NONE',  ( -9.557262555325859665, 40.00000000000000000, -2.500000000000000444 ) ) ;
#2975 = ORIENTED_EDGE ( 'NONE', *, *, #1564, .F. ) ;
#2976 = LINE ( 'NONE', #415, #89 ) ;
#2977 = ORIENTED_EDGE ( 'NONE', *, *, #4582, .F. ) ;
#2978 = FACE_OUTER_BOUND ( 'NONE', #258, .T. ) ;
#2979 = LINE ( 'NONE', #4667, #1528 ) ;
#2980 = VECTOR ( 'NONE', #3504, 1000.000000000000114 ) ;
#2981 = CARTESIAN_POINT ( 'NONE',  ( -29.63260357973035042, 18.62984852755148424, 5.331456580176176629 ) ) ;
#2982 = ORIENTED_EDGE ( 'NONE', *, *, #5461, .T. ) ;
#2983 = CARTESIAN_POINT ( 'NONE',  ( -34.70095639915660257, 4.589238934700420103, 6.986545299580307677 ) ) ;
#2984 = ORIENTED_EDGE ( 'NONE', *, *, #376, .F. ) ;
#2985 = CARTESIAN_POINT ( 'NONE',  ( 35.98270188867848418, -17.67613213520428772, -10.40750713394293925 ) ) ;
#2986 = CARTESIAN_POINT ( 'NONE',  ( -39.50038711811459535, -6.849810215604134278, -10.40750713394293570 ) ) ;
#2987 = DIRECTION ( 'NONE',  ( 0.7431448254773862505, -0.6691306063588671194, 0.000000000000000000 ) ) ;
#2988 = AXIS2_PLACEMENT_3D ( 'NONE', #2974, #4636, #64 ) ;
#2989 = DIRECTION ( 'NONE',  ( -0.000000000000000000, -0.000000000000000000, -1.000000000000000000 ) ) ;
#2990 = ORIENTED_EDGE ( 'NONE', *, *, #1885, .T. ) ;
#2991 = CARTESIAN_POINT ( 'NONE',  ( 18.87656340072003758, 29.47412780192412995, -6.531040695676791685 ) ) ;
#2992 = ORIENTED_EDGE ( 'NONE', *, *, #4993, .T. ) ;
#2993 = VECTOR ( 'NONE', #1619, 1000.000000000000114 ) ;
#2994 = EDGE_CURVE ( 'NONE', #2178, #3835, #4873, .T. ) ;
#2995 = CARTESIAN_POINT ( 'NONE',  ( -34.97528585423798830, 1.315058711366400068, 7.500000000000000000 ) ) ;
#2996 = EDGE_CURVE ( 'NONE', #3848, #4518, #4824, .T. ) ;
#2997 = ORIENTED_EDGE ( 'NONE', *, *, #1377, .F. ) ;
#2998 = DIRECTION ( 'NONE',  ( 0.5877852522924689183, -0.8090169943749504489, 0.000000000000000000 ) ) ;
#2999 = CARTESIAN_POINT ( 'NONE',  ( 31.52131900098233785, 24.77109062817012131, 10.40750713394293570 ) ) ;
#3000 = EDGE_CURVE ( 'NONE', #1196, #3848, #1136, .T. ) ;
#3001 = VERTEX_POINT ( 'NONE', #641 ) ;
#3002 = DIRECTION ( 'NONE',  ( 0.9781476007338042455, -0.2079116908177663647, 0.000000000000000000 ) ) ;
#3003 = ORIENTED_EDGE ( 'NONE', *, *, #1665, .T. ) ;
#3004 = CARTESIAN_POINT ( 'NONE',  ( -14.65272493192788517, -31.79857578131940699, -7.374970462211829947 ) ) ;
#3005 = DIRECTION ( 'NONE',  ( -0.5877852522924797984, -0.8090169943749424553, 0.000000000000000000 ) ) ;
#3006 = ORIENTED_EDGE ( 'NONE', *, *, #4257, .T. ) ;
#3007 = CARTESIAN_POINT ( 'NONE',  ( 8.025146755026847600, 34.06785799711057905, 6.493572096533765325 ) ) ;
#3008 = CYLINDRICAL_SURFACE ( 'NONE', #4188, 10.00000000000000000 ) ;
#3009 = LINE ( 'NONE', #3269, #4259 ) ;
#3010 = AXIS2_PLACEMENT_3D ( 'NONE', #1553, #2750, #4083 ) ;
#3011 = ORIENTED_EDGE ( 'NONE', *, *, #4370, .F. ) ;
#3012 = LINE ( 'NONE', #3370, #1243 ) ;
#3013 = ORIENTED_EDGE ( 'NONE', *, *, #5344, .F. ) ;
#3014 = CARTESIAN_POINT ( 'NONE',  ( 0.000000000000000000, 0.000000000000000000, -7.500000000000000000 ) ) ;
#3015 = CARTESIAN_POINT ( 'NONE',  ( 29.14661196372285801, 27.40846998280346725, -0.7524306995458317493 ) ) ;
#3016 = ORIENTED_EDGE ( 'NONE', *, *, #725, .F. ) ;
#3017 = DIRECTION ( 'NONE',  ( 0.8865027874162649812, 0.1884319844040860670, -0.4226182617406999409 ) ) ;
#3018 = ORIENTED_EDGE ( 'NONE', *, *, #3763, .T. ) ;
#3019 = CARTESIAN_POINT ( 'NONE',  ( -32.68121525447944720, -12.54285285640635905, -4.553765416902520791 ) ) ;
#3020 = ORIENTED_EDGE ( 'NONE', *, *, #2107, .T. ) ;
#3021 = CARTESIAN_POINT ( 'NONE',  ( 17.66488107078518510, -37.13883741188528376, -2.500000000000000444 ) ) ;
#3022 = CARTESIAN_POINT ( 'NONE',  ( -30.54503737199498659, 17.11293258312217347, 7.374970462211829059 ) ) ;
#3023 = ORIENTED_EDGE ( 'NONE', *, *, #4758, .F. ) ;
#3024 = DIRECTION ( 'NONE',  ( -0.5877852522924797984, -0.8090169943749425663, 0.000000000000000000 ) ) ;
#3025 = CARTESIAN_POINT ( 'NONE',  ( 29.84318316396762327, 18.28618108413783361, -6.181324516535880775 ) ) ;
#3026 = ORIENTED_EDGE ( 'NONE', *, *, #2996, .T. ) ;
#3027 = EDGE_CURVE ( 'NONE', #3181, #5498, #4963, .T. ) ;
#3028 = DIRECTION ( 'NONE',  ( -0.6105728762178006530, 0.4436071610187928282, 0.6560590289905087191 ) ) ;
#3029 = CARTESIAN_POINT ( 'NONE',  ( 0.000000000000000000, 0.000000000000000000, 7.500000000000000000 ) ) ;
#3030 = ORIENTED_EDGE ( 'NONE', *, *, #2967, .F. ) ;
#3031 = EDGE_CURVE ( 'NONE', #321, #2495, #2507, .T. ) ;
#3032 = CARTESIAN_POINT ( 'NONE',  ( 0.000000000000000000, 40.00000000000000000, 0.000000000000000000 ) ) ;
#3033 = EDGE_CURVE ( 'NONE', #1540, #2327, #4104, .T. ) ;
#3034 = DIRECTION ( 'NONE',  ( 0.8090169943749506709, 0.5877852522924686962, 0.000000000000000000 ) ) ;
#3035 = ORIENTED_EDGE ( 'NONE', *, *, #1409, .T. ) ;
#3036 = CIRCLE ( 'NONE', #4009, 35.00000000000000711 ) ;
#3037 = CARTESIAN_POINT ( 'NONE',  ( 33.09091315658952226, -11.40234166362591495, 6.805446025396011400 ) ) ;
#3038 = CARTESIAN_POINT ( 'NONE',  ( -33.51620385553212600, -10.08394803960347730, 6.493572096533744009 ) ) ;
#3039 = CARTESIAN_POINT ( 'NONE',  ( 7.731987826961984389, 5.617617982307574920, -2.500000000000000444 ) ) ;
#3040 = AXIS2_PLACEMENT_3D ( 'NONE', #3701, #767, #2405 ) ;
#3041 = DIRECTION ( 'NONE',  ( 0.1045284632676571207, 0.9945218953682729568, 0.000000000000000000 ) ) ;
#3042 = ORIENTED_EDGE ( 'NONE', *, *, #760, .F. ) ;
#3043 = DIRECTION ( 'NONE',  ( 0.5000000000000038858, 0.8660254037844363761, 0.000000000000000000 ) ) ;
#3044 = CYLINDRICAL_SURFACE ( 'NONE', #2503, 10.00000000000000000 ) ;
#3045 = FACE_OUTER_BOUND ( 'NONE', #2101, .T. ) ;
#3046 =( BOUNDED_CURVE ( )  B_SPLINE_CURVE ( 3, ( #3615, #1562, #2398, #4918 ),
 .UNSPECIFIED., .F., .F. ) 
 B_SPLINE_CURVE_WITH_KNOTS ( ( 4, 4 ),
 ( 1.754098410389749896, 1.766791262608478075 ),
 .UNSPECIFIED. ) 
 CURVE ( )  GEOMETRIC_REPRESENTATION_ITEM ( )  RATIONAL_B_SPLINE_CURVE ( ( 1.000000000000000000, 0.9999865743369418247, 0.9999865743369418247, 1.000000000000000000 ) ) 
 REPRESENTATION_ITEM ( '' )  );
#3047 = CARTESIAN_POINT ( 'NONE',  ( -9.801677520467210414, -33.67818426754183747, -1.226003498143936943 ) ) ;
#3048 = EDGE_LOOP ( 'NONE', ( #2083, #2289, #3975, #78, #1218, #5215, #392, #2828, #2009, #381, #2478, #2114, #2556, #541 ) ) ;
#3049 = CARTESIAN_POINT ( 'NONE',  ( 22.49618072999178509, 33.76950616936439786, -7.116933741779885025 ) ) ;
#3050 = EDGE_LOOP ( 'NONE', ( #3524, #1142, #3607, #2306 ) ) ;
#3051 = DIRECTION ( 'NONE',  ( 0.7431448254773862505, -0.6691306063588670083, 0.000000000000000000 ) ) ;
#3052 = CARTESIAN_POINT ( 'NONE',  ( -29.02566033246905519, -28.35434246501452904, -7.116933741779885025 ) ) ;
#3053 = B_SPLINE_CURVE_WITH_KNOTS ( 'NONE', 3,
 ( #3641, #4893, #4503, #3989, #3614, #1481, #204, #624, #156, #176, #4407, #3590, #3172, #2787, #4865, #4478, #2274, #1511, #2709, #2343 ),
 .UNSPECIFIED., .F., .F.,
 ( 4, 2, 2, 2, 2, 2, 2, 2, 2, 4 ),
 ( 0.002949793254221873186, 0.003585720217128099494, 0.003903683698581212648, 0.004221647180034326235, 0.004857574142940554278, 0.005493501105846780586, 0.006129428068753007761, 0.006765355031659234936, 0.007401281994565462111, 0.008037208957471689286 ),
 .UNSPECIFIED. ) ;
#3054 = EDGE_LOOP ( 'NONE', ( #1491, #5107, #296, #3397 ) ) ;
#3055 = FACE_OUTER_BOUND ( 'NONE', #476, .T. ) ;
#3056 = EDGE_LOOP ( 'NONE', ( #2576, #294, #2984, #3438 ) ) ;
#3057 = CARTESIAN_POINT ( 'NONE',  ( 5.691734262950622458, -39.68380832972891170, 10.40750713394296767 ) ) ;
#3058 = CARTESIAN_POINT ( 'NONE',  ( -13.39529478388848815, -32.33521420452834150, -6.181324516535871894 ) ) ;
#3059 = VERTEX_POINT ( 'NONE', #2856 ) ;
#3060 = CARTESIAN_POINT ( 'NONE',  ( -30.54342269181342928, 17.09091367567038944, -7.116933741779883249 ) ) ;
#3061 = EDGE_CURVE ( 'NONE', #5175, #4483, #1856, .T. ) ;
#3062 = CARTESIAN_POINT ( 'NONE',  ( 4.863724327625662980, 40.00000000000000000, -3.846916844037851391 ) ) ;
#3063 = CARTESIAN_POINT ( 'NONE',  ( 37.21305326393319035, 14.91271770155861276, -10.40750713394293037 ) ) ;
#3064 = EDGE_LOOP ( 'NONE', ( #2736, #874, #3144, #664 ) ) ;
#3065 = CIRCLE ( 'NONE', #2491, 35.00000000000000711 ) ;
#3066 = DIRECTION ( 'NONE',  ( -0.000000000000000000, -1.000000000000000000, 0.000000000000000000 ) ) ;
#3067 = LINE ( 'NONE', #958, #990 ) ;
#3068 = EDGE_CURVE ( 'NONE', #1680, #1412, #5157, .T. ) ;
#3069 = ADVANCED_FACE ( 'NONE', ( #5302 ), #2358, .T. ) ;
#3070 = EDGE_CURVE ( 'NONE', #2227, #1004, #1946, .T. ) ;
#3071 = CARTESIAN_POINT ( 'NONE',  ( -33.96214137482623840, -8.460079978127664546, 3.846916844037852723 ) ) ;
#3072 = ORIENTED_EDGE ( 'NONE', *, *, #857, .T. ) ;
#3073 = DIRECTION ( 'NONE',  ( 1.000000000000000000, 0.000000000000000000, 0.000000000000000000 ) ) ;
#3074 = DIRECTION ( 'NONE',  ( 0.09473496022645203074, 0.9013429381507139793, -0.4226182617407000519 ) ) ;
#3075 = DIRECTION ( 'NONE',  ( 1.000000000000000000, 0.000000000000000000, 0.000000000000000000 ) ) ;
#3076 = AXIS2_PLACEMENT_3D ( 'NONE', #3951, #166, #2776 ) ;
#3077 = CARTESIAN_POINT ( 'NONE',  ( 31.23302208010933256, -25.90281888332998150, -7.116933741779896572 ) ) ;
#3078 = ORIENTED_EDGE ( 'NONE', *, *, #782, .F. ) ;
#3079 = CARTESIAN_POINT ( 'NONE',  ( 0.000000000000000000, 0.000000000000000000, 0.000000000000000000 ) ) ;
#3080 = VERTEX_POINT ( 'NONE', #4910 ) ;
#3081 = CARTESIAN_POINT ( 'NONE',  ( -34.48440802350659595, 5.985449295442632156, -7.500000000000000000 ) ) ;
#3082 = DIRECTION ( 'NONE',  ( 0.000000000000000000, 0.000000000000000000, 1.000000000000000000 ) ) ;
#3083 = ORIENTED_EDGE ( 'NONE', *, *, #305, .F. ) ;
#3084 = CARTESIAN_POINT ( 'NONE',  ( 0.000000000000000000, 0.000000000000000000, -7.500000000000000000 ) ) ;
#3085 = ORIENTED_EDGE ( 'NONE', *, *, #4756, .F. ) ;
#3086 = CARTESIAN_POINT ( 'NONE',  ( -33.38102545714701108, -10.52261896641357453, 1.988130307240467687 ) ) ;
#3087 = DIRECTION ( 'NONE',  ( 0.5000000000000039968, 0.8660254037844363761, 0.000000000000000000 ) ) ;
#3088 = ORIENTED_EDGE ( 'NONE', *, *, #4178, .T. ) ;
#3089 = CARTESIAN_POINT ( 'NONE',  ( -2.010166753098151293, 40.00000000000000000, 4.060590289905081640 ) ) ;
#3090 = AXIS2_PLACEMENT_3D ( 'NONE', #5394, #5102, #4657 ) ;
#3091 = CARTESIAN_POINT ( 'NONE',  ( -21.18798256349752407, 27.85841567354350445, -6.493572096533689830 ) ) ;
#3092 = CARTESIAN_POINT ( 'NONE',  ( 9.348413438075050763, 1.987066617467002416, -2.500000000000000444 ) ) ;
#3093 = ORIENTED_EDGE ( 'NONE', *, *, #5277, .F. ) ;
#3094 = CARTESIAN_POINT ( 'NONE',  ( -35.98270188867872577, -17.67613213520380100, 10.40750713394296234 ) ) ;
#3095 = DIRECTION ( 'NONE',  ( -0.000000000000000000, -0.000000000000000000, 1.000000000000000000 ) ) ;
#3096 = DIRECTION ( 'NONE',  ( -0.7431448254773862505, 0.6691306063588670083, 0.000000000000000000 ) ) ;
#3097 = B_SPLINE_CURVE_WITH_KNOTS ( 'NONE', 3,
 ( #4159, #1606, #1, #3772 ),
 .UNSPECIFIED., .F., .F.,
 ( 4, 4 ),
 ( 0.000000000000000000, 0.002845522393967976366 ),
 .UNSPECIFIED. ) ;
#3098 = EDGE_CURVE ( 'NONE', #2739, #3801, #2804, .T. ) ;
#3099 = FACE_OUTER_BOUND ( 'NONE', #3876, .T. ) ;
#3100 = EDGE_CURVE ( 'NONE', #2108, #2329, #4408, .T. ) ;
#3101 = VECTOR ( 'NONE', #5448, 999.9999999999998863 ) ;
#3102 = DIRECTION ( 'NONE',  ( 0.000000000000000000, 0.4245275616977253752, 0.9054150149842800088 ) ) ;
#3103 = EDGE_CURVE ( 'NONE', #4532, #2941, #3519, .T. ) ;
#3104 = CARTESIAN_POINT ( 'NONE',  ( -3.523653366996165825, -1.895802802118824459, 2.327228584468963302 ) ) ;
#3105 = ADVANCED_FACE ( 'NONE', ( #3940 ), #5212, .F. ) ;
#3106 = CARTESIAN_POINT ( 'NONE',  ( -12.54684518281140626, -32.67968274395641970, -4.553765416902558094 ) ) ;
#3107 = CIRCLE ( 'NONE', #2655, 10.00000000000000000 ) ;
#3108 = VERTEX_POINT ( 'NONE', #2245 ) ;
#3109 = APPLICATION_PROTOCOL_DEFINITION ( 'draft international standard', 'automotive_design', 1998, #325 ) ;
#3110 = AXIS2_PLACEMENT_3D ( 'NONE', #1270, #3425, #517 ) ;
#3111 = VERTEX_POINT ( 'NONE', #157 ) ;
#3112 = FACE_OUTER_BOUND ( 'NONE', #680, .T. ) ;
#3113 = CARTESIAN_POINT ( 'NONE',  ( -2.953356549299125167, -9.089496831186307801, -2.500000000000000444 ) ) ;
#3114 = VECTOR ( 'NONE', #2989, 1000.000000000000000 ) ;
#3115 = ORIENTED_EDGE ( 'NONE', *, *, #3192, .T. ) ;
#3116 =( BOUNDED_CURVE ( )  B_SPLINE_CURVE ( 3, ( #3235, #2843, #742, #5032 ),
 .UNSPECIFIED., .F., .F. ) 
 B_SPLINE_CURVE_WITH_KNOTS ( ( 4, 4 ),
 ( 4.895691063979541902, 4.908383916198270747 ),
 .UNSPECIFIED. ) 
 CURVE ( )  GEOMETRIC_REPRESENTATION_ITEM ( )  RATIONAL_B_SPLINE_CURVE ( ( 1.000000000000000000, 0.9999865743369418247, 0.9999865743369418247, 1.000000000000000000 ) ) 
 REPRESENTATION_ITEM ( '' )  );
#3117 = LINE ( 'NONE', #4777, #3246 ) ;
#3118 = ORIENTED_EDGE ( 'NONE', *, *, #154, .F. ) ;
#3119 = CARTESIAN_POINT ( 'NONE',  ( 18.91226666409619028, -29.45040185848262482, -4.060590289905081640 ) ) ;
#3120 = AXIS2_PLACEMENT_3D ( 'NONE', #2212, #1793, #5177 ) ;
#3121 = DIRECTION ( 'NONE',  ( -0.8660254037844433705, -0.4999999999999920619, 0.000000000000000000 ) ) ;
#3122 = CYLINDRICAL_SURFACE ( 'NONE', #4453, 10.00000000000000000 ) ;
#3123 = ORIENTED_EDGE ( 'NONE', *, *, #3366, .T. ) ;
#3124 = CARTESIAN_POINT ( 'NONE',  ( 24.62207110758339468, 24.87475857919244859, 4.060590289905093186 ) ) ;
#3125 = LINE ( 'NONE', #3635, #3196 ) ;
#3126 = VECTOR ( 'NONE', #2846, 1000.000000000000114 ) ;
#3127 = FACE_OUTER_BOUND ( 'NONE', #4996, .T. ) ;
#3128 = CARTESIAN_POINT ( 'NONE',  ( -34.80045718659386722, 4.599333700957159543, 6.181324516535870117 ) ) ;
#3129 = CARTESIAN_POINT ( 'NONE',  ( 21.30546954598894160, 27.76827267629260021, 6.181324516535934954 ) ) ;
#3130 = AXIS2_PLACEMENT_3D ( 'NONE', #3972, #499, #1837 ) ;
#3131 = EDGE_CURVE ( 'NONE', #1176, #4729, #4817, .T. ) ;
#3132 = AXIS2_PLACEMENT_3D ( 'NONE', #3404, #5092, #2987 ) ;
#3133 = ORIENTED_EDGE ( 'NONE', *, *, #235, .T. ) ;
#3134 = CARTESIAN_POINT ( 'NONE',  ( 33.08372845510527327, -11.73424911946093196, 6.181324516535919855 ) ) ;
#3135 = CARTESIAN_POINT ( 'NONE',  ( -39.83015732249943852, 6.858099625434876501, 4.907591987661793276 ) ) ;
#3136 = ORIENTED_EDGE ( 'NONE', *, *, #4368, .T. ) ;
#3137 = LINE ( 'NONE', #3621, #4976 ) ;
#3138 = ORIENTED_EDGE ( 'NONE', *, *, #2192, .F. ) ;
#3139 = DIRECTION ( 'NONE',  ( -0.9135454576426059736, -0.4067366430757888840, 0.000000000000000000 ) ) ;
#3140 = VERTEX_POINT ( 'NONE', #4431 ) ;
#3141 = ADVANCED_FACE ( 'NONE', ( #2710 ), #1386, .F. ) ;
#3142 = EDGE_CURVE ( 'NONE', #842, #4136, #3628, .T. ) ;
#3143 = CYLINDRICAL_SURFACE ( 'NONE', #1645, 10.00000000000000000 ) ;
#3144 = ORIENTED_EDGE ( 'NONE', *, *, #3258, .T. ) ;
#3145 = DIRECTION ( 'NONE',  ( 0.4067366430757888285, -0.9135454576426059736, -5.751385289190094347E-18 ) ) ;
#3146 = LINE ( 'NONE', #592, #5312 ) ;
#3147 = CARTESIAN_POINT ( 'NONE',  ( -29.83428945573063018, 18.30662890014484745, 6.986545299580320112 ) ) ;
#3148 = DIRECTION ( 'NONE',  ( 0.9510565162951544194, 0.3090169943749448977, 0.000000000000000000 ) ) ;
#3149 = DIRECTION ( 'NONE',  ( -0.09473496022643980441, 0.9013429381507150895, 0.4226182617407003295 ) ) ;
#3150 = VECTOR ( 'NONE', #2949, 999.9999999999998863 ) ;
#3151 = CARTESIAN_POINT ( 'NONE',  ( -21.55501607132232422, 34.18853967300274377, 4.907591987661809263 ) ) ;
#3152 = CARTESIAN_POINT ( 'NONE',  ( 15.06654539569944617, -31.59112549181064367, -6.181324516535939395 ) ) ;
#3153 = CARTESIAN_POINT ( 'NONE',  ( -34.06700188925810835, 8.350590401344023306, 1.226003498143953374 ) ) ;
#3154 = VERTEX_POINT ( 'NONE', #2318 ) ;
#3155 = CARTESIAN_POINT ( 'NONE',  ( -32.61085701990747765, 12.70952416210582392, -4.060590289905078976 ) ) ;
#3156 =( GEOMETRIC_REPRESENTATION_CONTEXT ( 3 ) GLOBAL_UNCERTAINTY_ASSIGNED_CONTEXT ( ( #490 ) ) GLOBAL_UNIT_ASSIGNED_CONTEXT ( ( #1313, #2180, #2151 ) ) REPRESENTATION_CONTEXT ( 'NONE', 'WORKASPACE' ) );
#3157 = ORIENTED_EDGE ( 'NONE', *, *, #3735, .T. ) ;
#3158 = CARTESIAN_POINT ( 'NONE',  ( -33.42937638412499268, -10.36710155098846897, 7.116933741779907230 ) ) ;
#3159 = FACE_OUTER_BOUND ( 'NONE', #3782, .T. ) ;
#3160 = ORIENTED_EDGE ( 'NONE', *, *, #5056, .F. ) ;
#3161 = EDGE_CURVE ( 'NONE', #2122, #2522, #1549, .T. ) ;
#3162 = DIRECTION ( 'NONE',  ( -0.9945218953682745111, -0.1045284632676436593, 0.000000000000000000 ) ) ;
#3163 = ORIENTED_EDGE ( 'NONE', *, *, #1569, .T. ) ;
#3164 = EDGE_CURVE ( 'NONE', #2972, #5004, #575, .T. ) ;
#3165 = EDGE_CURVE ( 'NONE', #167, #5387, #625, .T. ) ;
#3166 = CARTESIAN_POINT ( 'NONE',  ( -33.63399858619261806, -9.683990573967275139, -2.419809470319696842 ) ) ;
#3167 = PLANE ( 'NONE',  #3010 ) ;
#3168 = CARTESIAN_POINT ( 'NONE',  ( 21.55501607132277186, 34.18853967300246666, -4.907591987661793276 ) ) ;
#3169 = B_SPLINE_CURVE_WITH_KNOTS ( 'NONE', 3,
 ( #4598, #1944, #855, #401, #3856, #4627, #1364, #2546, #3408, #2489 ),
 .UNSPECIFIED., .F., .F.,
 ( 4, 2, 2, 2, 4 ),
 ( 6.009258394948636926E-18, 0.002894432855054596306, 0.003618041068818244298, 0.004341649282581891423, 0.005788865710109178733 ),
 .UNSPECIFIED. ) ;
#3170 = CARTESIAN_POINT ( 'NONE',  ( 34.97893663427458932, 1.214080695589971226, 3.846916844037805649 ) ) ;
#3171 = EDGE_LOOP ( 'NONE', ( #2588, #856, #2752, #3894 ) ) ;
#3172 = CARTESIAN_POINT ( 'NONE',  ( -3.060013082642858429, -2.580684802051213644, -1.843346469859983960 ) ) ;
#3173 = CARTESIAN_POINT ( 'NONE',  ( 8.316467632710130786, -39.12590402935227729, -7.500000000000000000 ) ) ;
#3174 = CARTESIAN_POINT ( 'NONE',  ( -27.20303683681821028, -22.03133620872307930, 4.553765416902634477 ) ) ;
#3175 = B_SPLINE_CURVE_WITH_KNOTS ( 'NONE', 3,
 ( #2630, #4353, #2246, #1906, #3520, #968, #3492, #2276, #5266, #2653, #4329, #3991, #3104, #3568, #1833, #3547, #1050, #1437, #1802, #627, #549, #179 ),
 .UNSPECIFIED., .F., .F.,
 ( 4, 2, 2, 2, 2, 2, 2, 2, 2, 2, 4 ),
 ( 0.008037208957471689286, 0.008672380961026229448, 0.009307552964580767876, 0.009942724968135308039, 0.01057789697168984647, 0.01089548297346711742, 0.01121306897524438663, 0.01184824097879892679, 0.01216582698057619601, 0.01248341298235346522, 0.01311858498590800365 ),
 .UNSPECIFIED. ) ;
#3176 = ORIENTED_EDGE ( 'NONE', *, *, #969, .F. ) ;
#3177 = LINE ( 'NONE', #1441, #888 ) ;
#3178 = CARTESIAN_POINT ( 'NONE',  ( -34.35289574523329748, -6.699221479991948947, 0.6473192669892292583 ) ) ;
#3179 = DIRECTION ( 'NONE',  ( -0.000000000000000000, -0.000000000000000000, -1.000000000000000000 ) ) ;
#3180 = CARTESIAN_POINT ( 'NONE',  ( 20.38426070075399466, -28.54426200582931727, 1.418366989929919830 ) ) ;
#3181 = VERTEX_POINT ( 'NONE', #3491 ) ;
#3182 = AXIS2_PLACEMENT_3D ( 'NONE', #4476, #2423, #1556 ) ;
#3183 = CARTESIAN_POINT ( 'NONE',  ( 25.11169678796741778, -24.38370635285266275, 5.331456580176186399 ) ) ;
#3184 = ORIENTED_EDGE ( 'NONE', *, *, #4143, .T. ) ;
#3185 = AXIS2_PLACEMENT_3D ( 'NONE', #948, #4338, #4718 ) ;
#3186 = CARTESIAN_POINT ( 'NONE',  ( 15.89025900434883098, -31.19109900375092792, -4.553765416902619378 ) ) ;
#3187 = EDGE_LOOP ( 'NONE', ( #2747, #1323, #719, #1317, #4296, #4719, #5210 ) ) ;
#3188 = CIRCLE ( 'NONE', #796, 10.00000000000000000 ) ;
#3189 = LINE ( 'NONE', #1091, #787 ) ;
#3190 = EDGE_CURVE ( 'NONE', #2420, #3680, #4352, .T. ) ;
#3191 = VERTEX_POINT ( 'NONE', #3567 ) ;
#3192 = EDGE_CURVE ( 'NONE', #4388, #337, #5265, .T. ) ;
#3193 = CARTESIAN_POINT ( 'NONE',  ( -3.877232361755512002, 0.9946975421738456502, 1.563857950168284994 ) ) ;
#3194 = PLANE ( 'NONE',  #1498 ) ;
#3195 = AXIS2_PLACEMENT_3D ( 'NONE', #1706, #3395, #5084 ) ;
#3196 = VECTOR ( 'NONE', #4380, 1000.000000000000114 ) ;
#3197 = B_SPLINE_CURVE_WITH_KNOTS ( 'NONE', 3,
 ( #2030, #2086, #3794, #5496 ),
 .UNSPECIFIED., .F., .F.,
 ( 4, 4 ),
 ( 3.878959614448864246E-18, 0.002794378677442424345 ),
 .UNSPECIFIED. ) ;
#3198 = ADVANCED_FACE ( 'NONE', ( #4762 ), #1460, .T. ) ;
#3199 = CARTESIAN_POINT ( 'NONE',  ( -3.919412154882405908, 0.8223630688716099257, -1.741733636055038614 ) ) ;
#3200 = EDGE_CURVE ( 'NONE', #2895, #5004, #1075, .T. ) ;
#3201 = CARTESIAN_POINT ( 'NONE',  ( -34.54069020992839256, -5.651612143606314476, 4.060590289905087857 ) ) ;
#3202 = VECTOR ( 'NONE', #3236, 1000.000000000000227 ) ;
#3203 = CARTESIAN_POINT ( 'NONE',  ( 25.38912718229144971, -24.09133082503808154, 6.181324516535913638 ) ) ;
#3204 = CARTESIAN_POINT ( 'NONE',  ( 0.000000000000000000, 0.000000000000000000, -7.500000000000000000 ) ) ;
#3205 = ORIENTED_EDGE ( 'NONE', *, *, #5198, .F. ) ;
#3206 = CARTESIAN_POINT ( 'NONE',  ( -19.57657445469518365, -35.21950520599222756, 3.846916844037859828 ) ) ;
#3207 = CARTESIAN_POINT ( 'NONE',  ( -34.11028262762545182, -7.842660490363013714, 2.169587480127849410 ) ) ;
#3208 = VECTOR ( 'NONE', #2328, 1000.000000000000114 ) ;
#3209 = CARTESIAN_POINT ( 'NONE',  ( 0.000000000000000000, 0.000000000000000000, -7.500000000000000000 ) ) ;
#3210 = CARTESIAN_POINT ( 'NONE',  ( 24.38031330777119976, -25.11175666923593042, -7.500000000000000000 ) ) ;
#3211 = AXIS2_PLACEMENT_3D ( 'NONE', #1208, #1292, #3365 ) ;
#3212 = CARTESIAN_POINT ( 'NONE',  ( -16.84605342347209245, -30.67984400899689135, 6.073605354730924333 ) ) ;
#3213 = CARTESIAN_POINT ( 'NONE',  ( -33.13856300680330236, -11.26213309476178637, -7.116933741779869038 ) ) ;
#3214 = CARTESIAN_POINT ( 'NONE',  ( 33.85320839637731893, 8.885959783357703756, -4.060590289905089634 ) ) ;
#3215 = AXIS2_PLACEMENT_3D ( 'NONE', #4790, #994, #1512 ) ;
#3216 = ORIENTED_EDGE ( 'NONE', *, *, #4757, .T. ) ;
#3217 = CIRCLE ( 'NONE', #825, 9.999999999999998224 ) ;
#3218 = DIRECTION ( 'NONE',  ( 0.5877852522924690293, -0.8090169943749504489, 7.389029207361502333E-17 ) ) ;
#3219 = VERTEX_POINT ( 'NONE', #2217 ) ;
#3220 = DIRECTION ( 'NONE',  ( -0.7431448254773954654, -0.6691306063588569053, 1.255587870214664394E-17 ) ) ;
#3221 = CARTESIAN_POINT ( 'NONE',  ( -33.07920128757713485, -11.43536051579093993, -0.3253363015291703686 ) ) ;
#3222 = ORIENTED_EDGE ( 'NONE', *, *, #3070, .T. ) ;
#3223 = CARTESIAN_POINT ( 'NONE',  ( 16.34876867560779701, -30.94701541007575329, 7.500000000000000000 ) ) ;
#3224 = CARTESIAN_POINT ( 'NONE',  ( 27.31219930434933474, 21.88706853736927727, -4.060590289905079864 ) ) ;
#3225 = ADVANCED_FACE ( 'NONE', ( #1832 ), #1413, .F. ) ;
#3226 = DIRECTION ( 'NONE',  ( 1.000000000000000000, 0.000000000000000000, 0.000000000000000000 ) ) ;
#3227 = ORIENTED_EDGE ( 'NONE', *, *, #4916, .F. ) ;
#3228 = CARTESIAN_POINT ( 'NONE',  ( 34.89198990789994070, 2.747551685957806633, 6.181324516535886993 ) ) ;
#3229 = EDGE_CURVE ( 'NONE', #2770, #3501, #3299, .T. ) ;
#3230 = CARTESIAN_POINT ( 'NONE',  ( 11.72766234065623614, -32.97738814324709722, 6.196689755746679573 ) ) ;
#3231 = CARTESIAN_POINT ( 'NONE',  ( 0.9990059679537335313, 9.504906871054897621, -2.500000000000000444 ) ) ;
#3232 = EDGE_CURVE ( 'NONE', #5043, #2437, #1392, .T. ) ;
#3233 = EDGE_CURVE ( 'NONE', #5142, #371, #3830, .T. ) ;
#3234 = ORIENTED_EDGE ( 'NONE', *, *, #2294, .F. ) ;
#3235 = CARTESIAN_POINT ( 'NONE',  ( -13.39529478388848815, -32.33521420452834150, -6.181324516535871894 ) ) ;
#3236 = DIRECTION ( 'NONE',  ( 0.3419053558814240668, -0.2484087816006667615, 0.9063077870366496036 ) ) ;
#3237 = CARTESIAN_POINT ( 'NONE',  ( -8.316467632710656588, -39.12590402935217071, 0.000000000000000000 ) ) ;
#3238 = DIRECTION ( 'NONE',  ( -0.2079116908177665035, -0.9781476007338042455, -1.210421782298574553E-16 ) ) ;
#3239 = CARTESIAN_POINT ( 'NONE',  ( 18.46916594729372818, -29.81916979033890414, -1.226003498143974468 ) ) ;
#3240 = CARTESIAN_POINT ( 'NONE',  ( -33.63593277482869581, -21.74085547402552976, 4.060590289905082528 ) ) ;
#3241 = CARTESIAN_POINT ( 'NONE',  ( -11.82623245630328235, 38.52007321156875008, -3.846916844037858052 ) ) ;
#3242 = ORIENTED_EDGE ( 'NONE', *, *, #934, .F. ) ;
#3243 = CARTESIAN_POINT ( 'NONE',  ( -25.37617648291889338, -24.10948270128772819, -6.986545299580305013 ) ) ;
#3244 = ORIENTED_EDGE ( 'NONE', *, *, #587, .T. ) ;
#3245 = B_SPLINE_CURVE_WITH_KNOTS ( 'NONE', 3,
 ( #4699, #481, #2185, #99 ),
 .UNSPECIFIED., .F., .F.,
 ( 4, 4 ),
 ( 0.000000000000000000, 0.002794378677442416539 ),
 .UNSPECIFIED. ) ;
#3246 = VECTOR ( 'NONE', #4804, 1000.000000000000114 ) ;
#3247 = CARTESIAN_POINT ( 'NONE',  ( 20.18994489921261959, 28.58961568413887022, -7.116933741779871703 ) ) ;
#3248 = CARTESIAN_POINT ( 'NONE',  ( -3.668084379435196496, 1.595524125836492058, 0.2497928123174445736 ) ) ;
#3249 = CARTESIAN_POINT ( 'NONE',  ( 16.26946572303204164, 36.54181830570401956, -7.500000000000000000 ) ) ;
#3250 = VERTEX_POINT ( 'NONE', #3203 ) ;
#3251 =( BOUNDED_CURVE ( )  B_SPLINE_CURVE ( 3, ( #1499, #4004, #271, #3247 ),
 .UNSPECIFIED., .F., .F. ) 
 B_SPLINE_CURVE_WITH_KNOTS ( ( 4, 4 ),
 ( 4.895691063979541902, 4.908383916198270747 ),
 .UNSPECIFIED. ) 
 CURVE ( )  GEOMETRIC_REPRESENTATION_ITEM ( )  RATIONAL_B_SPLINE_CURVE ( ( 1.000000000000000000, 0.9999865743369418247, 0.9999865743369418247, 1.000000000000000000 ) ) 
 REPRESENTATION_ITEM ( '' )  );
#3252 = CARTESIAN_POINT ( 'NONE',  ( -23.51141009169919371, -32.36067977499769910, 0.000000000000000000 ) ) ;
#3253 = DIRECTION ( 'NONE',  ( 0.5877852522924689183, -0.8090169943749505599, 0.000000000000000000 ) ) ;
#3254 = VERTEX_POINT ( 'NONE', #4063 ) ;
#3255 = LINE ( 'NONE', #4558, #4116 ) ;
#3256 = ORIENTED_EDGE ( 'NONE', *, *, #1907, .T. ) ;
#3257 = CYLINDRICAL_SURFACE ( 'NONE', #4459, 10.00000000000000000 ) ;
#3258 = EDGE_CURVE ( 'NONE', #4637, #3001, #3046, .T. ) ;
#3259 = ORIENTED_EDGE ( 'NONE', *, *, #3165, .F. ) ;
#3260 = CARTESIAN_POINT ( 'NONE',  ( 31.07085711747879131, 25.27137923344269765, -4.060590289905082528 ) ) ;
#3261 = EDGE_CURVE ( 'NONE', #5038, #1238, #1538, .T. ) ;
#3262 = CARTESIAN_POINT ( 'NONE',  ( 0.000000000000000000, 0.000000000000000000, -7.500000000000000000 ) ) ;
#3263 = B_SPLINE_CURVE_WITH_KNOTS ( 'NONE', 3,
 ( #3279, #4969, #4556, #3170 ),
 .UNSPECIFIED., .F., .F.,
 ( 4, 4 ),
 ( 1.939479807224432123E-18, 0.002794378677442429116 ),
 .UNSPECIFIED. ) ;
#3264 = EDGE_CURVE ( 'NONE', #54, #2770, #1894, .T. ) ;
#3265 = CARTESIAN_POINT ( 'NONE',  ( 25.37617648291858430, -24.10948270128806570, 6.986545299580314783 ) ) ;
#3266 = CARTESIAN_POINT ( 'NONE',  ( 26.32257486426691528, -23.06777086142187372, -7.116933741779872591 ) ) ;
#3267 = CARTESIAN_POINT ( 'NONE',  ( -21.88515102691529890, -33.54222614711744654, 4.060590289905085193 ) ) ;
#3268 = CARTESIAN_POINT ( 'NONE',  ( 31.46103756886250835, 15.33633316965379301, 3.846916844037795880 ) ) ;
#3269 = CARTESIAN_POINT ( 'NONE',  ( -39.78087581473097600, -4.181138530705745815, 7.500000000000000000 ) ) ;
#3270 = VERTEX_POINT ( 'NONE', #650 ) ;
#3271 = CARTESIAN_POINT ( 'NONE',  ( -33.99464982808485303, 22.02417845827735476, 6.181324516535897651 ) ) ;
#3272 = ORIENTED_EDGE ( 'NONE', *, *, #4730, .T. ) ;
#3273 = CARTESIAN_POINT ( 'NONE',  ( -33.10009642001384123, -11.37473713700417832, -0.6477324273314073455 ) ) ;
#3274 = AXIS2_PLACEMENT_3D ( 'NONE', #4344, #509, #169 ) ;
#3275 = DIRECTION ( 'NONE',  ( -0.000000000000000000, -0.000000000000000000, -1.000000000000000000 ) ) ;
#3276 = DIRECTION ( 'NONE',  ( -0.000000000000000000, -0.000000000000000000, -1.000000000000000000 ) ) ;
#3277 = ORIENTED_EDGE ( 'NONE', *, *, #1406, .T. ) ;
#3278 = AXIS2_PLACEMENT_3D ( 'NONE', #936, #2626, #2102 ) ;
#3279 = CARTESIAN_POINT ( 'NONE',  ( 34.89198990789994070, 2.747551685957806633, 6.181324516535886993 ) ) ;
#3280 = CARTESIAN_POINT ( 'NONE',  ( -26.61324244213300005, -22.73181309786466997, 6.181324516535961600 ) ) ;
#3281 = ORIENTED_EDGE ( 'NONE', *, *, #154, .T. ) ;
#3282 = DIRECTION ( 'NONE',  ( 0.3419053558814274529, 0.2484087816006621541, 0.9063077870366496036 ) ) ;
#3283 = B_SPLINE_CURVE_WITH_KNOTS ( 'NONE', 3,
 ( #3210, #2462, #4569, #3266 ),
 .UNSPECIFIED., .F., .F.,
 ( 4, 4 ),
 ( 0.000000000000000000, 0.002845522393967972463 ),
 .UNSPECIFIED. ) ;
#3284 = FACE_OUTER_BOUND ( 'NONE', #270, .T. ) ;
#3285 = ORIENTED_EDGE ( 'NONE', *, *, #1331, .T. ) ;
#3286 = DIRECTION ( 'NONE',  ( -0.000000000000000000, -0.000000000000000000, 1.000000000000000000 ) ) ;
#3287 = CARTESIAN_POINT ( 'NONE',  ( -25.59230323198189794, -23.87584436691816592, -6.805446025395979426 ) ) ;
#3288 = CARTESIAN_POINT ( 'NONE',  ( -34.98660693795466159, 1.001667345025274658, -6.220059499863920038 ) ) ;
#3289 = EDGE_CURVE ( 'NONE', #2278, #2675, #5313, .T. ) ;
#3290 = LINE ( 'NONE', #4985, #4451 ) ;
#3292 = VECTOR ( 'NONE', #2923, 1000.000000000000114 ) ;
#3291 = CARTESIAN_POINT ( 'NONE',  ( -25.71430168786227100, -23.76186984133736857, 7.374970462211831723 ) ) ;
#3293 = DIRECTION ( 'NONE',  ( -0.2079116908177532363, 0.9781476007338069101, -1.173001312028966293E-17 ) ) ;
#3294 = ORIENTED_EDGE ( 'NONE', *, *, #5402, .T. ) ;
#3295 = AXIS2_PLACEMENT_3D ( 'NONE', #3349, #403, #5070 ) ;
#3296 = CARTESIAN_POINT ( 'NONE',  ( 16.04866282905819830, 31.10370430349423998, -4.060590289905084305 ) ) ;
#3297 = ORIENTED_EDGE ( 'NONE', *, *, #3638, .T. ) ;
#3298 = CARTESIAN_POINT ( 'NONE',  ( 34.02260908270800144, -8.216341274074308032, -6.196689755746675132 ) ) ;
#3299 = CIRCLE ( 'NONE', #3215, 35.00000000000000711 ) ;
#3300 = CARTESIAN_POINT ( 'NONE',  ( -24.30771486652021451, -25.18203720845382776, -3.846916844037805649 ) ) ;
#3301 = ADVANCED_FACE ( 'NONE', ( #4090 ), #2813, .T. ) ;
#3302 = AXIS2_PLACEMENT_3D ( 'NONE', #3309, #2130, #3809 ) ;
#3303 = EDGE_CURVE ( 'NONE', #2093, #3959, #3569, .T. ) ;
#3304 = CARTESIAN_POINT ( 'NONE',  ( -18.14649758419894354, 29.92903222273516661, 6.073605354730920780 ) ) ;
#3305 = CARTESIAN_POINT ( 'NONE',  ( -4.863724327625677191, 40.00000000000000000, 3.846916844037866490 ) ) ;
#3306 = ORIENTED_EDGE ( 'NONE', *, *, #2611, .T. ) ;
#3307 = ORIENTED_EDGE ( 'NONE', *, *, #724, .T. ) ;
#3308 = EDGE_LOOP ( 'NONE', ( #4415, #4428, #2205, #3949 ) ) ;
#3309 = CARTESIAN_POINT ( 'NONE',  ( 0.000000000000000000, 0.000000000000000000, 7.500000000000000000 ) ) ;
#3310 = FACE_OUTER_BOUND ( 'NONE', #3625, .T. ) ;
#3311 = CARTESIAN_POINT ( 'NONE',  ( 33.29933041407641525, -22.32386786479603913, 10.40750713394292504 ) ) ;
#3312 =( BOUNDED_CURVE ( )  B_SPLINE_CURVE ( 3, ( #5027, #3362, #869, #5051 ),
 .UNSPECIFIED., .F., .F. ) 
 B_SPLINE_CURVE_WITH_KNOTS ( ( 4, 4 ),
 ( 1.431381591588104518, 1.466076571675246631 ),
 .UNSPECIFIED. ) 
 CURVE ( )  GEOMETRIC_REPRESENTATION_ITEM ( )  RATIONAL_B_SPLINE_CURVE ( ( 1.000000000000000000, 0.9998996907119852562, 0.9998996907119852562, 1.000000000000000000 ) ) 
 REPRESENTATION_ITEM ( '' )  );
#3313 = ORIENTED_EDGE ( 'NONE', *, *, #1639, .F. ) ;
#3314 = CARTESIAN_POINT ( 'NONE',  ( -9.482694005717627661, 33.69161182135323429, -6.425211645992653153 ) ) ;
#3315 = CARTESIAN_POINT ( 'NONE',  ( 27.31219930434933474, 21.88706853736927727, -4.060590289905079864 ) ) ;
#3316 = CARTESIAN_POINT ( 'NONE',  ( 24.59208094719048532, -24.90538917970144794, 6.531040695676800567 ) ) ;
#3317 = CARTESIAN_POINT ( 'NONE',  ( -4.663435127594490304, -34.69388051900229897, 4.798630682669627667 ) ) ;
#3318 = CARTESIAN_POINT ( 'NONE',  ( -18.91226666409658463, -29.45040185848237257, 4.060590289905086969 ) ) ;
#3319 = B_SPLINE_CURVE_WITH_KNOTS ( 'NONE', 3,
 ( #2580, #5501, #5415, #3744 ),
 .UNSPECIFIED., .F., .F.,
 ( 4, 4 ),
 ( 0.000000000000000000, 0.002845522393967939937 ),
 .UNSPECIFIED. ) ;
#3320 = ORIENTED_EDGE ( 'NONE', *, *, #4651, .F. ) ;
#3321 = ORIENTED_EDGE ( 'NONE', *, *, #5127, .T. ) ;
#3322 = CYLINDRICAL_SURFACE ( 'NONE', #1010, 10.00000000000000000 ) ;
#3323 = CARTESIAN_POINT ( 'NONE',  ( -0.9990059679536045234, 9.504906871054904727, 2.500000000000000444 ) ) ;
#3324 = ORIENTED_EDGE ( 'NONE', *, *, #5304, .T. ) ;
#3325 = EDGE_CURVE ( 'NONE', #1124, #3518, #4069, .T. ) ;
#3326 = CARTESIAN_POINT ( 'NONE',  ( 20.71269898976025203, 34.56356339983946668, -3.846916844037794547 ) ) ;
#3327 = CARTESIAN_POINT ( 'NONE',  ( 30.07287676292399681, 17.90592313180157902, -7.116933741779884137 ) ) ;
#3328 = ORIENTED_EDGE ( 'NONE', *, *, #404, .F. ) ;
#3329 = EDGE_CURVE ( 'NONE', #3805, #2136, #2896, .T. ) ;
#3330 = VECTOR ( 'NONE', #4128, 1000.000000000000000 ) ;
#3331 = EDGE_CURVE ( 'NONE', #4698, #3420, #915, .T. ) ;
#3332 = FACE_OUTER_BOUND ( 'NONE', #4193, .T. ) ;
#3333 = CYLINDRICAL_SURFACE ( 'NONE', #3486, 35.00000000000000711 ) ;
#3334 = EDGE_LOOP ( 'NONE', ( #2210, #379, #4575, #2411 ) ) ;
#3335 = LINE ( 'NONE', #704, #52 ) ;
#3336 = LINE ( 'NONE', #5030, #4381 ) ;
#3337 = CARTESIAN_POINT ( 'NONE',  ( 33.13856300680314604, -11.26213309476223046, 7.116933741779901901 ) ) ;
#3338 = ORIENTED_EDGE ( 'NONE', *, *, #2720, .T. ) ;
#3339 = DIRECTION ( 'NONE',  ( -0.4303270360089761493, 0.000000000000000000, -0.9026730538128018289 ) ) ;
#3340 = CARTESIAN_POINT ( 'NONE',  ( -38.87146803967903708, 9.808641848437485322, -10.40750713394292326 ) ) ;
#3341 = CARTESIAN_POINT ( 'NONE',  ( 2.270594410032581223, -34.92693221214755539, -6.425211645992642495 ) ) ;
#3342 = VERTEX_POINT ( 'NONE', #1568 ) ;
#3343 = CARTESIAN_POINT ( 'NONE',  ( -11.96374522200462032, -32.89177405162212153, -3.846916844037805205 ) ) ;
#3344 =( BOUNDED_CURVE ( )  B_SPLINE_CURVE ( 3, ( #2671, #1081, #927, #2768 ),
 .UNSPECIFIED., .F., .F. ) 
 B_SPLINE_CURVE_WITH_KNOTS ( ( 4, 4 ),
 ( 4.895691063979542790, 4.908383916198270747 ),
 .UNSPECIFIED. ) 
 CURVE ( )  GEOMETRIC_REPRESENTATION_ITEM ( )  RATIONAL_B_SPLINE_CURVE ( ( 1.000000000000000000, 0.9999865743369418247, 0.9999865743369418247, 1.000000000000000000 ) ) 
 REPRESENTATION_ITEM ( '' )  );
#3345 = VERTEX_POINT ( 'NONE', #5320 ) ;
#3346 = CARTESIAN_POINT ( 'NONE',  ( 16.61975304347790328, 30.80903733370933750, -4.798630682669618785 ) ) ;
#3347 = EDGE_CURVE ( 'NONE', #3532, #5438, #2118, .T. ) ;
#3348 = ORIENTED_EDGE ( 'NONE', *, *, #2786, .F. ) ;
#3349 = CARTESIAN_POINT ( 'NONE',  ( -28.19218434394719353, -28.95989821674697495, -4.907591987661805710 ) ) ;
#3350 = ORIENTED_EDGE ( 'NONE', *, *, #4139, .F. ) ;
#3351 = LINE ( 'NONE', #1251, #2312 ) ;
#3352 = ORIENTED_EDGE ( 'NONE', *, *, #306, .F. ) ;
#3353 = CYLINDRICAL_SURFACE ( 'NONE', #809, 10.00000000000000000 ) ;
#3354 = CARTESIAN_POINT ( 'NONE',  ( -27.44624572870318246, -29.50185434400319195, -3.846916844037806982 ) ) ;
#3355 = ORIENTED_EDGE ( 'NONE', *, *, #2825, .F. ) ;
#3356 = ADVANCED_FACE ( 'NONE', ( #4951 ), #2432, .T. ) ;
#3357 = AXIS2_PLACEMENT_3D ( 'NONE', #4378, #986, #2676 ) ;
#3358 = CARTESIAN_POINT ( 'NONE',  ( 8.169140914312201573, 34.03329453229751067, 6.181324516535968705 ) ) ;
#3359 = EDGE_CURVE ( 'NONE', #4691, #3805, #3487, .T. ) ;
#3360 = ADVANCED_FACE ( 'NONE', ( #4542 ), #4181, .T. ) ;
#3361 = ORIENTED_EDGE ( 'NONE', *, *, #1003, .T. ) ;
#3362 = CARTESIAN_POINT ( 'NONE',  ( -34.99297817373714281, 0.8095292346432775288, -3.385771484590285763 ) ) ;
#3363 = DIRECTION ( 'NONE',  ( -0.5877852522924797984, -0.8090169943749426773, 0.000000000000000000 ) ) ;
#3364 = AXIS2_PLACEMENT_3D ( 'NONE', #4566, #2512, #3646 ) ;
#3365 = DIRECTION ( 'NONE',  ( 0.8090169943749426773, -0.5877852522924796874, 0.000000000000000000 ) ) ;
#3366 = EDGE_CURVE ( 'NONE', #1412, #570, #1782, .T. ) ;
#3367 = DIRECTION ( 'NONE',  ( 0.9945218953682742891, 0.1045284632676436593, -3.185306204917224753E-19 ) ) ;
#3368 = ADVANCED_FACE ( 'NONE', ( #744 ), #1191, .T. ) ;
#3369 = EDGE_LOOP ( 'NONE', ( #1574, #752, #4217, #3313, #3256, #881, #2637, #4760, #2859, #2444, #2515, #4262, #3429 ) ) ;
#3370 = CARTESIAN_POINT ( 'NONE',  ( 13.80463082539309916, -32.16258956885479137, 7.116933741779889466 ) ) ;
#3371 = DIRECTION ( 'NONE',  ( -0.2079116908177663647, -0.9781476007338041345, 0.000000000000000000 ) ) ;
#3372 = DIRECTION ( 'NONE',  ( -0.5877852522924797984, -0.8090169943749426773, 0.000000000000000000 ) ) ;
#3373 = ORIENTED_EDGE ( 'NONE', *, *, #5398, .F. ) ;
#3374 = CARTESIAN_POINT ( 'NONE',  ( -35.00000000000000711, 0.000000000000000000, 7.500000000000000000 ) ) ;
#3375 = VERTEX_POINT ( 'NONE', #4096 ) ;
#3376 = CARTESIAN_POINT ( 'NONE',  ( 2.010166753098153958, 34.94222702726229102, -4.060590289905086081 ) ) ;
#3377 = ORIENTED_EDGE ( 'NONE', *, *, #3405, .T. ) ;
#3378 = AXIS2_PLACEMENT_3D ( 'NONE', #2373, #1622, #4567 ) ;
#3379 = CARTESIAN_POINT ( 'NONE',  ( -25.13766915648310274, -31.17913340287794455, -4.060590289905085193 ) ) ;
#3380 = PLANE ( 'NONE',  #3718 ) ;
#3381 = ORIENTED_EDGE ( 'NONE', *, *, #2315, .T. ) ;
#3382 = LINE ( 'NONE', #3664, #1758 ) ;
#3383 = CARTESIAN_POINT ( 'NONE',  ( -2.348058200542304963, -34.92114864500975102, -7.500000000000000000 ) ) ;
#3384 = ORIENTED_EDGE ( 'NONE', *, *, #181, .T. ) ;
#3385 = CIRCLE ( 'NONE', #4977, 35.00000000000000711 ) ;
#3386 = CARTESIAN_POINT ( 'NONE',  ( -40.44773672037899104, 2.163619165903019059, -6.181324516535939395 ) ) ;
#3387 = CARTESIAN_POINT ( 'NONE',  ( -12.13177195147100740, -32.83087421992175337, -6.425211645992651377 ) ) ;
#3388 = ORIENTED_EDGE ( 'NONE', *, *, #4426, .T. ) ;
#3389 = AXIS2_PLACEMENT_3D ( 'NONE', #3173, #1858, #1801 ) ;
#3390 = AXIS2_PLACEMENT_3D ( 'NONE', #5283, #4692, #2265 ) ;
#3391 = CARTESIAN_POINT ( 'NONE',  ( -34.73847744477499333, 4.273185435932843390, 6.805446025395992748 ) ) ;
#3392 = EDGE_LOOP ( 'NONE', ( #2347, #3537, #2045, #1255 ) ) ;
#3393 = CARTESIAN_POINT ( 'NONE',  ( -20.71269898975981150, 34.56356339983972958, 3.846916844037817196 ) ) ;
#3394 = CARTESIAN_POINT ( 'NONE',  ( -34.97528585423798830, 1.315058711366400068, 7.500000000000000000 ) ) ;
#3395 = DIRECTION ( 'NONE',  ( -0.000000000000000000, -0.000000000000000000, -1.000000000000000000 ) ) ;
#3396 = CARTESIAN_POINT ( 'NONE',  ( -29.35924654517992138, 19.06356814938959943, 4.553765416902583851 ) ) ;
#3397 = ORIENTED_EDGE ( 'NONE', *, *, #4180, .T. ) ;
#3398 = DIRECTION ( 'NONE',  ( 0.9945218953682730678, -0.1045284632676571068, 0.000000000000000000 ) ) ;
#3399 = VERTEX_POINT ( 'NONE', #713 ) ;
#3400 = ORIENTED_EDGE ( 'NONE', *, *, #4887, .F. ) ;
#3401 = CARTESIAN_POINT ( 'NONE',  ( -16.04866282905775421, 31.10370430349447091, 4.060590289905078976 ) ) ;
#3402 = CARTESIAN_POINT ( 'NONE',  ( 5.298657715558063863, -34.59659269947486848, -4.060590289905086969 ) ) ;
#3403 = ADVANCED_FACE ( 'NONE', ( #2872 ), #2021, .F. ) ;
#3404 = CARTESIAN_POINT ( 'NONE',  ( -33.59721887963074494, 22.46557024341091946, 4.907591987661827027 ) ) ;
#3405 = EDGE_CURVE ( 'NONE', #1998, #1421, #290, .T. ) ;
#3406 = CARTESIAN_POINT ( 'NONE',  ( 32.84289093324602504, -12.13516691182490703, -7.500000000000000000 ) ) ;
#3407 = ORIENTED_EDGE ( 'NONE', *, *, #3543, .T. ) ;
#3408 = CARTESIAN_POINT ( 'NONE',  ( -26.62994116380193788, -22.71703595604814652, 6.986545299580323665 ) ) ;
#3409 = VERTEX_POINT ( 'NONE', #2191 ) ;
#3410 = CARTESIAN_POINT ( 'NONE',  ( -34.48440802350659595, 5.985449295442632156, -7.500000000000000000 ) ) ;
#3411 = ORIENTED_EDGE ( 'NONE', *, *, #1231, .F. ) ;
#3412 = LINE ( 'NONE', #3439, #693 ) ;
#3413 = CARTESIAN_POINT ( 'NONE',  ( -15.06654539569986717, -31.59112549181045182, 6.181324516535948277 ) ) ;
#3414 = EDGE_LOOP ( 'NONE', ( #1620, #2584, #3350, #5418 ) ) ;
#3415 = CARTESIAN_POINT ( 'NONE',  ( -20.18994489921224655, 28.58961568413912602, 7.116933741779901901 ) ) ;
#3416 = LINE ( 'NONE', #2204, #672 ) ;
#3417 = VERTEX_POINT ( 'NONE', #18 ) ;
#3418 = CARTESIAN_POINT ( 'NONE',  ( 37.21305326393319035, 14.91271770155861276, -10.40750713394293037 ) ) ;
#3419 = CARTESIAN_POINT ( 'NONE',  ( 8.561060746006525335, 33.93922052693826430, 5.331456580176260118 ) ) ;
#3420 = VERTEX_POINT ( 'NONE', #2168 ) ;
#3421 = CARTESIAN_POINT ( 'NONE',  ( 37.83086934925970013, -14.47501219258210270, 6.181324516535918079 ) ) ;
#3422 = DIRECTION ( 'NONE',  ( -0.7431448254773862505, 0.6691306063588671194, 0.000000000000000000 ) ) ;
#3423 = LINE ( 'NONE', #2286, #2726 ) ;
#3424 = ORIENTED_EDGE ( 'NONE', *, *, #4798, .F. ) ;
#3425 = DIRECTION ( 'NONE',  ( 0.000000000000000000, 1.000000000000000000, 0.000000000000000000 ) ) ;
#3426 = ORIENTED_EDGE ( 'NONE', *, *, #3161, .T. ) ;
#3427 = CARTESIAN_POINT ( 'NONE',  ( 21.88515102691485481, -33.54222614711773787, -4.060590289905083416 ) ) ;
#3428 = CARTESIAN_POINT ( 'NONE',  ( -10.04275071607176351, 39.31413044204377627, -7.116933741779896572 ) ) ;
#3429 = ORIENTED_EDGE ( 'NONE', *, *, #1202, .T. ) ;
#3430 =( BOUNDED_CURVE ( )  B_SPLINE_CURVE ( 3, ( #3300, #2904, #2469, #1170 ),
 .UNSPECIFIED., .F., .F. ) 
 B_SPLINE_CURVE_WITH_KNOTS ( ( 4, 4 ),
 ( 1.431381591588105184, 1.628261284377777729 ),
 .UNSPECIFIED. ) 
 CURVE ( )  GEOMETRIC_REPRESENTATION_ITEM ( )  RATIONAL_B_SPLINE_CURVE ( ( 1.000000000000000000, 0.9967724731469831401, 0.9967724731469831401, 1.000000000000000000 ) ) 
 REPRESENTATION_ITEM ( '' )  );
#3431 = ADVANCED_FACE ( 'NONE', ( #2629 ), #3458, .T. ) ;
#3432 = ORIENTED_EDGE ( 'NONE', *, *, #547, .T. ) ;
#3433 = EDGE_CURVE ( 'NONE', #2198, #4631, #909, .T. ) ;
#3434 = EDGE_CURVE ( 'NONE', #5073, #3998, #771, .T. ) ;
#3435 = CARTESIAN_POINT ( 'NONE',  ( -32.85842340205145007, -12.06177692566390292, -5.331456580176149984 ) ) ;
#3436 = VERTEX_POINT ( 'NONE', #1737 ) ;
#3437 = AXIS2_PLACEMENT_3D ( 'NONE', #4111, #733, #60 ) ;
#3438 = ORIENTED_EDGE ( 'NONE', *, *, #2387, .T. ) ;
#3439 = CARTESIAN_POINT ( 'NONE',  ( -39.78087581473097600, -4.181138530705745815, -7.500000000000000000 ) ) ;
#3440 = CARTESIAN_POINT ( 'NONE',  ( 29.99711717564263225, 18.03316084611278214, -6.805446025395987419 ) ) ;
#3441 = ORIENTED_EDGE ( 'NONE', *, *, #4921, .T. ) ;
#3442 = CARTESIAN_POINT ( 'NONE',  ( -33.34274406755342568, -10.64307656117172129, 1.884802024529209197 ) ) ;
#3443 = B_SPLINE_CURVE_WITH_KNOTS ( 'NONE', 3,
 ( #3720, #4199, #1205, #2885, #2473, #4165, #359, #2067, #3749, #1641 ),
 .UNSPECIFIED., .F., .F.,
 ( 4, 2, 2, 2, 4 ),
 ( 6.009258394948636926E-18, 0.002894432855054564647, 0.003618041068818202664, 0.004341649282581840248, 0.005788865710109114548 ),
 .UNSPECIFIED. ) ;
#3444 = DIRECTION ( 'NONE',  ( -0.000000000000000000, -0.000000000000000000, -1.000000000000000000 ) ) ;
#3445 = ORIENTED_EDGE ( 'NONE', *, *, #4992, .T. ) ;
#3446 = DIRECTION ( 'NONE',  ( -0.9945218953682742891, -0.1045284632676436315, -1.847257301840375583E-17 ) ) ;
#3447 = CARTESIAN_POINT ( 'NONE',  ( -31.07085711747844314, 25.27137923344312398, 4.060590289905086081 ) ) ;
#3448 = CYLINDRICAL_SURFACE ( 'NONE', #352, 35.00000000000000711 ) ;
#3449 = ORIENTED_EDGE ( 'NONE', *, *, #4075, .F. ) ;
#3450 = CARTESIAN_POINT ( 'NONE',  ( 33.04237444862319961, -11.54224500467658920, 6.493572096533729798 ) ) ;
#3451 = DIRECTION ( 'NONE',  ( 0.4531538935183176409, -0.7848855672213999046, -0.4226182617406999409 ) ) ;
#3452 = FACE_OUTER_BOUND ( 'NONE', #2700, .T. ) ;
#3453 = VECTOR ( 'NONE', #2429, 1000.000000000000000 ) ;
#3454 = CARTESIAN_POINT ( 'NONE',  ( -24.39822780379180145, 24.67320916317013513, -4.060590289905081640 ) ) ;
#3455 = ORIENTED_EDGE ( 'NONE', *, *, #4080, .F. ) ;
#3456 = ORIENTED_EDGE ( 'NONE', *, *, #1105, .T. ) ;
#3457 = DIRECTION ( 'NONE',  ( -0.5993397458796976274, -0.2668432471111609749, 0.7547095802227711259 ) ) ;
#3458 = CYLINDRICAL_SURFACE ( 'NONE', #4457, 10.00000000000000178 ) ;
#3459 = AXIS2_PLACEMENT_3D ( 'NONE', #3821, #3017, #495 ) ;
#3460 = ORIENTED_EDGE ( 'NONE', *, *, #1907, .F. ) ;
#3461 = CARTESIAN_POINT ( 'NONE',  ( 20.84812340917748941, -28.20724602100391110, -1.418366989929930488 ) ) ;
#3462 = ORIENTED_EDGE ( 'NONE', *, *, #1231, .T. ) ;
#3463 = AXIS2_PLACEMENT_3D ( 'NONE', #1812, #1084, #3082 ) ;
#3464 = EDGE_CURVE ( 'NONE', #3889, #1196, #5169, .T. ) ;
#3465 = CARTESIAN_POINT ( 'NONE',  ( 31.38290777699322831, 15.49707366529434793, 6.425211645992648712 ) ) ;
#3466 = ORIENTED_EDGE ( 'NONE', *, *, #3922, .T. ) ;
#3467 = CARTESIAN_POINT ( 'NONE',  ( -30.07287676292376233, 17.90592313180197337, 7.116933741779903677 ) ) ;
#3468 = CARTESIAN_POINT ( 'NONE',  ( 10.09922849606685169, 33.51190725916820412, 6.073605354730930550 ) ) ;
#3469 = ORIENTED_EDGE ( 'NONE', *, *, #2994, .F. ) ;
#3470 = AXIS2_PLACEMENT_3D ( 'NONE', #2352, #2433, #714 ) ;
#3471 = CARTESIAN_POINT ( 'NONE',  ( -33.11567101082945896, -11.32944333972247186, 0.8052478834975335120 ) ) ;
#3472 = DIRECTION ( 'NONE',  ( 0.000000000000000000, 0.000000000000000000, 1.000000000000000000 ) ) ;
#3473 = VERTEX_POINT ( 'NONE', #3428 ) ;
#3474 = CARTESIAN_POINT ( 'NONE',  ( -29.06857275563976728, 19.49405237373897748, -7.500000000000000000 ) ) ;
#3475 = ADVANCED_FACE ( 'NONE', ( #5486 ), #3044, .T. ) ;
#3476 = EDGE_CURVE ( 'NONE', #1220, #3905, #1705, .T. ) ;
#3477 = DIRECTION ( 'NONE',  ( 0.5877852522924797984, 0.8090169943749426773, 0.000000000000000000 ) ) ;
#3478 = CARTESIAN_POINT ( 'NONE',  ( 26.32257486426691528, -23.06777086142187372, -7.116933741779872591 ) ) ;
#3479 = ORIENTED_EDGE ( 'NONE', *, *, #3755, .F. ) ;
#3480 = VECTOR ( 'NONE', #4606, 1000.000000000000000 ) ;
#3481 = DIRECTION ( 'NONE',  ( -0.9510565162951503115, 0.3090169943749573322, 6.248548949910948135E-17 ) ) ;
#3482 = AXIS2_PLACEMENT_3D ( 'NONE', #2142, #22, #553 ) ;
#3483 = DIRECTION ( 'NONE',  ( 0.000000000000000000, 0.000000000000000000, 1.000000000000000000 ) ) ;
#3484 = VERTEX_POINT ( 'NONE', #4674 ) ;
#3485 = CARTESIAN_POINT ( 'NONE',  ( 30.54342269181364244, 17.09091367566999864, 7.116933741779893907 ) ) ;
#3486 = AXIS2_PLACEMENT_3D ( 'NONE', #4609, #3779, #1229 ) ;
#3487 = CIRCLE ( 'NONE', #2773, 4.000000000000000000 ) ;
#3488 = CLOSED_SHELL ( 'NONE', ( #5474, #1815, #2232, #2549, #4767, #2475, #2160, #3360, #5085, #3301, #1347, #1707, #2284, #1097, #4330, #2480, #1600, #4957, #3804, #759, #2087, #591, #658, #484, #1704, #330, #207, #2381, #2799, #229, #1883, #4481, #555, #1601, #2695, #412, #3768, #4693, #4517, #1468, #1702, #4551, #3356, #2219, #4515, #4285, #3633, #3141, #1572, #2224, #4014, #3884, #1415, #786, #3198, #3225, #691, #4885, #302, #1320, #4079, #4354, #1106, #4960, #3987, #4733, #49, #5473, #4, #1271, #1161, #277, #1445, #2753, #3953, #1069, #3105, #831, #4746, #3069, #3956, #4049, #859, #4585, #2417, #4488, #3403, #4829, #406, #4925, #1700, #4796, #1975, #1536, #1275, #3874, #4526, #3530, #3767, #4011, #3963, #3368, #268, #3508, #3475, #1667, #686, #3776, #2952, #1303, #5167, #4929, #508, #1692, #2697, #1301, #448, #5337, #2320, #822, #2589, #4425, #720, #2011, #117, #278, #1535, #4450, #2486, #819, #757, #1298, #1745, #3431, #1855, #240, #2789, #935, #2349, #4727, #1698, #5470, #4611, #5373, #1775, #5236, #3737, #1417, #1949, #2557, #2047, #4554, #1346, #3808, #2631, #124, #679, #5492 ) ) ;
#3489 = DIRECTION ( 'NONE',  ( 1.000000000000000000, 0.000000000000000000, 0.000000000000000000 ) ) ;
#3490 = CARTESIAN_POINT ( 'NONE',  ( 29.72579301909581773, 26.76522425435427621, -7.500000000000000000 ) ) ;
#3491 = CARTESIAN_POINT ( 'NONE',  ( -31.46103756886229519, 15.33633316965421045, -3.846916844037833183 ) ) ;
#3492 = CARTESIAN_POINT ( 'NONE',  ( -2.853241463133507683, -2.807616339587986509, 1.547909840589025920 ) ) ;
#3493 = CARTESIAN_POINT ( 'NONE',  ( 26.47132621058932855, 30.37967582097782326, 3.846916844037855832 ) ) ;
#3494 = ORIENTED_EDGE ( 'NONE', *, *, #3033, .F. ) ;
#3495 = CARTESIAN_POINT ( 'NONE',  ( 32.20915398756459069, -24.21210882472836801, -3.846916844037864269 ) ) ;
#3496 =( NAMED_UNIT ( * ) SI_UNIT ( $, .STERADIAN. ) SOLID_ANGLE_UNIT ( ) );
#3497 = ORIENTED_EDGE ( 'NONE', *, *, #2520, .F. ) ;
#3498 = CARTESIAN_POINT ( 'NONE',  ( -26.47132621058893776, 30.37967582097815367, -3.846916844037797212 ) ) ;
#3499 = DIRECTION ( 'NONE',  ( 0.7431448254773954654, 0.6691306063588570163, 1.845240303167605419E-16 ) ) ;
#3500 = CARTESIAN_POINT ( 'NONE',  ( 8.632157830811042487, 33.92169325381919975, 6.823943630429773144 ) ) ;
#3501 = VERTEX_POINT ( 'NONE', #493 ) ;
#3502 = B_SPLINE_CURVE_WITH_KNOTS ( 'NONE', 3,
 ( #3542, #2299, #1407, #3985 ),
 .UNSPECIFIED., .F., .F.,
 ( 4, 4 ),
 ( 1.734723475976807094E-18, 0.002794378677442437790 ),
 .UNSPECIFIED. ) ;
#3503 = CARTESIAN_POINT ( 'NONE',  ( -33.76542229401158579, -9.215360240486846877, 2.500058338857836571 ) ) ;
#3504 = DIRECTION ( 'NONE',  ( -0.5877852522924690293, 0.8090169943749504489, -4.259859974171432783E-17 ) ) ;
#3505 = ORIENTED_EDGE ( 'NONE', *, *, #4861, .T. ) ;
#3506 = DIRECTION ( 'NONE',  ( -0.3860809933300307639, -0.1718943330829375282, 0.9063077870366494926 ) ) ;
#3507 = CYLINDRICAL_SURFACE ( 'NONE', #1951, 35.00000000000000711 ) ;
#3508 = ADVANCED_FACE ( 'NONE', ( #4707 ), #3878, .T. ) ;
#3509 = DIRECTION ( 'NONE',  ( 0.5307629037664496341, 0.3856218218739381198, 0.7547095802227711259 ) ) ;
#3510 = ORIENTED_EDGE ( 'NONE', *, *, #4360, .T. ) ;
#3511 = EDGE_CURVE ( 'NONE', #2227, #3680, #1326, .T. ) ;
#3512 = LINE ( 'NONE', #2211, #4279 ) ;
#3513 = DIRECTION ( 'NONE',  ( -0.8660254037844433705, -0.4999999999999920064, 0.000000000000000000 ) ) ;
#3514 = EDGE_CURVE ( 'NONE', #1156, #5438, #988, .T. ) ;
#3515 = ORIENTED_EDGE ( 'NONE', *, *, #524, .F. ) ;
#3516 = LINE ( 'NONE', #101, #916 ) ;
#3517 = DIRECTION ( 'NONE',  ( 0.8090169943749505599, 0.5877852522924688072, 0.000000000000000000 ) ) ;
#3518 = VERTEX_POINT ( 'NONE', #3818 ) ;
#3519 = LINE ( 'NONE', #3128, #4625 ) ;
#3520 = CARTESIAN_POINT ( 'NONE',  ( -2.577882364895037526, -3.060796534869026697, 1.025265508851626706 ) ) ;
#3521 = PRESENTATION_LAYER_ASSIGNMENT (  '', '', ( #1923 ) ) ;
#3522 = CARTESIAN_POINT ( 'NONE',  ( -13.39529478388848815, -32.33521420452834150, -6.181324516535871894 ) ) ;
#3523 = EDGE_LOOP ( 'NONE', ( #937, #2666, #4991, #868 ) ) ;
#3524 = ORIENTED_EDGE ( 'NONE', *, *, #4620, .F. ) ;
#3525 = CARTESIAN_POINT ( 'NONE',  ( 34.01636210400283744, 8.264386357464820421, -4.798630682669629444 ) ) ;
#3526 = VERTEX_POINT ( 'NONE', #2514 ) ;
#3527 = CARTESIAN_POINT ( 'NONE',  ( -8.730993794915697492, -3.887288888747172599, -2.500000000000000444 ) ) ;
#3528 = ORIENTED_EDGE ( 'NONE', *, *, #2592, .T. ) ;
#3529 = ORIENTED_EDGE ( 'NONE', *, *, #341, .T. ) ;
#3530 = ADVANCED_FACE ( 'NONE', ( #395 ), #2104, .T. ) ;
#3531 = FACE_OUTER_BOUND ( 'NONE', #319, .T. ) ;
#3532 = VERTEX_POINT ( 'NONE', #1679 ) ;
#3533 = LINE ( 'NONE', #5225, #5071 ) ;
#3534 = DIRECTION ( 'NONE',  ( -0.000000000000000000, 1.000000000000000000, -0.000000000000000000 ) ) ;
#3535 = CYLINDRICAL_SURFACE ( 'NONE', #1770, 10.00000000000000000 ) ;
#3536 = FACE_BOUND ( 'NONE', #4678, .T. ) ;
#3537 = ORIENTED_EDGE ( 'NONE', *, *, #3887, .T. ) ;
#3538 = CARTESIAN_POINT ( 'NONE',  ( 38.04226065180618122, 12.36067977499779857, -7.500000000000000000 ) ) ;
#3539 = CARTESIAN_POINT ( 'NONE',  ( 25.38912718229144971, -24.09133082503808154, 6.181324516535913638 ) ) ;
#3540 = B_SPLINE_CURVE_WITH_KNOTS ( 'NONE', 3,
 ( #728, #3659, #5306, #4447, #3193, #1979, #3585, #2782, #4966, #2418, #1174, #3248, #1067, #4474 ),
 .UNSPECIFIED., .F., .F.,
 ( 4, 2, 2, 2, 2, 2, 4 ),
 ( 0.01311858498590800365, 0.01385222012335781197, 0.01458585526080762203, 0.01495267282953252619, 0.01531949039825743208, 0.01568630796698233451, 0.01605312553570724041 ),
 .UNSPECIFIED. ) ;
#3541 = EDGE_CURVE ( 'NONE', #1188, #5479, #3, .T. ) ;
#3542 = CARTESIAN_POINT ( 'NONE',  ( 30.75788893904972099, 16.70186420771897673, 6.181324516535886993 ) ) ;
#3543 = EDGE_CURVE ( 'NONE', #4981, #4988, #3717, .T. ) ;
#3544 = EDGE_CURVE ( 'NONE', #804, #3740, #4400, .T. ) ;
#3545 = DIRECTION ( 'NONE',  ( -0.8865027874162623167, 0.1884319844040979741, 0.4226182617407003850 ) ) ;
#3546 = CARTESIAN_POINT ( 'NONE',  ( 14.66436101729183683, -31.77981302579567569, -7.116933741779874367 ) ) ;
#3547 = CARTESIAN_POINT ( 'NONE',  ( -3.838649396803142544, -1.129676469975579023, 2.500381121281467500 ) ) ;
#3548 = EDGE_CURVE ( 'NONE', #5253, #3254, #1197, .T. ) ;
#3549 = EDGE_CURVE ( 'NONE', #586, #1242, #347, .T. ) ;
#3550 = ORIENTED_EDGE ( 'NONE', *, *, #4861, .F. ) ;
#3551 = DIRECTION ( 'NONE',  ( -0.6417225651468153602, 0.1364023419936787607, -0.7547095802227707928 ) ) ;
#3552 = AXIS2_PLACEMENT_3D ( 'NONE', #904, #3398, #3041 ) ;
#3553 = EDGE_LOOP ( 'NONE', ( #993, #5332, #241, #1184 ) ) ;
#3554 = DIRECTION ( 'NONE',  ( -0.5307629037664494120, -0.3856218218739380088, -0.7547095802227712369 ) ) ;
#3555 = ORIENTED_EDGE ( 'NONE', *, *, #3131, .F. ) ;
#3556 = CARTESIAN_POINT ( 'NONE',  ( 24.75413788056100728, -24.75111403709448865, 4.553765416902586516 ) ) ;
#3557 = VECTOR ( 'NONE', #5356, 1000.000000000000000 ) ;
#3558 = CARTESIAN_POINT ( 'NONE',  ( -18.54089304176223507, 29.68560737485311662, 3.846916844037815864 ) ) ;
#3559 = EDGE_LOOP ( 'NONE', ( #1895, #1470, #613, #3361, #4197, #5031, #1362, #2578 ) ) ;
#3560 = LINE ( 'NONE', #5254, #367 ) ;
#3561 = CARTESIAN_POINT ( 'NONE',  ( 19.82544451220031334, 28.84357380585262121, -6.181324516535869229 ) ) ;
#3562 = CARTESIAN_POINT ( 'NONE',  ( 32.61085701990764107, 12.70952416210542779, 4.060590289905081640 ) ) ;
#3563 = CARTESIAN_POINT ( 'NONE',  ( 16.34876867560779701, -30.94701541007575329, 7.500000000000000000 ) ) ;
#3564 = VECTOR ( 'NONE', #4070, 1000.000000000000227 ) ;
#3565 = VECTOR ( 'NONE', #205, 1000.000000000000000 ) ;
#3566 = DIRECTION ( 'NONE',  ( 0.9945218953682729568, -0.1045284632676570929, 0.000000000000000000 ) ) ;
#3567 = CARTESIAN_POINT ( 'NONE',  ( -32.99294883789733746, -11.68183748302851299, -6.181324516535802616 ) ) ;
#3568 = CARTESIAN_POINT ( 'NONE',  ( -3.660435582402742583, -1.625428130721211950, 2.430248887726872642 ) ) ;
#3569 = CIRCLE ( 'NONE', #1614, 10.00000000000000000 ) ;
#3570 = VECTOR ( 'NONE', #3753, 1000.000000000000227 ) ;
#3571 = EDGE_CURVE ( 'NONE', #4048, #5366, #397, .T. ) ;
#3572 = EDGE_LOOP ( 'NONE', ( #212, #2716, #4357, #129 ) ) ;
#3573 = CARTESIAN_POINT ( 'NONE',  ( -30.77115041304476151, 16.68393812244918095, -6.986545299580317447 ) ) ;
#3574 = EDGE_CURVE ( 'NONE', #5429, #1279, #2055, .T. ) ;
#3575 = FACE_OUTER_BOUND ( 'NONE', #777, .T. ) ;
#3576 = EDGE_LOOP ( 'NONE', ( #4842, #1324, #1945, #4851, #2634, #3285, #2774, #2975, #1756, #4001, #5104, #1247, #2960, #5243 ) ) ;
#3577 = EDGE_CURVE ( 'NONE', #1727, #1391, #2128, .T. ) ;
#3578 = CARTESIAN_POINT ( 'NONE',  ( -37.07287831519050769, -15.78789117527147212, -3.846916844037773675 ) ) ;
#3579 = ORIENTED_EDGE ( 'NONE', *, *, #2391, .F. ) ;
#3580 = CARTESIAN_POINT ( 'NONE',  ( 13.39529478388809913, -32.33521420452849071, 6.181324516535964264 ) ) ;
#3581 = ORIENTED_EDGE ( 'NONE', *, *, #3200, .F. ) ;
#3582 = CARTESIAN_POINT ( 'NONE',  ( 6.395056888775982884, -7.102430213719273411, 2.500000000000000444 ) ) ;
#3583 = ORIENTED_EDGE ( 'NONE', *, *, #4730, .F. ) ;
#3584 = CARTESIAN_POINT ( 'NONE',  ( -34.10977802271951731, -7.844840609012202037, -2.170791102093502900 ) ) ;
#3585 = CARTESIAN_POINT ( 'NONE',  ( -3.791976500896251601, 1.274617903260652607, 1.169774072096844364 ) ) ;
#3586 = DIRECTION ( 'NONE',  ( 0.2332180861064170052, -0.7177714641812468210, 0.6560590289905087191 ) ) ;
#3587 = DIRECTION ( 'NONE',  ( -0.3090169943749450643, 0.9510565162951543083, 0.000000000000000000 ) ) ;
#3588 = CARTESIAN_POINT ( 'NONE',  ( -3.663150038644578554, 1.606652356416354621, 0.000000000000000000 ) ) ;
#3589 = AXIS2_PLACEMENT_3D ( 'NONE', #1930, #4429, #3964 ) ;
#3590 = CARTESIAN_POINT ( 'NONE',  ( -3.167321900146407909, -2.449778034137419347, -1.974934202076210621 ) ) ;
#3591 = EDGE_CURVE ( 'NONE', #1412, #5095, #4235, .T. ) ;
#3592 = DIRECTION ( 'NONE',  ( 0.8660254037844432595, 0.4999999999999919509, -0.000000000000000000 ) ) ;
#3593 = CARTESIAN_POINT ( 'NONE',  ( 32.51583421452905753, -12.95247922446055355, 6.425211645992653153 ) ) ;
#3594 = EDGE_LOOP ( 'NONE', ( #1814, #4599, #3871, #3118 ) ) ;
#3595 = DIRECTION ( 'NONE',  ( -0.3090169943749448422, 0.9510565162951543083, 0.000000000000000000 ) ) ;
#3596 = CARTESIAN_POINT ( 'NONE',  ( -34.17053129635360875, -7.575849485602609512, 1.986833546495996305 ) ) ;
#3597 = AXIS2_PLACEMENT_3D ( 'NONE', #917, #2605, #4302 ) ;
#3598 = EDGE_LOOP ( 'NONE', ( #3946, #2222, #2542, #2310 ) ) ;
#3599 = EDGE_CURVE ( 'NONE', #1982, #4245, #463, .T. ) ;
#3600 = CARTESIAN_POINT ( 'NONE',  ( 6.815988142536165029, 34.32990395618384127, -7.116933741779874367 ) ) ;
#3601 = CARTESIAN_POINT ( 'NONE',  ( 4.000000000000000000, 0.000000000000000000, -7.500000000000000000 ) ) ;
#3602 = EDGE_CURVE ( 'NONE', #4396, #3111, #2928, .T. ) ;
#3603 = CARTESIAN_POINT ( 'NONE',  ( 37.07287831519030163, -15.78789117527195884, 3.846916844037840733 ) ) ;
#3604 = EDGE_CURVE ( 'NONE', #2522, #3653, #428, .T. ) ;
#3605 = ORIENTED_EDGE ( 'NONE', *, *, #486, .F. ) ;
#3606 = CARTESIAN_POINT ( 'NONE',  ( -11.96374522200462032, -32.89177405162212153, -3.846916844037805205 ) ) ;
#3607 = ORIENTED_EDGE ( 'NONE', *, *, #4793, .T. ) ;
#3608 = DIRECTION ( 'NONE',  ( 1.000000000000000000, 0.000000000000000000, 0.000000000000000000 ) ) ;
#3609 = VECTOR ( 'NONE', #3293, 1000.000000000000114 ) ;
#3610 = CARTESIAN_POINT ( 'NONE',  ( -39.57075617311792115, -6.180293380003206494, 4.060590289905085193 ) ) ;
#3611 = CARTESIAN_POINT ( 'NONE',  ( -33.42937638412497847, -10.36710155098846364, 7.116933741779896572 ) ) ;
#3612 = CARTESIAN_POINT ( 'NONE',  ( -3.791617358559073114, 1.283242861183552019, -1.172021541382394005 ) ) ;
#3613 = ORIENTED_EDGE ( 'NONE', *, *, #2346, .T. ) ;
#3614 = CARTESIAN_POINT ( 'NONE',  ( -3.917632839966615155, -0.8145176101134660174, -2.491923928082045325 ) ) ;
#3615 = CARTESIAN_POINT ( 'NONE',  ( -6.379706395764465299, 34.41365058089366613, 6.181324516535954494 ) ) ;
#3616 = CARTESIAN_POINT ( 'NONE',  ( 37.77478403777983118, 13.18388814656606556, -0.7524306995458378555 ) ) ;
#3617 = ORIENTED_EDGE ( 'NONE', *, *, #4187, .T. ) ;
#3618 = VECTOR ( 'NONE', #2783, 999.9999999999998863 ) ;
#3619 = CARTESIAN_POINT ( 'NONE',  ( -34.19750403818341056, -7.452787990372498506, 1.883366096987720395 ) ) ;
#3620 = CARTESIAN_POINT ( 'NONE',  ( -0.4705459288898835579, -34.99683680747170911, 7.116933741779904565 ) ) ;
#3621 = CARTESIAN_POINT ( 'NONE',  ( -30.85758179576621885, 16.73425638044038521, -6.181324516535921632 ) ) ;
#3622 = AXIS2_PLACEMENT_3D ( 'NONE', #3839, #5, #1612 ) ;
#3623 = CARTESIAN_POINT ( 'NONE',  ( -33.93757586309725838, -8.558092342135545039, -7.500000000000000000 ) ) ;
#3624 = DIRECTION ( 'NONE',  ( 0.5877852522924689183, -0.8090169943749505599, 8.069478548657161220E-17 ) ) ;
#3625 = EDGE_LOOP ( 'NONE', ( #2670, #88, #1666, #3550 ) ) ;
#3626 = EDGE_CURVE ( 'NONE', #5004, #2719, #5319, .T. ) ;
#3627 = AXIS2_PLACEMENT_3D ( 'NONE', #2019, #2894, #3339 ) ;
#3628 = B_SPLINE_CURVE_WITH_KNOTS ( 'NONE', 3,
 ( #2301, #3907, #2652, #4013 ),
 .UNSPECIFIED., .F., .F.,
 ( 4, 4 ),
 ( 1.629624753548408703E-17, 0.002794378677442436055 ),
 .UNSPECIFIED. ) ;
#3629 = CARTESIAN_POINT ( 'NONE',  ( 13.53210440072593990, -32.27853899170256824, 6.493572096533762661 ) ) ;
#3630 = ORIENTED_EDGE ( 'NONE', *, *, #2919, .T. ) ;
#3631 = CARTESIAN_POINT ( 'NONE',  ( -34.19729163036096509, -7.453763857560383954, -1.884243632862732332 ) ) ;
#3632 = ORIENTED_EDGE ( 'NONE', *, *, #2107, .F. ) ;
#3633 = ADVANCED_FACE ( 'NONE', ( #5460 ), #1278, .F. ) ;
#3634 = CARTESIAN_POINT ( 'NONE',  ( 23.63186599942831734, 25.83045526487662258, 5.425564169306134055 ) ) ;
#3635 = CARTESIAN_POINT ( 'NONE',  ( 20.18994489921262314, 28.58961568413885601, -7.116933741779886802 ) ) ;
#3636 = AXIS2_PLACEMENT_3D ( 'NONE', #4640, #3513, #4784 ) ;
#3637 = EDGE_CURVE ( 'NONE', #1006, #4937, #3761, .T. ) ;
#3638 = EDGE_CURVE ( 'NONE', #4802, #4483, #783, .T. ) ;
#3639 = CARTESIAN_POINT ( 'NONE',  ( -4.000000000000000888, 0.2249486757503279255, -2.176712653579204737 ) ) ;
#3640 = ORIENTED_EDGE ( 'NONE', *, *, #3000, .T. ) ;
#3641 = CARTESIAN_POINT ( 'NONE',  ( -4.000000000000000000, -2.168372569564605283E-15, -2.275566573465937825 ) ) ;
#3642 = VECTOR ( 'NONE', #4340, 1000.000000000000227 ) ;
#3643 = CARTESIAN_POINT ( 'NONE',  ( 10.55389745098636922, -33.38102392677302532, 5.425564169306135831 ) ) ;
#3644 = CARTESIAN_POINT ( 'NONE',  ( -29.92108203678589362, 18.35632154427026208, 6.181324516535901203 ) ) ;
#3645 = ORIENTED_EDGE ( 'NONE', *, *, #2545, .T. ) ;
#3646 = DIRECTION ( 'NONE',  ( -1.000000000000000000, 0.000000000000000000, 0.000000000000000000 ) ) ;
#3647 = CARTESIAN_POINT ( 'NONE',  ( 32.44865978195731060, -13.11809736031820428, 3.846916844037841177 ) ) ;
#3648 = VECTOR ( 'NONE', #4098, 1000.000000000000114 ) ;
#3649 = FACE_OUTER_BOUND ( 'NONE', #424, .T. ) ;
#3650 = CARTESIAN_POINT ( 'NONE',  ( -15.08781084208565915, -31.58441788302231146, 6.986545299580312118 ) ) ;
#3651 = PLANE ( 'NONE',  #516 ) ;
#3652 = DIRECTION ( 'NONE',  ( 0.9945218953682742891, 0.1045284632676436454, -0.000000000000000000 ) ) ;
#3653 = VERTEX_POINT ( 'NONE', #1739 ) ;
#3654 = DIRECTION ( 'NONE',  ( 0.1045284632676439368, -0.9945218953682744001, 0.000000000000000000 ) ) ;
#3655 = ORIENTED_EDGE ( 'NONE', *, *, #3662, .F. ) ;
#3656 = EDGE_CURVE ( 'NONE', #3484, #4565, #250, .T. ) ;
#3657 = DIRECTION ( 'NONE',  ( -0.9510565162951502005, 0.3090169943749575543, -1.426537209237978374E-16 ) ) ;
#3658 = CARTESIAN_POINT ( 'NONE',  ( -33.34177623758390752, -10.64609088500588996, -1.881846259929153664 ) ) ;
#3659 = CARTESIAN_POINT ( 'NONE',  ( -3.999999999999999112, 0.2256177153640064048, 2.176418643453779556 ) ) ;
#3660 = CARTESIAN_POINT ( 'NONE',  ( -21.38336841880710537, 27.83841313642492210, -6.181324516535883440 ) ) ;
#3661 = VERTEX_POINT ( 'NONE', #4210 ) ;
#3662 = EDGE_CURVE ( 'NONE', #1238, #3409, #5132, .T. ) ;
#3663 = CARTESIAN_POINT ( 'NONE',  ( 34.97893663427458932, 1.214080695589971226, 3.846916844037805649 ) ) ;
#3664 = CARTESIAN_POINT ( 'NONE',  ( 0.9364997589800646560, -35.09057792470998294, -6.181324516535912750 ) ) ;
#3665 = EDGE_CURVE ( 'NONE', #1279, #4225, #5185, .T. ) ;
#3666 = EDGE_CURVE ( 'NONE', #337, #1006, #3188, .T. ) ;
#3667 = ORIENTED_EDGE ( 'NONE', *, *, #1821, .F. ) ;
#3668 = DIRECTION ( 'NONE',  ( 0.8660254037844363761, -0.5000000000000039968, 0.000000000000000000 ) ) ;
#3669 =( BOUNDED_CURVE ( )  B_SPLINE_CURVE ( 3, ( #364, #2868, #2564, #2017 ),
 .UNSPECIFIED., .F., .F. ) 
 B_SPLINE_CURVE_WITH_KNOTS ( ( 4, 4 ),
 ( 4.572974245177897856, 4.769853937967570623 ),
 .UNSPECIFIED. ) 
 CURVE ( )  GEOMETRIC_REPRESENTATION_ITEM ( )  RATIONAL_B_SPLINE_CURVE ( ( 1.000000000000000000, 0.9967724731469831401, 0.9967724731469831401, 1.000000000000000000 ) ) 
 REPRESENTATION_ITEM ( '' )  );
#3670 = DIRECTION ( 'NONE',  ( 1.000000000000000000, 0.000000000000000000, 0.000000000000000000 ) ) ;
#3671 = PLANE ( 'NONE',  #4814 ) ;
#3672 = ORIENTED_EDGE ( 'NONE', *, *, #782, .T. ) ;
#3673 = LINE ( 'NONE', #4538, #3453 ) ;
#3674 = DIRECTION ( 'NONE',  ( -0.3090169943749574988, -0.9510565162951503115, 0.000000000000000000 ) ) ;
#3675 = CARTESIAN_POINT ( 'NONE',  ( -32.20915398756493175, -24.21210882472792747, 3.846916844037873595 ) ) ;
#3676 = CARTESIAN_POINT ( 'NONE',  ( -30.54342269181341862, 17.09091367567039299, -7.116933741779900124 ) ) ;
#3677 = DIRECTION ( 'NONE',  ( -0.7431448254773862505, 0.6691306063588671194, 0.000000000000000000 ) ) ;
#3678 = DIRECTION ( 'NONE',  ( 0.000000000000000000, 0.000000000000000000, 1.000000000000000000 ) ) ;
#3679 = DIRECTION ( 'NONE',  ( 0.4999999999999920064, -0.8660254037844431485, 0.000000000000000000 ) ) ;
#3680 = VERTEX_POINT ( 'NONE', #3493 ) ;
#3681 = CARTESIAN_POINT ( 'NONE',  ( -24.59208094719082638, -24.90538917970111754, -6.531040695676797903 ) ) ;
#3682 = ORIENTED_EDGE ( 'NONE', *, *, #1102, .F. ) ;
#3683 = CARTESIAN_POINT ( 'NONE',  ( 33.69312701259612908, -9.485178655950596394, -6.823943630429763374 ) ) ;
#3684 = CIRCLE ( 'NONE', #227, 10.00000000000000178 ) ;
#3685 = CARTESIAN_POINT ( 'NONE',  ( -34.24575944340150357, -7.227815066872347316, -1.653773564556393127 ) ) ;
#3686 = CARTESIAN_POINT ( 'NONE',  ( -2.953356549299003486, 9.089496831186339776, -2.500000000000000444 ) ) ;
#3687 = PLANE ( 'NONE',  #2765 ) ;
#3688 = ORIENTED_EDGE ( 'NONE', *, *, #2956, .T. ) ;
#3689 = CARTESIAN_POINT ( 'NONE',  ( -23.63186599942796917, 25.83045526487694943, -5.425564169306134055 ) ) ;
#3690 = ORIENTED_EDGE ( 'NONE', *, *, #1465, .T. ) ;
#3691 = EDGE_CURVE ( 'NONE', #5230, #2687, #4385, .T. ) ;
#3692 = FACE_OUTER_BOUND ( 'NONE', #1761, .T. ) ;
#3693 = DIRECTION ( 'NONE',  ( 0.4546351382095104587, 0.000000000000000000, -0.8906777706360586855 ) ) ;
#3694 = DIRECTION ( 'NONE',  ( 0.8660254037844432595, 0.4999999999999920064, -0.000000000000000000 ) ) ;
#3695 = LINE ( 'NONE', #5399, #4670 ) ;
#3696 =( BOUNDED_CURVE ( )  B_SPLINE_CURVE ( 3, ( #4818, #136, #106, #5213 ),
 .UNSPECIFIED., .F., .F. ) 
 B_SPLINE_CURVE_WITH_KNOTS ( ( 4, 4 ),
 ( 4.572974245177897856, 4.769853937967570623 ),
 .UNSPECIFIED. ) 
 CURVE ( )  GEOMETRIC_REPRESENTATION_ITEM ( )  RATIONAL_B_SPLINE_CURVE ( ( 1.000000000000000000, 0.9967724731469831401, 0.9967724731469831401, 1.000000000000000000 ) ) 
 REPRESENTATION_ITEM ( '' )  );
#3697 = ORIENTED_EDGE ( 'NONE', *, *, #1978, .F. ) ;
#3698 = PLANE ( 'NONE',  #343 ) ;
#3699 = CARTESIAN_POINT ( 'NONE',  ( 32.99294883789718114, -11.68183748302891267, 6.181324516535916302 ) ) ;
#3700 = B_SPLINE_CURVE_WITH_KNOTS ( 'NONE', 3,
 ( #206, #940, #4763, #2711 ),
 .UNSPECIFIED., .F., .F.,
 ( 4, 4 ),
 ( 7.757919228897728493E-18, 0.002794378677442425213 ),
 .UNSPECIFIED. ) ;
#3701 = CARTESIAN_POINT ( 'NONE',  ( 40.38565191077365313, 1.572921660245964359, 4.907591987661807487 ) ) ;
#3702 = EDGE_CURVE ( 'NONE', #5063, #5253, #3911, .T. ) ;
#3703 = CARTESIAN_POINT ( 'NONE',  ( -5.298657715558551473, -34.59659269947479032, 4.060590289905086081 ) ) ;
#3704 = CARTESIAN_POINT ( 'NONE',  ( 7.721232080086659622, 34.15017342293440805, -7.374970462211827282 ) ) ;
#3705 = EDGE_CURVE ( 'NONE', #3923, #1284, #1026, .T. ) ;
#3706 = PLANE ( 'NONE',  #4964 ) ;
#3707 = CARTESIAN_POINT ( 'NONE',  ( 19.57657445469471114, -35.21950520599249046, -3.846916844037857608 ) ) ;
#3708 = ORIENTED_EDGE ( 'NONE', *, *, #5435, .T. ) ;
#3709 = CARTESIAN_POINT ( 'NONE',  ( -0.9147057750823108790, -34.98804529185692758, 6.181324516535918967 ) ) ;
#3710 = AXIS2_PLACEMENT_3D ( 'NONE', #447, #2472, #1228 ) ;
#3711 = VERTEX_POINT ( 'NONE', #3077 ) ;
#3712 = CARTESIAN_POINT ( 'NONE',  ( 34.54069020992830730, -5.651612143606769223, -4.060590289905088746 ) ) ;
#3713 = VECTOR ( 'NONE', #2445, 1000.000000000000114 ) ;
#3714 = CARTESIAN_POINT ( 'NONE',  ( 13.02292966664056095, -32.48947143261480619, 5.331456580176240578 ) ) ;
#3715 = DIRECTION ( 'NONE',  ( -0.5000000000000039968, -0.8660254037844363761, 0.000000000000000000 ) ) ;
#3716 = ORIENTED_EDGE ( 'NONE', *, *, #4257, .F. ) ;
#3717 = CIRCLE ( 'NONE', #2834, 9.999999999999998224 ) ;
#3718 = AXIS2_PLACEMENT_3D ( 'NONE', #5072, #1283, #2969 ) ;
#3719 = FACE_OUTER_BOUND ( 'NONE', #3792, .T. ) ;
#3720 = CARTESIAN_POINT ( 'NONE',  ( 29.25577289386319890, -19.21196898765715844, -4.060590289905082528 ) ) ;
#3721 = ORIENTED_EDGE ( 'NONE', *, *, #934, .T. ) ;
#3722 = CARTESIAN_POINT ( 'NONE',  ( -15.12815896958638540, -31.67592930096346038, 6.181324516535941171 ) ) ;
#3723 = CARTESIAN_POINT ( 'NONE',  ( 34.85430591650460741, 3.190197341656602958, 7.116933741779905453 ) ) ;
#3724 = DIRECTION ( 'NONE',  ( 0.4067366430757888840, -0.9135454576426059736, -1.532146389831258523E-18 ) ) ;
#3725 = ORIENTED_EDGE ( 'NONE', *, *, #3543, .F. ) ;
#3726 = CARTESIAN_POINT ( 'NONE',  ( -2.585399115074568765, 34.98011848449782946, 1.226003498143989123 ) ) ;
#3727 = CARTESIAN_POINT ( 'NONE',  ( -25.38912718229176235, -24.09133082503775469, -6.181324516535873670 ) ) ;
#3728 = DIRECTION ( 'NONE',  ( -0.8660254037844432595, -0.4999999999999920064, 0.000000000000000000 ) ) ;
#3729 = LINE ( 'NONE', #3676, #2678 ) ;
#3730 = EDGE_CURVE ( 'NONE', #3788, #5249, #5214, .T. ) ;
#3732 = VECTOR ( 'NONE', #4592, 999.9999999999998863 ) ;
#3731 = FACE_OUTER_BOUND ( 'NONE', #817, .T. ) ;
#3733 = AXIS2_PLACEMENT_3D ( 'NONE', #4501, #2419, #3715 ) ;
#3734 = ORIENTED_EDGE ( 'NONE', *, *, #3303, .F. ) ;
#3735 = EDGE_CURVE ( 'NONE', #5279, #2283, #5414, .T. ) ;
#3736 = AXIS2_PLACEMENT_3D ( 'NONE', #1630, #2492, #3793 ) ;
#3737 = ADVANCED_FACE ( 'NONE', ( #523 ), #2220, .T. ) ;
#3738 = AXIS2_PLACEMENT_3D ( 'NONE', #3094, #4005, #5144 ) ;
#3739 = CARTESIAN_POINT ( 'NONE',  ( -16.04866282905775421, 31.10370430349447091, 4.060590289905078976 ) ) ;
#3740 = VERTEX_POINT ( 'NONE', #1423 ) ;
#3741 = LINE ( 'NONE', #5042, #5067 ) ;
#3742 = VECTOR ( 'NONE', #4149, 1000.000000000000227 ) ;
#3743 = VERTEX_POINT ( 'NONE', #4466 ) ;
#3744 = CARTESIAN_POINT ( 'NONE',  ( -0.4705459288898835579, -34.99683680747170911, 7.116933741779904565 ) ) ;
#3745 = CARTESIAN_POINT ( 'NONE',  ( -6.836430404332825006, 34.33824382489251548, -7.374970462211831723 ) ) ;
#3746 = DIRECTION ( 'NONE',  ( 0.4133830387479568436, -0.08786727736897435859, 0.9063077870366496036 ) ) ;
#3747 = ORIENTED_EDGE ( 'NONE', *, *, #897, .T. ) ;
#3748 = FACE_OUTER_BOUND ( 'NONE', #1453, .T. ) ;
#3749 = CARTESIAN_POINT ( 'NONE',  ( 26.62994116380163234, -22.71703595604851955, -6.986545299580303237 ) ) ;
#3750 = VERTEX_POINT ( 'NONE', #3580 ) ;
#3751 = CARTESIAN_POINT ( 'NONE',  ( -30.75788893904947940, 16.70186420771939950, -6.181324516535946501 ) ) ;
#3752 = ORIENTED_EDGE ( 'NONE', *, *, #1596, .T. ) ;
#3753 = DIRECTION ( 'NONE',  ( 0.3280295144952489750, -0.5681637854879348914, 0.7547095802227709038 ) ) ;
#3754 = CARTESIAN_POINT ( 'NONE',  ( 0.000000000000000000, 40.00000000000000000, 7.500000000000000000 ) ) ;
#3755 = EDGE_CURVE ( 'NONE', #5469, #2329, #2717, .T. ) ;
#3756 = ORIENTED_EDGE ( 'NONE', *, *, #1742, .F. ) ;
#3757 = CARTESIAN_POINT ( 'NONE',  ( -36.12084990787153060, 19.66279404063549663, -2.500000000000000444 ) ) ;
#3758 = DIRECTION ( 'NONE',  ( 0.000000000000000000, 0.000000000000000000, 1.000000000000000000 ) ) ;
#3759 = CARTESIAN_POINT ( 'NONE',  ( 0.9368609573138898527, -34.99056702259338181, -6.986545299580301460 ) ) ;
#3760 = ORIENTED_EDGE ( 'NONE', *, *, #3264, .T. ) ;
#3761 = LINE ( 'NONE', #53, #1072 ) ;
#3762 = EDGE_LOOP ( 'NONE', ( #1451, #4129, #5058, #2394 ) ) ;
#3763 = EDGE_CURVE ( 'NONE', #3653, #1053, #1786, .T. ) ;
#3764 = CARTESIAN_POINT ( 'NONE',  ( 32.09497650295193694, 13.98534922984380913, 5.425564169306132278 ) ) ;
#3765 = ORIENTED_EDGE ( 'NONE', *, *, #1639, .T. ) ;
#3766 = FACE_OUTER_BOUND ( 'NONE', #1744, .T. ) ;
#3767 = ADVANCED_FACE ( 'NONE', ( #3159 ), #5190, .T. ) ;
#3768 = ADVANCED_FACE ( 'NONE', ( #4852 ), #164, .T. ) ;
#3769 = LINE ( 'NONE', #28, #979 ) ;
#3770 = ORIENTED_EDGE ( 'NONE', *, *, #3070, .F. ) ;
#3771 = ORIENTED_EDGE ( 'NONE', *, *, #4044, .F. ) ;
#3772 = CARTESIAN_POINT ( 'NONE',  ( -25.69286149883198078, -23.76713840582912596, -7.116933741779876144 ) ) ;
#3773 = CARTESIAN_POINT ( 'NONE',  ( 0.000000000000000000, 0.000000000000000000, 7.500000000000000000 ) ) ;
#3774 = ORIENTED_EDGE ( 'NONE', *, *, #341, .F. ) ;
#3775 = CIRCLE ( 'NONE', #2099, 10.00000000000000178 ) ;
#3776 = ADVANCED_FACE ( 'NONE', ( #1394 ), #1058, .T. ) ;
#3777 = EDGE_CURVE ( 'NONE', #4631, #3841, #1789, .T. ) ;
#3778 = DIRECTION ( 'NONE',  ( -0.000000000000000000, -0.000000000000000000, -1.000000000000000000 ) ) ;
#3779 = DIRECTION ( 'NONE',  ( -0.000000000000000000, -0.000000000000000000, -1.000000000000000000 ) ) ;
#3780 = VERTEX_POINT ( 'NONE', #141 ) ;
#3781 = CARTESIAN_POINT ( 'NONE',  ( 38.87146803967917208, 9.808641848436968402, 10.40750713394289129 ) ) ;
#3782 = EDGE_LOOP ( 'NONE', ( #65, #398, #4155, #2785 ) ) ;
#3783 = DIRECTION ( 'NONE',  ( -0.9945218953682742891, -0.1045284632676436454, 0.000000000000000000 ) ) ;
#3784 = VERTEX_POINT ( 'NONE', #3999 ) ;
#3785 = FACE_OUTER_BOUND ( 'NONE', #1686, .T. ) ;
#3786 = DIRECTION ( 'NONE',  ( -0.3090169943749574988, -0.9510565162951503115, 0.000000000000000000 ) ) ;
#3787 = DIRECTION ( 'NONE',  ( 0.9135454576426058626, 0.4067366430757889950, 0.000000000000000000 ) ) ;
#3788 = VERTEX_POINT ( 'NONE', #2330 ) ;
#3789 = CARTESIAN_POINT ( 'NONE',  ( 30.23194607790352961, -17.78545512817900232, 1.418366989929916278 ) ) ;
#3790 = ORIENTED_EDGE ( 'NONE', *, *, #5207, .F. ) ;
#3791 = DIRECTION ( 'NONE',  ( -0.1305962250110802580, -0.4019338517338224004, 0.9063077870366496036 ) ) ;
#3792 = EDGE_LOOP ( 'NONE', ( #5137, #3996, #2997, #3352 ) ) ;
#3793 = DIRECTION ( 'NONE',  ( 0.000000000000000000, 0.4245275616977248756, -0.9054150149842802309 ) ) ;
#3794 = CARTESIAN_POINT ( 'NONE',  ( -9.058024587808322536, 33.81326927189591913, -4.553765416902618490 ) ) ;
#3795 = EDGE_CURVE ( 'NONE', #3743, #1733, #189, .T. ) ;
#3796 = ORIENTED_EDGE ( 'NONE', *, *, #4919, .T. ) ;
#3797 = PLANE ( 'NONE',  #1051 ) ;
#3798 = ORIENTED_EDGE ( 'NONE', *, *, #1533, .T. ) ;
#3799 = DIRECTION ( 'NONE',  ( -0.8660254037844433705, -0.4999999999999920619, 3.303125574813523342E-17 ) ) ;
#3800 = DIRECTION ( 'NONE',  ( -0.5877852522924795764, -0.8090169943749425663, 2.363329711705246244E-16 ) ) ;
#3801 = VERTEX_POINT ( 'NONE', #4773 ) ;
#3802 = AXIS2_PLACEMENT_3D ( 'NONE', #4029, #3275, #5390 ) ;
#3803 = CARTESIAN_POINT ( 'NONE',  ( -34.72008696422390983, 4.420123318159604686, 6.493572096533701377 ) ) ;
#3804 = ADVANCED_FACE ( 'NONE', ( #1007 ), #4023, .T. ) ;
#3805 = VERTEX_POINT ( 'NONE', #3601 ) ;
#3806 = EDGE_CURVE ( 'NONE', #3250, #1727, #600, .T. ) ;
#3807 = AXIS2_PLACEMENT_3D ( 'NONE', #5445, #4744, #3890 ) ;
#3808 = ADVANCED_FACE ( 'NONE', ( #1915 ), #4828, .T. ) ;
#3809 = DIRECTION ( 'NONE',  ( 1.000000000000000000, 0.000000000000000000, 0.000000000000000000 ) ) ;
#3810 = FACE_OUTER_BOUND ( 'NONE', #1212, .T. ) ;
#3811 = DIRECTION ( 'NONE',  ( 0.9945218953682729568, -0.1045284632676570929, 0.000000000000000000 ) ) ;
#3812 = VERTEX_POINT ( 'NONE', #2664 ) ;
#3813 = CARTESIAN_POINT ( 'NONE',  ( -34.42308705283981851, 6.332240557609334353, 6.196689755746675132 ) ) ;
#3814 = EDGE_LOOP ( 'NONE', ( #4535, #3971, #4200, #5449, #375 ) ) ;
#3815 = B_SPLINE_CURVE_WITH_KNOTS ( 'NONE', 3,
 ( #1224, #864, #3745, #3833 ),
 .UNSPECIFIED., .F., .F.,
 ( 4, 4 ),
 ( 0.000000000000000000, 0.002845522393967950779 ),
 .UNSPECIFIED. ) ;
#3816 = ORIENTED_EDGE ( 'NONE', *, *, #148, .T. ) ;
#3817 = CARTESIAN_POINT ( 'NONE',  ( 34.24112939873786843, -5.620127033631029612, -4.060590289905087857 ) ) ;
#3818 = CARTESIAN_POINT ( 'NONE',  ( -31.23302208010969849, -25.90281888332955162, 7.116933741779896572 ) ) ;
#3819 = FACE_OUTER_BOUND ( 'NONE', #1778, .T. ) ;
#3820 =( BOUNDED_CURVE ( )  B_SPLINE_CURVE ( 3, ( #5468, #2148, #4658, #1659 ),
 .UNSPECIFIED., .F., .F. ) 
 B_SPLINE_CURVE_WITH_KNOTS ( ( 4, 4 ),
 ( 4.895691063979542790, 4.908383916198270747 ),
 .UNSPECIFIED. ) 
 CURVE ( )  GEOMETRIC_REPRESENTATION_ITEM ( )  RATIONAL_B_SPLINE_CURVE ( ( 1.000000000000000000, 0.9999865743369418247, 0.9999865743369418247, 1.000000000000000000 ) ) 
 REPRESENTATION_ITEM ( '' )  );
#3821 = CARTESIAN_POINT ( 'NONE',  ( 8.316467632710130786, -39.12590402935227729, 7.500000000000000000 ) ) ;
#3822 = EDGE_LOOP ( 'NONE', ( #981, #4282, #4687, #4819, #629, #5431, #2732, #5162 ) ) ;
#3823 = CARTESIAN_POINT ( 'NONE',  ( 30.77115041304496756, 16.68393812244879015, 6.986545299580306789 ) ) ;
#3824 = VERTEX_POINT ( 'NONE', #1033 ) ;
#3825 = VECTOR ( 'NONE', #3877, 1000.000000000000114 ) ;
#3826 = DIRECTION ( 'NONE',  ( 0.1305962250110801470, 0.4019338517338221228, -0.9063077870366497146 ) ) ;
#3827 = ORIENTED_EDGE ( 'NONE', *, *, #1948, .F. ) ;
#3828 = DIRECTION ( 'NONE',  ( 0.9781476007338042455, -0.2079116908177663647, 0.000000000000000000 ) ) ;
#3829 = ORIENTED_EDGE ( 'NONE', *, *, #51, .F. ) ;
#3830 = B_SPLINE_CURVE_WITH_KNOTS ( 'NONE', 3,
 ( #285, #1932, #4479, #5347 ),
 .UNSPECIFIED., .F., .F.,
 ( 4, 4 ),
 ( 0.000000000000000000, 0.002845522393967964223 ),
 .UNSPECIFIED. ) ;
#3831 = AXIS2_PLACEMENT_3D ( 'NONE', #5202, #1876, #3066 ) ;
#3832 = PRODUCT_RELATED_PRODUCT_CATEGORY ( 'part', '', ( #1478 ) ) ;
#3833 = CARTESIAN_POINT ( 'NONE',  ( -7.736514885292681498, 34.13423995681822021, -7.116933741779868150 ) ) ;
#3834 = CARTESIAN_POINT ( 'NONE',  ( -13.37608069809164846, -32.34652924463575374, -6.986545299580303237 ) ) ;
#3835 = VERTEX_POINT ( 'NONE', #4365 ) ;
#3836 = LINE ( 'NONE', #4283, #2333 ) ;
#3837 = AXIS2_PLACEMENT_3D ( 'NONE', #1049, #2734, #3592 ) ;
#3838 = AXIS2_PLACEMENT_3D ( 'NONE', #5234, #3149, #2273 ) ;
#3839 = CARTESIAN_POINT ( 'NONE',  ( 0.000000000000000000, 0.000000000000000000, 7.500000000000000000 ) ) ;
#3840 = B_SPLINE_CURVE_WITH_KNOTS ( 'NONE', 3,
 ( #2874, #1597, #3291, #4987 ),
 .UNSPECIFIED., .F., .F.,
 ( 4, 4 ),
 ( 0.000000000000000000, 0.002845522393967910880 ),
 .UNSPECIFIED. ) ;
#3841 = VERTEX_POINT ( 'NONE', #5221 ) ;
#3842 = PLANE ( 'NONE',  #2924 ) ;
#3843 = EDGE_CURVE ( 'NONE', #4506, #219, #4031, .T. ) ;
#3844 = CARTESIAN_POINT ( 'NONE',  ( -13.82636033092834893, -32.16649700620795471, 7.374970462211826394 ) ) ;
#3845 = EDGE_CURVE ( 'NONE', #1911, #3001, #1399, .T. ) ;
#3846 = EDGE_CURVE ( 'NONE', #2946, #2895, #2721, .T. ) ;
#3847 = CARTESIAN_POINT ( 'NONE',  ( -33.56751273287626702, -9.921672134480548522, 6.986545299580311230 ) ) ;
#3848 = VERTEX_POINT ( 'NONE', #3318 ) ;
#3849 = FACE_OUTER_BOUND ( 'NONE', #4228, .T. ) ;
#3850 = CARTESIAN_POINT ( 'NONE',  ( -9.654426508305709476, 33.64211718658213357, -3.846916844037856720 ) ) ;
#3851 = DIRECTION ( 'NONE',  ( 0.1045284632676439368, -0.9945218953682744001, 0.000000000000000000 ) ) ;
#3852 = VERTEX_POINT ( 'NONE', #2408 ) ;
#3853 = CARTESIAN_POINT ( 'NONE',  ( 33.42937638412485057, -10.36710155098890063, -7.116933741779875255 ) ) ;
#3854 = VERTEX_POINT ( 'NONE', #3240 ) ;
#3855 = LINE ( 'NONE', #3495, #465 ) ;
#3856 = CARTESIAN_POINT ( 'NONE',  ( -27.73931291647592090, -21.34424305635252139, 6.196689755746689343 ) ) ;
#3857 = VERTEX_POINT ( 'NONE', #2024 ) ;
#3858 =( BOUNDED_CURVE ( )  B_SPLINE_CURVE ( 3, ( #582, #5246, #2282, #1865 ),
 .UNSPECIFIED., .F., .F. ) 
 B_SPLINE_CURVE_WITH_KNOTS ( ( 4, 4 ),
 ( 1.754098410389749230, 1.766791262608478075 ),
 .UNSPECIFIED. ) 
 CURVE ( )  GEOMETRIC_REPRESENTATION_ITEM ( )  RATIONAL_B_SPLINE_CURVE ( ( 1.000000000000000000, 0.9999865743369418247, 0.9999865743369418247, 1.000000000000000000 ) ) 
 REPRESENTATION_ITEM ( '' )  );
#3859 = DIRECTION ( 'NONE',  ( 0.5877852522924689183, -0.8090169943749504489, 0.000000000000000000 ) ) ;
#3860 = B_SPLINE_CURVE_WITH_KNOTS ( 'NONE', 3,
 ( #5110, #867, #3004, #4696 ),
 .UNSPECIFIED., .F., .F.,
 ( 4, 4 ),
 ( 0.000000000000000000, 0.002845522393967967259 ),
 .UNSPECIFIED. ) ;
#3861 = ORIENTED_EDGE ( 'NONE', *, *, #1669, .T. ) ;
#3862 = CARTESIAN_POINT ( 'NONE',  ( -14.66436101729225605, -31.77981302579547318, 7.116933741779894795 ) ) ;
#3863 = CARTESIAN_POINT ( 'NONE',  ( 2.953356549298998157, -9.089496831186323789, 2.500000000000000444 ) ) ;
#3864 = ORIENTED_EDGE ( 'NONE', *, *, #2889, .F. ) ;
#3865 = CARTESIAN_POINT ( 'NONE',  ( -33.50423016617882155, -10.12370943462128459, 2.247421352709476405 ) ) ;
#3866 = FILL_AREA_STYLE ('',( #4661 ) ) ;
#3867 = ORIENTED_EDGE ( 'NONE', *, *, #13, .F. ) ;
#3868 = LINE ( 'NONE', #1845, #3937 ) ;
#3869 = LINE ( 'NONE', #1348, #2830 ) ;
#3870 = DIRECTION ( 'NONE',  ( 0.1045284632676571207, 0.9945218953682729568, 0.000000000000000000 ) ) ;
#3871 = ORIENTED_EDGE ( 'NONE', *, *, #1171, .F. ) ;
#3872 = VECTOR ( 'NONE', #3791, 1000.000000000000227 ) ;
#3873 = CARTESIAN_POINT ( 'NONE',  ( -4.615000253113275441, 34.69507119737018286, 6.196689755746680461 ) ) ;
#3874 = ADVANCED_FACE ( 'NONE', ( #4955 ), #5009, .T. ) ;
#3875 = LINE ( 'NONE', #1354, #1954 ) ;
#3876 = EDGE_LOOP ( 'NONE', ( #1365, #1286, #3829, #3020 ) ) ;
#3877 = DIRECTION ( 'NONE',  ( -0.9945218953682729568, 0.1045284632676570791, 9.104647993731073129E-18 ) ) ;
#3878 = CYLINDRICAL_SURFACE ( 'NONE', #4630, 10.00000000000000178 ) ;
#3879 = VERTEX_POINT ( 'NONE', #1112 ) ;
#3880 = AXIS2_PLACEMENT_3D ( 'NONE', #2915, #4612, #812 ) ;
#3881 = CARTESIAN_POINT ( 'NONE',  ( 32.48639608759921060, -13.02436444666760984, -7.500000000000000000 ) ) ;
#3882 = VECTOR ( 'NONE', #4046, 999.9999999999998863 ) ;
#3883 = ORIENTED_EDGE ( 'NONE', *, *, #2154, .F. ) ;
#3884 = ADVANCED_FACE ( 'NONE', ( #3731 ), #794, .T. ) ;
#3885 = CARTESIAN_POINT ( 'NONE',  ( 32.61085701990764107, 12.70952416210542779, 4.060590289905081640 ) ) ;
#3886 = ORIENTED_EDGE ( 'NONE', *, *, #4916, .T. ) ;
#3887 = EDGE_CURVE ( 'NONE', #1070, #3191, #4492, .T. ) ;
#3888 = LINE ( 'NONE', #608, #560 ) ;
#3889 = VERTEX_POINT ( 'NONE', #4596 ) ;
#3890 = DIRECTION ( 'NONE',  ( -0.4067366430758009854, -0.9135454576426004225, 0.000000000000000000 ) ) ;
#3891 = ORIENTED_EDGE ( 'NONE', *, *, #3795, .T. ) ;
#3892 =( BOUNDED_CURVE ( )  B_SPLINE_CURVE ( 3, ( #3663, #4060, #1099, #2450 ),
 .UNSPECIFIED., .F., .F. ) 
 B_SPLINE_CURVE_WITH_KNOTS ( ( 4, 4 ),
 ( 4.572974245177897856, 4.769853937967570623 ),
 .UNSPECIFIED. ) 
 CURVE ( )  GEOMETRIC_REPRESENTATION_ITEM ( )  RATIONAL_B_SPLINE_CURVE ( ( 1.000000000000000000, 0.9967724731469831401, 0.9967724731469831401, 1.000000000000000000 ) ) 
 REPRESENTATION_ITEM ( '' )  );
#3893 = CARTESIAN_POINT ( 'NONE',  ( 30.99437002156789589, 16.28701285678491217, -7.500000000000000000 ) ) ;
#3894 = ORIENTED_EDGE ( 'NONE', *, *, #1260, .T. ) ;
#3895 = DIRECTION ( 'NONE',  ( 0.9781476007338069101, 0.2079116908177532641, 0.000000000000000000 ) ) ;
#3896 = CARTESIAN_POINT ( 'NONE',  ( -9.557262555325859665, 0.000000000000000000, -2.500000000000000444 ) ) ;
#3897 = DIRECTION ( 'NONE',  ( 0.2079116908177664758, 0.9781476007338041345, 9.829953364920128870E-17 ) ) ;
#3898 = ORIENTED_EDGE ( 'NONE', *, *, #3329, .T. ) ;
#3899 = CARTESIAN_POINT ( 'NONE',  ( -30.07287676292376233, 17.90592313180197337, 7.116933741779903677 ) ) ;
#3900 = CARTESIAN_POINT ( 'NONE',  ( 0.4705459288894343062, -34.99683680747170911, -7.116933741779876144 ) ) ;
#3901 = CIRCLE ( 'NONE', #4349, 35.00000000000000711 ) ;
#3902 = VECTOR ( 'NONE', #2046, 1000.000000000000000 ) ;
#3903 = DIRECTION ( 'NONE',  ( -0.000000000000000000, -0.000000000000000000, -1.000000000000000000 ) ) ;
#3904 = ORIENTED_EDGE ( 'NONE', *, *, #2391, .T. ) ;
#3905 = VERTEX_POINT ( 'NONE', #1573 ) ;
#3906 = LINE ( 'NONE', #3817, #3825 ) ;
#3907 = CARTESIAN_POINT ( 'NONE',  ( -21.62524278285248158, 27.52292363931650954, -5.331456580176162419 ) ) ;
#3908 = CARTESIAN_POINT ( 'NONE',  ( -17.66488107078566117, -37.13883741188504928, 2.500000000000000444 ) ) ;
#3909 = CIRCLE ( 'NONE', #4443, 10.00000000000000178 ) ;
#3910 = CARTESIAN_POINT ( 'NONE',  ( -18.46916594729414740, -29.81916979033865545, 1.226003498143970916 ) ) ;
#3911 = B_SPLINE_CURVE_WITH_KNOTS ( 'NONE', 3,
 ( #3522, #4792, #3106, #137 ),
 .UNSPECIFIED., .F., .F.,
 ( 4, 4 ),
 ( 2.000580707114742661E-17, 0.002794378677442428249 ),
 .UNSPECIFIED. ) ;
#3912 = VERTEX_POINT ( 'NONE', #3268 ) ;
#3913 = CARTESIAN_POINT ( 'NONE',  ( 34.64817244949353636, 4.966547793298380142, -5.331456580176205051 ) ) ;
#3914 = AXIS2_PLACEMENT_3D ( 'NONE', #4314, #3981, #96 ) ;
#3915 = ORIENTED_EDGE ( 'NONE', *, *, #2730, .F. ) ;
#3916 = EDGE_CURVE ( 'NONE', #3417, #4615, #265, .T. ) ;
#3917 = CARTESIAN_POINT ( 'NONE',  ( 5.298657715558063863, -34.59659269947486848, -4.060590289905086969 ) ) ;
#3918 = CARTESIAN_POINT ( 'NONE',  ( -4.743873637768269091, -34.75325367044964509, 1.226003498143966031 ) ) ;
#3919 = EDGE_CURVE ( 'NONE', #1663, #5498, #238, .T. ) ;
#3920 = ORIENTED_EDGE ( 'NONE', *, *, #5461, .F. ) ;
#3921 = CARTESIAN_POINT ( 'NONE',  ( 12.37590541626421548, 32.73892125784969664, 4.060590289905084305 ) ) ;
#3922 = EDGE_CURVE ( 'NONE', #3270, #4522, #5363, .T. ) ;
#3923 = VERTEX_POINT ( 'NONE', #4905 ) ;
#3924 = CARTESIAN_POINT ( 'NONE',  ( -34.36809786969731562, -6.620713618553999424, 0.1652374373044064870 ) ) ;
#3925 = CARTESIAN_POINT ( 'NONE',  ( -40.77988178268458341, 5.323768340349157135, 2.500000000000000444 ) ) ;
#3926 = ORIENTED_EDGE ( 'NONE', *, *, #209, .T. ) ;
#3927 = LINE ( 'NONE', #2153, #1808 ) ;
#3928 = DIRECTION ( 'NONE',  ( 0.000000000000000000, 0.000000000000000000, 1.000000000000000000 ) ) ;
#3929 =( BOUNDED_CURVE ( )  B_SPLINE_CURVE ( 3, ( #2406, #5354, #291, #316 ),
 .UNSPECIFIED., .F., .F. ) 
 B_SPLINE_CURVE_WITH_KNOTS ( ( 4, 4 ),
 ( 1.431381591588104962, 1.628261284377778395 ),
 .UNSPECIFIED. ) 
 CURVE ( )  GEOMETRIC_REPRESENTATION_ITEM ( )  RATIONAL_B_SPLINE_CURVE ( ( 1.000000000000000000, 0.9967724731469831401, 0.9967724731469831401, 1.000000000000000000 ) ) 
 REPRESENTATION_ITEM ( '' )  );
#3930 = CARTESIAN_POINT ( 'NONE',  ( 14.66436101729183683, -31.77981302579567569, -7.116933741779874367 ) ) ;
#3931 = ORIENTED_EDGE ( 'NONE', *, *, #3599, .F. ) ;
#3932 = CARTESIAN_POINT ( 'NONE',  ( -35.93600448230413491, 18.84306971294780553, -7.116933741779903677 ) ) ;
#3933 = VECTOR ( 'NONE', #3220, 1000.000000000000000 ) ;
#3934 = CARTESIAN_POINT ( 'NONE',  ( 7.736514885293122035, 34.13423995681812784, 7.116933741779903677 ) ) ;
#3935 = CIRCLE ( 'NONE', #1977, 10.00000000000000178 ) ;
#3936 = VECTOR ( 'NONE', #1103, 1000.000000000000000 ) ;
#3937 = VECTOR ( 'NONE', #3534, 1000.000000000000000 ) ;
#3938 = CARTESIAN_POINT ( 'NONE',  ( -7.538471928115868970, 40.42910719445140444, 2.500000000000000444 ) ) ;
#3939 = ORIENTED_EDGE ( 'NONE', *, *, #3303, .T. ) ;
#3940 = FACE_OUTER_BOUND ( 'NONE', #1201, .T. ) ;
#3941 = DIRECTION ( 'NONE',  ( -0.6691306063588670083, -0.7431448254773862505, 0.000000000000000000 ) ) ;
#3942 = ORIENTED_EDGE ( 'NONE', *, *, #3806, .T. ) ;
#3943 = APPLICATION_PROTOCOL_DEFINITION ( 'draft international standard', 'automotive_design', 1998, #57 ) ;
#3944 = ORIENTED_EDGE ( 'NONE', *, *, #5331, .T. ) ;
#3945 = CARTESIAN_POINT ( 'NONE',  ( 33.85320839637731893, 8.885959783357703756, -4.060590289905089634 ) ) ;
#3946 = ORIENTED_EDGE ( 'NONE', *, *, #3544, .F. ) ;
#3947 = DIRECTION ( 'NONE',  ( -0.4067366430757888840, 0.9135454576426060846, 0.000000000000000000 ) ) ;
#3948 = ORIENTED_EDGE ( 'NONE', *, *, #1501, .T. ) ;
#3949 = ORIENTED_EDGE ( 'NONE', *, *, #4050, .F. ) ;
#3950 = EDGE_CURVE ( 'NONE', #1651, #3532, #4546, .T. ) ;
#3951 = CARTESIAN_POINT ( 'NONE',  ( 0.000000000000000000, 0.000000000000000000, -7.500000000000000000 ) ) ;
#3952 = ORIENTED_EDGE ( 'NONE', *, *, #3988, .T. ) ;
#3953 = ADVANCED_FACE ( 'NONE', ( #2378 ), #3706, .T. ) ;
#3954 = CARTESIAN_POINT ( 'NONE',  ( 15.49624107116611960, -31.38569633904177891, -6.823943630429762486 ) ) ;
#3955 = DIRECTION ( 'NONE',  ( 0.8660254037844363761, -0.5000000000000041078, 0.000000000000000000 ) ) ;
#3956 = ADVANCED_FACE ( 'NONE', ( #1966 ), #3651, .F. ) ;
#3957 = CARTESIAN_POINT ( 'NONE',  ( -20.95130420542360739, 28.03645576908393977, -7.116933741779873479 ) ) ;
#3958 = DIRECTION ( 'NONE',  ( -0.9510565162951543083, -0.3090169943749449533, -1.223966211307640379E-16 ) ) ;
#3959 = VERTEX_POINT ( 'NONE', #2435 ) ;
#3960 = FACE_OUTER_BOUND ( 'NONE', #1824, .T. ) ;
#3961 = CARTESIAN_POINT ( 'NONE',  ( -12.37590541626378737, 32.73892125784986717, -4.060590289905084305 ) ) ;
#3962 = ORIENTED_EDGE ( 'NONE', *, *, #2691, .T. ) ;
#3963 = ADVANCED_FACE ( 'NONE', ( #1137 ), #4123, .T. ) ;
#3964 = DIRECTION ( 'NONE',  ( 1.000000000000000000, 0.000000000000000000, 0.000000000000000000 ) ) ;
#3965 = DIRECTION ( 'NONE',  ( 0.7431448254773954654, 0.6691306063588567943, -0.000000000000000000 ) ) ;
#3966 = CARTESIAN_POINT ( 'NONE',  ( -27.31219930434903986, 21.88706853736965741, 4.060590289905082528 ) ) ;
#3967 = CIRCLE ( 'NONE', #5463, 10.00000000000000178 ) ;
#3968 = CARTESIAN_POINT ( 'NONE',  ( 2.448864658608838507, -34.91422434887846293, -3.846916844037818528 ) ) ;
#3969 = ORIENTED_EDGE ( 'NONE', *, *, #5341, .F. ) ;
#3970 = DIRECTION ( 'NONE',  ( 0.9510565162951545304, 0.3090169943749448977, -0.000000000000000000 ) ) ;
#3971 = ORIENTED_EDGE ( 'NONE', *, *, #2016, .T. ) ;
#3972 = CARTESIAN_POINT ( 'NONE',  ( 0.9990059679536054116, -9.504906871054911832, -2.500000000000000444 ) ) ;
#3973 = ORIENTED_EDGE ( 'NONE', *, *, #1560, .F. ) ;
#3974 = DIRECTION ( 'NONE',  ( 0.5877852522924689183, -0.8090169943749505599, 0.000000000000000000 ) ) ;
#3975 = ORIENTED_EDGE ( 'NONE', *, *, #3161, .F. ) ;
#3976 = B_SPLINE_CURVE_WITH_KNOTS ( 'NONE', 3,
 ( #5491, #3435, #3019, #5068 ),
 .UNSPECIFIED., .F., .F.,
 ( 4, 4 ),
 ( 6.009884326765859622E-17, 0.002794378677442427381 ),
 .UNSPECIFIED. ) ;
#3977 = DIRECTION ( 'NONE',  ( 0.8660254037844362651, -0.5000000000000042188, -2.175552860648969340E-16 ) ) ;
#3978 = ORIENTED_EDGE ( 'NONE', *, *, #4370, .T. ) ;
#3979 = DIRECTION ( 'NONE',  ( -0.3860809933300283769, 0.1718943330829426630, 0.9063077870366496036 ) ) ;
#3980 = DIRECTION ( 'NONE',  ( 0.4389891758756219176, -0.4875468726020210641, -0.7547095802227706818 ) ) ;
#3981 = DIRECTION ( 'NONE',  ( 0.7431448254773954654, 0.6691306063588569053, 0.000000000000000000 ) ) ;
#3982 = B_SPLINE_CURVE_WITH_KNOTS ( 'NONE', 3,
 ( #9, #5082, #1351, #1318 ),
 .UNSPECIFIED., .F., .F.,
 ( 4, 4 ),
 ( 0.000000000000000000, 0.002845522393967955550 ),
 .UNSPECIFIED. ) ;
#3983 = DIRECTION ( 'NONE',  ( 0.4067366430758009854, 0.9135454576426004225, -3.066720668573416042E-17 ) ) ;
#3984 = CARTESIAN_POINT ( 'NONE',  ( 39.83015732249954510, 6.858099625434340041, -4.907591987661836797 ) ) ;
#3986 = EDGE_CURVE ( 'NONE', #2382, #1124, #3840, .T. ) ;
#3985 = CARTESIAN_POINT ( 'NONE',  ( 31.46103756886250835, 15.33633316965379301, 3.846916844037795880 ) ) ;
#3987 = ADVANCED_FACE ( 'NONE', ( #345 ), #4570, .F. ) ;
#3988 = EDGE_CURVE ( 'NONE', #167, #3484, #3382, .T. ) ;
#3989 = CARTESIAN_POINT ( 'NONE',  ( -3.937631914469998495, -0.7112846491408100214, -2.480080125405306202 ) ) ;
#3990 = DIRECTION ( 'NONE',  ( 0.1305962250110748735, -0.4019338517338238437, -0.9063077870366496036 ) ) ;
#3991 = CARTESIAN_POINT ( 'NONE',  ( -3.474845784428832296, -1.983614006976678112, 2.286274310325835835 ) ) ;
#3992 = AXIS2_PLACEMENT_3D ( 'NONE', #3252, #2864, #4087 ) ;
#3993 = ORIENTED_EDGE ( 'NONE', *, *, #2321, .F. ) ;
#3994 = CARTESIAN_POINT ( 'NONE',  ( 15.06654539569944617, -31.59112549181064367, -6.181324516535939395 ) ) ;
#3995 = CIRCLE ( 'NONE', #1155, 10.00000000000000000 ) ;
#3996 = ORIENTED_EDGE ( 'NONE', *, *, #181, .F. ) ;
#3997 = CARTESIAN_POINT ( 'NONE',  ( 34.38398235967653704, 6.540955698696600429, -6.073605354730921668 ) ) ;
#3998 = VERTEX_POINT ( 'NONE', #5074 ) ;
#3999 = CARTESIAN_POINT ( 'NONE',  ( -32.48639608759938113, -13.02436444666718174, 7.500000000000000000 ) ) ;
#4000 = AXIS2_PLACEMENT_3D ( 'NONE', #2951, #846, #2131 ) ;
#4001 = ORIENTED_EDGE ( 'NONE', *, *, #2558, .F. ) ;
#4002 = DIRECTION ( 'NONE',  ( -0.3090169943749574988, -0.9510565162951503115, 0.000000000000000000 ) ) ;
#4003 = VERTEX_POINT ( 'NONE', #5499 ) ;
#4004 = CARTESIAN_POINT ( 'NONE',  ( 19.94748107134147119, 28.75969276364897453, -6.493572096533688942 ) ) ;
#4005 = DIRECTION ( 'NONE',  ( 0.8660254037844434816, 0.4999999999999919509, 4.515090783677861260E-17 ) ) ;
#4006 = CARTESIAN_POINT ( 'NONE',  ( 13.80463082539310626, -32.16258956885479137, 7.116933741779899236 ) ) ;
#4007 = CARTESIAN_POINT ( 'NONE',  ( 38.87146803967917918, 9.808641848436970179, 10.40750713394289129 ) ) ;
#4008 = CIRCLE ( 'NONE', #3378, 35.00000000000000711 ) ;
#4009 = AXIS2_PLACEMENT_3D ( 'NONE', #4913, #4132, #2862 ) ;
#4010 = VECTOR ( 'NONE', #2353, 1000.000000000000114 ) ;
#4011 = ADVANCED_FACE ( 'NONE', ( #2424 ), #2551, .T. ) ;
#4012 = CARTESIAN_POINT ( 'NONE',  ( -14.66436101729225250, -31.77981302579548739, 7.116933741779898348 ) ) ;
#4013 = CARTESIAN_POINT ( 'NONE',  ( -22.50323929324014216, 26.80679431247186173, -3.846916844037794103 ) ) ;
#4014 = ADVANCED_FACE ( 'NONE', ( #30 ), #3797, .F. ) ;
#4015 = CARTESIAN_POINT ( 'NONE',  ( -26.61324244213300005, -22.73181309786466997, 6.181324516535961600 ) ) ;
#4016 = EDGE_CURVE ( 'NONE', #723, #371, #1861, .T. ) ;
#4017 = CIRCLE ( 'NONE', #282, 10.00000000000000000 ) ;
#4018 = ORIENTED_EDGE ( 'NONE', *, *, #1505, .F. ) ;
#4019 = CARTESIAN_POINT ( 'NONE',  ( -33.84984963406055414, -8.900240828560288975, 2.499941339591473355 ) ) ;
#4020 = EDGE_LOOP ( 'NONE', ( #165, #4411, #3479, #1868 ) ) ;
#4021 = CARTESIAN_POINT ( 'NONE',  ( 34.85430591650460741, 3.190197341656602958, 7.116933741779905453 ) ) ;
#4022 = ORIENTED_EDGE ( 'NONE', *, *, #1331, .F. ) ;
#4023 = CYLINDRICAL_SURFACE ( 'NONE', #712, 35.00000000000000711 ) ;
#4024 = ORIENTED_EDGE ( 'NONE', *, *, #1731, .F. ) ;
#4025 = DIRECTION ( 'NONE',  ( 0.2113091308703467508, -0.3659981507706694948, 0.9063077870366496036 ) ) ;
#4026 = ORIENTED_EDGE ( 'NONE', *, *, #5299, .T. ) ;
#4027 = CARTESIAN_POINT ( 'NONE',  ( -33.85320839637717683, 8.885959783358121200, 4.060590289905089634 ) ) ;
#4028 = B_SPLINE_CURVE_WITH_KNOTS ( 'NONE', 3,
 ( #2509, #2950, #3844, #871 ),
 .UNSPECIFIED., .F., .F.,
 ( 4, 4 ),
 ( 0.000000000000000000, 0.002845522393967942973 ),
 .UNSPECIFIED. ) ;
#4029 = CARTESIAN_POINT ( 'NONE',  ( 0.000000000000000000, 0.000000000000000000, 7.500000000000000000 ) ) ;
#4030 = CARTESIAN_POINT ( 'NONE',  ( -13.41708876778671033, -32.43774683738136133, -6.181324516535888769 ) ) ;
#4031 =( BOUNDED_CURVE ( )  B_SPLINE_CURVE ( 3, ( #1839, #4392, #584, #5248 ),
 .UNSPECIFIED., .F., .F. ) 
 B_SPLINE_CURVE_WITH_KNOTS ( ( 4, 4 ),
 ( 1.754098410389749008, 1.766791262608478075 ),
 .UNSPECIFIED. ) 
 CURVE ( )  GEOMETRIC_REPRESENTATION_ITEM ( )  RATIONAL_B_SPLINE_CURVE ( ( 1.000000000000000000, 0.9999865743369418247, 0.9999865743369418247, 1.000000000000000000 ) ) 
 REPRESENTATION_ITEM ( '' )  );
#4032 = CARTESIAN_POINT ( 'NONE',  ( -30.23194607790377830, -17.78545512817856178, -1.418366989929916278 ) ) ;
#4033 = AXIS2_PLACEMENT_3D ( 'NONE', #3781, #5453, #5477 ) ;
#4034 = CARTESIAN_POINT ( 'NONE',  ( -0.4522843357638826056, -35.00924461525379883, -7.374970462211828170 ) ) ;
#4035 = CARTESIAN_POINT ( 'NONE',  ( 9.231137288793737739, -33.76071836255032821, 4.060590289905092298 ) ) ;
#4036 = LINE ( 'NONE', #2814, #1098 ) ;
#4037 = EDGE_CURVE ( 'NONE', #2604, #4388, #4059, .T. ) ;
#4038 = ORIENTED_EDGE ( 'NONE', *, *, #190, .F. ) ;
#4039 = CARTESIAN_POINT ( 'NONE',  ( -31.66190335885888629, 14.91865342640344672, -6.073605354730923445 ) ) ;
#4040 = FACE_OUTER_BOUND ( 'NONE', #4234, .T. ) ;
#4041 = MECHANICAL_DESIGN_GEOMETRIC_PRESENTATION_REPRESENTATION (  '', ( #1923 ), #3156 ) ;
#4042 = DIRECTION ( 'NONE',  ( -0.9945218953682745111, -0.1045284632676436593, 0.000000000000000000 ) ) ;
#4043 = LINE ( 'NONE', #4928, #3648 ) ;
#4044 = EDGE_CURVE ( 'NONE', #1344, #2511, #4771, .T. ) ;
#4045 = DIRECTION ( 'NONE',  ( 0.9945218953682729568, -0.1045284632676570929, -5.227900914872952773E-18 ) ) ;
#4046 = DIRECTION ( 'NONE',  ( -0.4067366430757889395, 0.9135454576426058626, 5.620755014803619790E-17 ) ) ;
#4047 = AXIS2_PLACEMENT_3D ( 'NONE', #1390, #1890, #944 ) ;
#4048 = VERTEX_POINT ( 'NONE', #2115 ) ;
#4049 = ADVANCED_FACE ( 'NONE', ( #2176 ), #1585, .T. ) ;
#4050 = EDGE_CURVE ( 'NONE', #2524, #4698, #861, .T. ) ;
#4051 = CARTESIAN_POINT ( 'NONE',  ( -23.21875069118341983, -26.20242595918169215, -5.425564169306131390 ) ) ;
#4052 = ORIENTED_EDGE ( 'NONE', *, *, #2648, .F. ) ;
#4053 = DIRECTION ( 'NONE',  ( -0.7382173651457214492, -0.1569129449004730004, 0.6560590289905091632 ) ) ;
#4054 = CARTESIAN_POINT ( 'NONE',  ( -32.44865978195746692, -13.11809736031777796, -3.846916844037772343 ) ) ;
#4055 = VERTEX_POINT ( 'NONE', #3280 ) ;
#4056 = VECTOR ( 'NONE', #5325, 999.9999999999998863 ) ;
#4057 = DIRECTION ( 'NONE',  ( -0.5877852522924797984, -0.8090169943749426773, 0.000000000000000000 ) ) ;
#4058 = PLANE ( 'NONE',  #5037 ) ;
#4059 = CIRCLE ( 'NONE', #3090, 10.00000000000000000 ) ;
#4060 = CARTESIAN_POINT ( 'NONE',  ( 35.05874153184185360, -1.085182001897720294, 1.226003498143950710 ) ) ;
#4061 = VERTEX_POINT ( 'NONE', #4970 ) ;
#4062 = FACE_OUTER_BOUND ( 'NONE', #138, .T. ) ;
#4063 = CARTESIAN_POINT ( 'NONE',  ( -5.298657715558551473, -34.59659269947479032, 4.060590289905086081 ) ) ;
#4064 = CARTESIAN_POINT ( 'NONE',  ( -38.66343634004087448, 10.44889758562442239, 4.060590289905090522 ) ) ;
#4065 = ORIENTED_EDGE ( 'NONE', *, *, #4574, .T. ) ;
#4066 = CARTESIAN_POINT ( 'NONE',  ( -33.13856300680330236, -11.26213309476178637, -7.116933741779869038 ) ) ;
#4067 = VECTOR ( 'NONE', #3095, 1000.000000000000000 ) ;
#4068 = DIRECTION ( 'NONE',  ( 0.000000000000000000, 1.000000000000000000, 0.000000000000000000 ) ) ;
#4069 = LINE ( 'NONE', #5379, #4284 ) ;
#4070 = DIRECTION ( 'NONE',  ( 0.9945218953682742891, 0.1045284632676436593, -9.367925024672691947E-18 ) ) ;
#4071 = CARTESIAN_POINT ( 'NONE',  ( 16.43804359251179648, -30.89968807044308008, -3.846916844037855832 ) ) ;
#4072 = CIRCLE ( 'NONE', #883, 10.00000000000000178 ) ;
#4073 = CARTESIAN_POINT ( 'NONE',  ( 34.70076432987718817, 4.566941528235681780, -6.181324516535940283 ) ) ;
#4074 = ORIENTED_EDGE ( 'NONE', *, *, #6, .T. ) ;
#4075 = EDGE_CURVE ( 'NONE', #2198, #4194, #3412, .T. ) ;
#4076 = CARTESIAN_POINT ( 'NONE',  ( -25.06096918178534594, -24.43651459786851632, -6.823943630429758045 ) ) ;
#4077 = ORIENTED_EDGE ( 'NONE', *, *, #4555, .F. ) ;
#4078 = CARTESIAN_POINT ( 'NONE',  ( -36.53928717861477082, 16.98635649024991778, -3.846916844037832739 ) ) ;
#4079 = ADVANCED_FACE ( 'NONE', ( #887 ), #1250, .T. ) ;
#4080 = EDGE_CURVE ( 'NONE', #2530, #1206, #4138, .T. ) ;
#4081 = DIRECTION ( 'NONE',  ( 0.9135454576426006446, -0.4067366430758009299, 0.000000000000000000 ) ) ;
#4082 = ORIENTED_EDGE ( 'NONE', *, *, #4219, .F. ) ;
#4083 = DIRECTION ( 'NONE',  ( -0.8660254037844363761, 0.5000000000000039968, 0.000000000000000000 ) ) ;
#4084 = CARTESIAN_POINT ( 'NONE',  ( 27.71406432152097210, 21.38559354889845210, -4.798630682669624115 ) ) ;
#4085 = AXIS2_PLACEMENT_3D ( 'NONE', #4405, #5232, #617 ) ;
#4086 = ORIENTED_EDGE ( 'NONE', *, *, #2387, .F. ) ;
#4087 = DIRECTION ( 'NONE',  ( 0.000000000000000000, 0.000000000000000000, 1.000000000000000000 ) ) ;
#4088 = CARTESIAN_POINT ( 'NONE',  ( 31.74813856982275340, -25.01061095132981293, -4.907591987661866995 ) ) ;
#4089 = VECTOR ( 'NONE', #907, 1000.000000000000000 ) ;
#4090 = FACE_OUTER_BOUND ( 'NONE', #2494, .T. ) ;
#4091 = DIRECTION ( 'NONE',  ( -0.9510565162951544194, -0.3090169943749448422, 3.694514603680749317E-17 ) ) ;
#4092 = ORIENTED_EDGE ( 'NONE', *, *, #4702, .F. ) ;
#4093 = FACE_OUTER_BOUND ( 'NONE', #5502, .T. ) ;
#4094 = FACE_OUTER_BOUND ( 'NONE', #2640, .T. ) ;
#4095 = VECTOR ( 'NONE', #1882, 1000.000000000000114 ) ;
#4096 = CARTESIAN_POINT ( 'NONE',  ( -33.42937638412499268, -10.36710155098846897, 7.116933741779907230 ) ) ;
#4097 = PLANE ( 'NONE',  #5251 ) ;
#4098 = DIRECTION ( 'NONE',  ( 0.2027333892711918606, -0.6239492145956948566, -0.7547095802227706818 ) ) ;
#4099 = DIRECTION ( 'NONE',  ( -0.4067366430757888840, 0.9135454576426058626, 0.000000000000000000 ) ) ;
#4100 = CARTESIAN_POINT ( 'NONE',  ( 8.316467632710130786, -39.12590402935227729, 0.000000000000000000 ) ) ;
#4101 = EDGE_LOOP ( 'NONE', ( #307, #4741, #427, #1035, #2547 ) ) ;
#4102 = CARTESIAN_POINT ( 'NONE',  ( 29.86238487371448258, -28.27683216355011098, 2.500000000000000444 ) ) ;
#4103 = ORIENTED_EDGE ( 'NONE', *, *, #3735, .F. ) ;
#4104 = LINE ( 'NONE', #297, #2590 ) ;
#4105 = DIRECTION ( 'NONE',  ( -0.000000000000000000, -0.000000000000000000, 1.000000000000000000 ) ) ;
#4106 = EDGE_CURVE ( 'NONE', #4518, #3889, #4275, .T. ) ;
#4107 = CARTESIAN_POINT ( 'NONE',  ( -30.95022388338050945, 16.34766321654513277, -5.331456580176204163 ) ) ;
#4108 = CARTESIAN_POINT ( 'NONE',  ( 34.64101615137744972, -20.00000000000015987, -7.500000000000000000 ) ) ;
#4109 = EDGE_LOOP ( 'NONE', ( #3133, #267, #62, #5211, #4782, #2457, #2308, #3771, #2610, #4962, #2000, #3948, #2039, #1989 ) ) ;
#4110 = DIRECTION ( 'NONE',  ( -0.6691306063588569053, 0.7431448254773954654, 0.000000000000000000 ) ) ;
#4111 = CARTESIAN_POINT ( 'NONE',  ( 0.000000000000000000, 0.000000000000000000, 7.500000000000000000 ) ) ;
#4112 = EDGE_CURVE ( 'NONE', #5400, #3788, #73, .T. ) ;
#4113 = LINE ( 'NONE', #308, #4134 ) ;
#4114 = EDGE_CURVE ( 'NONE', #5459, #4522, #4559, .T. ) ;
#4115 = CARTESIAN_POINT ( 'NONE',  ( -35.00000000000000711, 0.000000000000000000, -2.460460499051108751 ) ) ;
#4116 = VECTOR ( 'NONE', #5052, 1000.000000000000114 ) ;
#4117 = ORIENTED_EDGE ( 'NONE', *, *, #4216, .F. ) ;
#4118 = FACE_OUTER_BOUND ( 'NONE', #208, .T. ) ;
#4119 = CARTESIAN_POINT ( 'NONE',  ( -21.69024101059587295, 27.48547263070454250, 7.500000000000000000 ) ) ;
#4120 = CARTESIAN_POINT ( 'NONE',  ( -34.94294907977954523, 2.068083125518171528, -6.748779656296493457 ) ) ;
#4121 = DIRECTION ( 'NONE',  ( -0.09473496022645198911, -0.9013429381507138682, 0.4226182617407003295 ) ) ;
#4122 = CARTESIAN_POINT ( 'NONE',  ( 33.63593277482836896, -21.74085547402603069, -4.060590289905086969 ) ) ;
#4123 = CYLINDRICAL_SURFACE ( 'NONE', #324, 10.00000000000000000 ) ;
#4124 =( BOUNDED_CURVE ( )  B_SPLINE_CURVE ( 3, ( #2533, #1792, #1020, #3562 ),
 .UNSPECIFIED., .F., .F. ) 
 B_SPLINE_CURVE_WITH_KNOTS ( ( 4, 4 ),
 ( 1.431381591588104740, 1.628261284377777951 ),
 .UNSPECIFIED. ) 
 CURVE ( )  GEOMETRIC_REPRESENTATION_ITEM ( )  RATIONAL_B_SPLINE_CURVE ( ( 1.000000000000000000, 0.9967724731469831401, 0.9967724731469831401, 1.000000000000000000 ) ) 
 REPRESENTATION_ITEM ( '' )  );
#4125 = CARTESIAN_POINT ( 'NONE',  ( -37.07287831519050769, -15.78789117527146857, -3.846916844037774119 ) ) ;
#4126 = VERTEX_POINT ( 'NONE', #4978 ) ;
#4127 = AXIS2_PLACEMENT_3D ( 'NONE', #5252, #1897, #4417 ) ;
#4128 = DIRECTION ( 'NONE',  ( 0.8660254037844432595, 0.4999999999999920064, -3.747170009869074314E-17 ) ) ;
#4129 = ORIENTED_EDGE ( 'NONE', *, *, #373, .T. ) ;
#4130 = CARTESIAN_POINT ( 'NONE',  ( 26.42017412162431356, -22.95640059621852203, -6.805446025395997189 ) ) ;
#4131 = CARTESIAN_POINT ( 'NONE',  ( 20.95130420542398042, 28.03645576908365555, 7.116933741779887690 ) ) ;
#4132 = DIRECTION ( 'NONE',  ( 0.000000000000000000, 0.000000000000000000, 1.000000000000000000 ) ) ;
#4133 = EDGE_LOOP ( 'NONE', ( #2056, #2757, #2855, #4026 ) ) ;
#4134 = VECTOR ( 'NONE', #5396, 999.9999999999998863 ) ;
#4135 = CARTESIAN_POINT ( 'NONE',  ( -6.379706395764460858, 40.00000000000000000, 6.181324516535946501 ) ) ;
#4136 = VERTEX_POINT ( 'NONE', #4174 ) ;
#4137 = PLANE ( 'NONE',  #2200 ) ;
#4138 = CIRCLE ( 'NONE', #4855, 10.00000000000000000 ) ;
#4139 = EDGE_CURVE ( 'NONE', #2181, #1522, #2379, .T. ) ;
#4140 = LINE ( 'NONE', #4064, #4286 ) ;
#4141 = CARTESIAN_POINT ( 'NONE',  ( -5.691734262951113621, -39.68380832972884775, -10.40750713394288951 ) ) ;
#4142 = EDGE_CURVE ( 'NONE', #1522, #723, #3669, .T. ) ;
#4143 = EDGE_CURVE ( 'NONE', #978, #5350, #4564, .T. ) ;
#4144 = CARTESIAN_POINT ( 'NONE',  ( -32.27266868991113569, -13.54685203263433024, -6.073605354730913675 ) ) ;
#4145 = ORIENTED_EDGE ( 'NONE', *, *, #5276, .F. ) ;
#4146 = CARTESIAN_POINT ( 'NONE',  ( 18.73521935342104427, -29.20671714100129890, -4.060590289905081640 ) ) ;
#4147 = B_SPLINE_CURVE_WITH_KNOTS ( 'NONE', 3,
 ( #1199, #3714, #1693, #5105 ),
 .UNSPECIFIED., .F., .F.,
 ( 4, 4 ),
 ( 0.000000000000000000, 0.002794378677442432585 ),
 .UNSPECIFIED. ) ;
#4148 = CARTESIAN_POINT ( 'NONE',  ( -34.75593503081719149, 4.126133799771379174, 7.116933741779895684 ) ) ;
#4149 = DIRECTION ( 'NONE',  ( -0.8660254037844432595, -0.4999999999999918954, -8.069478548657159988E-17 ) ) ;
#4150 = CARTESIAN_POINT ( 'NONE',  ( -2.270594410033041743, -34.92693221214751986, 6.425211645992658482 ) ) ;
#4151 = CARTESIAN_POINT ( 'NONE',  ( -10.98391537474076252, 38.89509693840573590, -4.907591987661854560 ) ) ;
#4152 = ORIENTED_EDGE ( 'NONE', *, *, #4292, .F. ) ;
#4153 = CYLINDRICAL_SURFACE ( 'NONE', #764, 9.999999999999998224 ) ;
#4154 = CIRCLE ( 'NONE', #4251, 35.00000000000000711 ) ;
#4155 = ORIENTED_EDGE ( 'NONE', *, *, #4320, .F. ) ;
#4156 = DIRECTION ( 'NONE',  ( 1.000000000000000000, 0.000000000000000000, 0.000000000000000000 ) ) ;
#4157 = ORIENTED_EDGE ( 'NONE', *, *, #5206, .F. ) ;
#4158 = AXIS2_PLACEMENT_3D ( 'NONE', #3084, #922, #530 ) ;
#4159 = CARTESIAN_POINT ( 'NONE',  ( -27.52262852276072280, -21.62186206593036886, -7.500000000000000000 ) ) ;
#4160 = CARTESIAN_POINT ( 'NONE',  ( 12.37590541626421548, 32.73892125784969664, 4.060590289905084305 ) ) ;
#4161 = ORIENTED_EDGE ( 'NONE', *, *, #2123, .T. ) ;
#4162 = VECTOR ( 'NONE', #2654, 1000.000000000000000 ) ;
#4163 = EDGE_CURVE ( 'NONE', #3417, #4225, #5428, .T. ) ;
#4164 = DIRECTION ( 'NONE',  ( 0.7431448254773954654, 0.6691306063588569053, -0.000000000000000000 ) ) ;
#4165 = CARTESIAN_POINT ( 'NONE',  ( 27.47509315763733895, -21.68329884279537012, -6.425211645992647824 ) ) ;
#4166 = B_SPLINE_CURVE_WITH_KNOTS ( 'NONE', 3,
 ( #4791, #995, #5241, #2682, #2302, #3593, #4384, #576, #158, #1859 ),
 .UNSPECIFIED., .F., .F.,
 ( 4, 2, 2, 2, 4 ),
 ( 8.673617379884035472E-19, 0.002894432855054575923, 0.003618041068818219578, 0.004341649282581862800, 0.005788865710109157049 ),
 .UNSPECIFIED. ) ;
#4167 = AXIS2_PLACEMENT_3D ( 'NONE', #872, #2563, #3870 ) ;
#4168 = ORIENTED_EDGE ( 'NONE', *, *, #2916, .F. ) ;
#4169 = CARTESIAN_POINT ( 'NONE',  ( -2.076173128307554627, -40.45231957301647441, 6.181324516535923408 ) ) ;
#4170 = CARTESIAN_POINT ( 'NONE',  ( 34.85225332957561051, -3.951381483079085655, 1.418366989929929600 ) ) ;
#4171 = CARTESIAN_POINT ( 'NONE',  ( -34.89198990789989807, 2.747551685958297796, -6.181324516535938507 ) ) ;
#4172 = LINE ( 'NONE', #2073, #120 ) ;
#4173 = EDGE_CURVE ( 'NONE', #4288, #4672, #2458, .T. ) ;
#4174 = CARTESIAN_POINT ( 'NONE',  ( -22.50323929324014216, 26.80679431247186173, -3.846916844037794103 ) ) ;
#4175 = ORIENTED_EDGE ( 'NONE', *, *, #3691, .T. ) ;
#4176 = CYLINDRICAL_SURFACE ( 'NONE', #708, 35.00000000000000711 ) ;
#4177 = VECTOR ( 'NONE', #1518, 1000.000000000000000 ) ;
#4178 = EDGE_CURVE ( 'NONE', #741, #1383, #3695, .T. ) ;
#4179 = CARTESIAN_POINT ( 'NONE',  ( -23.51141009169919371, -32.36067977499769910, -7.500000000000000000 ) ) ;
#4180 = EDGE_CURVE ( 'NONE', #4483, #1527, #5057, .T. ) ;
#4181 = CYLINDRICAL_SURFACE ( 'NONE', #5433, 35.00000000000000711 ) ;
#4182 = ORIENTED_EDGE ( 'NONE', *, *, #373, .F. ) ;
#4184 = AXIS2_PLACEMENT_3D ( 'NONE', #2985, #5118, #3043 ) ;
#4183 = CARTESIAN_POINT ( 'NONE',  ( 7.469809963310831691, -39.30586667247134613, 0.7524306995458261982 ) ) ;
#4185 = ORIENTED_EDGE ( 'NONE', *, *, #4016, .F. ) ;
#4186 = VECTOR ( 'NONE', #3897, 1000.000000000000114 ) ;
#4187 = EDGE_CURVE ( 'NONE', #703, #2882, #187, .T. ) ;
#4188 = AXIS2_PLACEMENT_3D ( 'NONE', #2917, #3422, #5455 ) ;
#4189 = DIRECTION ( 'NONE',  ( 0.4067366430758009854, 0.9135454576426005335, -0.000000000000000000 ) ) ;
#4190 = EDGE_LOOP ( 'NONE', ( #5441, #3688, #2488, #4778, #8, #487, #2281, #1697, #4979, #3583, #1087, #5098, #2633, #4498 ) ) ;
#4191 = CARTESIAN_POINT ( 'NONE',  ( 38.66343634004100238, 10.44889758562393745, -4.060590289905092298 ) ) ;
#4192 = FACE_OUTER_BOUND ( 'NONE', #3559, .T. ) ;
#4193 = EDGE_LOOP ( 'NONE', ( #435, #4597, #5270, #3321, #4175, #4351, #1658, #470 ) ) ;
#4194 = VERTEX_POINT ( 'NONE', #1590 ) ;
#4195 = CARTESIAN_POINT ( 'NONE',  ( -4.778631277662857890, 8.276832163550027488, 2.500000000000000444 ) ) ;
#4196 = CARTESIAN_POINT ( 'NONE',  ( 5.912082641818437345, 34.51036133782508841, 7.500000000000000000 ) ) ;
#4197 = ORIENTED_EDGE ( 'NONE', *, *, #1827, .T. ) ;
#4198 = CARTESIAN_POINT ( 'NONE',  ( 20.95130420542398042, 28.03645576908365555, 7.116933741779887690 ) ) ;
#4199 = CARTESIAN_POINT ( 'NONE',  ( 28.90302495806979977, -19.74912962460077281, -4.798630682669626779 ) ) ;
#4200 = ORIENTED_EDGE ( 'NONE', *, *, #4460, .F. ) ;
#4201 = CARTESIAN_POINT ( 'NONE',  ( -2.651735478501050292, 34.90531867220450124, 4.798630682669625891 ) ) ;
#4202 = DIRECTION ( 'NONE',  ( -0.5877852522924796874, -0.8090169943749425663, 0.000000000000000000 ) ) ;
#4203 = CARTESIAN_POINT ( 'NONE',  ( -29.84318316396737814, 18.28618108413822441, 6.181324516535904756 ) ) ;
#4204 = ORIENTED_EDGE ( 'NONE', *, *, #3916, .F. ) ;
#4205 = DIRECTION ( 'NONE',  ( -0.6691306063588670083, -0.7431448254773862505, 0.000000000000000000 ) ) ;
#4206 = DIRECTION ( 'NONE',  ( -0.4067366430758010409, -0.9135454576426005335, 2.473414872254617879E-17 ) ) ;
#4207 = DIRECTION ( 'NONE',  ( -0.7431448254773863615, 0.6691306063588671194, 0.000000000000000000 ) ) ;
#4208 = EDGE_CURVE ( 'NONE', #4494, #3375, #2439, .T. ) ;
#4209 = VERTEX_POINT ( 'NONE', #1732 ) ;
#4210 = CARTESIAN_POINT ( 'NONE',  ( 4.863724327625664756, 34.66041237009253706, -3.846916844037853167 ) ) ;
#4211 = ORIENTED_EDGE ( 'NONE', *, *, #5267, .F. ) ;
#4212 = AXIS2_PLACEMENT_3D ( 'NONE', #3079, #632, #5269 ) ;
#4213 = LINE ( 'NONE', #4270, #4572 ) ;
#4214 = ORIENTED_EDGE ( 'NONE', *, *, #2755, .T. ) ;
#4215 = DIRECTION ( 'NONE',  ( -0.4133830387479565105, 0.08786727736897430308, -0.9063077870366496036 ) ) ;
#4216 = EDGE_CURVE ( 'NONE', #1425, #3653, #3423, .T. ) ;
#4217 = ORIENTED_EDGE ( 'NONE', *, *, #344, .T. ) ;
#4218 = CARTESIAN_POINT ( 'NONE',  ( -22.36648512716822523, 26.92185981285438245, -6.425211645992650489 ) ) ;
#4219 = EDGE_CURVE ( 'NONE', #1359, #4494, #663, .T. ) ;
#4220 = ORIENTED_EDGE ( 'NONE', *, *, #2123, .F. ) ;
#4221 = FACE_OUTER_BOUND ( 'NONE', #1497, .T. ) ;
#4222 = ORIENTED_EDGE ( 'NONE', *, *, #4888, .T. ) ;
#4223 = CIRCLE ( 'NONE', #1395, 10.00000000000000000 ) ;
#4224 = DIRECTION ( 'NONE',  ( 0.7547095802227710148, -0.000000000000000000, 0.6560590289905086081 ) ) ;
#4225 = VERTEX_POINT ( 'NONE', #1997 ) ;
#4226 = CYLINDRICAL_SURFACE ( 'NONE', #2672, 10.00000000000000000 ) ;
#4227 = CYLINDRICAL_SURFACE ( 'NONE', #2775, 10.00000000000000178 ) ;
#4228 = EDGE_LOOP ( 'NONE', ( #5186, #4434, #5272, #26, #1608, #4364, #2963, #5050, #38, #5166, #2581, #3388, #185, #1060 ) ) ;
#4229 = B_SPLINE_CURVE_WITH_KNOTS ( 'NONE', 3,
 ( #143, #1452, #639, #3558 ),
 .UNSPECIFIED., .F., .F.,
 ( 4, 4 ),
 ( 8.673617379884035472E-19, 0.002794378677442427815 ),
 .UNSPECIFIED. ) ;
#4230 = CARTESIAN_POINT ( 'NONE',  ( -34.18576345041475406, 7.550568661896626566, 5.425564169306130502 ) ) ;
#4231 = ORIENTED_EDGE ( 'NONE', *, *, #3574, .T. ) ;
#4232 = LINE ( 'NONE', #2957, #4808 ) ;
#4233 = DIRECTION ( 'NONE',  ( -0.7431448254773862505, 0.6691306063588671194, -3.635895626593011290E-17 ) ) ;
#4234 = EDGE_LOOP ( 'NONE', ( #5122, #3384, #2291, #1864 ) ) ;
#4235 = LINE ( 'NONE', #3374, #3114 ) ;
#4236 = EDGE_CURVE ( 'NONE', #4496, #2530, #1940, .T. ) ;
#4237 = EDGE_LOOP ( 'NONE', ( #4956, #1291, #1152, #3466, #144, #2982, #1970, #1710, #407, #3176, #4849, #4092, #5151, #3381 ) ) ;
#4238 = CARTESIAN_POINT ( 'NONE',  ( 31.57086003832656473, 15.11049268446321925, 6.196689755746676020 ) ) ;
#4239 = ORIENTED_EDGE ( 'NONE', *, *, #1131, .F. ) ;
#4240 =( BOUNDED_CURVE ( )  B_SPLINE_CURVE ( 3, ( #1888, #2372, #4795, #2348 ),
 .UNSPECIFIED., .F., .F. ) 
 B_SPLINE_CURVE_WITH_KNOTS ( ( 4, 4 ),
 ( 1.431381591588105184, 1.628261284377778395 ),
 .UNSPECIFIED. ) 
 CURVE ( )  GEOMETRIC_REPRESENTATION_ITEM ( )  RATIONAL_B_SPLINE_CURVE ( ( 1.000000000000000000, 0.9967724731469831401, 0.9967724731469831401, 1.000000000000000000 ) ) 
 REPRESENTATION_ITEM ( '' )  );
#4241 = PLANE ( 'NONE',  #3736 ) ;
#4242 = ORIENTED_EDGE ( 'NONE', *, *, #3846, .T. ) ;
#4243 = DIRECTION ( 'NONE',  ( -0.6105728762178069813, -0.4436071610187848901, 0.6560590289905081640 ) ) ;
#4244 = CARTESIAN_POINT ( 'NONE',  ( -14.79882074332766528, -31.71776842020675247, 6.805446025396018506 ) ) ;
#4245 = VERTEX_POINT ( 'NONE', #2025 ) ;
#4246 = EDGE_CURVE ( 'NONE', #5117, #666, #4493, .T. ) ;
#4247 = FACE_OUTER_BOUND ( 'NONE', #1835, .T. ) ;
#4248 = ORIENTED_EDGE ( 'NONE', *, *, #1919, .F. ) ;
#4249 = EDGE_CURVE ( 'NONE', #3526, #971, #2893, .T. ) ;
#4250 = EDGE_CURVE ( 'NONE', #4393, #1149, #2410, .T. ) ;
#4251 = AXIS2_PLACEMENT_3D ( 'NONE', #841, #1664, #1257 ) ;
#4252 = CARTESIAN_POINT ( 'NONE',  ( 20.18994489921261959, 28.58961568413887022, -7.116933741779871703 ) ) ;
#4253 = ORIENTED_EDGE ( 'NONE', *, *, #2914, .F. ) ;
#4254 = CARTESIAN_POINT ( 'NONE',  ( -34.64101615137773393, -19.99999999999967670, 7.500000000000000000 ) ) ;
#4255 = AXIS2_PLACEMENT_3D ( 'NONE', #2166, #488, #2598 ) ;
#4256 = CARTESIAN_POINT ( 'NONE',  ( -34.93929088079841705, 2.272380597061161023, 7.500000000000000000 ) ) ;
#4257 = EDGE_CURVE ( 'NONE', #4869, #3750, #5408, .T. ) ;
#4258 = VECTOR ( 'NONE', #2054, 1000.000000000000114 ) ;
#4259 = VECTOR ( 'NONE', #1969, 1000.000000000000114 ) ;
#4260 = ORIENTED_EDGE ( 'NONE', *, *, #4622, .F. ) ;
#4261 = CARTESIAN_POINT ( 'NONE',  ( 0.000000000000000000, 0.000000000000000000, 7.500000000000000000 ) ) ;
#4262 = ORIENTED_EDGE ( 'NONE', *, *, #2791, .T. ) ;
#4263 = UNCERTAINTY_MEASURE_WITH_UNIT (LENGTH_MEASURE( 1.000000000000000082E-05 ), #184, 'distance_accuracy_value', 'NONE');
#4264 = EDGE_LOOP ( 'NONE', ( #2141, #827, #2447, #1089 ) ) ;
#4265 = CARTESIAN_POINT ( 'NONE',  ( -26.32257486426723503, -23.06777086142152200, 7.116933741779912559 ) ) ;
#4266 = DIRECTION ( 'NONE',  ( -0.9945218953682744001, -0.1045284632676436593, -3.029913022160850188E-18 ) ) ;
#4267 = VERTEX_POINT ( 'NONE', #1493 ) ;
#4268 = DIRECTION ( 'NONE',  ( 0.9510565162951545304, 0.3090169943749449533, 0.000000000000000000 ) ) ;
#4269 = ORIENTED_EDGE ( 'NONE', *, *, #692, .F. ) ;
#4270 = CARTESIAN_POINT ( 'NONE',  ( 21.38336841880746064, 27.83841313642464144, 6.181324516535934066 ) ) ;
#4271 = ORIENTED_EDGE ( 'NONE', *, *, #4328, .F. ) ;
#4272 = VECTOR ( 'NONE', #3457, 1000.000000000000227 ) ;
#4273 = DIRECTION ( 'NONE',  ( 0.000000000000000000, 0.000000000000000000, 1.000000000000000000 ) ) ;
#4274 = VERTEX_POINT ( 'NONE', #1113 ) ;
#4275 = LINE ( 'NONE', #3862, #2463 ) ;
#4276 = AXIS2_PLACEMENT_3D ( 'NONE', #3021, #2663, #5218 ) ;
#4277 = DIRECTION ( 'NONE',  ( -0.7431448254773954654, -0.6691306063588570163, -4.515090783677871121E-17 ) ) ;
#4278 = ORIENTED_EDGE ( 'NONE', *, *, #4359, .T. ) ;
#4279 = VECTOR ( 'NONE', #3481, 1000.000000000000000 ) ;
#4280 = CARTESIAN_POINT ( 'NONE',  ( -33.63408448639539472, -9.683701572295641213, 2.419928384539554944 ) ) ;
#4281 = CARTESIAN_POINT ( 'NONE',  ( -10.55389745098679022, -33.38102392677286900, -5.425564169306126061 ) ) ;
#4282 = ORIENTED_EDGE ( 'NONE', *, *, #528, .T. ) ;
#4283 = CARTESIAN_POINT ( 'NONE',  ( -39.27247818500681831, -9.018218867564815611, 3.846916844037854943 ) ) ;
#4284 = VECTOR ( 'NONE', #3728, 1000.000000000000114 ) ;
#4285 = ADVANCED_FACE ( 'NONE', ( #1059 ), #717, .T. ) ;
#4286 = VECTOR ( 'NONE', #1933, 1000.000000000000000 ) ;
#4287 = PLANE ( 'NONE',  #336 ) ;
#4288 = VERTEX_POINT ( 'NONE', #3603 ) ;
#4289 = CARTESIAN_POINT ( 'NONE',  ( -6.815988142536181016, 34.32990395618383417, 7.116933741779896572 ) ) ;
#4290 = PLANE ( 'NONE',  #2400 ) ;
#4291 = FACE_OUTER_BOUND ( 'NONE', #1660, .T. ) ;
#4292 = EDGE_CURVE ( 'NONE', #4396, #2650, #5295, .T. ) ;
#4293 = EDGE_CURVE ( 'NONE', #2511, #903, #4688, .T. ) ;
#4294 = ORIENTED_EDGE ( 'NONE', *, *, #5208, .T. ) ;
#4295 = CARTESIAN_POINT ( 'NONE',  ( 25.16500674034580953, 31.83049057299531981, 7.116933741779889466 ) ) ;
#4296 = ORIENTED_EDGE ( 'NONE', *, *, #2261, .T. ) ;
#4297 = CARTESIAN_POINT ( 'NONE',  ( 8.211776380433134293, 34.12905535707768934, 6.181324516535979363 ) ) ;
#4298 = CARTESIAN_POINT ( 'NONE',  ( 26.25715810602883948, 23.25628143037359052, 1.418366989929945587 ) ) ;
#4299 = ORIENTED_EDGE ( 'NONE', *, *, #967, .F. ) ;
#4300 = CARTESIAN_POINT ( 'NONE',  ( -5.691734262951113621, -39.68380832972884775, -10.40750713394288951 ) ) ;
#4301 = ORIENTED_EDGE ( 'NONE', *, *, #2516, .F. ) ;
#4302 = DIRECTION ( 'NONE',  ( -0.9135454576426006446, 0.4067366430758009299, 0.000000000000000000 ) ) ;
#4303 = VERTEX_POINT ( 'NONE', #3214 ) ;
#4304 = DIRECTION ( 'NONE',  ( 0.000000000000000000, 0.000000000000000000, 1.000000000000000000 ) ) ;
#4305 = CARTESIAN_POINT ( 'NONE',  ( 11.08259117584079512, 33.20924092229306979, 5.425564169306140272 ) ) ;
#4306 = ORIENTED_EDGE ( 'NONE', *, *, #13, .T. ) ;
#4307 = AXIS2_PLACEMENT_3D ( 'NONE', #1209, #5286, #4454 ) ;
#4308 = B_SPLINE_CURVE_WITH_KNOTS ( 'NONE', 3,
 ( #2234, #5106, #4281, #1662, #2529, #3387, #4690, #4721, #3834, #838 ),
 .UNSPECIFIED., .F., .F.,
 ( 4, 2, 2, 2, 4 ),
 ( 1.939479807224432123E-18, 0.002894432855054559009, 0.003618041068818199629, 0.004341649282581840248, 0.005788865710109121487 ),
 .UNSPECIFIED. ) ;
#4309 = CARTESIAN_POINT ( 'NONE',  ( -33.96993454595224193, -8.430278567078154595, 2.419879975024270991 ) ) ;
#4310 = CARTESIAN_POINT ( 'NONE',  ( 0.000000000000000000, 0.000000000000000000, 7.500000000000000000 ) ) ;
#4311 = ORIENTED_EDGE ( 'NONE', *, *, #450, .F. ) ;
#4312 = CARTESIAN_POINT ( 'NONE',  ( -38.04226065180601069, 12.36067977499829595, -7.500000000000000000 ) ) ;
#4313 = FACE_OUTER_BOUND ( 'NONE', #4547, .T. ) ;
#4314 = CARTESIAN_POINT ( 'NONE',  ( 23.33073613031983129, 33.86765446807354607, -2.500000000000000444 ) ) ;
#4315 = ORIENTED_EDGE ( 'NONE', *, *, #3289, .T. ) ;
#4316 = DIRECTION ( 'NONE',  ( -0.6691306063588672304, -0.7431448254773860285, 0.000000000000000000 ) ) ;
#4317 = AXIS2_PLACEMENT_3D ( 'NONE', #2699, #565, #4395 ) ;
#4318 = DIRECTION ( 'NONE',  ( 0.000000000000000000, 0.000000000000000000, -1.000000000000000000 ) ) ;
#4319 =( GEOMETRIC_REPRESENTATION_CONTEXT ( 3 ) GLOBAL_UNCERTAINTY_ASSIGNED_CONTEXT ( ( #4263 ) ) GLOBAL_UNIT_ASSIGNED_CONTEXT ( ( #184, #4436, #3496 ) ) REPRESENTATION_CONTEXT ( 'NONE', 'WORKASPACE' ) );
#4320 = EDGE_CURVE ( 'NONE', #3879, #978, #3935, .T. ) ;
#4321 = B_SPLINE_CURVE_WITH_KNOTS ( 'NONE', 3,
 ( #3155, #5216, #4820, #4039, #1028, #2737, #606, #1419, #3573, #2764 ),
 .UNSPECIFIED., .F., .F.,
 ( 4, 2, 2, 2, 4 ),
 ( 2.453269466693398698E-18, 0.002894432855054580259, 0.003618041068818222614, 0.004341649282581863667, 0.005788865710109149243 ),
 .UNSPECIFIED. ) ;
#4322 = DIRECTION ( 'NONE',  ( 0.2079116908177532363, -0.9781476007338070211, 0.000000000000000000 ) ) ;
#4323 = EDGE_LOOP ( 'NONE', ( #5020, #1797, #4639, #1431 ) ) ;
#4324 = EDGE_CURVE ( 'NONE', #4061, #2136, #1272, .T. ) ;
#4325 = EDGE_LOOP ( 'NONE', ( #1838, #3184, #162, #5297 ) ) ;
#4326 = DIRECTION ( 'NONE',  ( 0.2332180861064263311, 0.7177714641812434904, 0.6560590289905090522 ) ) ;
#4327 = CARTESIAN_POINT ( 'NONE',  ( -31.52131900098202522, 24.77109062817053342, -10.40750713394288596 ) ) ;
#4328 = EDGE_CURVE ( 'NONE', #1259, #3526, #2502, .T. ) ;
#4329 = CARTESIAN_POINT ( 'NONE',  ( -3.375341695971803890, -2.148568404699065848, 2.194640841763968453 ) ) ;
#4330 = ADVANCED_FACE ( 'NONE', ( #387 ), #3333, .T. ) ;
#4331 = DIRECTION ( 'NONE',  ( 1.000000000000000000, 0.000000000000000000, 0.000000000000000000 ) ) ;
#4332 = AXIS2_PLACEMENT_3D ( 'NONE', #4100, #2331, #1916 ) ;
#4333 = ORIENTED_EDGE ( 'NONE', *, *, #3359, .T. ) ;
#4334 = DIRECTION ( 'NONE',  ( 0.9510565162951503115, -0.3090169943749573322, 0.000000000000000000 ) ) ;
#4335 = ORIENTED_EDGE ( 'NONE', *, *, #2422, .F. ) ;
#4336 = CARTESIAN_POINT ( 'NONE',  ( -36.07082295639219183, 18.42814111473991900, -6.181324516535921632 ) ) ;
#4337 = ORIENTED_EDGE ( 'NONE', *, *, #4250, .F. ) ;
#4338 = DIRECTION ( 'NONE',  ( 0.2079116908177664480, 0.9781476007338041345, 1.027178169881265185E-16 ) ) ;
#4339 = ORIENTED_EDGE ( 'NONE', *, *, #4394, .T. ) ;
#4340 = DIRECTION ( 'NONE',  ( -0.2827868137368851342, -0.3140665743648490271, 0.9063077870366496036 ) ) ;
#4341 = PRESENTATION_STYLE_ASSIGNMENT (( #2613 ) ) ;
#4342 = VERTEX_POINT ( 'NONE', #5420 ) ;
#4343 = PLANE ( 'NONE',  #273 ) ;
#4344 = CARTESIAN_POINT ( 'NONE',  ( -38.87146803967903708, 9.808641848437485322, -10.40750713394292326 ) ) ;
#4345 = CARTESIAN_POINT ( 'NONE',  ( 29.06857275563999821, 19.49405237373862931, 7.500000000000000000 ) ) ;
#4346 = ORIENTED_EDGE ( 'NONE', *, *, #5228, .F. ) ;
#4347 = CARTESIAN_POINT ( 'NONE',  ( -27.71406432152068433, 21.38559354889882869, 4.798630682669629444 ) ) ;
#4348 = CARTESIAN_POINT ( 'NONE',  ( -4.404416343385064714, 34.72237694969890498, 6.073605354730926109 ) ) ;
#4349 = AXIS2_PLACEMENT_3D ( 'NONE', #4452, #1983, #3226 ) ;
#4350 = DIRECTION ( 'NONE',  ( 0.9781476007338069101, 0.2079116908177532641, 0.000000000000000000 ) ) ;
#4351 = ORIENTED_EDGE ( 'NONE', *, *, #5267, .T. ) ;
#4352 = LINE ( 'NONE', #4866, #3565 ) ;
#4353 = CARTESIAN_POINT ( 'NONE',  ( -2.369054813131973081, -3.222976775028985053, 0.2148177020862448439 ) ) ;
#4354 = ADVANCED_FACE ( 'NONE', ( #5451 ), #1613, .F. ) ;
#4355 = CARTESIAN_POINT ( 'NONE',  ( -20.18994489921224655, 28.58961568413912602, 7.116933741779901901 ) ) ;
#4356 = CARTESIAN_POINT ( 'NONE',  ( 0.000000000000000000, 0.000000000000000000, 7.500000000000000000 ) ) ;
#4357 = ORIENTED_EDGE ( 'NONE', *, *, #2163, .F. ) ;
#4358 = CARTESIAN_POINT ( 'NONE',  ( 34.46698451524486018, 6.084979739150504940, -3.846916844037834959 ) ) ;
#4359 = EDGE_CURVE ( 'NONE', #2803, #2495, #3443, .T. ) ;
#4360 = EDGE_CURVE ( 'NONE', #1638, #3824, #2912, .T. ) ;
#4361 = DIRECTION ( 'NONE',  ( 0.9659258262890682012, 0.2588190451025214056, -0.000000000000000000 ) ) ;
#4362 = ORIENTED_EDGE ( 'NONE', *, *, #3347, .F. ) ;
#4363 = CARTESIAN_POINT ( 'NONE',  ( -34.77018372359628273, 4.109269214643250123, -7.374970462211829947 ) ) ;
#4364 = ORIENTED_EDGE ( 'NONE', *, *, #3232, .T. ) ;
#4365 = CARTESIAN_POINT ( 'NONE',  ( -8.169140914311759261, 34.03329453229761015, -6.181324516535933178 ) ) ;
#4366 = ORIENTED_EDGE ( 'NONE', *, *, #2119, .T. ) ;
#4367 = CARTESIAN_POINT ( 'NONE',  ( 9.482694005718052210, 33.69161182135310639, 6.425211645992658482 ) ) ;
#4368 = EDGE_CURVE ( 'NONE', #1391, #2522, #4766, .T. ) ;
#4369 = EDGE_LOOP ( 'NONE', ( #1027, #360, #2780, #3515, #1653, #5078, #5124, #4103, #1871, #1504, #1327, #5301, #635, #4335, #3973, #4581 ) ) ;
#4370 = EDGE_CURVE ( 'NONE', #4565, #5366, #3533, .T. ) ;
#4371 = CIRCLE ( 'NONE', #1356, 10.00000000000000178 ) ;
#4372 = DIRECTION ( 'NONE',  ( 0.1045284632676439368, -0.9945218953682744001, 0.000000000000000000 ) ) ;
#4373 = ORIENTED_EDGE ( 'NONE', *, *, #4324, .F. ) ;
#4374 = DIRECTION ( 'NONE',  ( 0.000000000000000000, -0.000000000000000000, 1.000000000000000000 ) ) ;
#4375 = FACE_OUTER_BOUND ( 'NONE', #2571, .T. ) ;
#4376 = FACE_OUTER_BOUND ( 'NONE', #4237, .T. ) ;
#4377 = ORIENTED_EDGE ( 'NONE', *, *, #648, .F. ) ;
#4378 = CARTESIAN_POINT ( 'NONE',  ( -4.778631277662967136, -8.276832163549949328, 2.500000000000000444 ) ) ;
#4379 = AXIS2_PLACEMENT_3D ( 'NONE', #2523, #3859, #2085 ) ;
#4380 = DIRECTION ( 'NONE',  ( 0.4067366430758009854, 0.9135454576426004225, -0.000000000000000000 ) ) ;
#4381 = VECTOR ( 'NONE', #1235, 1000.000000000000000 ) ;
#4382 = VECTOR ( 'NONE', #1454, 1000.000000000000227 ) ;
#4383 = CARTESIAN_POINT ( 'NONE',  ( 14.79882074332724962, -31.71776842020694076, -6.805446025395998966 ) ) ;
#4384 = CARTESIAN_POINT ( 'NONE',  ( 32.59591823273316180, -12.74970470522881882, 6.531040695676805896 ) ) ;
#4385 = LINE ( 'NONE', #4765, #178 ) ;
#4386 = ORIENTED_EDGE ( 'NONE', *, *, #3549, .T. ) ;
#4387 = CARTESIAN_POINT ( 'NONE',  ( 35.64609952792652336, -18.25914452597429616, 4.060590289905074535 ) ) ;
#4388 = VERTEX_POINT ( 'NONE', #4806 ) ;
#4389 = FACE_OUTER_BOUND ( 'NONE', #2389, .T. ) ;
#4390 = ORIENTED_EDGE ( 'NONE', *, *, #180, .T. ) ;
#4391 = CYLINDRICAL_SURFACE ( 'NONE', #2686, 10.00000000000000178 ) ;
#4392 = CARTESIAN_POINT ( 'NONE',  ( 34.88036507402624409, 2.895178967466318642, 6.493572096533712035 ) ) ;
#4393 = VERTEX_POINT ( 'NONE', #2701 ) ;
#4394 = EDGE_CURVE ( 'NONE', #3812, #4698, #590, .T. ) ;
#4395 = DIRECTION ( 'NONE',  ( 0.1045284632676439368, -0.9945218953682744001, 0.000000000000000000 ) ) ;
#4396 = VERTEX_POINT ( 'NONE', #1872 ) ;
#4397 = CARTESIAN_POINT ( 'NONE',  ( 16.65963754323808388, -30.78153130782731495, -6.196689755746677797 ) ) ;
#4398 = EDGE_CURVE ( 'NONE', #802, #4126, #3560, .T. ) ;
#4399 = EDGE_CURVE ( 'NONE', #3854, #4577, #4835, .T. ) ;
#4400 =( BOUNDED_CURVE ( )  B_SPLINE_CURVE ( 3, ( #826, #2106, #3789, #2573 ),
 .UNSPECIFIED., .F., .F. ) 
 B_SPLINE_CURVE_WITH_KNOTS ( ( 4, 4 ),
 ( 1.431381591588104296, 1.628261284377777507 ),
 .UNSPECIFIED. ) 
 CURVE ( )  GEOMETRIC_REPRESENTATION_ITEM ( )  RATIONAL_B_SPLINE_CURVE ( ( 1.000000000000000000, 0.9967724731469831401, 0.9967724731469831401, 1.000000000000000000 ) ) 
 REPRESENTATION_ITEM ( '' )  );
#4401 = FACE_OUTER_BOUND ( 'NONE', #4323, .T. ) ;
#4402 = DIRECTION ( 'NONE',  ( 0.9510565162951545304, 0.3090169943749448977, 0.000000000000000000 ) ) ;
#4403 = EDGE_LOOP ( 'NONE', ( #2005, #985, #4891, #695 ) ) ;
#4404 = CARTESIAN_POINT ( 'NONE',  ( -19.82544451219994031, 28.84357380585286634, 6.181324516535899427 ) ) ;
#4405 = CARTESIAN_POINT ( 'NONE',  ( 0.000000000000000000, 0.000000000000000000, 7.500000000000000000 ) ) ;
#4406 = CARTESIAN_POINT ( 'NONE',  ( 18.54089304176261166, 29.68560737485287504, -3.846916844037790106 ) ) ;
#4407 = CARTESIAN_POINT ( 'NONE',  ( -3.377341218747714979, -2.151024576297758895, -2.200789885386541744 ) ) ;
#4408 = LINE ( 'NONE', #1482, #1973 ) ;
#4409 = DIRECTION ( 'NONE',  ( 0.9781476007338042455, -0.2079116908177663647, 0.000000000000000000 ) ) ;
#4410 = VECTOR ( 'NONE', #4025, 1000.000000000000227 ) ;
#4411 = ORIENTED_EDGE ( 'NONE', *, *, #3100, .T. ) ;
#4412 = CARTESIAN_POINT ( 'NONE',  ( 9.557262555325859665, 40.00000000000000000, 2.500000000000000444 ) ) ;
#4413 = ORIENTED_EDGE ( 'NONE', *, *, #2078, .F. ) ;
#4414 = CARTESIAN_POINT ( 'NONE',  ( 34.42308705283988957, 6.332240557608901810, -6.196689755746676909 ) ) ;
#4415 = ORIENTED_EDGE ( 'NONE', *, *, #2043, .F. ) ;
#4416 = DIRECTION ( 'NONE',  ( -0.2827868137368808599, 0.3140665743648529129, 0.9063077870366496036 ) ) ;
#4417 = DIRECTION ( 'NONE',  ( 0.4999999999999918954, -0.8660254037844432595, 0.000000000000000000 ) ) ;
#4418 = ORIENTED_EDGE ( 'NONE', *, *, #3325, .F. ) ;
#4419 = CARTESIAN_POINT ( 'NONE',  ( 0.000000000000000000, 40.00000000000000000, -7.500000000000000000 ) ) ;
#4420 = CARTESIAN_POINT ( 'NONE',  ( -34.36809786969731562, -6.620713618554002089, -0.3303987930907881787 ) ) ;
#4421 = EDGE_CURVE ( 'NONE', #233, #4494, #1167, .T. ) ;
#4422 = EDGE_CURVE ( 'NONE', #4869, #3140, #4172, .T. ) ;
#4423 = FACE_OUTER_BOUND ( 'NONE', #3572, .T. ) ;
#4424 = CARTESIAN_POINT ( 'NONE',  ( 14.65272493192746239, -31.79857578131960949, 7.374970462211826394 ) ) ;
#4425 = ADVANCED_FACE ( 'NONE', ( #3310 ), #1186, .T. ) ;
#4426 = EDGE_CURVE ( 'NONE', #2938, #4805, #67, .T. ) ;
#4427 = CARTESIAN_POINT ( 'NONE',  ( 4.963767564838762247, 34.64622651259809771, 7.500000000000000000 ) ) ;
#4428 = ORIENTED_EDGE ( 'NONE', *, *, #2781, .F. ) ;
#4429 = DIRECTION ( 'NONE',  ( 0.000000000000000000, 0.000000000000000000, 1.000000000000000000 ) ) ;
#4430 = AXIS2_PLACEMENT_3D ( 'NONE', #2208, #1846, #127 ) ;
#4431 = CARTESIAN_POINT ( 'NONE',  ( 14.98351008096196857, -37.70878041004382908, 7.116933741779886802 ) ) ;
#4432 = CARTESIAN_POINT ( 'NONE',  ( -33.44628935778234080, 10.56592191761942168, -1.418366989929922051 ) ) ;
#4433 = AXIS2_PLACEMENT_3D ( 'NONE', #2679, #545, #3517 ) ;
#4434 = ORIENTED_EDGE ( 'NONE', *, *, #4510, .T. ) ;
#4435 = CARTESIAN_POINT ( 'NONE',  ( -33.15616027612325212, -11.21039645282442265, 1.108160532578976953 ) ) ;
#4436 =( NAMED_UNIT ( * ) PLANE_ANGLE_UNIT ( ) SI_UNIT ( $, .RADIAN. ) );
#4437 = AXIS2_PLACEMENT_3D ( 'NONE', #4261, #4671, #3489 ) ;
#4438 = ORIENTED_EDGE ( 'NONE', *, *, #5228, .T. ) ;
#4439 = CARTESIAN_POINT ( 'NONE',  ( 34.98740685158354324, 0.9630963236282160667, 6.196689755746678685 ) ) ;
#4440 = DIRECTION ( 'NONE',  ( 0.6560590289905084971, 0.000000000000000000, -0.7547095802227709038 ) ) ;
#4441 = AXIS2_PLACEMENT_3D ( 'NONE', #636, #3499, #1893 ) ;
#4442 = B_SPLINE_CURVE_WITH_KNOTS ( 'NONE', 3,
 ( #3129, #604, #1884, #2218 ),
 .UNSPECIFIED., .F., .F.,
 ( 4, 4 ),
 ( 8.673617379884035472E-19, 0.002794378677442424779 ),
 .UNSPECIFIED. ) ;
#4443 = AXIS2_PLACEMENT_3D ( 'NONE', #1673, #41, #3679 ) ;
#4444 = ORIENTED_EDGE ( 'NONE', *, *, #4246, .F. ) ;
#4445 = DIRECTION ( 'NONE',  ( 0.8090169943749504489, 0.5877852522924690293, 0.000000000000000000 ) ) ;
#4446 = VERTEX_POINT ( 'NONE', #3052 ) ;
#4447 = CARTESIAN_POINT ( 'NONE',  ( -3.919378869360077289, 0.8221614963764337647, 1.741710582059152301 ) ) ;
#4448 = LINE ( 'NONE', #4030, #3618 ) ;
#4449 = ORIENTED_EDGE ( 'NONE', *, *, #404, .T. ) ;
#4450 = ADVANCED_FACE ( 'NONE', ( #3112 ), #4391, .T. ) ;
#4451 = VECTOR ( 'NONE', #3238, 999.9999999999998863 ) ;
#4452 = CARTESIAN_POINT ( 'NONE',  ( 0.000000000000000000, 0.000000000000000000, 7.500000000000000000 ) ) ;
#4453 = AXIS2_PLACEMENT_3D ( 'NONE', #3092, #4809, #2238 ) ;
#4454 = DIRECTION ( 'NONE',  ( -0.9135454576426058626, -0.4067366430757889950, 0.000000000000000000 ) ) ;
#4455 = CARTESIAN_POINT ( 'NONE',  ( 34.75593503081724123, 4.126133799770925314, -7.116933741779897460 ) ) ;
#4456 = CARTESIAN_POINT ( 'NONE',  ( 2.076173128307019944, -40.45231957301650283, -6.181324516535912750 ) ) ;
#4457 = AXIS2_PLACEMENT_3D ( 'NONE', #2986, #4266, #3851 ) ;
#4458 = EDGE_CURVE ( 'NONE', #666, #2178, #2945, .T. ) ;
#4459 = AXIS2_PLACEMENT_3D ( 'NONE', #3231, #4896, #2867 ) ;
#4460 = EDGE_CURVE ( 'NONE', #1341, #1921, #3053, .T. ) ;
#4461 = ORIENTED_EDGE ( 'NONE', *, *, #928, .T. ) ;
#4462 = LINE ( 'NONE', #3134, #4700 ) ;
#4463 = CARTESIAN_POINT ( 'NONE',  ( -34.30407415002526506, -6.945412704487909927, 1.252471609754654658 ) ) ;
#4464 = LINE ( 'NONE', #507, #125 ) ;
#4465 = CARTESIAN_POINT ( 'NONE',  ( 34.96362513121550819, 1.610519540208914080, 6.531040695676802343 ) ) ;
#4466 = CARTESIAN_POINT ( 'NONE',  ( -2.010166753098152181, 40.00000000000000000, 4.060590289905084305 ) ) ;
#4467 = ORIENTED_EDGE ( 'NONE', *, *, #828, .F. ) ;
#4468 = ORIENTED_EDGE ( 'NONE', *, *, #1133, .T. ) ;
#4469 = CARTESIAN_POINT ( 'NONE',  ( 15.43034175323501067, -31.41762251430450092, -5.331456580176216598 ) ) ;
#4470 = EDGE_LOOP ( 'NONE', ( #2332, #2074, #1724, #354 ) ) ;
#4471 = CARTESIAN_POINT ( 'NONE',  ( 33.91913873459488116, -8.633552005410436436, -6.425211645992650489 ) ) ;
#4472 = FACE_OUTER_BOUND ( 'NONE', #3334, .T. ) ;
#4473 = EDGE_LOOP ( 'NONE', ( #788, #2741, #4239, #4152 ) ) ;
#4474 = CARTESIAN_POINT ( 'NONE',  ( -3.663150038644578554, 1.606652356416354621, 0.000000000000000000 ) ) ;
#4475 = DIRECTION ( 'NONE',  ( 0.9510565162951544194, 0.3090169943749448977, -0.000000000000000000 ) ) ;
#4476 = CARTESIAN_POINT ( 'NONE',  ( -37.53389373293233433, -14.98938904867002542, -4.907591987661767519 ) ) ;
#4477 = EDGE_LOOP ( 'NONE', ( #3962, #2693, #847, #563, #473, #1691, #5048, #3774, #5247, #3827, #4074, #4943, #4705, #2696 ) ) ;
#4478 = CARTESIAN_POINT ( 'NONE',  ( -2.578840775087366310, -3.059924125133845152, -1.027131931946381638 ) ) ;
#4479 = CARTESIAN_POINT ( 'NONE',  ( -20.21201196482314089, 28.58891991637495877, -7.374970462211829059 ) ) ;
#4480 = DIRECTION ( 'NONE',  ( -0.8660254037844433705, -0.4999999999999920064, 0.000000000000000000 ) ) ;
#4481 = ADVANCED_FACE ( 'NONE', ( #602 ), #1048, .F. ) ;
#4482 =( BOUNDED_CURVE ( )  B_SPLINE_CURVE ( 3, ( #3850, #1357, #1712, #3401 ),
 .UNSPECIFIED., .F., .F. ) 
 B_SPLINE_CURVE_WITH_KNOTS ( ( 4, 4 ),
 ( 1.431381591588104296, 1.628261284377777507 ),
 .UNSPECIFIED. ) 
 CURVE ( )  GEOMETRIC_REPRESENTATION_ITEM ( )  RATIONAL_B_SPLINE_CURVE ( ( 1.000000000000000000, 0.9967724731469831401, 0.9967724731469831401, 1.000000000000000000 ) ) 
 REPRESENTATION_ITEM ( '' )  );
#4483 = VERTEX_POINT ( 'NONE', #2300 ) ;
#4484 = CARTESIAN_POINT ( 'NONE',  ( -33.09091315658967858, -11.40234166362548329, -6.805446025395951892 ) ) ;
#4485 = EDGE_CURVE ( 'NONE', #1813, #1355, #941, .T. ) ;
#4486 = CARTESIAN_POINT ( 'NONE',  ( -4.863724327625675414, 34.66041237009252285, 3.846916844037866046 ) ) ;
#4487 = CIRCLE ( 'NONE', #1841, 10.00000000000000000 ) ;
#4488 = ADVANCED_FACE ( 'NONE', ( #674 ), #1537, .T. ) ;
#4489 = DIRECTION ( 'NONE',  ( 0.4067366430758010964, 0.9135454576426006446, 0.000000000000000000 ) ) ;
#4490 = DIRECTION ( 'NONE',  ( 0.000000000000000000, -0.4245275616977255972, -0.9054150149842797868 ) ) ;
#4491 = CARTESIAN_POINT ( 'NONE',  ( 34.89681367148367030, 2.725781464770853812, 6.986545299580311230 ) ) ;
#4492 = LINE ( 'NONE', #5383, #2837 ) ;
#4493 = LINE ( 'NONE', #3241, #3882 ) ;
#4494 = VERTEX_POINT ( 'NONE', #3201 ) ;
#4495 = CARTESIAN_POINT ( 'NONE',  ( 33.96214137482611761, -8.460079978128112188, -3.846916844037842065 ) ) ;
#4496 = VERTEX_POINT ( 'NONE', #5264 ) ;
#4497 = CARTESIAN_POINT ( 'NONE',  ( -34.35565290457346066, -6.686164166654640084, -0.6586381682061858145 ) ) ;
#4498 = ORIENTED_EDGE ( 'NONE', *, *, #1596, .F. ) ;
#4499 = B_SPLINE_CURVE_WITH_KNOTS ( 'NONE', 3,
 ( #665, #2262, #2669, #1400 ),
 .UNSPECIFIED., .F., .F.,
 ( 4, 4 ),
 ( 2.620810674338150417E-17, 0.002794378677442436055 ),
 .UNSPECIFIED. ) ;
#4500 = CARTESIAN_POINT ( 'NONE',  ( 34.96092949315447385, -1.653302445011862964, 4.060590289905085193 ) ) ;
#4501 = CARTESIAN_POINT ( 'NONE',  ( 33.29933041407641525, -22.32386786479603913, 10.40750713394292504 ) ) ;
#4502 = CARTESIAN_POINT ( 'NONE',  ( 34.97528585423800962, 1.315058711365965083, -7.500000000000000000 ) ) ;
#4503 = CARTESIAN_POINT ( 'NONE',  ( -3.985194459965196057, -0.4021304515786415790, -2.425045220869355145 ) ) ;
#4504 = CARTESIAN_POINT ( 'NONE',  ( 11.52735737973814878, -33.04788005610426893, 6.073605354730925221 ) ) ;
#4505 = DIRECTION ( 'NONE',  ( -0.7431448254773862505, 0.6691306063588671194, 0.000000000000000000 ) ) ;
#4506 = VERTEX_POINT ( 'NONE', #3228 ) ;
#4507 = CARTESIAN_POINT ( 'NONE',  ( 10.28270741932796639, -38.70796686089000360, 4.060590289905090522 ) ) ;
#4508 = CARTESIAN_POINT ( 'NONE',  ( -20.18994489921224655, 28.58961568413912602, 7.116933741779901901 ) ) ;
#4509 = CARTESIAN_POINT ( 'NONE',  ( -34.99754124204006445, 0.4879646634058847354, -5.913086599876295146 ) ) ;
#4510 = EDGE_CURVE ( 'NONE', #1917, #3905, #540, .T. ) ;
#4511 = CARTESIAN_POINT ( 'NONE',  ( -2.699359490719376087, -34.89641315474534622, 6.196689755746684014 ) ) ;
#4512 = DIRECTION ( 'NONE',  ( 0.9510565162951503115, -0.3090169943749572767, -9.665799094380482895E-17 ) ) ;
#4513 = AXIS2_PLACEMENT_3D ( 'NONE', #2066, #4224, #386 ) ;
#4514 = DIRECTION ( 'NONE',  ( -0.9135454576426059736, -0.4067366430757888840, 0.000000000000000000 ) ) ;
#4515 = ADVANCED_FACE ( 'NONE', ( #1857 ), #2317, .F. ) ;
#4516 = CARTESIAN_POINT ( 'NONE',  ( -35.64609952792680048, -18.25914452597378101, -4.060590289905088746 ) ) ;
#4517 = ADVANCED_FACE ( 'NONE', ( #3127 ), #1458, .F. ) ;
#4518 = VERTEX_POINT ( 'NONE', #4012 ) ;
#4519 = AXIS2_PLACEMENT_3D ( 'NONE', #5062, #2959, #4646 ) ;
#4520 = AXIS2_PLACEMENT_3D ( 'NONE', #2999, #4277, #4578 ) ;
#4521 = CARTESIAN_POINT ( 'NONE',  ( 27.44624572870279522, -29.50185434400355078, 3.846916844037826966 ) ) ;
#4522 = VERTEX_POINT ( 'NONE', #1904 ) ;
#4523 = AXIS2_PLACEMENT_3D ( 'NONE', #662, #4045, #974 ) ;
#4524 = CYLINDRICAL_SURFACE ( 'NONE', #2565, 9.999999999999998224 ) ;
#4525 = EDGE_CURVE ( 'NONE', #3409, #3879, #4816, .T. ) ;
#4526 = ADVANCED_FACE ( 'NONE', ( #4062 ), #253, .F. ) ;
#4527 = CARTESIAN_POINT ( 'NONE',  ( 22.36648512716857695, 26.92185981285407692, 6.425211645992653153 ) ) ;
#4528 = LINE ( 'NONE', #2881, #1609 ) ;
#4529 = ORIENTED_EDGE ( 'NONE', *, *, #4016, .T. ) ;
#4530 = CARTESIAN_POINT ( 'NONE',  ( -34.85430591650455767, 3.190197341657062591, -7.116933741779891243 ) ) ;
#4531 = CARTESIAN_POINT ( 'NONE',  ( -22.69542471218315782, 26.64514758563831265, -6.196689755746671580 ) ) ;
#4532 = VERTEX_POINT ( 'NONE', #2733 ) ;
#4533 = PLANE ( 'NONE',  #4563 ) ;
#4534 = AXIS2_PLACEMENT_3D ( 'NONE', #3057, #4776, #2350 ) ;
#4535 = ORIENTED_EDGE ( 'NONE', *, *, #1777, .F. ) ;
#4536 = DIRECTION ( 'NONE',  ( -0.2079116908177664480, -0.9781476007338042455, 0.000000000000000000 ) ) ;
#4537 = ORIENTED_EDGE ( 'NONE', *, *, #2380, .F. ) ;
#4538 = CARTESIAN_POINT ( 'NONE',  ( 2.010166753098149961, 34.64101615137755630, -4.060590289905083416 ) ) ;
#4539 = EDGE_LOOP ( 'NONE', ( #5217, #3790, #5256, #756 ) ) ;
#4540 = CARTESIAN_POINT ( 'NONE',  ( -2.683371474602046280, 40.00000000000000000, -10.40750713394293570 ) ) ;
#4541 = VECTOR ( 'NONE', #3677, 1000.000000000000000 ) ;
#4542 = FACE_OUTER_BOUND ( 'NONE', #3576, .T. ) ;
#4543 = CARTESIAN_POINT ( 'NONE',  ( -11.82623245630328057, 38.52007321156875008, -3.846916844037858496 ) ) ;
#4544 = AXIS2_PLACEMENT_3D ( 'NONE', #3039, #201, #1902 ) ;
#4545 = CARTESIAN_POINT ( 'NONE',  ( 19.86807997832126205, 28.93933463063279277, -6.181324516535880775 ) ) ;
#4546 = LINE ( 'NONE', #687, #1875 ) ;
#4547 = EDGE_LOOP ( 'NONE', ( #480, #3605, #1583, #579 ) ) ;
#4548 = CARTESIAN_POINT ( 'NONE',  ( 33.55826809660374010, -9.941963707259686700, -6.181324516535940283 ) ) ;
#4549 = VERTEX_POINT ( 'NONE', #2866 ) ;
#4550 = EDGE_LOOP ( 'NONE', ( #3272, #416, #75, #2568 ) ) ;
#4551 = ADVANCED_FACE ( 'NONE', ( #283 ), #4533, .F. ) ;
#4552 = PLANE ( 'NONE',  #195 ) ;
#4553 = ORIENTED_EDGE ( 'NONE', *, *, #2958, .F. ) ;
#4554 = ADVANCED_FACE ( 'NONE', ( #3692 ), #1183, .T. ) ;
#4555 = EDGE_CURVE ( 'NONE', #2902, #2803, #3255, .T. ) ;
#4556 = CARTESIAN_POINT ( 'NONE',  ( 34.95741361137823588, 1.834181531394627696, 4.553765416902565200 ) ) ;
#4557 = VERTEX_POINT ( 'NONE', #1643 ) ;
#4558 = CARTESIAN_POINT ( 'NONE',  ( 28.99491662345084109, -19.06136354971478397, -4.060590289905085193 ) ) ;
#4559 = B_SPLINE_CURVE_WITH_KNOTS ( 'NONE', 3,
 ( #2007, #2936, #5086, #4144, #873, #335, #5482, #1674, #4614, #2510 ),
 .UNSPECIFIED., .F., .F.,
 ( 4, 2, 2, 2, 4 ),
 ( 0.000000000000000000, 0.002894432855054539927, 0.003618041068818178378, 0.004341649282581816829, 0.005788865710109098936 ),
 .UNSPECIFIED. ) ;
#4560 = EDGE_CURVE ( 'NONE', #1038, #4055, #3335, .T. ) ;
#4561 = DIRECTION ( 'NONE',  ( 0.000000000000000000, 0.000000000000000000, 1.000000000000000000 ) ) ;
#4562 =( BOUNDED_CURVE ( )  B_SPLINE_CURVE ( 3, ( #858, #5126, #2903, #1335 ),
 .UNSPECIFIED., .F., .F. ) 
 B_SPLINE_CURVE_WITH_KNOTS ( ( 4, 4 ),
 ( 1.754098410389749452, 1.766791262608478075 ),
 .UNSPECIFIED. ) 
 CURVE ( )  GEOMETRIC_REPRESENTATION_ITEM ( )  RATIONAL_B_SPLINE_CURVE ( ( 1.000000000000000000, 0.9999865743369418247, 0.9999865743369418247, 1.000000000000000000 ) ) 
 REPRESENTATION_ITEM ( '' )  );
#4563 = AXIS2_PLACEMENT_3D ( 'NONE', #737, #1668, #3363 ) ;
#4564 = LINE ( 'NONE', #2044, #1931 ) ;
#4565 = VERTEX_POINT ( 'NONE', #758 ) ;
#4566 = CARTESIAN_POINT ( 'NONE',  ( 0.000000000000000000, 0.000000000000000000, 7.500000000000000000 ) ) ;
#4567 = DIRECTION ( 'NONE',  ( 1.000000000000000000, 0.000000000000000000, 0.000000000000000000 ) ) ;
#4568 = CARTESIAN_POINT ( 'NONE',  ( -34.85430591650456478, 3.190197341657053265, -7.116933741779873479 ) ) ;
#4569 = CARTESIAN_POINT ( 'NONE',  ( 25.71430168786192993, -23.76186984133773450, -7.374970462211829059 ) ) ;
#4570 = PLANE ( 'NONE',  #2207 ) ;
#4571 = EDGE_LOOP ( 'NONE', ( #2929, #4722, #596, #3581 ) ) ;
#4572 = VECTOR ( 'NONE', #1246, 1000.000000000000114 ) ;
#4573 = DIRECTION ( 'NONE',  ( -0.9135454576426006446, 0.4067366430758008744, 0.000000000000000000 ) ) ;
#4574 = EDGE_CURVE ( 'NONE', #2134, #4557, #1261, .T. ) ;
#4575 = ORIENTED_EDGE ( 'NONE', *, *, #1632, .F. ) ;
#4576 = CARTESIAN_POINT ( 'NONE',  ( -8.316467632710656588, -39.12590402935217071, 7.500000000000000000 ) ) ;
#4577 = VERTEX_POINT ( 'NONE', #2010 ) ;
#4578 = DIRECTION ( 'NONE',  ( 0.6691306063588570163, -0.7431448254773952433, 0.000000000000000000 ) ) ;
#4579 = CARTESIAN_POINT ( 'NONE',  ( -14.43308701663457327, 37.35942678288192553, -4.060590289905084305 ) ) ;
#4580 = CARTESIAN_POINT ( 'NONE',  ( 14.52792567894999820, 31.92541860713247459, 1.418366989929946032 ) ) ;
#4581 = ORIENTED_EDGE ( 'NONE', *, *, #5208, .F. ) ;
#4582 = EDGE_CURVE ( 'NONE', #29, #3998, #4944, .T. ) ;
#4583 = CYLINDRICAL_SURFACE ( 'NONE', #2742, 10.00000000000000000 ) ;
#4584 = CARTESIAN_POINT ( 'NONE',  ( 29.72579301909581773, 26.76522425435427621, 7.500000000000000000 ) ) ;
#4585 = ADVANCED_FACE ( 'NONE', ( #781 ), #4137, .T. ) ;
#4586 = EDGE_CURVE ( 'NONE', #5454, #2108, #1459, .T. ) ;
#4587 = ORIENTED_EDGE ( 'NONE', *, *, #4208, .T. ) ;
#4588 = CARTESIAN_POINT ( 'NONE',  ( 34.51824593897723048, -6.227654058312521279, -1.226003498143962034 ) ) ;
#4589 = CARTESIAN_POINT ( 'NONE',  ( -20.95130420542360739, 28.03645576908393977, -7.116933741779873479 ) ) ;
#4590 = ORIENTED_EDGE ( 'NONE', *, *, #2625, .F. ) ;
#4591 = DIRECTION ( 'NONE',  ( 0.7332184018470031539, 0.5327143512579664009, -0.4226182617407001074 ) ) ;
#4592 = DIRECTION ( 'NONE',  ( 0.7431448254773954654, 0.6691306063588569053, 1.920567776588773972E-16 ) ) ;
#4593 = DIRECTION ( 'NONE',  ( -0.2079116908177664480, -0.9781476007338042455, 0.000000000000000000 ) ) ;
#4594 = ORIENTED_EDGE ( 'NONE', *, *, #1948, .T. ) ;
#4595 =( BOUNDED_CURVE ( )  B_SPLINE_CURVE ( 3, ( #71, #3038, #1762, #131 ),
 .UNSPECIFIED., .F., .F. ) 
 B_SPLINE_CURVE_WITH_KNOTS ( ( 4, 4 ),
 ( 1.754098410389749674, 1.766791262608478075 ),
 .UNSPECIFIED. ) 
 CURVE ( )  GEOMETRIC_REPRESENTATION_ITEM ( )  RATIONAL_B_SPLINE_CURVE ( ( 1.000000000000000000, 0.9999865743369418247, 0.9999865743369418247, 1.000000000000000000 ) ) 
 REPRESENTATION_ITEM ( '' )  );
#4596 = CARTESIAN_POINT ( 'NONE',  ( -17.99715985092932513, -36.36701708498088692, 7.116933741779896572 ) ) ;
#4597 = ORIENTED_EDGE ( 'NONE', *, *, #5099, .T. ) ;
#4598 = CARTESIAN_POINT ( 'NONE',  ( -29.25577289386348312, -19.21196898765671790, 4.060590289905079864 ) ) ;
#4599 = ORIENTED_EDGE ( 'NONE', *, *, #173, .F. ) ;
#4600 = LINE ( 'NONE', #5442, #2247 ) ;
#4601 = DIRECTION ( 'NONE',  ( -0.9945218953682744001, -0.1045284632676436593, 0.000000000000000000 ) ) ;
#4602 = ORIENTED_EDGE ( 'NONE', *, *, #5131, .F. ) ;
#4603 = CIRCLE ( 'NONE', #4437, 35.00000000000000711 ) ;
#4604 = ORIENTED_EDGE ( 'NONE', *, *, #3434, .F. ) ;
#4605 = CARTESIAN_POINT ( 'NONE',  ( 0.000000000000000000, 0.000000000000000000, -7.500000000000000000 ) ) ;
#4606 = DIRECTION ( 'NONE',  ( 0.4389891758756286344, 0.4875468726020149579, -0.7547095802227707928 ) ) ;
#4607 = ORIENTED_EDGE ( 'NONE', *, *, #1133, .F. ) ;
#4608 = PLANE ( 'NONE',  #4513 ) ;
#4609 = CARTESIAN_POINT ( 'NONE',  ( 0.000000000000000000, 0.000000000000000000, 7.500000000000000000 ) ) ;
#4610 = ORIENTED_EDGE ( 'NONE', *, *, #1277, .T. ) ;
#4611 = ADVANCED_FACE ( 'NONE', ( #5369 ), #2037, .T. ) ;
#4612 = DIRECTION ( 'NONE',  ( 0.9945218953682730678, -0.1045284632676571068, 0.000000000000000000 ) ) ;
#4613 = CARTESIAN_POINT ( 'NONE',  ( 36.53928717861499820, 16.98635649024943461, 3.846916844037800320 ) ) ;
#4614 = CARTESIAN_POINT ( 'NONE',  ( -32.98850081852337723, -11.70368757111273972, -6.986545299580297019 ) ) ;
#4615 = VERTEX_POINT ( 'NONE', #2425 ) ;
#4616 = CARTESIAN_POINT ( 'NONE',  ( -4.863724327625675414, 34.66041237009252285, 3.846916844037866046 ) ) ;
#4617 = EDGE_CURVE ( 'NONE', #3959, #3254, #4113, .T. ) ;
#4618 = CIRCLE ( 'NONE', #1967, 10.00000000000000178 ) ;
#4619 = CARTESIAN_POINT ( 'NONE',  ( 29.63260357973060621, 18.62984852755108633, -5.331456580176180182 ) ) ;
#4620 = EDGE_CURVE ( 'NONE', #4988, #2081, #1617, .T. ) ;
#4621 = EDGE_LOOP ( 'NONE', ( #4260, #3926, #839, #5128 ) ) ;
#4622 = EDGE_CURVE ( 'NONE', #4267, #1389, #4779, .T. ) ;
#4623 = CARTESIAN_POINT ( 'NONE',  ( 40.99561720110516916, 3.271182943811470789, 2.500000000000000444 ) ) ;
#4624 = ORIENTED_EDGE ( 'NONE', *, *, #2124, .F. ) ;
#4625 = VECTOR ( 'NONE', #2760, 1000.000000000000227 ) ;
#4626 = AXIS2_PLACEMENT_3D ( 'NONE', #652, #4480, #1483 ) ;
#4627 = CARTESIAN_POINT ( 'NONE',  ( -27.47509315763763382, -21.68329884279498643, 6.425211645992663811 ) ) ;
#4628 = EDGE_LOOP ( 'NONE', ( #2165, #4182, #2905, #2235 ) ) ;
#4629 = DIRECTION ( 'NONE',  ( 0.06857684211324915902, 0.6524650689851094754, 0.7547095802227707928 ) ) ;
#4630 = AXIS2_PLACEMENT_3D ( 'NONE', #5119, #4207, #2139 ) ;
#4631 = VERTEX_POINT ( 'NONE', #5000 ) ;
#4632 = AXIS2_PLACEMENT_3D ( 'NONE', #3418, #5138, #5226 ) ;
#4633 = CARTESIAN_POINT ( 'NONE',  ( -22.19838242191716304, 27.06068501268729776, -6.531040695676800567 ) ) ;
#4634 = ORIENTED_EDGE ( 'NONE', *, *, #1879, .T. ) ;
#4635 = DIRECTION ( 'NONE',  ( 0.4999999999999920064, -0.8660254037844433705, 0.000000000000000000 ) ) ;
#4636 = DIRECTION ( 'NONE',  ( 0.000000000000000000, 1.000000000000000000, 0.000000000000000000 ) ) ;
#4637 = VERTEX_POINT ( 'NONE', #2071 ) ;
#4638 = CARTESIAN_POINT ( 'NONE',  ( 25.13766915648266931, -31.17913340287829271, 4.060590289905081640 ) ) ;
#4639 = ORIENTED_EDGE ( 'NONE', *, *, #1406, .F. ) ;
#4640 = CARTESIAN_POINT ( 'NONE',  ( -35.98270188867872577, -17.67613213520380100, 10.40750713394296234 ) ) ;
#4641 = ORIENTED_EDGE ( 'NONE', *, *, #1987, .T. ) ;
#4642 = DIRECTION ( 'NONE',  ( -0.4546351382095100702, 0.000000000000000000, 0.8906777706360587965 ) ) ;
#4643 = VERTEX_POINT ( 'NONE', #3751 ) ;
#4644 = DIRECTION ( 'NONE',  ( -0.6691306063588567943, 0.7431448254773953543, 0.000000000000000000 ) ) ;
#4645 = DIRECTION ( 'NONE',  ( -0.000000000000000000, -1.000000000000000000, -0.000000000000000000 ) ) ;
#4646 = DIRECTION ( 'NONE',  ( 0.5000000000000038858, 0.8660254037844363761, 0.000000000000000000 ) ) ;
#4647 = ORIENTED_EDGE ( 'NONE', *, *, #4236, .T. ) ;
#4648 = EDGE_CURVE ( 'NONE', #3342, #1527, #5028, .T. ) ;
#4649 = DIRECTION ( 'NONE',  ( 0.2827868137368806378, -0.3140665743648526909, -0.9063077870366496036 ) ) ;
#4650 = ORIENTED_EDGE ( 'NONE', *, *, #5303, .T. ) ;
#4651 = EDGE_CURVE ( 'NONE', #1527, #491, #2891, .T. ) ;
#4652 = EDGE_CURVE ( 'NONE', #3852, #3001, #1256, .T. ) ;
#4653 = CARTESIAN_POINT ( 'NONE',  ( 18.14649758419935210, 29.92903222273493569, -6.073605354730911898 ) ) ;
#4654 = ORIENTED_EDGE ( 'NONE', *, *, #2163, .T. ) ;
#4655 = CYLINDRICAL_SURFACE ( 'NONE', #4379, 10.00000000000000000 ) ;
#4656 = VERTEX_POINT ( 'NONE', #933 ) ;
#4657 = DIRECTION ( 'NONE',  ( -0.6691306063588670083, -0.7431448254773862505, 0.000000000000000000 ) ) ;
#4658 = CARTESIAN_POINT ( 'NONE',  ( -7.880936142563620628, 34.10150692371002634, -6.805446025395992748 ) ) ;
#4659 = EDGE_LOOP ( 'NONE', ( #3023, #3630, #1321, #1708 ) ) ;
#4660 = CARTESIAN_POINT ( 'NONE',  ( -17.26357459591619303, 30.45728980025908328, 5.425564169306132278 ) ) ;
#4661 = FILL_AREA_STYLE_COLOUR ( '', #2718 ) ;
#4662 = ORIENTED_EDGE ( 'NONE', *, *, #5277, .T. ) ;
#4663 = CIRCLE ( 'NONE', #1558, 10.00000000000000178 ) ;
#4664 = CARTESIAN_POINT ( 'NONE',  ( -5.983406468619538288, 34.48711785731365609, 5.331456580176225479 ) ) ;
#4665 = ORIENTED_EDGE ( 'NONE', *, *, #4216, .T. ) ;
#4666 = CARTESIAN_POINT ( 'NONE',  ( 8.169140914312201573, 34.03329453229751067, 6.181324516535968705 ) ) ;
#4667 = CARTESIAN_POINT ( 'NONE',  ( -25.69286149883198078, -23.76713840582912596, -7.116933741779889466 ) ) ;
#4668 = DIRECTION ( 'NONE',  ( 0.000000000000000000, 0.000000000000000000, 1.000000000000000000 ) ) ;
#4669 = ORIENTED_EDGE ( 'NONE', *, *, #5443, .F. ) ;
#4670 = VECTOR ( 'NONE', #3367, 1000.000000000000114 ) ;
#4671 = DIRECTION ( 'NONE',  ( 0.000000000000000000, 0.000000000000000000, 1.000000000000000000 ) ) ;
#4672 = VERTEX_POINT ( 'NONE', #3421 ) ;
#4673 = DIRECTION ( 'NONE',  ( -1.000000000000000000, 0.000000000000000000, 0.000000000000000000 ) ) ;
#4674 = CARTESIAN_POINT ( 'NONE',  ( 0.9147057750818702315, -34.98804529185694889, -6.181324516535873670 ) ) ;
#4675 = ORIENTED_EDGE ( 'NONE', *, *, #3548, .F. ) ;
#4676 = CARTESIAN_POINT ( 'NONE',  ( 40.28927344445515502, 0.6559418061527518828, 3.846916844037805205 ) ) ;
#4677 = B_SPLINE_CURVE_WITH_KNOTS ( 'NONE', 3,
 ( #5164, #3924, #2766, #3178, #1516, #533, #4463, #1910, #1816, #3619, #3596, #3207, #2612, #4901, #4309, #63, #4019, #3503, #1108, #4280, #1783, #3865, #1754, #3086, #3442, #1054, #2738, #5135, #4435, #3471, #1369, #289, #790, #1593 ),
 .UNSPECIFIED., .F., .F.,
 ( 4, 2, 2, 2, 2, 2, 2, 2, 2, 2, 2, 2, 2, 2, 2, 2, 4 ),
 ( 3.579591896612314655E-20, 0.0004886642428065751751, 0.0009773284856131503502, 0.001465992728419725525, 0.001954656971226300700, 0.002443321214032875659, 0.002931985456839453219, 0.003420649699646030346, 0.003909313942452608340, 0.004397978185259185033, 0.004886642428065761726, 0.005375306670872338419, 0.005863970913678915979, 0.006352635156485492672, 0.006841299399292069365, 0.007329963642098646058, 0.007818627884905223618 ),
 .UNSPECIFIED. ) ;
#4678 = EDGE_LOOP ( 'NONE', ( #323, #878 ) ) ;
#4679 = CARTESIAN_POINT ( 'NONE',  ( 34.70076432987718817, 4.566941528235681780, -6.181324516535940283 ) ) ;
#4680 = EDGE_CURVE ( 'NONE', #3484, #3905, #1729, .T. ) ;
#4681 = DIRECTION ( 'NONE',  ( -0.6560590289905083861, -0.000000000000000000, 0.7547095802227710148 ) ) ;
#4682 = ORIENTED_EDGE ( 'NONE', *, *, #526, .F. ) ;
#4683 = CARTESIAN_POINT ( 'NONE',  ( -40.49334058092076560, 2.597510915617013527, -7.116933741779893019 ) ) ;
#4684 = ORIENTED_EDGE ( 'NONE', *, *, #1569, .F. ) ;
#4685 = CARTESIAN_POINT ( 'NONE',  ( 7.736514885293114929, 34.13423995681811363, 7.116933741779897460 ) ) ;
#4686 = CARTESIAN_POINT ( 'NONE',  ( -34.46698451524477491, 6.084979739150966793, 3.846916844037798544 ) ) ;
#4687 = ORIENTED_EDGE ( 'NONE', *, *, #3164, .T. ) ;
#4688 = B_SPLINE_CURVE_WITH_KNOTS ( 'NONE', 3,
 ( #5357, #4906, #688, #1968 ),
 .UNSPECIFIED., .F., .F.,
 ( 4, 4 ),
 ( 0.000000000000000000, 0.002845522393967969861 ),
 .UNSPECIFIED. ) ;
#4689 = DIRECTION ( 'NONE',  ( -0.8660254037844433705, -0.4999999999999920064, 0.000000000000000000 ) ) ;
#4690 = CARTESIAN_POINT ( 'NONE',  ( -12.33604945383728868, -32.75470560664588504, -6.531040695676797903 ) ) ;
#4691 = VERTEX_POINT ( 'NONE', #2591 ) ;
#4692 = DIRECTION ( 'NONE',  ( 0.000000000000000000, 0.000000000000000000, 1.000000000000000000 ) ) ;
#4693 = ADVANCED_FACE ( 'NONE', ( #844 ), #417, .F. ) ;
#4694 = AXIS2_PLACEMENT_3D ( 'NONE', #2125, #3778, #2155 ) ;
#4695 = EDGE_CURVE ( 'NONE', #5279, #2522, #3982, .T. ) ;
#4696 = CARTESIAN_POINT ( 'NONE',  ( -13.80463082539352015, -32.16258956885462084, -7.116933741779874367 ) ) ;
#4697 = DIRECTION ( 'NONE',  ( -0.9135454576426058626, -0.4067366430757888840, 0.000000000000000000 ) ) ;
#4698 = VERTEX_POINT ( 'NONE', #2127 ) ;
#4699 = CARTESIAN_POINT ( 'NONE',  ( 26.61324244213268386, -22.73181309786503235, -6.181324516535937619 ) ) ;
#4700 = VECTOR ( 'NONE', #2324, 1000.000000000000000 ) ;
#4701 = FACE_OUTER_BOUND ( 'NONE', #770, .T. ) ;
#4702 = EDGE_CURVE ( 'NONE', #4631, #3375, #4595, .T. ) ;
#4703 = EDGE_LOOP ( 'NONE', ( #755, #4390, #4650, #866, #4745, #2714, #2689, #409 ) ) ;
#4704 = CYLINDRICAL_SURFACE ( 'NONE', #2038, 10.00000000000000000 ) ;
#4705 = ORIENTED_EDGE ( 'NONE', *, *, #5298, .T. ) ;
#4706 = CARTESIAN_POINT ( 'NONE',  ( 19.57657445469470758, -35.21950520599249046, -3.846916844037856720 ) ) ;
#4707 = FACE_OUTER_BOUND ( 'NONE', #4628, .T. ) ;
#4708 = ORIENTED_EDGE ( 'NONE', *, *, #247, .F. ) ;
#4709 = DIRECTION ( 'NONE',  ( -0.6417225651468176917, -0.1364023419936701287, -0.7547095802227703487 ) ) ;
#4710 = ORIENTED_EDGE ( 'NONE', *, *, #3637, .T. ) ;
#4711 = CYLINDRICAL_SURFACE ( 'NONE', #3597, 9.999999999999998224 ) ;
#4712 = ORIENTED_EDGE ( 'NONE', *, *, #82, .F. ) ;
#4713 = AXIS2_PLACEMENT_3D ( 'NONE', #326, #1661, #4994 ) ;
#4714 = CARTESIAN_POINT ( 'NONE',  ( 32.99294883789718114, -11.68183748302891267, 6.181324516535916302 ) ) ;
#4715 = VERTEX_POINT ( 'NONE', #2157 ) ;
#4716 = CARTESIAN_POINT ( 'NONE',  ( 18.83063583945069652, -35.76146133324869680, -4.907591987661851007 ) ) ;
#4717 = VECTOR ( 'NONE', #2715, 1000.000000000000000 ) ;
#4718 = DIRECTION ( 'NONE',  ( -0.9781476007338041345, 0.2079116908177663647, 0.000000000000000000 ) ) ;
#4719 = ORIENTED_EDGE ( 'NONE', *, *, #4324, .T. ) ;
#4720 = DIRECTION ( 'NONE',  ( 0.000000000000000000, 0.000000000000000000, 1.000000000000000000 ) ) ;
#4721 = CARTESIAN_POINT ( 'NONE',  ( -12.95510864413133589, -32.51708138872536580, -6.823943630429762486 ) ) ;
#4722 = ORIENTED_EDGE ( 'NONE', *, *, #148, .F. ) ;
#4723 = DIRECTION ( 'NONE',  ( 0.000000000000000000, 0.000000000000000000, 1.000000000000000000 ) ) ;
#4724 = AXIS2_PLACEMENT_3D ( 'NONE', #3237, #4593, #2796 ) ;
#4725 = CIRCLE ( 'NONE', #3390, 4.000000000000000000 ) ;
#4726 = CARTESIAN_POINT ( 'NONE',  ( -24.26532436879092813, 25.32759386619850872, -1.226003498143930726 ) ) ;
#4727 = ADVANCED_FACE ( 'NONE', ( #2620 ), #4226, .T. ) ;
#4728 = CYLINDRICAL_SURFACE ( 'NONE', #1077, 10.00000000000000178 ) ;
#4729 = VERTEX_POINT ( 'NONE', #3393 ) ;
#4730 = EDGE_CURVE ( 'NONE', #3780, #2524, #4986, .T. ) ;
#4731 = FACE_OUTER_BOUND ( 'NONE', #388, .T. ) ;
#4732 = CARTESIAN_POINT ( 'NONE',  ( -5.256390950888603975, 34.60374560184166626, 6.531040695676803232 ) ) ;
#4733 = ADVANCED_FACE ( 'NONE', ( #2978 ), #3842, .T. ) ;
#4734 = CARTESIAN_POINT ( 'NONE',  ( -34.01636210400269533, 8.264386357465237865, 4.798630682669628555 ) ) ;
#4735 = FACE_OUTER_BOUND ( 'NONE', #2792, .T. ) ;
#4736 = DIRECTION ( 'NONE',  ( -0.6691306063588670083, -0.7431448254773862505, 0.000000000000000000 ) ) ;
#4737 = DIRECTION ( 'NONE',  ( -0.2079116908177664758, -0.9781476007338042455, 0.000000000000000000 ) ) ;
#4738 = CARTESIAN_POINT ( 'NONE',  ( -7.572787883830534028, -34.24829720497420738, 1.418366989929942257 ) ) ;
#4739 = ORIENTED_EDGE ( 'NONE', *, *, #1747, .F. ) ;
#4740 = FACE_OUTER_BOUND ( 'NONE', #3814, .T. ) ;
#4741 = ORIENTED_EDGE ( 'NONE', *, *, #620, .F. ) ;
#4742 = LINE ( 'NONE', #3498, #4717 ) ;
#4743 = DIRECTION ( 'NONE',  ( 0.5877852522924797984, 0.8090169943749426773, 3.303125574813522109E-17 ) ) ;
#4744 = DIRECTION ( 'NONE',  ( 0.6894615088518661894, -0.3069680411569568057, 0.6560590289905086081 ) ) ;
#4745 = ORIENTED_EDGE ( 'NONE', *, *, #247, .T. ) ;
#4746 = ADVANCED_FACE ( 'NONE', ( #4755 ), #4290, .F. ) ;
#4747 = CARTESIAN_POINT ( 'NONE',  ( -29.72579301909545180, 26.76522425435468477, -7.500000000000000000 ) ) ;
#4748 = EDGE_LOOP ( 'NONE', ( #5288, #2239, #3734, #2863 ) ) ;
#4749 = FACE_OUTER_BOUND ( 'NONE', #3064, .T. ) ;
#4750 = FACE_OUTER_BOUND ( 'NONE', #860, .T. ) ;
#4751 = CARTESIAN_POINT ( 'NONE',  ( 30.68722369996137900, 16.83200019425910199, 6.493572096533706706 ) ) ;
#4752 = ORIENTED_EDGE ( 'NONE', *, *, #3602, .F. ) ;
#4753 = CARTESIAN_POINT ( 'NONE',  ( -28.75088453695016710, 19.96068592773853823, 6.073605354730928774 ) ) ;
#4754 = AXIS2_PLACEMENT_3D ( 'NONE', #4310, #3444, #91 ) ;
#4755 = FACE_OUTER_BOUND ( 'NONE', #1116, .T. ) ;
#4756 = EDGE_CURVE ( 'NONE', #321, #804, #3245, .T. ) ;
#4757 = EDGE_CURVE ( 'NONE', #3680, #5469, #266, .T. ) ;
#4758 = EDGE_CURVE ( 'NONE', #3345, #5400, #3067, .T. ) ;
#4759 = CARTESIAN_POINT ( 'NONE',  ( -34.96092949315449516, -1.653302445011402000, -4.060590289905077199 ) ) ;
#4760 = ORIENTED_EDGE ( 'NONE', *, *, #587, .F. ) ;
#4761 = ORIENTED_EDGE ( 'NONE', *, *, #3433, .F. ) ;
#4762 = FACE_OUTER_BOUND ( 'NONE', #1166, .T. ) ;
#4763 = CARTESIAN_POINT ( 'NONE',  ( -15.89025900434924665, -31.19109900375071120, 4.553765416902615826 ) ) ;
#4764 = EDGE_CURVE ( 'NONE', #1421, #1038, #544, .T. ) ;
#4765 = CARTESIAN_POINT ( 'NONE',  ( -39.69039885089680553, -5.041969339335650169, -0.7524306995458304170 ) ) ;
#4766 = B_SPLINE_CURVE_WITH_KNOTS ( 'NONE', 3,
 ( #3119, #168, #2724, #614, #4397, #2311, #1016, #3954, #2264, #145 ),
 .UNSPECIFIED., .F., .F.,
 ( 4, 2, 2, 2, 4 ),
 ( 8.673617379884034509E-19, 0.002894432855054578525, 0.003618041068818217843, 0.004341649282581856728, 0.005788865710109131896 ),
 .UNSPECIFIED. ) ;
#4767 = ADVANCED_FACE ( 'NONE', ( #1434 ), #249, .T. ) ;
#4768 = VERTEX_POINT ( 'NONE', #647 ) ;
#4769 = CARTESIAN_POINT ( 'NONE',  ( 34.57485803528789603, 5.473954706313259422, -4.553765416902603391 ) ) ;
#4770 = EDGE_LOOP ( 'NONE', ( #2807, #557, #952, #690, #4948, #2355, #3445, #3904 ) ) ;
#4771 = CIRCLE ( 'NONE', #3437, 35.00000000000000711 ) ;
#4772 = PLANE ( 'NONE',  #5340 ) ;
#4773 = CARTESIAN_POINT ( 'NONE',  ( -19.57657445469518365, -35.21950520599222756, 3.846916844037861161 ) ) ;
#4774 = CARTESIAN_POINT ( 'NONE',  ( 15.12815896958596085, -31.67592930096366288, -6.181324516535940283 ) ) ;
#4775 = VERTEX_POINT ( 'NONE', #2340 ) ;
#4776 = DIRECTION ( 'NONE',  ( -0.2079116908177532363, 0.9781476007338069101, -1.211965208864339921E-17 ) ) ;
#4777 = CARTESIAN_POINT ( 'NONE',  ( 5.236032453060174952, -34.30196400391327671, -4.060590289905085193 ) ) ;
#4778 = ORIENTED_EDGE ( 'NONE', *, *, #1747, .T. ) ;
#4779 =( BOUNDED_CURVE ( )  B_SPLINE_CURVE ( 3, ( #2888, #4588, #4170, #361 ),
 .UNSPECIFIED., .F., .F. ) 
 B_SPLINE_CURVE_WITH_KNOTS ( ( 4, 4 ),
 ( 1.431381591588104740, 1.628261284377777951 ),
 .UNSPECIFIED. ) 
 CURVE ( )  GEOMETRIC_REPRESENTATION_ITEM ( )  RATIONAL_B_SPLINE_CURVE ( ( 1.000000000000000000, 0.9967724731469831401, 0.9967724731469831401, 1.000000000000000000 ) ) 
 REPRESENTATION_ITEM ( '' )  );
#4780 = DIRECTION ( 'NONE',  ( 0.000000000000000000, 0.000000000000000000, 1.000000000000000000 ) ) ;
#4781 = CARTESIAN_POINT ( 'NONE',  ( 0.000000000000000000, 0.000000000000000000, 7.500000000000000000 ) ) ;
#4782 = ORIENTED_EDGE ( 'NONE', *, *, #1227, .T. ) ;
#4783 = CYLINDRICAL_SURFACE ( 'NONE', #3357, 10.00000000000000355 ) ;
#4784 = DIRECTION ( 'NONE',  ( 0.4999999999999921174, -0.8660254037844431485, 0.000000000000000000 ) ) ;
#4785 = VECTOR ( 'NONE', #699, 1000.000000000000114 ) ;
#4786 = CARTESIAN_POINT ( 'NONE',  ( 36.25436398111281733, 17.86325992456124112, 4.907591987661793276 ) ) ;
#4787 = EDGE_CURVE ( 'NONE', #2028, #5400, #3125, .T. ) ;
#4788 = CIRCLE ( 'NONE', #1339, 10.00000000000000178 ) ;
#4789 = CARTESIAN_POINT ( 'NONE',  ( 37.53389373293214248, -14.98938904867050859, 4.907591987661851007 ) ) ;
#4790 = CARTESIAN_POINT ( 'NONE',  ( 0.000000000000000000, 0.000000000000000000, 7.500000000000000000 ) ) ;
#4791 = CARTESIAN_POINT ( 'NONE',  ( 31.26593964696135330, -15.73025803960543101, 4.060590289905076311 ) ) ;
#4792 = CARTESIAN_POINT ( 'NONE',  ( -13.02292966664096596, -32.48947143261465698, -5.331456580176171300 ) ) ;
#4793 = EDGE_CURVE ( 'NONE', #3250, #5438, #1763, .T. ) ;
#4794 = ORIENTED_EDGE ( 'NONE', *, *, #1040, .F. ) ;
#4795 = CARTESIAN_POINT ( 'NONE',  ( 7.011951463249267213, -34.36750666619229833, 1.418366989929942701 ) ) ;
#4796 = ADVANCED_FACE ( 'NONE', ( #2677 ), #4058, .T. ) ;
#4797 = ORIENTED_EDGE ( 'NONE', *, *, #3142, .T. ) ;
#4798 = EDGE_CURVE ( 'NONE', #1176, #4126, #1352, .T. ) ;
#4799 = CARTESIAN_POINT ( 'NONE',  ( -34.97893663427457511, 1.214080695590463943, -3.846916844037850503 ) ) ;
#4800 = CARTESIAN_POINT ( 'NONE',  ( -33.55826809660387511, -9.941963707259235505, 6.181324516535935842 ) ) ;
#4801 = ORIENTED_EDGE ( 'NONE', *, *, #2421, .T. ) ;
#4802 = VERTEX_POINT ( 'NONE', #1021 ) ;
#4803 = AXIS2_PLACEMENT_3D ( 'NONE', #474, #4720, #657 ) ;
#4804 = DIRECTION ( 'NONE',  ( -0.2079116908177532086, 0.9781476007338069101, -0.000000000000000000 ) ) ;
#4805 = VERTEX_POINT ( 'NONE', #2364 ) ;
#4806 = CARTESIAN_POINT ( 'NONE',  ( -25.45693621010605767, 31.50627005043200057, -6.181324516535883440 ) ) ;
#4807 = DIRECTION ( 'NONE',  ( 0.4999999999999920064, -0.8660254037844433705, 0.000000000000000000 ) ) ;
#4808 = VECTOR ( 'NONE', #4645, 1000.000000000000000 ) ;
#4809 = DIRECTION ( 'NONE',  ( 0.2079116908177532919, -0.9781476007338070211, 0.000000000000000000 ) ) ;
#4810 = ORIENTED_EDGE ( 'NONE', *, *, #453, .T. ) ;
#4811 = CARTESIAN_POINT ( 'NONE',  ( 24.16534958425559765, 25.32684054766420800, 4.798630682669629444 ) ) ;
#4812 = CIRCLE ( 'NONE', #1090, 35.00000000000000711 ) ;
#4813 = CARTESIAN_POINT ( 'NONE',  ( -14.52792567894958786, 31.92541860713265933, -1.418366989929933819 ) ) ;
#4814 = AXIS2_PLACEMENT_3D ( 'NONE', #1539, #286, #3693 ) ;
#4815 =( BOUNDED_CURVE ( )  B_SPLINE_CURVE ( 3, ( #1909, #1079, #4484, #4066 ),
 .UNSPECIFIED., .F., .F. ) 
 B_SPLINE_CURVE_WITH_KNOTS ( ( 4, 4 ),
 ( 4.895691063979541013, 4.908383916198270747 ),
 .UNSPECIFIED. ) 
 CURVE ( )  GEOMETRIC_REPRESENTATION_ITEM ( )  RATIONAL_B_SPLINE_CURVE ( ( 1.000000000000000000, 0.9999865743369418247, 0.9999865743369418247, 1.000000000000000000 ) ) 
 REPRESENTATION_ITEM ( '' )  );
#4816 = LINE ( 'NONE', #1957, #4837 ) ;
#4817 = LINE ( 'NONE', #1023, #1265 ) ;
#4818 = CARTESIAN_POINT ( 'NONE',  ( 32.44865978195731060, -13.11809736031820428, 3.846916844037841177 ) ) ;
#4819 = ORIENTED_EDGE ( 'NONE', *, *, #3626, .T. ) ;
#4820 = CARTESIAN_POINT ( 'NONE',  ( -32.09497650295175930, 13.98534922984419815, -5.425564169306133167 ) ) ;
#4821 = EDGE_CURVE ( 'NONE', #1355, #2437, #1264, .T. ) ;
#4822 = CARTESIAN_POINT ( 'NONE',  ( -43.46666218300807571, -11.64685702961346436, 0.000000000000000000 ) ) ;
#4823 = ORIENTED_EDGE ( 'NONE', *, *, #2956, .F. ) ;
#4824 = B_SPLINE_CURVE_WITH_KNOTS ( 'NONE', 3,
 ( #292, #660, #237, #3212, #2798, #2377, #715, #1965, #3650, #5355 ),
 .UNSPECIFIED., .F., .F.,
 ( 4, 2, 2, 2, 4 ),
 ( 0.000000000000000000, 0.002894432855054557274, 0.003618041068818201797, 0.004341649282581846320, 0.005788865710109145774 ),
 .UNSPECIFIED. ) ;
#4825 = EDGE_CURVE ( 'NONE', #3661, #3852, #1942, .T. ) ;
#4826 = CARTESIAN_POINT ( 'NONE',  ( -34.95741361137820746, 1.834181531395121079, -4.553765416902613161 ) ) ;
#4827 = ORIENTED_EDGE ( 'NONE', *, *, #1374, .F. ) ;
#4828 = CYLINDRICAL_SURFACE ( 'NONE', #4523, 10.00000000000000000 ) ;
#4829 = ADVANCED_FACE ( 'NONE', ( #987 ), #153, .T. ) ;
#4830 = ORIENTED_EDGE ( 'NONE', *, *, #180, .F. ) ;
#4831 = EDGE_CURVE ( 'NONE', #4691, #1341, #172, .T. ) ;
#4832 = ORIENTED_EDGE ( 'NONE', *, *, #4114, .T. ) ;
#4833 = LINE ( 'NONE', #1088, #2980 ) ;
#4834 = EDGE_LOOP ( 'NONE', ( #2566, #1629, #3915, #1785 ) ) ;
#4835 = LINE ( 'NONE', #1039, #4894 ) ;
#4836 = CYLINDRICAL_SURFACE ( 'NONE', #431, 10.00000000000000355 ) ;
#4837 = VECTOR ( 'NONE', #228, 1000.000000000000114 ) ;
#4838 = CARTESIAN_POINT ( 'NONE',  ( 6.815988142536165029, 34.32990395618384127, -7.116933741779874367 ) ) ;
#4839 = CARTESIAN_POINT ( 'NONE',  ( -4.000000000000000000, 2.861519261691602695E-15, 2.275566573465935161 ) ) ;
#4840 = CARTESIAN_POINT ( 'NONE',  ( 32.44865978195731060, -13.11809736031820428, 3.846916844037841177 ) ) ;
#4841 = CIRCLE ( 'NONE', #5203, 35.00000000000000711 ) ;
#4842 = ORIENTED_EDGE ( 'NONE', *, *, #1064, .T. ) ;
#4843 = DIRECTION ( 'NONE',  ( 0.4067366430757888285, -0.9135454576426059736, 0.000000000000000000 ) ) ;
#4844 = CARTESIAN_POINT ( 'NONE',  ( 39.78087581473091916, -4.181138530706284051, 0.000000000000000000 ) ) ;
#4845 = CARTESIAN_POINT ( 'NONE',  ( -32.61085701990747765, 12.70952416210582392, -4.060590289905078976 ) ) ;
#4846 = VERTEX_POINT ( 'NONE', #4839 ) ;
#4847 = CARTESIAN_POINT ( 'NONE',  ( -12.05865286883691212, -32.85709803054573541, 7.500000000000000000 ) ) ;
#4848 = VECTOR ( 'NONE', #389, 1000.000000000000114 ) ;
#4849 = ORIENTED_EDGE ( 'NONE', *, *, #2918, .T. ) ;
#4850 = CYLINDRICAL_SURFACE ( 'NONE', #1526, 10.00000000000000355 ) ;
#4851 = ORIENTED_EDGE ( 'NONE', *, *, #1131, .T. ) ;
#4852 = FACE_OUTER_BOUND ( 'NONE', #4703, .T. ) ;
#4853 = ORIENTED_EDGE ( 'NONE', *, *, #969, .T. ) ;
#4854 = EDGE_CURVE ( 'NONE', #1359, #4342, #1477, .T. ) ;
#4855 = AXIS2_PLACEMENT_3D ( 'NONE', #1338, #921, #3828 ) ;
#4856 = CARTESIAN_POINT ( 'NONE',  ( 11.96374522200421531, -32.89177405162227785, 3.846916844037879368 ) ) ;
#4857 = VERTEX_POINT ( 'NONE', #1046 ) ;
#4858 = DIRECTION ( 'NONE',  ( -0.4067366430758010409, -0.9135454576426005335, 2.091160365949181725E-17 ) ) ;
#4859 = CYLINDRICAL_SURFACE ( 'NONE', #3802, 35.00000000000000711 ) ;
#4860 = DIRECTION ( 'NONE',  ( -0.06857684211324029111, 0.6524650689851099195, -0.7547095802227711259 ) ) ;
#4861 = EDGE_CURVE ( 'NONE', #1242, #5063, #4448, .T. ) ;
#4862 = EDGE_CURVE ( 'NONE', #3375, #4194, #225, .T. ) ;
#4863 = DIRECTION ( 'NONE',  ( 0.9781476007338069101, 0.2079116908177532363, 0.000000000000000000 ) ) ;
#4864 = ORIENTED_EDGE ( 'NONE', *, *, #1501, .F. ) ;
#4865 = CARTESIAN_POINT ( 'NONE',  ( -2.752453906089157964, -2.904746613679732636, -1.381535457726013494 ) ) ;
#4866 = CARTESIAN_POINT ( 'NONE',  ( 26.47132621058933211, 30.37967582097782682, 3.846916844037854055 ) ) ;
#4867 = CARTESIAN_POINT ( 'NONE',  ( -27.58493545433188388, -21.54231500977423508, 3.846916844037876704 ) ) ;
#4868 = VECTOR ( 'NONE', #1752, 1000.000000000000000 ) ;
#4869 = VERTEX_POINT ( 'NONE', #4884 ) ;
#4870 = CARTESIAN_POINT ( 'NONE',  ( 29.02566033246867860, -28.35434246501491273, 7.116933741779893019 ) ) ;
#4871 = CYLINDRICAL_SURFACE ( 'NONE', #4534, 10.00000000000000000 ) ;
#4872 = CARTESIAN_POINT ( 'NONE',  ( -30.54342269181342928, 17.09091367567038944, -7.116933741779883249 ) ) ;
#4873 = LINE ( 'NONE', #1995, #2064 ) ;
#4874 = ORIENTED_EDGE ( 'NONE', *, *, #1202, .F. ) ;
#4875 = CARTESIAN_POINT ( 'NONE',  ( 29.72579301909581773, 26.76522425435427621, -7.500000000000000000 ) ) ;
#4876 = VECTOR ( 'NONE', #4416, 1000.000000000000227 ) ;
#4877 = AXIS2_PLACEMENT_3D ( 'NONE', #170, #5174, #4697 ) ;
#4878 = ORIENTED_EDGE ( 'NONE', *, *, #1484, .T. ) ;
#4879 = CARTESIAN_POINT ( 'NONE',  ( 16.43804359251179648, -30.89968807044308008, -3.846916844037855832 ) ) ;
#4880 = ORIENTED_EDGE ( 'NONE', *, *, #4574, .F. ) ;
#4881 = CARTESIAN_POINT ( 'NONE',  ( -34.30376599651128799, -6.946943339859060096, -1.255273253210860807 ) ) ;
#4882 = AXIS2_PLACEMENT_3D ( 'NONE', #1487, #3028, #2233 ) ;
#4883 = CARTESIAN_POINT ( 'NONE',  ( 21.32487570106526320, 27.75729030993576529, 6.986545299580309454 ) ) ;
#4884 = CARTESIAN_POINT ( 'NONE',  ( 14.55676213711326916, -37.79948848568805886, 6.181324516535963376 ) ) ;
#4885 = ADVANCED_FACE ( 'NONE', ( #1851 ), #3194, .T. ) ;
#4886 = B_SPLINE_CURVE_WITH_KNOTS ( 'NONE', 3,
 ( #829, #3346, #497, #4653, #1654, #1304, #2991, #2521, #882, #2082 ),
 .UNSPECIFIED., .F., .F.,
 ( 4, 2, 2, 2, 4 ),
 ( 4.336808689942017736E-18, 0.002894432855054557274, 0.003618041068818194858, 0.004341649282581832442, 0.005788865710109093732 ),
 .UNSPECIFIED. ) ;
#4887 = EDGE_CURVE ( 'NONE', #439, #2524, #532, .T. ) ;
#4888 = EDGE_CURVE ( 'NONE', #4388, #842, #1953, .T. ) ;
#4889 = VECTOR ( 'NONE', #556, 1000.000000000000000 ) ;
#4890 = EDGE_CURVE ( 'NONE', #956, #962, #4967, .T. ) ;
#4891 = ORIENTED_EDGE ( 'NONE', *, *, #526, .T. ) ;
#4892 = VECTOR ( 'NONE', #676, 999.9999999999998863 ) ;
#4893 = CARTESIAN_POINT ( 'NONE',  ( -4.000000000000000000, -0.1939809550719478470, -2.360811697618246274 ) ) ;
#4894 = VECTOR ( 'NONE', #3694, 1000.000000000000000 ) ;
#4895 = DIRECTION ( 'NONE',  ( 0.000000000000000000, 0.000000000000000000, 1.000000000000000000 ) ) ;
#4896 = DIRECTION ( 'NONE',  ( 0.9945218953682730678, -0.1045284632676571068, 0.000000000000000000 ) ) ;
#4897 = AXIS2_PLACEMENT_3D ( 'NONE', #966, #3074, #3102 ) ;
#4898 = AXIS2_PLACEMENT_3D ( 'NONE', #4312, #982, #567 ) ;
#4899 = ORIENTED_EDGE ( 'NONE', *, *, #4114, .F. ) ;
#4900 = CARTESIAN_POINT ( 'NONE',  ( 20.95130420542398042, 28.03645576908365555, 7.116933741779887690 ) ) ;
#4901 = CARTESIAN_POINT ( 'NONE',  ( -34.00751399768922312, -8.277175609365363229, 2.371881438044264545 ) ) ;
#4902 = CARTESIAN_POINT ( 'NONE',  ( -35.00000000000000711, 0.2397639158645067381, -5.749122653891197920 ) ) ;
#4903 = CYLINDRICAL_SURFACE ( 'NONE', #2849, 10.00000000000000178 ) ;
#4904 = LINE ( 'NONE', #1544, #3208 ) ;
#4905 = CARTESIAN_POINT ( 'NONE',  ( -16.43804359251221925, -30.89968807044285981, 3.846916844037863825 ) ) ;
#4906 = CARTESIAN_POINT ( 'NONE',  ( 29.60215189652352308, 18.69840538458006307, 7.500000000000000000 ) ) ;
#4907 = EDGE_LOOP ( 'NONE', ( #1269, #3864, #964, #3328 ) ) ;
#4908 = CARTESIAN_POINT ( 'NONE',  ( -21.34051696652517194, -33.93792595419111535, -10.40750713394289484 ) ) ;
#4909 = ORIENTED_EDGE ( 'NONE', *, *, #5402, .F. ) ;
#4910 = CARTESIAN_POINT ( 'NONE',  ( 11.82623245630378150, 38.52007321156860087, 3.846916844037897576 ) ) ;
#4911 = FACE_OUTER_BOUND ( 'NONE', #3187, .T. ) ;
#4912 = CARTESIAN_POINT ( 'NONE',  ( -31.46103756886229519, 15.33633316965421045, -3.846916844037833183 ) ) ;
#4913 = CARTESIAN_POINT ( 'NONE',  ( 0.000000000000000000, 0.000000000000000000, 7.500000000000000000 ) ) ;
#4914 = CARTESIAN_POINT ( 'NONE',  ( 5.691734262950623346, -39.68380832972891170, 10.40750713394296767 ) ) ;
#4915 = EDGE_LOOP ( 'NONE', ( #1055, #3355, #1368, #2117 ) ) ;
#4916 = EDGE_CURVE ( 'NONE', #4672, #1188, #1637, .T. ) ;
#4917 = DIRECTION ( 'NONE',  ( -0.07888863263406482862, -0.7505752021757439163, 0.6560590289905082750 ) ) ;
#4918 = CARTESIAN_POINT ( 'NONE',  ( -6.815988142536186345, 34.32990395618384127, 7.116933741779907230 ) ) ;
#4919 = EDGE_CURVE ( 'NONE', #1004, #2532, #1991, .T. ) ;
#4920 = CARTESIAN_POINT ( 'NONE',  ( -29.72579301909545180, 26.76522425435468477, -7.500000000000000000 ) ) ;
#4921 = EDGE_CURVE ( 'NONE', #605, #54, #3036, .T. ) ;
#4922 = VERTEX_POINT ( 'NONE', #327 ) ;
#4923 = CARTESIAN_POINT ( 'NONE',  ( -32.44865978195746692, -13.11809736031777796, -3.846916844037772343 ) ) ;
#4924 = DIRECTION ( 'NONE',  ( 0.9945218953682729568, -0.1045284632676570929, 0.000000000000000000 ) ) ;
#4925 = ADVANCED_FACE ( 'NONE', ( #2033 ), #3687, .F. ) ;
#4926 = DIRECTION ( 'NONE',  ( 0.000000000000000000, 0.000000000000000000, 1.000000000000000000 ) ) ;
#4927 = FACE_OUTER_BOUND ( 'NONE', #1688, .T. ) ;
#4928 = CARTESIAN_POINT ( 'NONE',  ( 38.30973726583251704, 11.53747140342953870, 0.7524306995458294178 ) ) ;
#4929 = ADVANCED_FACE ( 'NONE', ( #5417 ), #2908, .T. ) ;
#4930 = DIRECTION ( 'NONE',  ( -0.7382173651457220043, -0.1569129449004730836, 0.6560590289905086081 ) ) ;
#4931 = CARTESIAN_POINT ( 'NONE',  ( -25.00045951794724886, 32.65452941695706102, -2.500000000000000444 ) ) ;
#4932 = DIRECTION ( 'NONE',  ( 1.000000000000000000, 0.000000000000000000, 0.000000000000000000 ) ) ;
#4933 = ORIENTED_EDGE ( 'NONE', *, *, #2194, .T. ) ;
#4934 = CARTESIAN_POINT ( 'NONE',  ( 13.39529478388809913, -32.33521420452849071, 6.181324516535964264 ) ) ;
#4935 = ORIENTED_EDGE ( 'NONE', *, *, #2996, .F. ) ;
#4936 = CARTESIAN_POINT ( 'NONE',  ( -33.07400264418473768, -11.45034274999934354, -0.1631511818743443532 ) ) ;
#4937 = VERTEX_POINT ( 'NONE', #1554 ) ;
#4938 = CYLINDRICAL_SURFACE ( 'NONE', #5493, 10.00000000000000178 ) ;
#4939 = CARTESIAN_POINT ( 'NONE',  ( 28.15915596531791820, 20.80239037049899053, -5.425564169306128726 ) ) ;
#4940 = ORIENTED_EDGE ( 'NONE', *, *, #4139, .T. ) ;
#4941 = CARTESIAN_POINT ( 'NONE',  ( 34.93929088079845258, 2.272380597060724039, -7.500000000000000000 ) ) ;
#4942 = DIRECTION ( 'NONE',  ( 0.4067366430758010964, 0.9135454576426006446, 0.000000000000000000 ) ) ;
#4943 = ORIENTED_EDGE ( 'NONE', *, *, #3705, .T. ) ;
#4944 = LINE ( 'NONE', #2397, #2015 ) ;
#4945 = VERTEX_POINT ( 'NONE', #776 ) ;
#4946 = DIRECTION ( 'NONE',  ( 1.000000000000000000, 0.000000000000000000, 0.000000000000000000 ) ) ;
#4947 =( BOUNDED_CURVE ( )  B_SPLINE_CURVE ( 3, ( #5200, #4751, #955, #2644 ),
 .UNSPECIFIED., .F., .F. ) 
 B_SPLINE_CURVE_WITH_KNOTS ( ( 4, 4 ),
 ( 1.754098410389749008, 1.766791262608477853 ),
 .UNSPECIFIED. ) 
 CURVE ( )  GEOMETRIC_REPRESENTATION_ITEM ( )  RATIONAL_B_SPLINE_CURVE ( ( 1.000000000000000000, 0.9999865743369418247, 0.9999865743369418247, 1.000000000000000000 ) ) 
 REPRESENTATION_ITEM ( '' )  );
#4948 = ORIENTED_EDGE ( 'NONE', *, *, #597, .T. ) ;
#4949 = CARTESIAN_POINT ( 'NONE',  ( -9.895744271842751516, 33.57261440568952793, -6.196689755746676020 ) ) ;
#4950 = CYLINDRICAL_SURFACE ( 'NONE', #1258, 10.00000000000000000 ) ;
#4951 = FACE_OUTER_BOUND ( 'NONE', #4999, .T. ) ;
#4952 = DIRECTION ( 'NONE',  ( 0.5877852522924799095, 0.8090169943749425663, -0.000000000000000000 ) ) ;
#4953 = AXIS2_PLACEMENT_3D ( 'NONE', #697, #4105, #3608 ) ;
#4954 = EDGE_CURVE ( 'NONE', #1721, #2604, #5019, .T. ) ;
#4955 = FACE_OUTER_BOUND ( 'NONE', #4325, .T. ) ;
#4956 = ORIENTED_EDGE ( 'NONE', *, *, #3068, .T. ) ;
#4957 = ADVANCED_FACE ( 'NONE', ( #806 ), #2497, .T. ) ;
#4958 = VECTOR ( 'NONE', #4649, 1000.000000000000114 ) ;
#4959 = CIRCLE ( 'NONE', #2572, 10.00000000000000178 ) ;
#4960 = ADVANCED_FACE ( 'NONE', ( #1582 ), #4552, .F. ) ;
#4961 = DIRECTION ( 'NONE',  ( 0.4067366430758010964, 0.9135454576426006446, 0.000000000000000000 ) ) ;
#4962 = ORIENTED_EDGE ( 'NONE', *, *, #3843, .F. ) ;
#4963 = LINE ( 'NONE', #4078, #23 ) ;
#4964 = AXIS2_PLACEMENT_3D ( 'NONE', #5407, #1939, #1193 ) ;
#4965 = CIRCLE ( 'NONE', #100, 35.00000000000000711 ) ;
#4966 = CARTESIAN_POINT ( 'NONE',  ( -3.731976107653487418, 1.440230317487728229, 0.8418879962232164171 ) ) ;
#4967 = LINE ( 'NONE', #3305, #5489 ) ;
#4968 = VERTEX_POINT ( 'NONE', #1144 ) ;
#4969 = CARTESIAN_POINT ( 'NONE',  ( 34.92363010051514749, 2.345743309774687813, 5.331456580176164195 ) ) ;
#4970 = CARTESIAN_POINT ( 'NONE',  ( -4.000000000000000000, 4.898587196589412829E-16, 7.500000000000000000 ) ) ;
#4971 = ORIENTED_EDGE ( 'NONE', *, *, #1885, .F. ) ;
#4972 = DIRECTION ( 'NONE',  ( 0.8660254037844432595, 0.4999999999999919509, 4.819417496312548617E-17 ) ) ;
#4973 = AXIS2_PLACEMENT_3D ( 'NONE', #3490, #2138, #876 ) ;
#4974 = CYLINDRICAL_SURFACE ( 'NONE', #1363, 10.00000000000000178 ) ;
#4975 = CARTESIAN_POINT ( 'NONE',  ( -34.84656058323425043, -3.782238672763153176, 1.885122834591557828 ) ) ;
#4976 = VECTOR ( 'NONE', #2821, 1000.000000000000000 ) ;
#4977 = AXIS2_PLACEMENT_3D ( 'NONE', #2651, #5182, #3073 ) ;
#4978 = CARTESIAN_POINT ( 'NONE',  ( -12.37590541626378737, 32.73892125784986717, -4.060590289905084305 ) ) ;
#4979 = ORIENTED_EDGE ( 'NONE', *, *, #4887, .T. ) ;
#4980 = CARTESIAN_POINT ( 'NONE',  ( 12.37590541626421548, 32.73892125784969664, 4.060590289905084305 ) ) ;
#4981 = VERTEX_POINT ( 'NONE', #1200 ) ;
#4982 = CARTESIAN_POINT ( 'NONE',  ( 34.64823803850993755, 5.041563414031124069, 7.500000000000000000 ) ) ;
#4983 = AXIS2_PLACEMENT_3D ( 'NONE', #2052, #1109, #2374 ) ;
#4984 = CARTESIAN_POINT ( 'NONE',  ( -34.97812958325366850, 1.265746976549408043, -6.362072257850162949 ) ) ;
#4985 = CARTESIAN_POINT ( 'NONE',  ( -3.559027351012976847, -40.13712917798032720, 3.846916844037846506 ) ) ;
#4986 =( BOUNDED_CURVE ( )  B_SPLINE_CURVE ( 3, ( #4666, #3007, #5204, #3934 ),
 .UNSPECIFIED., .F., .F. ) 
 B_SPLINE_CURVE_WITH_KNOTS ( ( 4, 4 ),
 ( 1.754098410389750118, 1.766791262608478075 ),
 .UNSPECIFIED. ) 
 CURVE ( )  GEOMETRIC_REPRESENTATION_ITEM ( )  RATIONAL_B_SPLINE_CURVE ( ( 1.000000000000000000, 0.9999865743369418247, 0.9999865743369418247, 1.000000000000000000 ) ) 
 REPRESENTATION_ITEM ( '' )  );
#4987 = CARTESIAN_POINT ( 'NONE',  ( -26.32257486426723503, -23.06777086142152200, 7.116933741779912559 ) ) ;
#4988 = VERTEX_POINT ( 'NONE', #700 ) ;
#4989 = EDGE_CURVE ( 'NONE', #396, #2263, #203, .T. ) ;
#4990 = CARTESIAN_POINT ( 'NONE',  ( 13.66855157978812585, -32.22099667393422351, 6.805446025396026499 ) ) ;
#4991 = ORIENTED_EDGE ( 'NONE', *, *, #2815, .F. ) ;
#4992 = EDGE_CURVE ( 'NONE', #2178, #3473, #4528, .T. ) ;
#4993 = EDGE_CURVE ( 'NONE', #1206, #2093, #356, .T. ) ;
#4994 = DIRECTION ( 'NONE',  ( 0.8660254037844363761, -0.5000000000000039968, 0.000000000000000000 ) ) ;
#4995 = CARTESIAN_POINT ( 'NONE',  ( 7.736514885293122035, 34.13423995681812784, 7.116933741779903677 ) ) ;
#4996 = EDGE_LOOP ( 'NONE', ( #1337, #1462, #914, #668 ) ) ;
#4997 = CARTESIAN_POINT ( 'NONE',  ( 21.18798256349788289, 27.85841567354322734, 6.493572096533738680 ) ) ;
#4998 = DIRECTION ( 'NONE',  ( -0.6064382790875871843, 0.6735179422261555748, -0.4226182617407000519 ) ) ;
#4999 = EDGE_LOOP ( 'NONE', ( #4161, #4386, #5385, #4306, #4647, #496, #2992, #3939 ) ) ;
#5000 = CARTESIAN_POINT ( 'NONE',  ( -33.55826809660387511, -9.941963707259235505, 6.181324516535935842 ) ) ;
#5001 = CARTESIAN_POINT ( 'NONE',  ( -34.86473689675110421, 3.209655864945164527, 7.374970462211825506 ) ) ;
#5002 = DIRECTION ( 'NONE',  ( -0.2079116908177664202, -0.9781476007338041345, 6.059826044321676495E-18 ) ) ;
#5003 = CARTESIAN_POINT ( 'NONE',  ( -34.30134186702402133, -7.006814963110860717, 5.425564169306135831 ) ) ;
#5004 = VERTEX_POINT ( 'NONE', #505 ) ;
#5005 = DIRECTION ( 'NONE',  ( -0.000000000000000000, -0.000000000000000000, -1.000000000000000000 ) ) ;
#5006 = DIRECTION ( 'NONE',  ( -0.9510565162951504226, 0.3090169943749573878, 0.000000000000000000 ) ) ;
#5007 = CARTESIAN_POINT ( 'NONE',  ( 22.66213060878507335, -26.68034499264309645, 4.798630682669621450 ) ) ;
#5008 = LINE ( 'NONE', #1937, #3564 ) ;
#5009 = PLANE ( 'NONE',  #1432 ) ;
#5010 = ORIENTED_EDGE ( 'NONE', *, *, #5023, .T. ) ;
#5011 = B_SPLINE_CURVE_WITH_KNOTS ( 'NONE', 3,
 ( #3394, #4256, #5001, #454 ),
 .UNSPECIFIED., .F., .F.,
 ( 4, 4 ),
 ( 0.000000000000000000, 0.002845522393967967693 ),
 .UNSPECIFIED. ) ;
#5012 = CARTESIAN_POINT ( 'NONE',  ( -2.448864658609278599, -34.91422434887842030, 3.846916844037850058 ) ) ;
#5013 = ORIENTED_EDGE ( 'NONE', *, *, #2192, .T. ) ;
#5014 = CARTESIAN_POINT ( 'NONE',  ( 0.000000000000000000, 0.000000000000000000, 7.500000000000000000 ) ) ;
#5015 = DIRECTION ( 'NONE',  ( 0.1045284632676436731, -0.9945218953682744001, 0.000000000000000000 ) ) ;
#5016 = EDGE_CURVE ( 'NONE', #5095, #3270, #3065, .T. ) ;
#5017 = ORIENTED_EDGE ( 'NONE', *, *, #1042, .T. ) ;
#5018 = DIRECTION ( 'NONE',  ( -0.2079116908177663925, -0.9781476007338042455, 0.000000000000000000 ) ) ;
#5019 = LINE ( 'NONE', #5391, #3480 ) ;
#5020 = ORIENTED_EDGE ( 'NONE', *, *, #1013, .F. ) ;
#5021 = B_SPLINE_CURVE_WITH_KNOTS ( 'NONE', 3,
 ( #2827, #1971, #4051, #269, #320, #5327, #3681, #4076, #3243, #5386 ),
 .UNSPECIFIED., .F., .F.,
 ( 4, 2, 2, 2, 4 ),
 ( 5.553824967135426632E-18, 0.002894432855054541228, 0.003618041068818180980, 0.004341649282581820299, 0.005788865710109107610 ),
 .UNSPECIFIED. ) ;
#5022 = CARTESIAN_POINT ( 'NONE',  ( 6.350227846092296957, -39.54384119781455098, -4.060590289905085193 ) ) ;
#5023 = EDGE_CURVE ( 'NONE', #3824, #3743, #2065, .T. ) ;
#5024 = DIRECTION ( 'NONE',  ( -0.7431448254773954654, -0.6691306063588569053, 0.000000000000000000 ) ) ;
#5025 = ORIENTED_EDGE ( 'NONE', *, *, #2078, .T. ) ;
#5026 = EDGE_CURVE ( 'NONE', #2661, #4857, #5285, .T. ) ;
#5027 = CARTESIAN_POINT ( 'NONE',  ( -34.97893663427457511, 1.214080695590463943, -3.846916844037850503 ) ) ;
#5028 = LINE ( 'NONE', #1233, #4848 ) ;
#5029 = EDGE_CURVE ( 'NONE', #2882, #1188, #3416, .T. ) ;
#5030 = CARTESIAN_POINT ( 'NONE',  ( 25.69286149883166814, -23.76713840582947412, 7.116933741779893019 ) ) ;
#5031 = ORIENTED_EDGE ( 'NONE', *, *, #5163, .T. ) ;
#5032 = CARTESIAN_POINT ( 'NONE',  ( -13.80463082539352015, -32.16258956885462084, -7.116933741779874367 ) ) ;
#5033 = DIRECTION ( 'NONE',  ( -0.3090169943749574988, -0.9510565162951503115, 0.000000000000000000 ) ) ;
#5034 = CARTESIAN_POINT ( 'NONE',  ( 4.663435127594014240, -34.69388051900237002, -4.798630682669620562 ) ) ;
#5035 = ORIENTED_EDGE ( 'NONE', *, *, #4525, .T. ) ;
#5036 = CARTESIAN_POINT ( 'NONE',  ( 29.72579301909581773, 26.76522425435427621, 7.500000000000000000 ) ) ;
#5037 = AXIS2_PLACEMENT_3D ( 'NONE', #3168, #2707, #5307 ) ;
#5038 = VERTEX_POINT ( 'NONE', #865 ) ;
#5039 = FACE_OUTER_BOUND ( 'NONE', #2304, .T. ) ;
#5040 = CIRCLE ( 'NONE', #1151, 10.00000000000000000 ) ;
#5041 = VERTEX_POINT ( 'NONE', #2940 ) ;
#5042 = CARTESIAN_POINT ( 'NONE',  ( 39.87135277856510385, -3.320307722076374812, -0.7524306995458364122 ) ) ;
#5043 = VERTEX_POINT ( 'NONE', #1370 ) ;
#5044 = VECTOR ( 'NONE', #2201, 1000.000000000000114 ) ;
#5045 = ORIENTED_EDGE ( 'NONE', *, *, #377, .F. ) ;
#5046 =( BOUNDED_CURVE ( )  B_SPLINE_CURVE ( 3, ( #2646, #3450, #3037, #2297 ),
 .UNSPECIFIED., .F., .F. ) 
 B_SPLINE_CURVE_WITH_KNOTS ( ( 4, 4 ),
 ( 1.754098410389749452, 1.766791262608478075 ),
 .UNSPECIFIED. ) 
 CURVE ( )  GEOMETRIC_REPRESENTATION_ITEM ( )  RATIONAL_B_SPLINE_CURVE ( ( 1.000000000000000000, 0.9999865743369418247, 0.9999865743369418247, 1.000000000000000000 ) ) 
 REPRESENTATION_ITEM ( '' )  );
#5047 = CARTESIAN_POINT ( 'NONE',  ( -19.80900282939788681, 28.85863641825170589, 6.986545299580311230 ) ) ;
#5048 = ORIENTED_EDGE ( 'NONE', *, *, #1943, .F. ) ;
#5049 = PLANE ( 'NONE',  #5233 ) ;
#5050 = ORIENTED_EDGE ( 'NONE', *, *, #4485, .F. ) ;
#5051 = CARTESIAN_POINT ( 'NONE',  ( -35.00000000000000711, 0.000000000000000000, -2.460460499051108751 ) ) ;
#5052 = DIRECTION ( 'NONE',  ( -0.8660254037844363761, 0.5000000000000038858, -1.936037211510326363E-17 ) ) ;
#5053 = EDGE_CURVE ( 'NONE', #5479, #4003, #5136, .T. ) ;
#5054 = PLANE ( 'NONE',  #2248 ) ;
#5055 = EDGE_CURVE ( 'NONE', #4805, #863, #4308, .T. ) ;
#5056 = EDGE_CURVE ( 'NONE', #920, #2842, #5077, .T. ) ;
#5057 = LINE ( 'NONE', #1268, #2111 ) ;
#5058 = ORIENTED_EDGE ( 'NONE', *, *, #1657, .F. ) ;
#5059 = CARTESIAN_POINT ( 'NONE',  ( -34.51824593897732996, -6.227654058312062091, 1.226003498143969583 ) ) ;
#5060 = VECTOR ( 'NONE', #5406, 1000.000000000000000 ) ;
#5061 = FACE_OUTER_BOUND ( 'NONE', #464, .T. ) ;
#5062 = CARTESIAN_POINT ( 'NONE',  ( 39.41964742904040264, -11.72316783645021410, -2.500000000000000444 ) ) ;
#5063 = VERTEX_POINT ( 'NONE', #3058 ) ;
#5064 = DIRECTION ( 'NONE',  ( -0.3090169943749450088, 0.9510565162951543083, 0.000000000000000000 ) ) ;
#5065 = MANIFOLD_SOLID_BREP ( 'Cut-Extrude4', #3488 ) ;
#5066 = ORIENTED_EDGE ( 'NONE', *, *, #4890, .F. ) ;
#5067 = VECTOR ( 'NONE', #4629, 1000.000000000000114 ) ;
#5068 = CARTESIAN_POINT ( 'NONE',  ( -32.44865978195746692, -13.11809736031777796, -3.846916844037772343 ) ) ;
#5069 = ORIENTED_EDGE ( 'NONE', *, *, #4187, .F. ) ;
#5070 = DIRECTION ( 'NONE',  ( -0.5877852522924797984, -0.8090169943749426773, 0.000000000000000000 ) ) ;
#5071 = VECTOR ( 'NONE', #1428, 1000.000000000000114 ) ;
#5072 = CARTESIAN_POINT ( 'NONE',  ( -38.04226065180601069, 12.36067977499829595, 0.000000000000000000 ) ) ;
#5073 = VERTEX_POINT ( 'NONE', #1784 ) ;
#5074 = CARTESIAN_POINT ( 'NONE',  ( 24.62207110758339468, 24.87475857919244859, 4.060590289905093186 ) ) ;
#5075 = ORIENTED_EDGE ( 'NONE', *, *, #3950, .T. ) ;
#5076 = FACE_OUTER_BOUND ( 'NONE', #1083, .T. ) ;
#5077 = LINE ( 'NONE', #3354, #854 ) ;
#5078 = ORIENTED_EDGE ( 'NONE', *, *, #235, .F. ) ;
#5079 = EDGE_CURVE ( 'NONE', #3111, #2227, #3967, .T. ) ;
#5080 = CARTESIAN_POINT ( 'NONE',  ( -6.379706395764465299, 34.41365058089366613, 6.181324516535954494 ) ) ;
#5081 = EDGE_LOOP ( 'NONE', ( #2712, #1418, #4553, #5089 ) ) ;
#5082 = CARTESIAN_POINT ( 'NONE',  ( 12.95799702791353880, -32.52703604473558130, -7.500000000000000000 ) ) ;
#5083 = CARTESIAN_POINT ( 'NONE',  ( -34.88036507402620856, 2.895178967466797371, -6.493572096533736016 ) ) ;
#5084 = DIRECTION ( 'NONE',  ( -1.000000000000000000, 0.000000000000000000, 0.000000000000000000 ) ) ;
#5085 = ADVANCED_FACE ( 'NONE', ( #892 ), #475, .T. ) ;
#5086 = CARTESIAN_POINT ( 'NONE',  ( -31.86887100114637406, -14.49319050168111112, -5.425564169306124285 ) ) ;
#5087 = ORIENTED_EDGE ( 'NONE', *, *, #1918, .T. ) ;
#5088 = CYLINDRICAL_SURFACE ( 'NONE', #3110, 10.00000000000000000 ) ;
#5089 = ORIENTED_EDGE ( 'NONE', *, *, #2889, .T. ) ;
#5090 = CARTESIAN_POINT ( 'NONE',  ( -39.17609971868832019, -9.935198721658020204, 4.907591987661851007 ) ) ;
#5091 = CARTESIAN_POINT ( 'NONE',  ( 2.699359490718912014, -34.89641315474538175, -6.196689755746667139 ) ) ;
#5092 = DIRECTION ( 'NONE',  ( 0.5049992790393088571, 0.5608585192807625797, 0.6560590289905084971 ) ) ;
#5093 = CARTESIAN_POINT ( 'NONE',  ( 5.040741056891681282, 34.63577806725565722, -6.425211645992645160 ) ) ;
#5094 = DIRECTION ( 'NONE',  ( -0.9135454576426058626, -0.4067366430757889950, 0.000000000000000000 ) ) ;
#5095 = VERTEX_POINT ( 'NONE', #1343 ) ;
#5096 = EDGE_CURVE ( 'NONE', #1911, #605, #4841, .T. ) ;
#5097 = CARTESIAN_POINT ( 'NONE',  ( 1.649425184458297000, -40.54302764866073261, -7.116933741779888578 ) ) ;
#5098 = ORIENTED_EDGE ( 'NONE', *, *, #5334, .T. ) ;
#5099 = EDGE_CURVE ( 'NONE', #4342, #741, #2448, .T. ) ;
#5100 = CARTESIAN_POINT ( 'NONE',  ( -9.168512026296268047, -33.46608966698861565, -4.060590289905079864 ) ) ;
#5101 = ORIENTED_EDGE ( 'NONE', *, *, #3164, .F. ) ;
#5102 = DIRECTION ( 'NONE',  ( -0.7431448254773862505, 0.6691306063588671194, 0.000000000000000000 ) ) ;
#5103 = CYLINDRICAL_SURFACE ( 'NONE', #4520, 10.00000000000000355 ) ;
#5104 = ORIENTED_EDGE ( 'NONE', *, *, #377, .T. ) ;
#5105 = CARTESIAN_POINT ( 'NONE',  ( 11.96374522200421531, -32.89177405162227785, 3.846916844037879368 ) ) ;
#5106 = CARTESIAN_POINT ( 'NONE',  ( -9.851012519747479601, -33.59122690512907639, -4.798630682669619674 ) ) ;
#5107 = ORIENTED_EDGE ( 'NONE', *, *, #651, .T. ) ;
#5108 = DIRECTION ( 'NONE',  ( 0.5000000000000038858, 0.8660254037844364872, 0.000000000000000000 ) ) ;
#5109 = AXIS2_PLACEMENT_3D ( 'NONE', #4102, #2854, #242 ) ;
#5110 = CARTESIAN_POINT ( 'NONE',  ( -16.34876867560819846, -30.94701541007554013, -7.500000000000000000 ) ) ;
#5111 = ORIENTED_EDGE ( 'NONE', *, *, #3591, .F. ) ;
#5112 = CARTESIAN_POINT ( 'NONE',  ( 0.7666720852474026016, -34.99191539291200570, -6.493572096533692495 ) ) ;
#5113 = FACE_OUTER_BOUND ( 'NONE', #926, .T. ) ;
#5114 = CARTESIAN_POINT ( 'NONE',  ( 13.80463082539310626, -32.16258956885479137, 7.116933741779899236 ) ) ;
#5115 = ORIENTED_EDGE ( 'NONE', *, *, #1827, .F. ) ;
#5116 = CARTESIAN_POINT ( 'NONE',  ( -34.63817286162790765, 5.039087499758163169, 6.823943630429762486 ) ) ;
#5117 = VERTEX_POINT ( 'NONE', #588 ) ;
#5118 = DIRECTION ( 'NONE',  ( 0.8660254037844363761, -0.5000000000000039968, 0.000000000000000000 ) ) ;
#5119 = CARTESIAN_POINT ( 'NONE',  ( -6.395056888776078807, -7.102430213719184593, -2.500000000000000444 ) ) ;
#5120 = ORIENTED_EDGE ( 'NONE', *, *, #1172, .T. ) ;
#5121 = DIRECTION ( 'NONE',  ( 0.9945218953682730678, -0.1045284632676570374, 5.738211943939202429E-17 ) ) ;
#5122 = ORIENTED_EDGE ( 'NONE', *, *, #3098, .F. ) ;
#5123 = CARTESIAN_POINT ( 'NONE',  ( 30.54342269181366021, 17.09091367566999864, 7.116933741779888578 ) ) ;
#5124 = ORIENTED_EDGE ( 'NONE', *, *, #2451, .F. ) ;
#5125 = EDGE_CURVE ( 'NONE', #2122, #4393, #998, .T. ) ;
#5126 = CARTESIAN_POINT ( 'NONE',  ( -0.7666720852478459136, -34.99191539291198438, 6.493572096533731575 ) ) ;
#5127 = EDGE_CURVE ( 'NONE', #2627, #5230, #4663, .T. ) ;
#5128 = ORIENTED_EDGE ( 'NONE', *, *, #413, .T. ) ;
#5129 = DIRECTION ( 'NONE',  ( 0.04417563744859819008, -0.4203031146836067045, 0.9063077870366496036 ) ) ;
#5130 = CARTESIAN_POINT ( 'NONE',  ( 40.77988178268464736, 5.323768340348613570, -2.500000000000000444 ) ) ;
#5131 = EDGE_CURVE ( 'NONE', #1156, #703, #2536, .T. ) ;
#5132 =( BOUNDED_CURVE ( )  B_SPLINE_CURVE ( 3, ( #107, #1834, #970, #4355 ),
 .UNSPECIFIED., .F., .F. ) 
 B_SPLINE_CURVE_WITH_KNOTS ( ( 4, 4 ),
 ( 1.754098410389749230, 1.766791262608478075 ),
 .UNSPECIFIED. ) 
 CURVE ( )  GEOMETRIC_REPRESENTATION_ITEM ( )  RATIONAL_B_SPLINE_CURVE ( ( 1.000000000000000000, 0.9999865743369418247, 0.9999865743369418247, 1.000000000000000000 ) ) 
 REPRESENTATION_ITEM ( '' )  );
#5133 = ORIENTED_EDGE ( 'NONE', *, *, #4398, .T. ) ;
#5134 = AXIS2_PLACEMENT_3D ( 'NONE', #929, #2268, #3928 ) ;
#5135 = CARTESIAN_POINT ( 'NONE',  ( -33.18125659196034860, -11.13608702689913699, 1.254308731160220569 ) ) ;
#5136 = LINE ( 'NONE', #2121, #1302 ) ;
#5137 = ORIENTED_EDGE ( 'NONE', *, *, #5298, .F. ) ;
#5138 = DIRECTION ( 'NONE',  ( 0.9510565162951545304, 0.3090169943749449533, 0.000000000000000000 ) ) ;
#5139 = VECTOR ( 'NONE', #2279, 999.9999999999998863 ) ;
#5140 = CARTESIAN_POINT ( 'NONE',  ( 24.30771486651988766, -25.18203720845414395, 3.846916844037829630 ) ) ;
#5141 = DIRECTION ( 'NONE',  ( -0.000000000000000000, -0.000000000000000000, -1.000000000000000000 ) ) ;
#5142 = VERTEX_POINT ( 'NONE', #1843 ) ;
#5143 = AXIS2_PLACEMENT_3D ( 'NONE', #4623, #4268, #5064 ) ;
#5144 = DIRECTION ( 'NONE',  ( -0.4999999999999918954, 0.8660254037844432595, 0.000000000000000000 ) ) ;
#5145 = CARTESIAN_POINT ( 'NONE',  ( -5.040741056891697269, 34.63577806725564301, 6.425211645992653153 ) ) ;
#5146 = PLANE ( 'NONE',  #3838 ) ;
#5147 = DIRECTION ( 'NONE',  ( -0.9945218953682730678, 0.1045284632676570374, -5.635128152840529322E-17 ) ) ;
#5148 = VERTEX_POINT ( 'NONE', #4856 ) ;
#5149 = CARTESIAN_POINT ( 'NONE',  ( 29.01217291025344025, 19.57789117922451894, -3.846916844037808314 ) ) ;
#5150 = CARTESIAN_POINT ( 'NONE',  ( 24.62207110758339468, 24.87475857919244859, 4.060590289905093186 ) ) ;
#5151 = ORIENTED_EDGE ( 'NONE', *, *, #3777, .T. ) ;
#5152 = CARTESIAN_POINT ( 'NONE',  ( 1.317620303649893687, -34.97751174409595620, -5.331456580176196169 ) ) ;
#5153 = AXIS2_PLACEMENT_3D ( 'NONE', #1135, #4121, #4490 ) ;
#5154 = ORIENTED_EDGE ( 'NONE', *, *, #890, .F. ) ;
#5155 = DIRECTION ( 'NONE',  ( 0.3280295144952568576, 0.5681637854879302285, 0.7547095802227710148 ) ) ;
#5156 = EDGE_LOOP ( 'NONE', ( #1139, #4909, #3016, #3716 ) ) ;
#5157 = B_SPLINE_CURVE_WITH_KNOTS ( 'NONE', 3,
 ( #322, #2029, #2336, #220 ),
 .UNSPECIFIED., .F., .F.,
 ( 4, 4 ),
 ( 4.336808689942017736E-18, 0.002239090196083209135 ),
 .UNSPECIFIED. ) ;
#5158 = DIRECTION ( 'NONE',  ( 1.000000000000000000, 0.000000000000000000, 0.000000000000000000 ) ) ;
#5159 = ORIENTED_EDGE ( 'NONE', *, *, #3571, .T. ) ;
#5160 = VECTOR ( 'NONE', #2275, 1000.000000000000114 ) ;
#5161 = CARTESIAN_POINT ( 'NONE',  ( 30.07287676292399681, 17.90592313180157902, -7.116933741779884137 ) ) ;
#5162 = ORIENTED_EDGE ( 'NONE', *, *, #4249, .T. ) ;
#5163 = EDGE_CURVE ( 'NONE', #4768, #4532, #3775, .T. ) ;
#5164 = CARTESIAN_POINT ( 'NONE',  ( -34.36809786969732983, -6.620713618554003865, -2.733109325946143278E-17 ) ) ;
#5165 = CARTESIAN_POINT ( 'NONE',  ( 0.000000000000000000, 0.000000000000000000, -7.500000000000000000 ) ) ;
#5166 = ORIENTED_EDGE ( 'NONE', *, *, #2720, .F. ) ;
#5167 = ADVANCED_FACE ( 'NONE', ( #3531 ), #980, .T. ) ;
#5168 = CARTESIAN_POINT ( 'NONE',  ( -29.60215189652329215, 18.69840538458042900, -7.500000000000000000 ) ) ;
#5169 = CIRCLE ( 'NONE', #1095, 10.00000000000000000 ) ;
#5170 = EDGE_CURVE ( 'NONE', #1149, #1425, #1210, .T. ) ;
#5171 = AXIS2_PLACEMENT_3D ( 'NONE', #4920, #1127, #4505 ) ;
#5172 =( BOUNDED_CURVE ( )  B_SPLINE_CURVE ( 3, ( #1017, #4726, #2237, #2702 ),
 .UNSPECIFIED., .F., .F. ) 
 B_SPLINE_CURVE_WITH_KNOTS ( ( 4, 4 ),
 ( 1.431381591588105406, 1.628261284377777507 ),
 .UNSPECIFIED. ) 
 CURVE ( )  GEOMETRIC_REPRESENTATION_ITEM ( )  RATIONAL_B_SPLINE_CURVE ( ( 1.000000000000000000, 0.9967724731469831401, 0.9967724731469831401, 1.000000000000000000 ) ) 
 REPRESENTATION_ITEM ( '' )  );
#5173 = CARTESIAN_POINT ( 'NONE',  ( 13.81808390124158947, 37.63324381140903085, -10.40750713394288063 ) ) ;
#5174 = DIRECTION ( 'NONE',  ( -0.4067366430757888285, 0.9135454576426060846, 0.000000000000000000 ) ) ;
#5175 = VERTEX_POINT ( 'NONE', #5223 ) ;
#5176 = CARTESIAN_POINT ( 'NONE',  ( -25.85436715856017287, 31.06487826529843943, -4.907591987661807487 ) ) ;
#5177 = DIRECTION ( 'NONE',  ( -0.6691306063588567943, 0.7431448254773953543, 0.000000000000000000 ) ) ;
#5178 = EDGE_CURVE ( 'NONE', #3518, #3854, #5378, .T. ) ;
#5179 = CARTESIAN_POINT ( 'NONE',  ( 27.93026703720928339, 28.75935788053844888, -10.40750713394289839 ) ) ;
#5180 = ORIENTED_EDGE ( 'NONE', *, *, #1036, .T. ) ;
#5181 = EDGE_LOOP ( 'NONE', ( #5452, #4052, #3867, #1100 ) ) ;
#5182 = DIRECTION ( 'NONE',  ( 0.000000000000000000, 0.000000000000000000, 1.000000000000000000 ) ) ;
#5183 = DIRECTION ( 'NONE',  ( 0.2827868137368850232, 0.3140665743648488051, -0.9063077870366496036 ) ) ;
#5184 = CARTESIAN_POINT ( 'NONE',  ( 34.97528585423800962, 1.315058711365965083, -7.500000000000000000 ) ) ;
#5185 = LINE ( 'NONE', #1804, #4162 ) ;
#5186 = ORIENTED_EDGE ( 'NONE', *, *, #150, .T. ) ;
#5187 = DIRECTION ( 'NONE',  ( 0.8660254037844361541, -0.5000000000000042188, -2.785029484346390983E-16 ) ) ;
#5188 = EDGE_LOOP ( 'NONE', ( #1960, #3222, #133, #2 ) ) ;
#5189 = CARTESIAN_POINT ( 'NONE',  ( 0.000000000000000000, 0.000000000000000000, -7.500000000000000000 ) ) ;
#5190 = CYLINDRICAL_SURFACE ( 'NONE', #444, 10.00000000000000000 ) ;
#5191 = VECTOR ( 'NONE', #3746, 1000.000000000000227 ) ;
#5192 = CARTESIAN_POINT ( 'NONE',  ( 8.191336249957499760, 34.03115483576880962, 6.986545299580314783 ) ) ;
#5193 = ORIENTED_EDGE ( 'NONE', *, *, #482, .T. ) ;
#5194 = CARTESIAN_POINT ( 'NONE',  ( -13.80463082539352015, -32.16258956885462084, -7.116933741779874367 ) ) ;
#5195 = DIRECTION ( 'NONE',  ( 1.000000000000000000, 0.000000000000000000, 0.000000000000000000 ) ) ;
#5196 = ORIENTED_EDGE ( 'NONE', *, *, #2294, .T. ) ;
#5197 = PLANE ( 'NONE',  #4898 ) ;
#5198 = EDGE_CURVE ( 'NONE', #2840, #920, #4499, .T. ) ;
#5199 = DIRECTION ( 'NONE',  ( -1.000000000000000000, 0.000000000000000000, 0.000000000000000000 ) ) ;
#5200 = CARTESIAN_POINT ( 'NONE',  ( 30.75788893904972099, 16.70186420771897673, 6.181324516535886993 ) ) ;
#5201 = ORIENTED_EDGE ( 'NONE', *, *, #515, .F. ) ;
#5202 = CARTESIAN_POINT ( 'NONE',  ( -5.785755163109342902, 40.00000000000000000, 4.907591987661865218 ) ) ;
#5203 = AXIS2_PLACEMENT_3D ( 'NONE', #3029, #3472, #951 ) ;
#5204 = CARTESIAN_POINT ( 'NONE',  ( 7.880936142564061164, 34.10150692370994108, 6.805446025396030052 ) ) ;
#5205 =( BOUNDED_CURVE ( )  B_SPLINE_CURVE ( 3, ( #4171, #5083, #362, #2562 ),
 .UNSPECIFIED., .F., .F. ) 
 B_SPLINE_CURVE_WITH_KNOTS ( ( 4, 4 ),
 ( 4.895691063979542790, 4.908383916198270747 ),
 .UNSPECIFIED. ) 
 CURVE ( )  GEOMETRIC_REPRESENTATION_ITEM ( )  RATIONAL_B_SPLINE_CURVE ( ( 1.000000000000000000, 0.9999865743369418247, 0.9999865743369418247, 1.000000000000000000 ) ) 
 REPRESENTATION_ITEM ( '' )  );
#5206 = EDGE_CURVE ( 'NONE', #4988, #3250, #4833, .T. ) ;
#5207 = EDGE_CURVE ( 'NONE', #1540, #1220, #3117, .T. ) ;
#5208 = EDGE_CURVE ( 'NONE', #5142, #2886, #595, .T. ) ;
#5209 = DIRECTION ( 'NONE',  ( -0.4067366430757888285, 0.9135454576426060846, 0.000000000000000000 ) ) ;
#5210 = ORIENTED_EDGE ( 'NONE', *, *, #3329, .F. ) ;
#5211 = ORIENTED_EDGE ( 'NONE', *, *, #2621, .T. ) ;
#5212 = PLANE ( 'NONE',  #3837 ) ;
#5213 = CARTESIAN_POINT ( 'NONE',  ( 29.25577289386319890, -19.21196898765715844, -4.060590289905082528 ) ) ;
#5214 = LINE ( 'NONE', #1860, #895 ) ;
#5215 = ORIENTED_EDGE ( 'NONE', *, *, #3347, .T. ) ;
#5216 = CARTESIAN_POINT ( 'NONE',  ( -32.37749944911505651, 13.30828697010414530, -4.798630682669624115 ) ) ;
#5217 = ORIENTED_EDGE ( 'NONE', *, *, #3476, .F. ) ;
#5218 = DIRECTION ( 'NONE',  ( 0.9781476007338069101, 0.2079116908177531808, 0.000000000000000000 ) ) ;
#5219 = ORIENTED_EDGE ( 'NONE', *, *, #4757, .F. ) ;
#5220 = CARTESIAN_POINT ( 'NONE',  ( -9.231137288794162288, -33.76071836255020031, -4.060590289905080752 ) ) ;
#5221 = CARTESIAN_POINT ( 'NONE',  ( -33.96214137482623840, -8.460079978127664546, 3.846916844037852723 ) ) ;
#5222 = ORIENTED_EDGE ( 'NONE', *, *, #2648, .T. ) ;
#5223 = CARTESIAN_POINT ( 'NONE',  ( 34.54069020992830730, -5.651612143606769223, -4.060590289905088746 ) ) ;
#5224 = ORIENTED_EDGE ( 'NONE', *, *, #4359, .F. ) ;
#5225 = CARTESIAN_POINT ( 'NONE',  ( 3.559027351012458595, -40.13712917798036983, -3.846916844037822525 ) ) ;
#5226 = DIRECTION ( 'NONE',  ( -0.3090169943749450643, 0.9510565162951543083, 0.000000000000000000 ) ) ;
#5227 = CARTESIAN_POINT ( 'NONE',  ( -23.51141009169919371, -32.36067977499769910, 7.500000000000000000 ) ) ;
#5228 = EDGE_CURVE ( 'NONE', #1238, #1176, #4229, .T. ) ;
#5229 = LINE ( 'NONE', #539, #4186 ) ;
#5230 = VERTEX_POINT ( 'NONE', #218 ) ;
#5231 = DIRECTION ( 'NONE',  ( 0.2800645083286731341, -0.8619499266302466101, 0.4226182617407002740 ) ) ;
#5232 = DIRECTION ( 'NONE',  ( -0.000000000000000000, -0.000000000000000000, -1.000000000000000000 ) ) ;
#5233 = AXIS2_PLACEMENT_3D ( 'NONE', #1726, #2559, #778 ) ;
#5234 = CARTESIAN_POINT ( 'NONE',  ( -39.78087581473097600, -4.181138530705745815, -7.500000000000000000 ) ) ;
#5235 = VECTOR ( 'NONE', #2955, 1000.000000000000114 ) ;
#5236 = ADVANCED_FACE ( 'NONE', ( #2334 ), #3143, .T. ) ;
#5237 = DIRECTION ( 'NONE',  ( 0.4303270360089764268, 0.000000000000000000, 0.9026730538128016068 ) ) ;
#5238 = CARTESIAN_POINT ( 'NONE',  ( 14.93288400268460059, -31.65487173111550234, -6.493572096533736904 ) ) ;
#5239 = EDGE_CURVE ( 'NONE', #396, #807, #1014, .T. ) ;
#5240 = AXIS2_PLACEMENT_3D ( 'NONE', #1996, #2899, #3678 ) ;
#5241 = CARTESIAN_POINT ( 'NONE',  ( 31.86887100114617510, -14.49319050168157652, 5.425564169306130502 ) ) ;
#5242 = EDGE_CURVE ( 'NONE', #1038, #3518, #2309, .T. ) ;
#5243 = ORIENTED_EDGE ( 'NONE', *, *, #1438, .F. ) ;
#5244 = PLANE ( 'NONE',  #1681 ) ;
#5245 = ORIENTED_EDGE ( 'NONE', *, *, #2795, .F. ) ;
#5246 = CARTESIAN_POINT ( 'NONE',  ( -29.92055161471350289, 18.15991519865315595, 6.493572096533724469 ) ) ;
#5247 = ORIENTED_EDGE ( 'NONE', *, *, #305, .T. ) ;
#5248 = CARTESIAN_POINT ( 'NONE',  ( 34.85430591650460741, 3.190197341656602958, 7.116933741779905453 ) ) ;
#5249 = VERTEX_POINT ( 'NONE', #1920 ) ;
#5250 = ORIENTED_EDGE ( 'NONE', *, *, #2298, .T. ) ;
#5251 = AXIS2_PLACEMENT_3D ( 'NONE', #5436, #1624, #262 ) ;
#5252 = CARTESIAN_POINT ( 'NONE',  ( -29.86238487371489470, -28.27683216354966333, -2.500000000000000444 ) ) ;
#5253 = VERTEX_POINT ( 'NONE', #3606 ) ;
#5254 = CARTESIAN_POINT ( 'NONE',  ( -12.25339191574850517, 32.46375143039280431, -4.060590289905083416 ) ) ;
#5255 = DIRECTION ( 'NONE',  ( 0.000000000000000000, 1.000000000000000000, -0.000000000000000000 ) ) ;
#5256 = ORIENTED_EDGE ( 'NONE', *, *, #213, .F. ) ;
#5257 = DIRECTION ( 'NONE',  ( 0.5049992790393086350, 0.5608585192807624686, 0.6560590289905086081 ) ) ;
#5258 = VECTOR ( 'NONE', #3990, 1000.000000000000114 ) ;
#5259 = CARTESIAN_POINT ( 'NONE',  ( 4.863724327625664756, 34.66041237009253706, -3.846916844037853167 ) ) ;
#5260 = B_SPLINE_CURVE_WITH_KNOTS ( 'NONE', 3,
 ( #571, #4347, #2240, #4753, #1456, #151, #197, #1405, #3147, #3899 ),
 .UNSPECIFIED., .F., .F.,
 ( 4, 2, 2, 2, 4 ),
 ( 6.009258394948636926E-18, 0.002894432855054580259, 0.003618041068818220445, 0.004341649282581861065, 0.005788865710109154447 ),
 .UNSPECIFIED. ) ;
#5261 = AXIS2_PLACEMENT_3D ( 'NONE', #1387, #1461, #3075 ) ;
#5262 = CARTESIAN_POINT ( 'NONE',  ( 39.99099545634400243, -2.181983681408826037, 4.060590289905083416 ) ) ;
#5263 = VERTEX_POINT ( 'NONE', #5300 ) ;
#5264 = CARTESIAN_POINT ( 'NONE',  ( -10.28270741932846377, -38.70796686088987570, -4.060590289905081640 ) ) ;
#5265 = LINE ( 'NONE', #135, #1703 ) ;
#5266 = CARTESIAN_POINT ( 'NONE',  ( -3.168842018618008627, -2.447637833539645147, 1.976585724832479407 ) ) ;
#5267 = EDGE_CURVE ( 'NONE', #2687, #2198, #3684, .T. ) ;
#5268 = VERTEX_POINT ( 'NONE', #3271 ) ;
#5269 = DIRECTION ( 'NONE',  ( 1.000000000000000000, 0.000000000000000000, 0.000000000000000000 ) ) ;
#5270 = ORIENTED_EDGE ( 'NONE', *, *, #2449, .T. ) ;
#5271 = DIRECTION ( 'NONE',  ( -0.4067366430758009299, -0.9135454576426004225, 4.342694403325667296E-17 ) ) ;
#5272 = ORIENTED_EDGE ( 'NONE', *, *, #4680, .F. ) ;
#5273 = CARTESIAN_POINT ( 'NONE',  ( 15.77942226473678566, -37.97829775730559021, 2.500000000000000444 ) ) ;
#5274 = ORIENTED_EDGE ( 'NONE', *, *, #2451, .T. ) ;
#5275 = EDGE_CURVE ( 'NONE', #3080, #3812, #4487, .T. ) ;
#5276 = EDGE_CURVE ( 'NONE', #4055, #1124, #446, .T. ) ;
#5277 = EDGE_CURVE ( 'NONE', #2614, #4267, #654, .T. ) ;
#5278 = CARTESIAN_POINT ( 'NONE',  ( 20.71269898976025203, 34.56356339983945958, -3.846916844037793215 ) ) ;
#5279 = VERTEX_POINT ( 'NONE', #1550 ) ;
#5280 = CARTESIAN_POINT ( 'NONE',  ( -33.38074062612417947, -10.52352790460787979, -1.987443879445297101 ) ) ;
#5281 = CARTESIAN_POINT ( 'NONE',  ( 18.91226666409619028, -29.45040185848262482, -4.060590289905081640 ) ) ;
#5282 = CARTESIAN_POINT ( 'NONE',  ( -4.000000000000000000, 4.898587196589412829E-16, -37.50000000000001421 ) ) ;
#5283 = CARTESIAN_POINT ( 'NONE',  ( 0.000000000000000000, 0.000000000000000000, 7.500000000000000000 ) ) ;
#5284 = CARTESIAN_POINT ( 'NONE',  ( -3.663150038644568340, 1.606652356416357508, -0.2501517094688610610 ) ) ;
#5285 = CIRCLE ( 'NONE', #2287, 35.00000000000000711 ) ;
#5286 = DIRECTION ( 'NONE',  ( -0.4067366430757888285, 0.9135454576426060846, 0.000000000000000000 ) ) ;
#5287 = DIRECTION ( 'NONE',  ( 0.000000000000000000, 0.000000000000000000, 1.000000000000000000 ) ) ;
#5288 = ORIENTED_EDGE ( 'NONE', *, *, #598, .F. ) ;
#5289 = CARTESIAN_POINT ( 'NONE',  ( 31.46103756886250835, 15.33633316965379301, 3.846916844037795880 ) ) ;
#5290 = AXIS2_PLACEMENT_3D ( 'NONE', #1561, #1150, #2839 ) ;
#5291 = PLANE ( 'NONE',  #501 ) ;
#5292 = ORIENTED_EDGE ( 'NONE', *, *, #173, .T. ) ;
#5293 = CARTESIAN_POINT ( 'NONE',  ( 40.01369834721992191, 6.293218435256145327, -6.181324516535932290 ) ) ;
#5294 = CARTESIAN_POINT ( 'NONE',  ( 25.38912718229144971, -24.09133082503808154, 6.181324516535913638 ) ) ;
#5295 = LINE ( 'NONE', #1546, #4056 ) ;
#5296 = ORIENTED_EDGE ( 'NONE', *, *, #2994, .T. ) ;
#5297 = ORIENTED_EDGE ( 'NONE', *, *, #4246, .T. ) ;
#5298 = EDGE_CURVE ( 'NONE', #1284, #217, #5021, .T. ) ;
#5299 = EDGE_CURVE ( 'NONE', #1727, #4981, #1523, .T. ) ;
#5300 = CARTESIAN_POINT ( 'NONE',  ( 21.30546954598894160, 27.76827267629260021, 6.181324516535934954 ) ) ;
#5301 = ORIENTED_EDGE ( 'NONE', *, *, #928, .F. ) ;
#5302 = FACE_OUTER_BOUND ( 'NONE', #2504, .T. ) ;
#5303 = EDGE_CURVE ( 'NONE', #1070, #1985, #5440, .T. ) ;
#5304 = EDGE_CURVE ( 'NONE', #2842, #949, #4223, .T. ) ;
#5305 = EDGE_LOOP ( 'NONE', ( #3259, #3952, #2966, #5180 ) ) ;
#5306 = CARTESIAN_POINT ( 'NONE',  ( -3.980457856151227602, 0.4398130319967930579, 2.046283883553415173 ) ) ;
#5307 = DIRECTION ( 'NONE',  ( 0.4067366430758009854, 0.9135454576426005335, 0.000000000000000000 ) ) ;
#5308 = EDGE_LOOP ( 'NONE', ( #2544, #5316, #3320, #5412 ) ) ;
#5309 = CARTESIAN_POINT ( 'NONE',  ( 33.47323937454571308, -10.22566255679168634, -6.805446025395999854 ) ) ;
#5310 = ORIENTED_EDGE ( 'NONE', *, *, #1880, .F. ) ;
#5311 = CARTESIAN_POINT ( 'NONE',  ( -1.392218125044620169, -34.98541824136508893, -7.500000000000000000 ) ) ;
#5312 = VECTOR ( 'NONE', #478, 999.9999999999998863 ) ;
#5313 = LINE ( 'NONE', #706, #3936 ) ;
#5314 = DIRECTION ( 'NONE',  ( 1.000000000000000000, 0.000000000000000000, 0.000000000000000000 ) ) ;
#5315 = VECTOR ( 'NONE', #2493, 1000.000000000000000 ) ;
#5316 = ORIENTED_EDGE ( 'NONE', *, *, #1066, .F. ) ;
#5317 = DIRECTION ( 'NONE',  ( 0.8660254037844362651, -0.5000000000000041078, -2.046126563610240873E-16 ) ) ;
#5318 = CARTESIAN_POINT ( 'NONE',  ( 33.85320839637731893, 8.885959783357703756, -4.060590289905089634 ) ) ;
#5319 = CIRCLE ( 'NONE', #5143, 10.00000000000000178 ) ;
#5320 = CARTESIAN_POINT ( 'NONE',  ( 22.09761752197607620, 33.94695794248158194, -6.181324516535879887 ) ) ;
#5321 = FACE_OUTER_BOUND ( 'NONE', #421, .T. ) ;
#5322 = CARTESIAN_POINT ( 'NONE',  ( 35.00857399540712578, -0.2779507399381269117, 5.425564169306129614 ) ) ;
#5323 = EDGE_CURVE ( 'NONE', #3711, #2902, #1045, .T. ) ;
#5324 = CARTESIAN_POINT ( 'NONE',  ( -33.70332905427724768, -9.487010671969088094, -7.500000000000000000 ) ) ;
#5325 = DIRECTION ( 'NONE',  ( -0.7431448254773954654, -0.6691306063588569053, -1.759368286685289201E-16 ) ) ;
#5326 = ORIENTED_EDGE ( 'NONE', *, *, #3464, .T. ) ;
#5327 = CARTESIAN_POINT ( 'NONE',  ( -24.43644472887708119, -25.05805981594257759, -6.425211645992646936 ) ) ;
#5328 = ORIENTED_EDGE ( 'NONE', *, *, #4173, .F. ) ;
#5329 = CARTESIAN_POINT ( 'NONE',  ( 26.32257486426691528, -23.06777086142187372, -7.116933741779872591 ) ) ;
#5330 = CARTESIAN_POINT ( 'NONE',  ( -34.36809786969732983, -6.620713618554003865, -2.733109325946143278E-17 ) ) ;
#5331 = EDGE_CURVE ( 'NONE', #3750, #2437, #628, .T. ) ;
#5332 = ORIENTED_EDGE ( 'NONE', *, *, #3405, .F. ) ;
#5333 = AXIS2_PLACEMENT_3D ( 'NONE', #2053, #4042, #1192 ) ;
#5334 = EDGE_CURVE ( 'NONE', #3857, #5249, #232, .T. ) ;
#5335 = CARTESIAN_POINT ( 'NONE',  ( 21.68306421749690927, 27.47799388896759964, 6.823943630429765150 ) ) ;
#5336 = CARTESIAN_POINT ( 'NONE',  ( -2.010166753098149073, 34.94222702726230523, 4.060590289905079864 ) ) ;
#5337 = ADVANCED_FACE ( 'NONE', ( #1576 ), #4153, .T. ) ;
#5338 = AXIS2_PLACEMENT_3D ( 'NONE', #394, #2103, #3786 ) ;
#5339 = CARTESIAN_POINT ( 'NONE',  ( -4.000000000000000000, -2.168372569564605283E-15, -2.275566573465937825 ) ) ;
#5340 = AXIS2_PLACEMENT_3D ( 'NONE', #1031, #2228, #3051 ) ;
#5341 = EDGE_CURVE ( 'NONE', #2453, #5459, #2440, .T. ) ;
#5342 = CIRCLE ( 'NONE', #3302, 35.00000000000000711 ) ;
#5343 = DIRECTION ( 'NONE',  ( -0.2800645083286845693, -0.8619499266302430573, -0.4226182617406999964 ) ) ;
#5344 = EDGE_CURVE ( 'NONE', #1488, #2938, #1794, .T. ) ;
#5345 = B_SPLINE_CURVE_WITH_KNOTS ( 'NONE', 3,
 ( #2020, #4982, #1190, #339 ),
 .UNSPECIFIED., .F., .F.,
 ( 4, 4 ),
 ( 0.000000000000000000, 0.002845522393967949478 ),
 .UNSPECIFIED. ) ;
#5346 = AXIS2_PLACEMENT_3D ( 'NONE', #4141, #5002, #334 ) ;
#5347 = CARTESIAN_POINT ( 'NONE',  ( -20.95130420542360739, 28.03645576908393977, -7.116933741779873479 ) ) ;
#5348 = LINE ( 'NONE', #2761, #4892 ) ;
#5349 = AXIS2_PLACEMENT_3D ( 'NONE', #66, #4723, #36 ) ;
#5350 = VERTEX_POINT ( 'NONE', #3739 ) ;
#5351 = CARTESIAN_POINT ( 'NONE',  ( -9.272659247163716145, 33.75006142204112791, -6.531040695676800567 ) ) ;
#5352 = DIRECTION ( 'NONE',  ( 0.000000000000000000, 0.000000000000000000, 1.000000000000000000 ) ) ;
#5353 = CARTESIAN_POINT ( 'NONE',  ( 23.21875069118305035, -26.20242595918200479, 5.425564169306129614 ) ) ;
#5354 = CARTESIAN_POINT ( 'NONE',  ( -32.46913736165808473, 13.26831175257476580, -1.226003498143954706 ) ) ;
#5355 = CARTESIAN_POINT ( 'NONE',  ( -14.66436101729225250, -31.77981302579548739, 7.116933741779898348 ) ) ;
#5356 = DIRECTION ( 'NONE',  ( 0.000000000000000000, -1.000000000000000000, 0.000000000000000000 ) ) ;
#5357 = CARTESIAN_POINT ( 'NONE',  ( 29.06857275563999821, 19.49405237373862931, 7.500000000000000000 ) ) ;
#5358 = ORIENTED_EDGE ( 'NONE', *, *, #4399, .F. ) ;
#5359 = CARTESIAN_POINT ( 'NONE',  ( -26.42017412162463330, -22.95640059621816675, 6.805446025396031828 ) ) ;
#5360 = ORIENTED_EDGE ( 'NONE', *, *, #3730, .F. ) ;
#5361 = CARTESIAN_POINT ( 'NONE',  ( 4.863724327625664756, 34.66041237009253706, -3.846916844037853167 ) ) ;
#5362 = ORIENTED_EDGE ( 'NONE', *, *, #2658, .T. ) ;
#5363 = B_SPLINE_CURVE_WITH_KNOTS ( 'NONE', 3,
 ( #3623, #5324, #1520, #3213 ),
 .UNSPECIFIED., .F., .F.,
 ( 4, 4 ),
 ( 0.000000000000000000, 0.002845522393967982004 ),
 .UNSPECIFIED. ) ;
#5364 = CARTESIAN_POINT ( 'NONE',  ( -33.13856300680329525, -11.26213309476177571, -7.116933741779888578 ) ) ;
#5365 = CARTESIAN_POINT ( 'NONE',  ( 25.85436715856058143, 31.06487826529810192, 4.907591987661849231 ) ) ;
#5366 = VERTEX_POINT ( 'NONE', #1219 ) ;
#5367 = CARTESIAN_POINT ( 'NONE',  ( 39.06841104854104429, -10.95978797702903407, -7.116933741779896572 ) ) ;
#5368 = DIRECTION ( 'NONE',  ( -0.2079116908177531808, 0.9781476007338069101, 6.323426561171822270E-17 ) ) ;
#5369 = FACE_OUTER_BOUND ( 'NONE', #2931, .T. ) ;
#5370 = EDGE_CURVE ( 'NONE', #4577, #1124, #3169, .T. ) ;
#5371 = CARTESIAN_POINT ( 'NONE',  ( 13.37608069809124700, -32.34652924463594559, 6.986545299580310342 ) ) ;
#5372 = DIRECTION ( 'NONE',  ( 0.000000000000000000, 0.000000000000000000, 1.000000000000000000 ) ) ;
#5373 = ADVANCED_FACE ( 'NONE', ( #84 ), #1743, .T. ) ;
#5374 = EDGE_CURVE ( 'NONE', #4209, #903, #2898, .T. ) ;
#5375 = ORIENTED_EDGE ( 'NONE', *, *, #996, .T. ) ;
#5376 = CARTESIAN_POINT ( 'NONE',  ( -11.08259117584035636, 33.20924092229321190, -5.425564169306128726 ) ) ;
#5377 = CARTESIAN_POINT ( 'NONE',  ( -31.45116295349555102, -25.52498780741779427, 6.181324516535954494 ) ) ;
#5378 = CIRCLE ( 'NONE', #4127, 10.00000000000000355 ) ;
#5379 = CARTESIAN_POINT ( 'NONE',  ( -26.32257486426722082, -23.06777086142151489, 7.116933741779905453 ) ) ;
#5380 = CARTESIAN_POINT ( 'NONE',  ( -3.935820537634255434, -34.78773960034290269, 5.425564169306137607 ) ) ;
#5381 = CARTESIAN_POINT ( 'NONE',  ( -32.48639608759938113, -13.02436444666718174, 7.500000000000000000 ) ) ;
#5382 =( BOUNDED_CURVE ( )  B_SPLINE_CURVE ( 3, ( #2209, #2703, #69, #1760 ),
 .UNSPECIFIED., .F., .F. ) 
 B_SPLINE_CURVE_WITH_KNOTS ( ( 4, 4 ),
 ( 4.572974245177897856, 4.769853937967570623 ),
 .UNSPECIFIED. ) 
 CURVE ( )  GEOMETRIC_REPRESENTATION_ITEM ( )  RATIONAL_B_SPLINE_CURVE ( ( 1.000000000000000000, 0.9967724731469831401, 0.9967724731469831401, 1.000000000000000000 ) ) 
 REPRESENTATION_ITEM ( '' )  );
#5383 = CARTESIAN_POINT ( 'NONE',  ( -33.08372845510542959, -11.73424911946050742, -6.181324516535855906 ) ) ;
#5384 = B_SPLINE_CURVE_WITH_KNOTS ( 'NONE', 3,
 ( #298, #2002, #1974, #5361 ),
 .UNSPECIFIED., .F., .F.,
 ( 4, 4 ),
 ( 3.127317220692751144E-18, 0.002794378677442428682 ),
 .UNSPECIFIED. ) ;
#5385 = ORIENTED_EDGE ( 'NONE', *, *, #2729, .T. ) ;
#5386 = CARTESIAN_POINT ( 'NONE',  ( -25.69286149883198078, -23.76713840582912596, -7.116933741779876144 ) ) ;
#5387 = VERTEX_POINT ( 'NONE', #5097 ) ;
#5388 = CARTESIAN_POINT ( 'NONE',  ( 34.43692184975435566, -6.285808314767534100, -4.798630682669627667 ) ) ;
#5389 = CARTESIAN_POINT ( 'NONE',  ( 2.348058200541815577, -34.92114864500978655, 7.500000000000000000 ) ) ;
#5390 = DIRECTION ( 'NONE',  ( -1.000000000000000000, 0.000000000000000000, 0.000000000000000000 ) ) ;
#5391 = CARTESIAN_POINT ( 'NONE',  ( -29.14661196372247787, 27.40846998280387226, 0.7524306995458351910 ) ) ;
#5392 = ORIENTED_EDGE ( 'NONE', *, *, #4862, .T. ) ;
#5393 = DIRECTION ( 'NONE',  ( 0.7431448254773955764, 0.6691306063588569053, -0.000000000000000000 ) ) ;
#5394 = CARTESIAN_POINT ( 'NONE',  ( -31.52131900098202522, 24.77109062817052987, -10.40750713394288596 ) ) ;
#5395 = ORIENTED_EDGE ( 'NONE', *, *, #1819, .T. ) ;
#5396 = DIRECTION ( 'NONE',  ( 0.2079116908177664202, 0.9781476007338042455, -2.434964552819096169E-17 ) ) ;
#5397 = CARTESIAN_POINT ( 'NONE',  ( -0.4705459288898835579, -34.99683680747170911, 7.116933741779904565 ) ) ;
#5398 = EDGE_CURVE ( 'NONE', #4532, #4549, #1332, .T. ) ;
#5399 = CARTESIAN_POINT ( 'NONE',  ( -34.99623894790735079, 2.736594670331135237, -6.181324516535936731 ) ) ;
#5400 = VERTEX_POINT ( 'NONE', #3049 ) ;
#5401 = LINE ( 'NONE', #2870, #94 ) ;
#5402 = EDGE_CURVE ( 'NONE', #5148, #2327, #1685, .T. ) ;
#5403 = CARTESIAN_POINT ( 'NONE',  ( -35.08890410250690906, 21.45017660618456290, 2.500000000000000444 ) ) ;
#5404 = EDGE_CURVE ( 'NONE', #2902, #4288, #1772, .T. ) ;
#5405 = DIRECTION ( 'NONE',  ( -0.9135454576426006446, 0.4067366430758008744, 0.000000000000000000 ) ) ;
#5406 = DIRECTION ( 'NONE',  ( -0.5993397458796942967, 0.2668432471111690796, 0.7547095802227709038 ) ) ;
#5407 = CARTESIAN_POINT ( 'NONE',  ( -13.97579016393924967, -37.92297789073248993, -4.907591987661805710 ) ) ;
#5408 = LINE ( 'NONE', #2436, #3609 ) ;
#5409 = ORIENTED_EDGE ( 'NONE', *, *, #3511, .T. ) ;
#5410 = VECTOR ( 'NONE', #2793, 1000.000000000000114 ) ;
#5411 = CARTESIAN_POINT ( 'NONE',  ( -1.317620303650351543, -34.97751174409593489, 5.331456580176207716 ) ) ;
#5412 = ORIENTED_EDGE ( 'NONE', *, *, #4180, .F. ) ;
#5413 = CARTESIAN_POINT ( 'NONE',  ( 34.30134186702392185, -7.006814963111303918, -5.425564169306128726 ) ) ;
#5414 = CIRCLE ( 'NONE', #626, 35.00000000000000711 ) ;
#5415 = CARTESIAN_POINT ( 'NONE',  ( 0.4522843357634013794, -35.00924461525380593, 7.374970462211828170 ) ) ;
#5416 = CARTESIAN_POINT ( 'NONE',  ( -16.61975304347746629, 30.80903733370957909, 4.798630682669622338 ) ) ;
#5417 = FACE_OUTER_BOUND ( 'NONE', #611, .T. ) ;
#5418 = ORIENTED_EDGE ( 'NONE', *, *, #109, .F. ) ;
#5419 = FACE_OUTER_BOUND ( 'NONE', #4470, .T. ) ;
#5420 = CARTESIAN_POINT ( 'NONE',  ( -40.28927344445514080, 0.6559418061533178745, -3.846916844037853611 ) ) ;
#5421 = EDGE_LOOP ( 'NONE', ( #1032, #3770, #889, #735 ) ) ;
#5422 = CARTESIAN_POINT ( 'NONE',  ( 18.62651717863008471, 29.63195669870956905, 7.500000000000000000 ) ) ;
#5423 = B_SPLINE_CURVE_WITH_KNOTS ( 'NONE', 3,
 ( #1057, #1466, #5322, #2740, #4439, #634, #4465, #1571, #4491, #4021 ),
 .UNSPECIFIED., .F., .F.,
 ( 4, 2, 2, 2, 4 ),
 ( 1.748223473168675632E-18, 0.002894432855054572453, 0.003618041068818214807, 0.004341649282581857595, 0.005788865710109140569 ),
 .UNSPECIFIED. ) ;
#5424 = AXIS2_PLACEMENT_3D ( 'NONE', #4195, #4689, #4635 ) ;
#5425 = CARTESIAN_POINT ( 'NONE',  ( -16.26946572303155136, 36.54181830570423983, 7.500000000000000000 ) ) ;
#5426 = CIRCLE ( 'NONE', #642, 10.00000000000000000 ) ;
#5427 = AXIS2_PLACEMENT_3D ( 'NONE', #5176, #5257, #1378 ) ;
#5428 = LINE ( 'NONE', #3754, #2993 ) ;
#5429 = VERTEX_POINT ( 'NONE', #3376 ) ;
#5430 = CARTESIAN_POINT ( 'NONE',  ( 2.010166753098153958, 34.94222702726229102, -4.060590289905086081 ) ) ;
#5431 = ORIENTED_EDGE ( 'NONE', *, *, #450, .T. ) ;
#5432 = CARTESIAN_POINT ( 'NONE',  ( 34.85430591650459320, 3.190197341656598518, 7.116933741779894795 ) ) ;
#5433 = AXIS2_PLACEMENT_3D ( 'NONE', #370, #2461, #2077 ) ;
#5434 = CARTESIAN_POINT ( 'NONE',  ( 24.12686481086472767, -25.35627313161534602, 6.196689755746676020 ) ) ;
#5435 = EDGE_CURVE ( 'NONE', #5041, #962, #1716, .T. ) ;
#5436 = CARTESIAN_POINT ( 'NONE',  ( 0.000000000000000000, 40.00000000000000000, 7.500000000000000000 ) ) ;
#5437 = CARTESIAN_POINT ( 'NONE',  ( 34.73847744477504307, 4.273185435932386866, -6.805446025396000742 ) ) ;
#5438 = VERTEX_POINT ( 'NONE', #2965 ) ;
#5439 = B_SPLINE_CURVE_WITH_KNOTS ( 'NONE', 3,
 ( #2539, #4734, #4230, #2135, #3813, #1294, #15, #5116, #2983, #457 ),
 .UNSPECIFIED., .F., .F.,
 ( 4, 2, 2, 2, 4 ),
 ( 1.939479807224432123E-18, 0.002894432855054550335, 0.003618041068818191389, 0.004341649282581832442, 0.005788865710109114548 ),
 .UNSPECIFIED. ) ;
#5440 = LINE ( 'NONE', #1168, #2805 ) ;
#5441 = ORIENTED_EDGE ( 'NONE', *, *, #5026, .T. ) ;
#5442 = CARTESIAN_POINT ( 'NONE',  ( -35.07380240406809691, -19.25039222152260621, 0.7524306995458448499 ) ) ;
#5443 = EDGE_CURVE ( 'NONE', #5249, #2028, #4886, .T. ) ;
#5444 = ORIENTED_EDGE ( 'NONE', *, *, #785, .T. ) ;
#5445 = CARTESIAN_POINT ( 'NONE',  ( 10.98391537474126167, 38.89509693840560800, 4.907591987661903410 ) ) ;
#5446 = EDGE_CURVE ( 'NONE', #5469, #5263, #4213, .T. ) ;
#5447 = FACE_BOUND ( 'NONE', #1371, .T. ) ;
#5448 = DIRECTION ( 'NONE',  ( 0.2113091308703519133, 0.3659981507706666637, 0.9063077870366496036 ) ) ;
#5449 = ORIENTED_EDGE ( 'NONE', *, *, #1508, .F. ) ;
#5450 = CARTESIAN_POINT ( 'NONE',  ( 21.69024101059625309, 27.48547263070424762, -7.500000000000000000 ) ) ;
#5451 = FACE_OUTER_BOUND ( 'NONE', #5487, .T. ) ;
#5452 = ORIENTED_EDGE ( 'NONE', *, *, #5055, .F. ) ;
#5453 = DIRECTION ( 'NONE',  ( -0.9510565162951545304, -0.3090169943749450088, -1.043816672470235639E-16 ) ) ;
#5454 = VERTEX_POINT ( 'NONE', #2172 ) ;
#5455 = DIRECTION ( 'NONE',  ( -0.6691306063588671194, -0.7431448254773862505, 0.000000000000000000 ) ) ;
#5456 = CARTESIAN_POINT ( 'NONE',  ( -8.191336249957073434, 34.03115483576890909, -6.986545299580312118 ) ) ;
#5457 = CARTESIAN_POINT ( 'NONE',  ( -24.30771486652021451, -25.18203720845382776, -3.846916844037805649 ) ) ;
#5458 = CARTESIAN_POINT ( 'NONE',  ( 0.4705459288894343062, -34.99683680747170911, -7.116933741779876144 ) ) ;
#5459 = VERTEX_POINT ( 'NONE', #5464 ) ;
#5460 = FACE_OUTER_BOUND ( 'NONE', #5305, .T. ) ;
#5461 = EDGE_CURVE ( 'NONE', #3191, #2260, #3976, .T. ) ;
#5462 = EDGE_LOOP ( 'NONE', ( #188, #1642, #1848, #4222 ) ) ;
#5463 = AXIS2_PLACEMENT_3D ( 'NONE', #1755, #1694, #1288 ) ;
#5464 = CARTESIAN_POINT ( 'NONE',  ( -31.26593964696157357, -15.73025803960496560, -4.060590289905087857 ) ) ;
#5465 = ORIENTED_EDGE ( 'NONE', *, *, #3845, .T. ) ;
#5466 = CARTESIAN_POINT ( 'NONE',  ( 22.42575515467006397, 26.87164873510350560, -7.500000000000000000 ) ) ;
#5467 = ORIENTED_EDGE ( 'NONE', *, *, #2858, .T. ) ;
#5468 = CARTESIAN_POINT ( 'NONE',  ( -8.169140914311759261, 34.03329453229761015, -6.181324516535933178 ) ) ;
#5469 = VERTEX_POINT ( 'NONE', #55 ) ;
#5470 = ADVANCED_FACE ( 'NONE', ( #5039 ), #4711, .T. ) ;
#5471 = CARTESIAN_POINT ( 'NONE',  ( 34.80045718659392406, 4.599333700956677262, -6.181324516535929625 ) ) ;
#5472 = VERTEX_POINT ( 'NONE', #2280 ) ;
#5473 = ADVANCED_FACE ( 'NONE', ( #3575 ), #5291, .F. ) ;
#5474 = ADVANCED_FACE ( 'NONE', ( #4740 ), #211, .F. ) ;
#5475 = CARTESIAN_POINT ( 'NONE',  ( 20.94382339266827842, 28.05722779156514690, -7.374970462211825506 ) ) ;
#5476 = ORIENTED_EDGE ( 'NONE', *, *, #559, .T. ) ;
#5477 = DIRECTION ( 'NONE',  ( 0.3090169943749450088, -0.9510565162951543083, 0.000000000000000000 ) ) ;
#5478 = AXIS2_PLACEMENT_3D ( 'NONE', #1310, #1720, #2525 ) ;
#5479 = VERTEX_POINT ( 'NONE', #4387 ) ;
#5480 = CARTESIAN_POINT ( 'NONE',  ( 26.61324244213268386, -22.73181309786503235, -6.181324516535937619 ) ) ;
#5481 = B_SPLINE_CURVE_WITH_KNOTS ( 'NONE', 3,
 ( #3081, #2607, #4363, #2255 ),
 .UNSPECIFIED., .F., .F.,
 ( 4, 4 ),
 ( 0.000000000000000000, 0.002845522393967970295 ),
 .UNSPECIFIED. ) ;
#5482 = CARTESIAN_POINT ( 'NONE',  ( -32.59591823273333944, -12.74970470522836941, -6.531040695676790797 ) ) ;
#5483 = ORIENTED_EDGE ( 'NONE', *, *, #4622, .T. ) ;
#5484 = LINE ( 'NONE', #3454, #5235 ) ;
#5485 = CARTESIAN_POINT ( 'NONE',  ( -13.80463082539352371, -32.16258956885460663, -7.116933741779890354 ) ) ;
#5486 = FACE_OUTER_BOUND ( 'NONE', #4915, .T. ) ;
#5487 = EDGE_LOOP ( 'NONE', ( #1223, #3798, #4752, #411 ) ) ;
#5488 = CARTESIAN_POINT ( 'NONE',  ( 3.382964344229684617, 34.84584712776257476, -5.425564169306128726 ) ) ;
#5489 = VECTOR ( 'NONE', #1119, 1000.000000000000000 ) ;
#5490 = ORIENTED_EDGE ( 'NONE', *, *, #1657, .T. ) ;
#5491 = CARTESIAN_POINT ( 'NONE',  ( -32.99294883789733746, -11.68183748302851299, -6.181324516535802616 ) ) ;
#5492 = ADVANCED_FACE ( 'NONE', ( #2253 ), #1443, .F. ) ;
#5493 = AXIS2_PLACEMENT_3D ( 'NONE', #1122, #5393, #4110 ) ;
#5494 = ORIENTED_EDGE ( 'NONE', *, *, #621, .F. ) ;
#5495 = LINE ( 'NONE', #4576, #2683 ) ;
#5496 = CARTESIAN_POINT ( 'NONE',  ( -9.654426508305709476, 33.64211718658213357, -3.846916844037856720 ) ) ;
#5497 = VECTOR ( 'NONE', #5121, 999.9999999999998863 ) ;
#5498 = VERTEX_POINT ( 'NONE', #1809 ) ;
#5499 = CARTESIAN_POINT ( 'NONE',  ( 32.20915398756459069, -24.21210882472836801, -3.846916844037865157 ) ) ;
#5500 = AXIS2_PLACEMENT_3D ( 'NONE', #4412, #1961, #161 ) ;
#5501 = CARTESIAN_POINT ( 'NONE',  ( 1.392218125044144328, -34.98541824136510314, 7.500000000000000000 ) ) ;
#5502 = EDGE_LOOP ( 'NONE', ( #2175, #70, #1494, #309, #3456, #5444, #2202, #2096, #5465, #1440, #3163, #4654, #4231, #4823 ) ) ;
ENDSEC;
END-ISO-10303-21;
