  0
SECTION
  2
HEADER
  9
$ACADVER
  1
AC1015
  9
$ACADMAINTVER
 70
     6
  9
$DWGCODEPAGE
  3
ANSI_1252
  9
$INSBASE
 10
0.0
 20
0.0
 30
0.0
  9
$EXTMIN
 10
-86.1584928371
 20
-70.4560933713
 30
0.0
  9
$EXTMAX
 10
29.2417749451
 20
-3.3068683325
 30
0.0
  9
$LIMMIN
 10
0.0
 20
0.0
  9
$LIMMAX
 10
420.0
 20
297.0
  9
$ORTHOMODE
 70
     0
  9
$REGENMODE
 70
     1
  9
$FILLMODE
 70
     1
  9
$QTEXTMODE
 70
     0
  9
$MIRRTEXT
 70
     1
  9
$LTSCALE
 40
1.0
  9
$ATTMODE
 70
     1
  9
$TEXTSIZE
 40
0.35
  9
$TRACEWID
 40
1.0
  9
$TEXTSTYLE
  7
Standard
  9
$CLAYER
  8
0
  9
$CELTYPE
  6
ByLayer
  9
$CECOLOR
 62
   256
  9
$CELTSCALE
 40
1.0
  9
$DISPSILH
 70
     0
  9
$DIMSCALE
 40
1.0
  9
$DIMASZ
 40
0.3556
  9
$DIMEXO
 40
0.0
  9
$DIMDLI
 40
3.75
  9
$DIMRND
 40
0.0
  9
$DIMDLE
 40
0.0
  9
$DIMEXE
 40
0.1
  9
$DIMTP
 40
0.0
  9
$DIMTM
 40
0.0
  9
$DIMTXT
 40
0.35
  9
$DIMCEN
 40
2.5
  9
$DIMTSZ
 40
0.0
  9
$DIMTOL
 70
     0
  9
$DIMLIM
 70
     0
  9
$DIMTIH
 70
     1
  9
$DIMTOH
 70
     1
  9
$DIMSE1
 70
     0
  9
$DIMSE2
 70
     0
  9
$DIMTAD
 70
     1
  9
$DIMZIN
 70
     1
  9
$DIMBLK
  1

  9
$DIMASO
 70
     1
  9
$DIMSHO
 70
     1
  9
$DIMPOST
  1

  9
$DIMAPOST
  1

  9
$DIMALT
 70
     0
  9
$DIMALTD
 70
     3
  9
$DIMALTF
 40
0.3937007874
  9
$DIMLFAC
 40
1.0
  9
$DIMTOFL
 70
     1
  9
$DIMTVP
 40
0.0
  9
$DIMTIX
 70
     0
  9
$DIMSOXD
 70
     0
  9
$DIMSAH
 70
     0
  9
$DIMBLK1
  1

  9
$DIMBLK2
  1

  9
$DIMSTYLE
  2
ISO-25
  9
$DIMCLRD
 70
     0
  9
$DIMCLRE
 70
     0
  9
$DIMCLRT
 70
     0
  9
$DIMTFAC
 40
1.0
  9
$DIMGAP
 40
0.1524
  9
$DIMJUST
 70
     0
  9
$DIMSD1
 70
     0
  9
$DIMSD2
 70
     0
  9
$DIMTOLJ
 70
     0
  9
$DIMTZIN
 70
     1
  9
$DIMALTZ
 70
     0
  9
$DIMALTTZ
 70
     0
  9
$DIMUPT
 70
     0
  9
$DIMDEC
 70
     2
  9
$DIMTDEC
 70
     2
  9
$DIMALTU
 70
     2
  9
$DIMALTTD
 70
     3
  9
$DIMTXSTY
  7
Standard
  9
$DIMAUNIT
 70
     0
  9
$DIMADEC
 70
     2
  9
$DIMALTRND
 40
0.0
  9
$DIMAZIN
 70
     0
  9
$DIMDSEP
 70
    44
  9
$DIMATFIT
 70
     3
  9
$DIMFRAC
 70
     0
  9
$DIMLDRBLK
  1

  9
$DIMLUNIT
 70
     2
  9
$DIMLWD
 70
    -2
  9
$DIMLWE
 70
    -2
  9
$DIMTMOVE
 70
     0
  9
$LUNITS
 70
     2
  9
$LUPREC
 70
     2
  9
$SKETCHINC
 40
1.0
  9
$FILLETRAD
 40
0.0
  9
$AUNITS
 70
     0
  9
$AUPREC
 70
     2
  9
$MENU
  1
.
  9
$ELEVATION
 40
0.0
  9
$PELEVATION
 40
0.0
  9
$THICKNESS
 40
0.0
  9
$LIMCHECK
 70
     0
  9
$CHAMFERA
 40
0.0
  9
$CHAMFERB
 40
0.0
  9
$CHAMFERC
 40
0.0
  9
$CHAMFERD
 40
0.0
  9
$SKPOLY
 70
     0
  9
$TDCREATE
 40
2461187.732575672
  9
$TDUCREATE
 40
2461187.940909005
  9
$TDUPDATE
 40
2461187.732631158
  9
$TDUUPDATE
 40
2461187.940964491
  9
$TDINDWG
 40
0.0000000116
  9
$TDUSRTIMER
 40
0.0000000116
  9
$USRTIMER
 70
     1
  9
$ANGBASE
 50
0.0
  9
$ANGDIR
 70
     0
  9
$PDMODE
 70
     0
  9
$PDSIZE
 40
-1.0
  9
$PLINEWID
 40
0.0
  9
$SPLFRAME
 70
     0
  9
$SPLINETYPE
 70
     6
  9
$SPLINESEGS
 70
     8
  9
$HANDSEED
  5
2A8
  9
$SURFTAB1
 70
     6
  9
$SURFTAB2
 70
     6
  9
$SURFTYPE
 70
     6
  9
$SURFU
 70
     6
  9
$SURFV
 70
     6
  9
$UCSBASE
  2

  9
$UCSNAME
  2

  9
$UCSORG
 10
0.0
 20
0.0
 30
0.0
  9
$UCSXDIR
 10
1.0
 20
0.0
 30
0.0
  9
$UCSYDIR
 10
0.0
 20
1.0
 30
0.0
  9
$UCSORTHOREF
  2

  9
$UCSORTHOVIEW
 70
     0
  9
$UCSORGTOP
 10
0.0
 20
0.0
 30
0.0
  9
$UCSORGBOTTOM
 10
0.0
 20
0.0
 30
0.0
  9
$UCSORGLEFT
 10
0.0
 20
0.0
 30
0.0
  9
$UCSORGRIGHT
 10
0.0
 20
0.0
 30
0.0
  9
$UCSORGFRONT
 10
0.0
 20
0.0
 30
0.0
  9
$UCSORGBACK
 10
0.0
 20
0.0
 30
0.0
  9
$PUCSBASE
  2

  9
$PUCSNAME
  2

  9
$PUCSORG
 10
0.0
 20
0.0
 30
0.0
  9
$PUCSXDIR
 10
1.0
 20
0.0
 30
0.0
  9
$PUCSYDIR
 10
0.0
 20
1.0
 30
0.0
  9
$PUCSORTHOREF
  2

  9
$PUCSORTHOVIEW
 70
     0
  9
$PUCSORGTOP
 10
0.0
 20
0.0
 30
0.0
  9
$PUCSORGBOTTOM
 10
0.0
 20
0.0
 30
0.0
  9
$PUCSORGLEFT
 10
0.0
 20
0.0
 30
0.0
  9
$PUCSORGRIGHT
 10
0.0
 20
0.0
 30
0.0
  9
$PUCSORGFRONT
 10
0.0
 20
0.0
 30
0.0
  9
$PUCSORGBACK
 10
0.0
 20
0.0
 30
0.0
  9
$USERI1
 70
     0
  9
$USERI2
 70
     0
  9
$USERI3
 70
     0
  9
$USERI4
 70
     0
  9
$USERI5
 70
     0
  9
$USERR1
 40
0.0
  9
$USERR2
 40
0.0
  9
$USERR3
 40
0.0
  9
$USERR4
 40
0.0
  9
$USERR5
 40
0.0
  9
$WORLDVIEW
 70
     1
  9
$SHADEDGE
 70
     3
  9
$SHADEDIF
 70
    70
  9
$TILEMODE
 70
     1
  9
$MAXACTVP
 70
    64
  9
$PINSBASE
 10
0.0
 20
0.0
 30
0.0
  9
$PLIMCHECK
 70
     0
  9
$PEXTMIN
 10
1.0000000000E+20
 20
1.0000000000E+20
 30
1.0000000000E+20
  9
$PEXTMAX
 10
-1.0000000000E+20
 20
-1.0000000000E+20
 30
-1.0000000000E+20
  9
$PLIMMIN
 10
0.0
 20
0.0
  9
$PLIMMAX
 10
420.0
 20
297.0
  9
$UNITMODE
 70
     0
  9
$VISRETAIN
 70
     1
  9
$PLINEGEN
 70
     0
  9
$PSLTSCALE
 70
     1
  9
$TREEDEPTH
 70
  3020
  9
$CMLSTYLE
  2
Standard
  9
$CMLJUST
 70
     0
  9
$CMLSCALE
 40
20.0
  9
$PROXYGRAPHICS
 70
     1
  9
$MEASUREMENT
 70
     1
  9
$CELWEIGHT
370
    -1
  9
$ENDCAPS
280
     0
  9
$JOINSTYLE
280
     0
  9
$LWDISPLAY
290
     1
  9
$INSUNITS
 70
     5
  9
$HYPERLINKBASE
  1

  9
$STYLESHEET
  1

  9
$XEDIT
290
     1
  9
$CEPSNTYPE
380
     0
  9
$PSTYLEMODE
290
     1
  9
$FINGERPRINTGUID
  2
{ea6a6462-a0bc-405b-9624-a5469073f887}
  9
$VERSIONGUID
  2
{FAEB1C32-E019-11D5-929B-00C0DF256EC4}
  9
$EXTNAMES
290
     1
  9
$PSVPSCALE
 40
0.0
  9
$OLESTARTUP
290
     0
  0
ENDSEC
  0
SECTION
  2
CLASSES
  0
CLASS
  1
ACDBDICTIONARYWDFLT
  2
AcDbDictionaryWithDefault
  3
ObjectDBX Classes
 90
        0
280
     0
281
     0
  0
CLASS
  1
VISUALSTYLE
  2
AcDbVisualStyle
  3
ObjectDBX Classes
 90
     4095
280
     0
281
     0
  0
CLASS
  1
MATERIAL
  2
AcDbMaterial
  3
ObjectDBX Classes
 90
     1153
280
     0
281
     0
  0
CLASS
  1
SCALE
  2
AcDbScale
  3
ObjectDBX Classes
 90
     1153
280
     0
281
     0
  0
CLASS
  1
TABLESTYLE
  2
AcDbTableStyle
  3
ObjectDBX Classes
 90
     4095
280
     0
281
     0
  0
CLASS
  1
MLEADERSTYLE
  2
AcDbMLeaderStyle
  3
ACDB_MLEADERSTYLE_CLASS
 90
     4095
280
     0
281
     0
  0
CLASS
  1
SUN
  2
AcDbSun
  3
SCENEOE
 90
     1153
280
     0
281
     0
  0
CLASS
  1
ACDBPLACEHOLDER
  2
AcDbPlaceHolder
  3
ObjectDBX Classes
 90
        0
280
     0
281
     0
  0
CLASS
  1
LAYOUT
  2
AcDbLayout
  3
ObjectDBX Classes
 90
        0
280
     0
281
     0
  0
ENDSEC
  0
SECTION
  2
TABLES
  0
TABLE
  2
VPORT
  5
8
330
0
100
AcDbSymbolTable
 70
     1
  0
VPORT
  5
29
330
8
100
AcDbSymbolTableRecord
100
AcDbViewportTableRecord
  2
*Active
 70
     0
 10
0.0
 20
0.0
 11
1.0
 21
1.0
 12
-28.458358946
 22
-36.8814808519
 13
0.0
 23
0.0
 14
10.0
 24
10.0
 15
10.0
 25
10.0
 16
0.0
 26
0.0
 36
1.0
 17
0.0
 27
0.0
 37
0.0
 40
68.4922095395
 41
1.7185644021
 42
50.0
 43
0.0
 44
0.0
 50
0.0
 51
0.0
 71
     0
 72
   100
 73
     1
 74
     3
 75
     0
 76
     0
 77
     0
 78
     0
281
     0
 65
     1
110
0.0
120
0.0
130
0.0
111
1.0
121
0.0
131
0.0
112
0.0
122
1.0
132
0.0
 79
     0
146
0.0
  0
ENDTAB
  0
TABLE
  2
LTYPE
  5
5
330
0
100
AcDbSymbolTable
 70
     6
  0
LTYPE
  5
14
330
5
100
AcDbSymbolTableRecord
100
AcDbLinetypeTableRecord
  2
ByBlock
 70
     0
  3

 72
    65
 73
     0
 40
0.0
  0
LTYPE
  5
15
330
5
100
AcDbSymbolTableRecord
100
AcDbLinetypeTableRecord
  2
ByLayer
 70
     0
  3

 72
    65
 73
     0
 40
0.0
  0
LTYPE
  5
16
330
5
100
AcDbSymbolTableRecord
100
AcDbLinetypeTableRecord
  2
Continuous
 70
     0
  3
Solid line
 72
    65
 73
     0
 40
0.0
  0
LTYPE
  5
5E
330
5
100
AcDbSymbolTableRecord
100
AcDbLinetypeTableRecord
  2
HIDDEN
 70
     0
  3
Hidden __ __ __ __ __ __ __ __ __ __ __ __ __ __
 72
    65
 73
     2
 40
0.1905
 49
0.127
 74
     0
 49
-0.0635
 74
     0
  0
LTYPE
  5
5F
330
5
100
AcDbSymbolTableRecord
100
AcDbLinetypeTableRecord
  2
PHANTOM
 70
     0
  3
Phantom ______  __  __  ______  __  __  ______
 72
    65
 73
     6
 40
1.27
 49
0.635
 74
     0
 49
-0.127
 74
     0
 49
0.127
 74
     0
 49
-0.127
 74
     0
 49
0.127
 74
     0
 49
-0.127
 74
     0
  0
LTYPE
  5
60
330
5
100
AcDbSymbolTableRecord
100
AcDbLinetypeTableRecord
  2
CENTER
 70
     0
  3
Center ____ _ ____ _ ____ _ ____ _ ____ _ ____
 72
    65
 73
     4
 40
1.016
 49
0.635
 74
     0
 49
-0.127
 74
     0
 49
0.127
 74
     0
 49
-0.127
 74
     0
  0
LTYPE
  5
61
330
5
100
AcDbSymbolTableRecord
100
AcDbLinetypeTableRecord
  2
CENTERX2
 70
     0
  3
Center (2x) ________  __  ________  __  _____
 72
    65
 73
     4
 40
2.032
 49
1.27
 74
     0
 49
-0.254
 74
     0
 49
0.254
 74
     0
 49
-0.254
 74
     0
  0
LTYPE
  5
62
330
5
100
AcDbSymbolTableRecord
100
AcDbLinetypeTableRecord
  2
DOT2
 70
     0
  3
Dot (.5x) ........................................
 72
    65
 73
     2
 40
0.0635
 49
0.0
 74
     0
 49
-0.0635
 74
     0
  0
ENDTAB
  0
TABLE
  2
LAYER
  5
2
330
0
100
AcDbSymbolTable
 70
     1
  0
LAYER
  5
10
330
2
100
AcDbSymbolTableRecord
100
AcDbLayerTableRecord
  2
0
 70
     0
 62
     7
  6
Continuous
370
    -3
390
F
  0
ENDTAB
  0
TABLE
  2
STYLE
  5
3
330
0
100
AcDbSymbolTable
 70
     2
  0
STYLE
  5
11
330
3
100
AcDbSymbolTableRecord
100
AcDbTextStyleTableRecord
  2
Standard
 70
     0
 40
0.0
 41
1.0
 50
0.0
 71
     0
 42
0.35
  3
txt
  4

  0
STYLE
  5
2A4
330
3
100
AcDbSymbolTableRecord
100
AcDbTextStyleTableRecord
  2
SLDTEXTSTYLE0
 70
     0
 40
0.0
 41
0.7
 50
0.0
 71
     0
 42
0.35
  3
TXT
  4

  0
ENDTAB
  0
TABLE
  2
VIEW
  5
6
330
0
100
AcDbSymbolTable
 70
     0
  0
ENDTAB
  0
TABLE
  2
UCS
  5
7
330
0
100
AcDbSymbolTable
 70
     0
  0
ENDTAB
  0
TABLE
  2
APPID
  5
9
330
0
100
AcDbSymbolTable
 70
     1
  0
APPID
  5
12
330
9
100
AcDbSymbolTableRecord
100
AcDbRegAppTableRecord
  2
ACAD
 70
     0
  0
ENDTAB
  0
TABLE
  2
DIMSTYLE
  5
A
330
0
100
AcDbSymbolTable
 70
     1
100
AcDbDimStyleTable
  0
DIMSTYLE
105
27
330
A
100
AcDbSymbolTableRecord
100
AcDbDimStyleTableRecord
  2
ISO-25
 70
     0
 41
2.5
 42
0.625
 43
3.75
 44
1.25
 73
     0
 74
     0
 77
     1
 78
     8
140
2.5
141
2.5
143
0.0393700787
147
0.625
171
     3
172
     1
178
     0
271
     2
272
     2
274
     3
278
    44
283
     0
284
     8
340
11
  0
ENDTAB
  0
TABLE
  2
BLOCK_RECORD
  5
1
330
0
100
AcDbSymbolTable
 70
     1
  0
BLOCK_RECORD
  5
1F
330
1
100
AcDbSymbolTableRecord
100
AcDbBlockTableRecord
  2
*Model_Space
340
22
  0
BLOCK_RECORD
  5
1B
330
1
100
AcDbSymbolTableRecord
100
AcDbBlockTableRecord
  2
*Paper_Space
340
1E
  0
BLOCK_RECORD
  5
23
330
1
100
AcDbSymbolTableRecord
100
AcDbBlockTableRecord
  2
*Paper_Space0
340
26
  0
ENDTAB
  0
ENDSEC
  0
SECTION
  2
BLOCKS
  0
BLOCK
  5
20
330
1F
100
AcDbEntity
  8
0
100
AcDbBlockBegin
  2
*Model_Space
 70
     0
 10
0.0
 20
0.0
 30
0.0
  3
*Model_Space
  1

  0
ENDBLK
  5
21
330
1F
100
AcDbEntity
  8
0
100
AcDbBlockEnd
  0
BLOCK
  5
1C
330
1B
100
AcDbEntity
 67
     1
  8
0
100
AcDbBlockBegin
  2
*Paper_Space
 70
     0
 10
0.0
 20
0.0
 30
0.0
  3
*Paper_Space
  1

  0
ENDBLK
  5
1D
330
1B
100
AcDbEntity
 67
     1
  8
0
100
AcDbBlockEnd
  0
BLOCK
  5
24
330
23
100
AcDbEntity
  8
0
100
AcDbBlockBegin
  2
*Paper_Space0
 70
     0
 10
0.0
 20
0.0
 30
0.0
  3
*Paper_Space0
  1

  0
ENDBLK
  5
25
330
23
100
AcDbEntity
  8
0
100
AcDbBlockEnd
  0
ENDSEC
  0
SECTION
  2
ENTITIES
  0
CIRCLE
  5
63
330
1F
100
AcDbEntity
  8
0
  6
Continuous
 62
     7
100
AcDbCircle
 10
4.8887732766
 20
-45.1286103776
 30
0.0
 40
1.100000000000001
  0
CIRCLE
  5
64
330
1F
100
AcDbEntity
  8
0
  6
Continuous
 62
     7
100
AcDbCircle
 10
4.9302528877
 20
-33.8111676582
 30
0.0
 40
1.099999999999999
  0
CIRCLE
  5
65
330
1F
100
AcDbEntity
  8
0
  6
Continuous
 62
     7
100
AcDbCircle
 10
-69.0697455157
 20
-33.8111676582
 30
0.0
 40
1.100000000000002
  0
CIRCLE
  5
66
330
1F
100
AcDbEntity
  8
0
  6
Continuous
 62
     7
100
AcDbCircle
 10
-69.1112180702
 20
-45.1286103776
 30
0.0
 40
1.100000000000002
  0
CIRCLE
  5
67
330
1F
100
AcDbEntity
  8
0
  6
Continuous
 62
     7
100
AcDbCircle
 10
6.1053768318
 20
-16.3709349959
 30
0.0
 40
0.3999999999999994
  0
CIRCLE
  5
68
330
1F
100
AcDbEntity
  8
0
  6
Continuous
 62
     7
100
AcDbCircle
 10
1.4208689441
 20
-16.3709349959
 30
0.0
 40
0.4000000000000002
  0
CIRCLE
  5
69
330
1F
100
AcDbEntity
  8
0
  6
Continuous
 62
     7
100
AcDbCircle
 10
-3.3666006658
 20
-16.3709349959
 30
0.0
 40
0.4000000000000006
  0
CIRCLE
  5
6A
330
1F
100
AcDbEntity
  8
0
  6
Continuous
 62
     7
100
AcDbCircle
 10
-26.0684638349
 20
-16.2679803293
 30
0.0
 40
0.4000000000000002
  0
CIRCLE
  5
6B
330
1F
100
AcDbEntity
  8
0
  6
Continuous
 62
     7
100
AcDbCircle
 10
-30.7529716043
 20
-16.2679803293
 30
0.0
 40
0.3999999999999968
  0
CIRCLE
  5
6C
330
1F
100
AcDbEntity
  8
0
  6
Continuous
 62
     7
100
AcDbCircle
 10
-35.5404410933
 20
-16.2679803293
 30
0.0
 40
0.4000000000000002
  0
CIRCLE
  5
6D
330
1F
100
AcDbEntity
  8
0
  6
Continuous
 62
     7
100
AcDbCircle
 10
-40.1734715306
 20
-16.3709349959
 30
0.0
 40
0.4000000000000002
  0
CIRCLE
  5
6E
330
1F
100
AcDbEntity
  8
0
  6
Continuous
 62
     7
100
AcDbCircle
 10
-63.3901151606
 20
-16.5253740514
 30
0.0
 40
0.4000000000000002
  0
CIRCLE
  5
6F
330
1F
100
AcDbEntity
  8
0
  6
Continuous
 62
     7
100
AcDbCircle
 10
-68.0746229299
 20
-16.5253740514
 30
0.0
 40
0.400000000000007
  0
CIRCLE
  5
70
330
1F
100
AcDbEntity
  8
0
  6
Continuous
 62
     7
100
AcDbCircle
 10
-72.8620942596
 20
-16.5253740514
 30
0.0
 40
0.400000000000007
  0
CIRCLE
  5
71
330
1F
100
AcDbEntity
  8
0
  6
Continuous
 62
     7
100
AcDbCircle
 10
-79.8703917023
 20
-14.7611323852
 30
0.0
 40
0.3999999999999934
  0
CIRCLE
  5
72
330
1F
100
AcDbEntity
  8
0
  6
Continuous
 62
     7
100
AcDbCircle
 10
-79.8703917023
 20
-22.975605272
 30
0.0
 40
0.3999999999999934
  0
CIRCLE
  5
73
330
1F
100
AcDbEntity
  8
0
  6
Continuous
 62
     7
100
AcDbCircle
 10
4.1927286101
 20
-56.8768088747
 30
0.0
 40
0.3999999999999991
  0
CIRCLE
  5
74
330
1F
100
AcDbEntity
  8
0
  6
Continuous
 62
     7
100
AcDbCircle
 10
-3.9136531657
 20
-56.7687248191
 30
0.0
 40
0.4000000000000016
  0
CIRCLE
  5
75
330
1F
100
AcDbEntity
  8
0
  6
Continuous
 62
     7
100
AcDbCircle
 10
-81.3585027366
 20
-65.6885027891
 30
0.0
 40
0.4000000000000039
  0
CIRCLE
  5
76
330
1F
100
AcDbEntity
  8
0
  6
Continuous
 62
     7
100
AcDbCircle
 10
-75.7116743977
 20
-41.235418323
 30
0.0
 40
0.400000000000006
  0
CIRCLE
  5
77
330
1F
100
AcDbEntity
  8
0
  6
Continuous
 62
     7
100
AcDbCircle
 10
-81.8753548129
 20
-36.6594178242
 30
0.0
 40
0.400000000000008
  0
CIRCLE
  5
78
330
1F
100
AcDbEntity
  8
0
  6
Continuous
 62
     7
100
AcDbCircle
 10
-81.8561354795
 20
-41.9301929895
 30
0.0
 40
0.6000000000000031
  0
CIRCLE
  5
79
330
1F
100
AcDbEntity
  8
0
  6
Continuous
 62
     7
100
AcDbCircle
 10
-81.8561354795
 20
-43.8757271557
 30
0.0
 40
0.9000000000000068
  0
CIRCLE
  5
7A
330
1F
100
AcDbEntity
  8
0
  6
Continuous
 62
     7
100
AcDbCircle
 10
-81.8561354795
 20
-45.8212613219
 30
0.0
 40
0.9000000000000048
  0
CIRCLE
  5
7B
330
1F
100
AcDbEntity
  8
0
  6
Continuous
 62
     7
100
AcDbCircle
 10
-75.7833835366
 20
-33.9680832137
 30
0.0
 40
0.9000000000000068
  0
CIRCLE
  5
7C
330
1F
100
AcDbEntity
  8
0
  6
Continuous
 62
     7
100
AcDbCircle
 10
-68.8923688535
 20
-56.5387242914
 30
0.0
 40
0.6000000000000031
  0
CIRCLE
  5
7D
330
1F
100
AcDbEntity
  8
0
  6
Continuous
 62
     7
100
AcDbCircle
 10
-70.8379047601
 20
-56.5387242914
 30
0.0
 40
0.9000000000000048
  0
CIRCLE
  5
7E
330
1F
100
AcDbEntity
  8
0
  6
Continuous
 62
     7
100
AcDbCircle
 10
-72.7834318707
 20
-56.5387242914
 30
0.0
 40
0.9000000000000048
  0
CIRCLE
  5
7F
330
1F
100
AcDbEntity
  8
0
  6
Continuous
 62
     7
100
AcDbCircle
 10
-79.0564548761
 20
-58.1622746521
 30
0.0
 40
0.2499999999999926
  0
CIRCLE
  5
80
330
1F
100
AcDbEntity
  8
0
  6
Continuous
 62
     7
100
AcDbCircle
 10
-79.0564548761
 20
-52.6448795979
 30
0.0
 40
0.3000000000000015
  0
LINE
  5
81
330
1F
100
AcDbEntity
  8
0
  6
Continuous
 62
     7
100
AcDbLine
 10
-13.2701379392
 20
-7.3068673871
 30
0.0
 11
-23.2701394386
 21
-7.3068673871
 31
0.0
  0
LINE
  5
82
330
1F
100
AcDbEntity
  8
0
  6
Continuous
 62
     7
100
AcDbLine
 10
-13.2701379392
 20
-6.7068629428
 30
0.0
 11
-13.2701379392
 21
-7.3068673871
 31
0.0
  0
LINE
  5
83
330
1F
100
AcDbEntity
  8
0
  6
Continuous
 62
     7
100
AcDbLine
 10
-23.2701394386
 20
-6.7068629428
 30
0.0
 11
-13.2701379392
 21
-6.7068629428
 31
0.0
  0
LINE
  5
84
330
1F
100
AcDbEntity
  8
0
  6
Continuous
 62
     7
100
AcDbLine
 10
-23.2701394386
 20
-7.3068673871
 30
0.0
 11
-23.2701394386
 21
-6.7068629428
 31
0.0
  0
LINE
  5
85
330
1F
100
AcDbEntity
  8
0
  6
Continuous
 62
     7
100
AcDbLine
 10
-43.2701406739
 20
-7.3068673871
 30
0.0
 11
-53.2701415854
 21
-7.3068673871
 31
0.0
  0
LINE
  5
86
330
1F
100
AcDbEntity
  8
0
  6
Continuous
 62
     7
100
AcDbLine
 10
-43.2701406739
 20
-6.7068629428
 30
0.0
 11
-43.2701406739
 21
-7.3068673871
 31
0.0
  0
LINE
  5
87
330
1F
100
AcDbEntity
  8
0
  6
Continuous
 62
     7
100
AcDbLine
 10
-53.2701415854
 20
-6.7068629428
 30
0.0
 11
-43.2701406739
 21
-6.7068629428
 31
0.0
  0
LINE
  5
88
330
1F
100
AcDbEntity
  8
0
  6
Continuous
 62
     7
100
AcDbLine
 10
-53.2701415854
 20
-7.3068673871
 30
0.0
 11
-53.2701415854
 21
-6.7068629428
 31
0.0
  0
LINE
  5
89
330
1F
100
AcDbEntity
  8
0
  6
Continuous
 62
     7
100
AcDbLine
 10
-53.2701415854
 20
-25.3068666603
 30
0.0
 11
-43.2701406739
 21
-25.3068666603
 31
0.0
  0
LINE
  5
8A
330
1F
100
AcDbEntity
  8
0
  6
Continuous
 62
     7
100
AcDbLine
 10
-53.2701415854
 20
-25.9068640491
 30
0.0
 11
-53.2701415854
 21
-25.3068666603
 31
0.0
  0
LINE
  5
8B
330
1F
100
AcDbEntity
  8
0
  6
Continuous
 62
     7
100
AcDbLine
 10
-43.2701406739
 20
-25.9068640491
 30
0.0
 11
-53.2701415854
 21
-25.9068640491
 31
0.0
  0
LINE
  5
8C
330
1F
100
AcDbEntity
  8
0
  6
Continuous
 62
     7
100
AcDbLine
 10
-43.2701406739
 20
-25.3068666603
 30
0.0
 11
-43.2701406739
 21
-25.9068640491
 31
0.0
  0
LINE
  5
8D
330
1F
100
AcDbEntity
  8
0
  6
Continuous
 62
     7
100
AcDbLine
 10
-8.2701410112
 20
-25.3068666603
 30
0.0
 11
1.729859944
 21
-25.3068666603
 31
0.0
  0
LINE
  5
8E
330
1F
100
AcDbEntity
  8
0
  6
Continuous
 62
     7
100
AcDbLine
 10
-8.2701410112
 20
-25.9068640491
 30
0.0
 11
-8.2701410112
 21
-25.3068666603
 31
0.0
  0
LINE
  5
8F
330
1F
100
AcDbEntity
  8
0
  6
Continuous
 62
     7
100
AcDbLine
 10
1.729859944
 20
-25.9068640491
 30
0.0
 11
-8.2701410112
 21
-25.9068640491
 31
0.0
  0
LINE
  5
90
330
1F
100
AcDbEntity
  8
0
  6
Continuous
 62
     7
100
AcDbLine
 10
1.729859944
 20
-25.3068666603
 30
0.0
 11
1.729859944
 21
-25.9068640491
 31
0.0
  0
LINE
  5
91
330
1F
100
AcDbEntity
  8
0
  6
Continuous
 62
     7
100
AcDbLine
 10
-38.2701366903
 20
-25.3068666603
 30
0.0
 11
-28.2701357788
 21
-25.3068666603
 31
0.0
  0
LINE
  5
92
330
1F
100
AcDbEntity
  8
0
  6
Continuous
 62
     7
100
AcDbLine
 10
-38.2701366903
 20
-25.9068640491
 30
0.0
 11
-38.2701366903
 21
-25.3068666603
 31
0.0
  0
LINE
  5
93
330
1F
100
AcDbEntity
  8
0
  6
Continuous
 62
     7
100
AcDbLine
 10
-28.2701357788
 20
-25.9068640491
 30
0.0
 11
-38.2701366903
 21
-25.9068640491
 31
0.0
  0
LINE
  5
94
330
1F
100
AcDbEntity
  8
0
  6
Continuous
 62
     7
100
AcDbLine
 10
-28.2701357788
 20
-25.3068666603
 30
0.0
 11
-28.2701357788
 21
-25.9068640491
 31
0.0
  0
LINE
  5
95
330
1F
100
AcDbEntity
  8
0
  6
Continuous
 62
     7
100
AcDbLine
 10
4.7298609988
 20
-29.3068657149
 30
0.0
 11
-71.2701422044
 21
-29.3068657149
 31
0.0
  0
LINE
  5
96
330
1F
100
AcDbEntity
  8
0
  6
Continuous
 62
     7
100
AcDbLine
 10
-75.270141259
 20
-25.3068666603
 30
0.0
 11
-75.270141259
 21
-7.3068673871
 31
0.0
  0
LINE
  5
97
330
1F
100
AcDbEntity
  8
0
  6
Continuous
 62
     7
100
AcDbLine
 10
-71.2701422044
 20
-3.3068683325
 30
0.0
 11
4.7298609988
 21
-3.3068683325
 31
0.0
  0
LINE
  5
98
330
1F
100
AcDbEntity
  8
0
  6
Continuous
 62
     7
100
AcDbLine
 10
8.7298600534
 20
-7.3068673871
 30
0.0
 11
8.7298600534
 21
-25.3068666603
 31
0.0
  0
LINE
  5
99
330
1F
100
AcDbEntity
  8
0
  6
Continuous
 62
     7
100
AcDbLine
 10
-58.2701399854
 20
-7.3068673871
 30
0.0
 11
-68.270139425
 21
-7.3068673871
 31
0.0
  0
LINE
  5
9A
330
1F
100
AcDbEntity
  8
0
  6
Continuous
 62
     7
100
AcDbLine
 10
-58.2701399854
 20
-6.7068629428
 30
0.0
 11
-58.2701399854
 21
-7.3068673871
 31
0.0
  0
LINE
  5
9B
330
1F
100
AcDbEntity
  8
0
  6
Continuous
 62
     7
100
AcDbLine
 10
-68.270139425
 20
-6.7068629428
 30
0.0
 11
-58.2701399854
 21
-6.7068629428
 31
0.0
  0
LINE
  5
9C
330
1F
100
AcDbEntity
  8
0
  6
Continuous
 62
     7
100
AcDbLine
 10
-68.270139425
 20
-7.3068673871
 30
0.0
 11
-68.270139425
 21
-6.7068629428
 31
0.0
  0
LINE
  5
9D
330
1F
100
AcDbEntity
  8
0
  6
Continuous
 62
     7
100
AcDbLine
 10
-68.270139425
 20
-25.3068666603
 30
0.0
 11
-58.2701399854
 21
-25.3068666603
 31
0.0
  0
LINE
  5
9E
330
1F
100
AcDbEntity
  8
0
  6
Continuous
 62
     7
100
AcDbLine
 10
-68.270139425
 20
-25.9068640491
 30
0.0
 11
-68.270139425
 21
-25.3068666603
 31
0.0
  0
LINE
  5
9F
330
1F
100
AcDbEntity
  8
0
  6
Continuous
 62
     7
100
AcDbLine
 10
-58.2701399854
 20
-25.9068640491
 30
0.0
 11
-68.270139425
 21
-25.9068640491
 31
0.0
  0
LINE
  5
A0
330
1F
100
AcDbEntity
  8
0
  6
Continuous
 62
     7
100
AcDbLine
 10
-58.2701399854
 20
-25.3068666603
 30
0.0
 11
-58.2701399854
 21
-25.9068640491
 31
0.0
  0
LINE
  5
A1
330
1F
100
AcDbEntity
  8
0
  6
Continuous
 62
     7
100
AcDbLine
 10
-13.2701379392
 20
-25.3068666603
 30
0.0
 11
-13.2701379392
 21
-25.9068640491
 31
0.0
  0
LINE
  5
A2
330
1F
100
AcDbEntity
  8
0
  6
Continuous
 62
     7
100
AcDbLine
 10
-23.2701394386
 20
-25.3068666603
 30
0.0
 11
-13.2701379392
 21
-25.3068666603
 31
0.0
  0
LINE
  5
A3
330
1F
100
AcDbEntity
  8
0
  6
Continuous
 62
     7
100
AcDbLine
 10
-23.2701394386
 20
-25.9068640491
 30
0.0
 11
-23.2701394386
 21
-25.3068666603
 31
0.0
  0
LINE
  5
A4
330
1F
100
AcDbEntity
  8
0
  6
Continuous
 62
     7
100
AcDbLine
 10
-13.2701379392
 20
-25.9068640491
 30
0.0
 11
-23.2701394386
 21
-25.9068640491
 31
0.0
  0
LINE
  5
A5
330
1F
100
AcDbEntity
  8
0
  6
Continuous
 62
     7
100
AcDbLine
 10
-38.2701366903
 20
-7.3068673871
 30
0.0
 11
-38.2701366903
 21
-6.7068629428
 31
0.0
  0
LINE
  5
A6
330
1F
100
AcDbEntity
  8
0
  6
Continuous
 62
     7
100
AcDbLine
 10
-28.2701357788
 20
-7.3068673871
 30
0.0
 11
-38.2701366903
 21
-7.3068673871
 31
0.0
  0
LINE
  5
A7
330
1F
100
AcDbEntity
  8
0
  6
Continuous
 62
     7
100
AcDbLine
 10
-28.2701357788
 20
-6.7068629428
 30
0.0
 11
-28.2701357788
 21
-7.3068673871
 31
0.0
  0
LINE
  5
A8
330
1F
100
AcDbEntity
  8
0
  6
Continuous
 62
     7
100
AcDbLine
 10
-38.2701366903
 20
-6.7068629428
 30
0.0
 11
-28.2701357788
 21
-6.7068629428
 31
0.0
  0
LINE
  5
A9
330
1F
100
AcDbEntity
  8
0
  6
Continuous
 62
     7
100
AcDbLine
 10
1.729859944
 20
-7.3068673871
 30
0.0
 11
-8.2701410112
 21
-7.3068673871
 31
0.0
  0
LINE
  5
AA
330
1F
100
AcDbEntity
  8
0
  6
Continuous
 62
     7
100
AcDbLine
 10
1.729859944
 20
-6.7068629428
 30
0.0
 11
1.729859944
 21
-7.3068673871
 31
0.0
  0
LINE
  5
AB
330
1F
100
AcDbEntity
  8
0
  6
Continuous
 62
     7
100
AcDbLine
 10
-8.2701410112
 20
-6.7068629428
 30
0.0
 11
1.729859944
 21
-6.7068629428
 31
0.0
  0
LINE
  5
AC
330
1F
100
AcDbEntity
  8
0
  6
Continuous
 62
     7
100
AcDbLine
 10
-8.2701410112
 20
-7.3068673871
 30
0.0
 11
-8.2701410112
 21
-6.7068629428
 31
0.0
  0
LINE
  5
AD
330
1F
100
AcDbEntity
  8
0
  6
Continuous
 62
     7
100
AcDbLine
 10
10.6395557831
 20
-66.4533849834
 30
0.0
 11
28.6395550563
 21
-66.4533849834
 31
0.0
  0
LINE
  5
AE
330
1F
100
AcDbEntity
  8
0
  6
Continuous
 62
     7
100
AcDbLine
 10
10.6395557831
 20
-66.4533849834
 30
0.0
 11
10.6395557831
 21
-59.8833857073
 31
0.0
  0
LINE
  5
AF
330
1F
100
AcDbEntity
  8
0
  6
Continuous
 62
     7
100
AcDbLine
 10
10.6395557831
 20
-59.8833857073
 30
0.0
 11
10.2970297276
 21
-59.8833857073
 31
0.0
  0
LINE
  5
B0
330
1F
100
AcDbEntity
  8
0
  6
Continuous
 62
     7
100
AcDbLine
 10
10.2970297276
 20
-59.8833857073
 30
0.0
 11
10.2970297276
 21
-49.8833845431
 31
0.0
  0
LINE
  5
B1
330
1F
100
AcDbEntity
  8
0
  6
Continuous
 62
     7
100
AcDbLine
 10
10.2970297276
 20
-49.8833845431
 30
0.0
 11
10.6395557831
 21
-49.8833845431
 31
0.0
  0
LINE
  5
B2
330
1F
100
AcDbEntity
  8
0
  6
Continuous
 62
     7
100
AcDbLine
 10
10.6395557831
 20
-49.8833845431
 30
0.0
 11
10.6395557831
 21
-39.8833833789
 31
0.0
  0
LINE
  5
B3
330
1F
100
AcDbEntity
  8
0
  6
Continuous
 62
     7
100
AcDbLine
 10
10.6395557831
 20
-39.8833833789
 30
0.0
 11
10.2970297276
 21
-39.8833833789
 31
0.0
  0
LINE
  5
B4
330
1F
100
AcDbEntity
  8
0
  6
Continuous
 62
     7
100
AcDbLine
 10
10.2970297276
 20
-39.8833833789
 30
0.0
 11
10.2970297276
 21
-29.8833822148
 31
0.0
  0
LINE
  5
B5
330
1F
100
AcDbEntity
  8
0
  6
Continuous
 62
     7
100
AcDbLine
 10
10.2970297276
 20
-29.8833822148
 30
0.0
 11
10.6395557831
 21
-29.8833822148
 31
0.0
  0
LINE
  5
B6
330
1F
100
AcDbEntity
  8
0
  6
Continuous
 62
     7
100
AcDbLine
 10
10.6395557831
 20
-29.8833822148
 30
0.0
 11
10.6395557831
 21
-19.8833881061
 31
0.0
  0
LINE
  5
B7
330
1F
100
AcDbEntity
  8
0
  6
Continuous
 62
     7
100
AcDbLine
 10
10.6395557831
 20
-19.8833881061
 30
0.0
 11
10.2970297276
 21
-19.8833881061
 31
0.0
  0
LINE
  5
B8
330
1F
100
AcDbEntity
  8
0
  6
Continuous
 62
     7
100
AcDbLine
 10
10.2970297276
 20
-19.8833881061
 30
0.0
 11
10.2970297276
 21
-9.883386942
 31
0.0
  0
LINE
  5
B9
330
1F
100
AcDbEntity
  8
0
  6
Continuous
 62
     7
100
AcDbLine
 10
10.2970297276
 20
-9.883386942
 30
0.0
 11
10.6395557831
 21
-9.883386942
 31
0.0
  0
LINE
  5
BA
330
1F
100
AcDbEntity
  8
0
  6
Continuous
 62
     7
100
AcDbLine
 10
10.6395557831
 20
-9.883386942
 30
0.0
 11
10.6395557831
 21
-3.3131477769
 31
0.0
  0
LINE
  5
BB
330
1F
100
AcDbEntity
  8
0
  6
Continuous
 62
     7
100
AcDbLine
 10
10.6395557831
 20
-3.3131477769
 30
0.0
 11
28.6395550563
 21
-3.3131477769
 31
0.0
  0
LINE
  5
BC
330
1F
100
AcDbEntity
  8
0
  6
Continuous
 62
     7
100
AcDbLine
 10
28.6395550563
 20
-3.3131477769
 30
0.0
 11
28.6395550563
 21
-9.883386942
 31
0.0
  0
LINE
  5
BD
330
1F
100
AcDbEntity
  8
0
  6
Continuous
 62
     7
100
AcDbLine
 10
28.6395550563
 20
-9.883386942
 30
0.0
 11
29.2394466117
 21
-9.8836197753
 31
0.0
  0
LINE
  5
BE
330
1F
100
AcDbEntity
  8
0
  6
Continuous
 62
     7
100
AcDbLine
 10
29.2394466117
 20
-9.8836197753
 30
0.0
 11
29.241252834
 21
-19.8833881061
 31
0.0
  0
LINE
  5
BF
330
1F
100
AcDbEntity
  8
0
  6
Continuous
 62
     7
100
AcDbLine
 10
29.241252834
 20
-19.8833881061
 30
0.0
 11
28.6395550563
 21
-19.8833881061
 31
0.0
  0
LINE
  5
C0
330
1F
100
AcDbEntity
  8
0
  6
Continuous
 62
     7
100
AcDbLine
 10
28.6395550563
 20
-19.8833881061
 30
0.0
 11
28.6395550563
 21
-29.8833822148
 31
0.0
  0
LINE
  5
C1
330
1F
100
AcDbEntity
  8
0
  6
Continuous
 62
     7
100
AcDbLine
 10
28.6395550563
 20
-29.8833822148
 30
0.0
 11
29.2401451117
 21
-29.8831141036
 31
0.0
  0
LINE
  5
C2
330
1F
100
AcDbEntity
  8
0
  6
Continuous
 62
     7
100
AcDbLine
 10
29.2401451117
 20
-29.8831141036
 30
0.0
 11
29.2343242784
 21
-39.8833833789
 31
0.0
  0
LINE
  5
C3
330
1F
100
AcDbEntity
  8
0
  6
Continuous
 62
     7
100
AcDbLine
 10
29.2343242784
 20
-39.8833833789
 30
0.0
 11
28.6395550563
 21
-39.8833833789
 31
0.0
  0
LINE
  5
C4
330
1F
100
AcDbEntity
  8
0
  6
Continuous
 62
     7
100
AcDbLine
 10
28.6395550563
 20
-39.8833833789
 30
0.0
 11
28.6395550563
 21
-49.8833845431
 31
0.0
  0
LINE
  5
C5
330
1F
100
AcDbEntity
  8
0
  6
Continuous
 62
     7
100
AcDbLine
 10
28.6395550563
 20
-49.8833845431
 30
0.0
 11
29.2417749451
 21
-49.8833845431
 31
0.0
  0
LINE
  5
C6
330
1F
100
AcDbEntity
  8
0
  6
Continuous
 62
     7
100
AcDbLine
 10
29.2417749451
 20
-49.8833845431
 30
0.0
 11
29.2395947784
 21
-59.8833857073
 31
0.0
  0
LINE
  5
C7
330
1F
100
AcDbEntity
  8
0
  6
Continuous
 62
     7
100
AcDbLine
 10
29.2395947784
 20
-59.8833857073
 30
0.0
 11
28.6395550563
 21
-59.8833857073
 31
0.0
  0
LINE
  5
C8
330
1F
100
AcDbEntity
  8
0
  6
Continuous
 62
     7
100
AcDbLine
 10
28.6395550563
 20
-59.8833857073
 30
0.0
 11
28.6395550563
 21
-66.4533849834
 31
0.0
  0
LINE
  5
C9
330
1F
100
AcDbEntity
  8
0
  6
Continuous
 62
     7
100
AcDbLine
 10
-72.0697483153
 20
-38.2111673238
 30
0.0
 11
-72.0697483153
 21
-32.2111652142
 31
0.0
  0
LINE
  5
CA
330
1F
100
AcDbEntity
  8
0
  6
Continuous
 62
     7
100
AcDbLine
 10
7.9302468869
 20
-32.2111652142
 30
0.0
 11
7.9302468869
 21
-38.2111673238
 31
0.0
  0
LINE
  5
CB
330
1F
100
AcDbEntity
  8
0
  6
Continuous
 62
     7
100
AcDbLine
 10
-47.0697477436
 20
-31.8111646032
 30
0.0
 11
-47.0697477436
 21
-32.4111690475
 31
0.0
  0
LINE
  5
CC
330
1F
100
AcDbEntity
  8
0
  6
Continuous
 62
     7
100
AcDbLine
 10
-57.0697486551
 20
-31.8111646032
 30
0.0
 11
-47.0697477436
 21
-31.8111646032
 31
0.0
  0
LINE
  5
CD
330
1F
100
AcDbEntity
  8
0
  6
Continuous
 62
     7
100
AcDbLine
 10
-57.0697486551
 20
-32.4111690475
 30
0.0
 11
-57.0697486551
 21
-31.8111646032
 31
0.0
  0
LINE
  5
CE
330
1F
100
AcDbEntity
  8
0
  6
Continuous
 62
     7
100
AcDbLine
 10
-47.0697477436
 20
-32.4111690475
 30
0.0
 11
-57.0697486551
 21
-32.4111690475
 31
0.0
  0
LINE
  5
CF
330
1F
100
AcDbEntity
  8
0
  6
Continuous
 62
     7
100
AcDbLine
 10
-17.0697520645
 20
-31.8111646032
 30
0.0
 11
-7.069751153
 21
-31.8111646032
 31
0.0
  0
LINE
  5
D0
330
1F
100
AcDbEntity
  8
0
  6
Continuous
 62
     7
100
AcDbLine
 10
-17.0697520645
 20
-32.4111690475
 30
0.0
 11
-17.0697520645
 21
-31.8111646032
 31
0.0
  0
LINE
  5
D1
330
1F
100
AcDbEntity
  8
0
  6
Continuous
 62
     7
100
AcDbLine
 10
-7.069751153
 20
-32.4111690475
 30
0.0
 11
-17.0697520645
 21
-32.4111690475
 31
0.0
  0
LINE
  5
D2
330
1F
100
AcDbEntity
  8
0
  6
Continuous
 62
     7
100
AcDbLine
 10
-7.069751153
 20
-31.8111646032
 30
0.0
 11
-7.069751153
 21
-32.4111690475
 31
0.0
  0
LINE
  5
D3
330
1F
100
AcDbEntity
  8
0
  6
Continuous
 62
     7
100
AcDbLine
 10
-37.0697477685
 20
-31.8111646032
 30
0.0
 11
-27.0697459205
 21
-31.8111646032
 31
0.0
  0
LINE
  5
D4
330
1F
100
AcDbEntity
  8
0
  6
Continuous
 62
     7
100
AcDbLine
 10
-37.0697477685
 20
-32.4111690475
 30
0.0
 11
-37.0697477685
 21
-31.8111646032
 31
0.0
  0
LINE
  5
D5
330
1F
100
AcDbEntity
  8
0
  6
Continuous
 62
     7
100
AcDbLine
 10
-27.0697459205
 20
-32.4111690475
 30
0.0
 11
-37.0697477685
 21
-32.4111690475
 31
0.0
  0
LINE
  5
D6
330
1F
100
AcDbEntity
  8
0
  6
Continuous
 62
     7
100
AcDbLine
 10
-27.0697459205
 20
-31.8111646032
 30
0.0
 11
-27.0697459205
 21
-32.4111690475
 31
0.0
  0
LINE
  5
D7
330
1F
100
AcDbEntity
  8
0
  6
Continuous
 62
     7
100
AcDbLine
 10
-37.0697477685
 20
-40.2111633233
 30
0.0
 11
-42.0697508156
 21
-40.2111633233
 31
0.0
  0
LINE
  5
D8
330
1F
100
AcDbEntity
  8
0
  6
Continuous
 62
     7
100
AcDbLine
 10
-42.0697508156
 20
-40.2111633233
 30
0.0
 11
-42.0697508156
 21
-40.8111677676
 31
0.0
  0
LINE
  5
D9
330
1F
100
AcDbEntity
  8
0
  6
Continuous
 62
     7
100
AcDbLine
 10
-42.0697508156
 20
-40.8111677676
 30
0.0
 11
-52.0697517271
 21
-40.8111677676
 31
0.0
  0
LINE
  5
DA
330
1F
100
AcDbEntity
  8
0
  6
Continuous
 62
     7
100
AcDbLine
 10
-52.0697517271
 20
-40.8111677676
 30
0.0
 11
-52.0697517271
 21
-40.2111633233
 31
0.0
  0
LINE
  5
DB
330
1F
100
AcDbEntity
  8
0
  6
Continuous
 62
     7
100
AcDbLine
 10
-52.0697517271
 20
-40.2111633233
 30
0.0
 11
-57.0697486551
 21
-40.2111633233
 31
0.0
  0
LINE
  5
DC
330
1F
100
AcDbEntity
  8
0
  6
Continuous
 62
     7
100
AcDbLine
 10
-57.0697486551
 20
-40.2111633233
 30
0.0
 11
-57.0697486551
 21
-40.8111677676
 31
0.0
  0
LINE
  5
DD
330
1F
100
AcDbEntity
  8
0
  6
Continuous
 62
     7
100
AcDbLine
 10
-57.0697486551
 20
-40.8111677676
 30
0.0
 11
-67.0697495667
 21
-40.8111677676
 31
0.0
  0
LINE
  5
DE
330
1F
100
AcDbEntity
  8
0
  6
Continuous
 62
     7
100
AcDbLine
 10
-67.0697495667
 20
-40.8111677676
 30
0.0
 11
-67.0697495667
 21
-40.2111633233
 31
0.0
  0
LINE
  5
DF
330
1F
100
AcDbEntity
  8
0
  6
Continuous
 62
     7
100
AcDbLine
 10
-67.0697495667
 20
-40.2111633233
 30
0.0
 11
-70.0697505457
 21
-40.2111633233
 31
0.0
  0
LINE
  5
E0
330
1F
100
AcDbEntity
  8
0
  6
Continuous
 62
     7
100
AcDbLine
 10
-1.166600833
 20
-30.2111692147
 30
0.0
 11
5.9302508874
 21
-30.2111692147
 31
0.0
  0
LINE
  5
E1
330
1F
100
AcDbEntity
  8
0
  6
Continuous
 62
     7
100
AcDbLine
 10
5.9302508874
 20
-40.2111633233
 30
0.0
 11
2.9302498326
 21
-40.2111633233
 31
0.0
  0
LINE
  5
E2
330
1F
100
AcDbEntity
  8
0
  6
Continuous
 62
     7
100
AcDbLine
 10
2.9302498326
 20
-40.2111633233
 30
0.0
 11
2.9302498326
 21
-40.8111677676
 31
0.0
  0
LINE
  5
E3
330
1F
100
AcDbEntity
  8
0
  6
Continuous
 62
     7
100
AcDbLine
 10
2.9302498326
 20
-40.8111677676
 30
0.0
 11
-7.069751153
 21
-40.8111677676
 31
0.0
  0
LINE
  5
E4
330
1F
100
AcDbEntity
  8
0
  6
Continuous
 62
     7
100
AcDbLine
 10
-7.069751153
 20
-40.8111677676
 30
0.0
 11
-7.069751153
 21
-40.2111633233
 31
0.0
  0
LINE
  5
E5
330
1F
100
AcDbEntity
  8
0
  6
Continuous
 62
     7
100
AcDbLine
 10
-7.069751153
 20
-40.2111633233
 30
0.0
 11
-12.069748081
 21
-40.2111633233
 31
0.0
  0
LINE
  5
E6
330
1F
100
AcDbEntity
  8
0
  6
Continuous
 62
     7
100
AcDbLine
 10
-12.069748081
 20
-40.2111633233
 30
0.0
 11
-12.069748081
 21
-40.8111677676
 31
0.0
  0
LINE
  5
E7
330
1F
100
AcDbEntity
  8
0
  6
Continuous
 62
     7
100
AcDbLine
 10
-12.069748081
 20
-40.8111677676
 30
0.0
 11
-22.0697489925
 21
-40.8111677676
 31
0.0
  0
LINE
  5
E8
330
1F
100
AcDbEntity
  8
0
  6
Continuous
 62
     7
100
AcDbLine
 10
-22.0697489925
 20
-40.8111677676
 30
0.0
 11
-22.0697489925
 21
-40.2111633233
 31
0.0
  0
LINE
  5
E9
330
1F
100
AcDbEntity
  8
0
  6
Continuous
 62
     7
100
AcDbLine
 10
-22.0697489925
 20
-40.2111633233
 30
0.0
 11
-27.0697459205
 21
-40.2111633233
 31
0.0
  0
LINE
  5
EA
330
1F
100
AcDbEntity
  8
0
  6
Continuous
 62
     7
100
AcDbLine
 10
-27.0697459205
 20
-40.2111633233
 30
0.0
 11
-27.0697459205
 21
-40.8111677676
 31
0.0
  0
LINE
  5
EB
330
1F
100
AcDbEntity
  8
0
  6
Continuous
 62
     7
100
AcDbLine
 10
-27.0697459205
 20
-40.8111677676
 30
0.0
 11
-37.0697477685
 21
-40.8111677676
 31
0.0
  0
LINE
  5
EC
330
1F
100
AcDbEntity
  8
0
  6
Continuous
 62
     7
100
AcDbLine
 10
-37.0697477685
 20
-40.8111677676
 30
0.0
 11
-37.0697477685
 21
-40.2111633233
 31
0.0
  0
LINE
  5
ED
330
1F
100
AcDbEntity
  8
0
  6
Continuous
 62
     7
100
AcDbLine
 10
-62.9002832286
 20
-31.7859903809
 30
0.0
 11
-1.166600833
 21
-31.7859903809
 31
0.0
  0
LINE
  5
EE
330
1F
100
AcDbEntity
  8
0
  6
Continuous
 62
     7
100
AcDbLine
 10
-1.166600833
 20
-31.7859903809
 30
0.0
 11
-1.166600833
 21
-30.2111692147
 31
0.0
  0
LINE
  5
EF
330
1F
100
AcDbEntity
  8
0
  6
Continuous
 62
     7
100
AcDbLine
 10
-62.9002832286
 20
-30.1647154369
 30
0.0
 11
-70.0697505457
 21
-30.2111692147
 31
0.0
  0
LINE
  5
F0
330
1F
100
AcDbEntity
  8
0
  6
Continuous
 62
     7
100
AcDbLine
 10
-62.9002832286
 20
-30.1647154369
 30
0.0
 11
-62.9002832286
 21
-31.7859903809
 31
0.0
  0
LINE
  5
F1
330
1F
100
AcDbEntity
  8
0
  6
Continuous
 62
     7
100
AcDbLine
 10
-72.1112208709
 20
-49.5286100432
 30
0.0
 11
-72.1112208709
 21
-43.5286079336
 31
0.0
  0
LINE
  5
F2
330
1F
100
AcDbEntity
  8
0
  6
Continuous
 62
     7
100
AcDbLine
 10
7.8887672758
 20
-43.5286079336
 30
0.0
 11
7.8887672758
 21
-49.5286100432
 31
0.0
  0
LINE
  5
F3
330
1F
100
AcDbEntity
  8
0
  6
Continuous
 62
     7
100
AcDbLine
 10
-47.1112273536
 20
-43.1286073226
 30
0.0
 11
-47.1112273536
 21
-43.7286117668
 31
0.0
  0
LINE
  5
F4
330
1F
100
AcDbEntity
  8
0
  6
Continuous
 62
     7
100
AcDbLine
 10
-57.1112282652
 20
-43.7286117668
 30
0.0
 11
-57.1112282652
 21
-43.1286073226
 31
0.0
  0
LINE
  5
F5
330
1F
100
AcDbEntity
  8
0
  6
Continuous
 62
     7
100
AcDbLine
 10
-47.1112273536
 20
-43.7286117668
 30
0.0
 11
-57.1112282652
 21
-43.7286117668
 31
0.0
  0
LINE
  5
F6
330
1F
100
AcDbEntity
  8
0
  6
Continuous
 62
     7
100
AcDbLine
 10
-17.1112316746
 20
-43.7286117668
 30
0.0
 11
-17.1112316746
 21
-43.1286073226
 31
0.0
  0
LINE
  5
F7
330
1F
100
AcDbEntity
  8
0
  6
Continuous
 62
     7
100
AcDbLine
 10
-7.111230763
 20
-43.7286117668
 30
0.0
 11
-17.1112316746
 21
-43.7286117668
 31
0.0
  0
LINE
  5
F8
330
1F
100
AcDbEntity
  8
0
  6
Continuous
 62
     7
100
AcDbLine
 10
-7.111230763
 20
-43.1286073226
 30
0.0
 11
-7.111230763
 21
-43.7286117668
 31
0.0
  0
LINE
  5
F9
330
1F
100
AcDbEntity
  8
0
  6
Continuous
 62
     7
100
AcDbLine
 10
-37.1112264421
 20
-43.7286117668
 30
0.0
 11
-37.1112264421
 21
-43.1286073226
 31
0.0
  0
LINE
  5
FA
330
1F
100
AcDbEntity
  8
0
  6
Continuous
 62
     7
100
AcDbLine
 10
-27.1112255306
 20
-43.7286117668
 30
0.0
 11
-37.1112264421
 21
-43.7286117668
 31
0.0
  0
LINE
  5
FB
330
1F
100
AcDbEntity
  8
0
  6
Continuous
 62
     7
100
AcDbLine
 10
-27.1112255306
 20
-43.1286073226
 30
0.0
 11
-27.1112255306
 21
-43.7286117668
 31
0.0
  0
LINE
  5
FC
330
1F
100
AcDbEntity
  8
0
  6
Continuous
 62
     7
100
AcDbLine
 10
-37.1112264421
 20
-51.5286060427
 30
0.0
 11
-42.1112304257
 21
-51.5286060427
 31
0.0
  0
LINE
  5
FD
330
1F
100
AcDbEntity
  8
0
  6
Continuous
 62
     7
100
AcDbLine
 10
-42.1112304257
 20
-51.5286060427
 30
0.0
 11
-42.1112304257
 21
-52.128610487
 31
0.0
  0
LINE
  5
FE
330
1F
100
AcDbEntity
  8
0
  6
Continuous
 62
     7
100
AcDbLine
 10
-42.1112304257
 20
-52.128610487
 30
0.0
 11
-52.1112313372
 21
-52.128610487
 31
0.0
  0
LINE
  5
FF
330
1F
100
AcDbEntity
  8
0
  6
Continuous
 62
     7
100
AcDbLine
 10
-52.1112313372
 20
-52.128610487
 30
0.0
 11
-52.1112313372
 21
-51.5286060427
 31
0.0
  0
LINE
  5
100
330
1F
100
AcDbEntity
  8
0
  6
Continuous
 62
     7
100
AcDbLine
 10
-52.1112313372
 20
-51.5286060427
 30
0.0
 11
-57.1112282652
 21
-51.5286060427
 31
0.0
  0
LINE
  5
101
330
1F
100
AcDbEntity
  8
0
  6
Continuous
 62
     7
100
AcDbLine
 10
-57.1112282652
 20
-51.5286060427
 30
0.0
 11
-57.1112282652
 21
-52.128610487
 31
0.0
  0
LINE
  5
102
330
1F
100
AcDbEntity
  8
0
  6
Continuous
 62
     7
100
AcDbLine
 10
-57.1112282652
 20
-52.128610487
 30
0.0
 11
-67.1112291767
 21
-52.128610487
 31
0.0
  0
LINE
  5
103
330
1F
100
AcDbEntity
  8
0
  6
Continuous
 62
     7
100
AcDbLine
 10
-67.1112291767
 20
-52.128610487
 30
0.0
 11
-67.1112291767
 21
-51.5286060427
 31
0.0
  0
LINE
  5
104
330
1F
100
AcDbEntity
  8
0
  6
Continuous
 62
     7
100
AcDbLine
 10
-67.1112291767
 20
-51.5286060427
 30
0.0
 11
-70.1112301558
 21
-51.5286060427
 31
0.0
  0
LINE
  5
105
330
1F
100
AcDbEntity
  8
0
  6
Continuous
 62
     7
100
AcDbLine
 10
-62.9417644287
 20
-41.5091809341
 30
0.0
 11
-70.1112301558
 21
-41.5286119341
 31
0.0
  0
LINE
  5
106
330
1F
100
AcDbEntity
  8
0
  6
Continuous
 62
     7
100
AcDbLine
 10
5.8887712763
 20
-51.5286060427
 30
0.0
 11
2.8887702215
 21
-51.5286060427
 31
0.0
  0
LINE
  5
107
330
1F
100
AcDbEntity
  8
0
  6
Continuous
 62
     7
100
AcDbLine
 10
2.8887702215
 20
-51.5286060427
 30
0.0
 11
2.8887702215
 21
-52.128610487
 31
0.0
  0
LINE
  5
108
330
1F
100
AcDbEntity
  8
0
  6
Continuous
 62
     7
100
AcDbLine
 10
2.8887702215
 20
-52.128610487
 30
0.0
 11
-7.111230763
 21
-52.128610487
 31
0.0
  0
LINE
  5
109
330
1F
100
AcDbEntity
  8
0
  6
Continuous
 62
     7
100
AcDbLine
 10
-7.111230763
 20
-52.128610487
 30
0.0
 11
-7.111230763
 21
-51.5286060427
 31
0.0
  0
LINE
  5
10A
330
1F
100
AcDbEntity
  8
0
  6
Continuous
 62
     7
100
AcDbLine
 10
-7.111230763
 20
-51.5286060427
 30
0.0
 11
-12.111227691
 21
-51.5286060427
 31
0.0
  0
LINE
  5
10B
330
1F
100
AcDbEntity
  8
0
  6
Continuous
 62
     7
100
AcDbLine
 10
-12.111227691
 20
-51.5286060427
 30
0.0
 11
-12.111227691
 21
-52.128610487
 31
0.0
  0
LINE
  5
10C
330
1F
100
AcDbEntity
  8
0
  6
Continuous
 62
     7
100
AcDbLine
 10
-12.111227691
 20
-52.128610487
 30
0.0
 11
-22.1112286026
 21
-52.128610487
 31
0.0
  0
LINE
  5
10D
330
1F
100
AcDbEntity
  8
0
  6
Continuous
 62
     7
100
AcDbLine
 10
-22.1112286026
 20
-52.128610487
 30
0.0
 11
-22.1112286026
 21
-51.5286060427
 31
0.0
  0
LINE
  5
10E
330
1F
100
AcDbEntity
  8
0
  6
Continuous
 62
     7
100
AcDbLine
 10
-22.1112286026
 20
-51.5286060427
 30
0.0
 11
-27.1112255306
 21
-51.5286060427
 31
0.0
  0
LINE
  5
10F
330
1F
100
AcDbEntity
  8
0
  6
Continuous
 62
     7
100
AcDbLine
 10
-27.1112255306
 20
-51.5286060427
 30
0.0
 11
-27.1112255306
 21
-52.128610487
 31
0.0
  0
LINE
  5
110
330
1F
100
AcDbEntity
  8
0
  6
Continuous
 62
     7
100
AcDbLine
 10
-27.1112255306
 20
-52.128610487
 30
0.0
 11
-37.1112264421
 21
-52.128610487
 31
0.0
  0
LINE
  5
111
330
1F
100
AcDbEntity
  8
0
  6
Continuous
 62
     7
100
AcDbLine
 10
-37.1112264421
 20
-52.128610487
 30
0.0
 11
-37.1112264421
 21
-51.5286060427
 31
0.0
  0
LINE
  5
112
330
1F
100
AcDbEntity
  8
0
  6
Continuous
 62
     7
100
AcDbLine
 10
-1.166600833
 20
-41.5286119341
 30
0.0
 11
5.8887712763
 21
-41.5286119341
 31
0.0
  0
LINE
  5
113
330
1F
100
AcDbEntity
  8
0
  6
Continuous
 62
     7
100
AcDbLine
 10
-8.3620184533
 20
-54.9254609307
 30
0.0
 11
-8.3620184533
 21
-52.9254578757
 31
0.0
  0
LINE
  5
114
330
1F
100
AcDbEntity
  8
0
  6
Continuous
 62
     7
100
AcDbLine
 10
-8.3620184533
 20
-52.9254578757
 30
0.0
 11
-18.3620193649
 21
-52.9254578757
 31
0.0
  0
LINE
  5
115
330
1F
100
AcDbEntity
  8
0
  6
Continuous
 62
     7
100
AcDbLine
 10
-18.3620193649
 20
-52.9254578757
 30
0.0
 11
-18.3620193649
 21
-54.9254609307
 31
0.0
  0
LINE
  5
116
330
1F
100
AcDbEntity
  8
0
  6
Continuous
 62
     7
100
AcDbLine
 10
-18.3620193649
 20
-54.9254609307
 30
0.0
 11
-8.3620184533
 21
-54.9254609307
 31
0.0
  0
LINE
  5
117
330
1F
100
AcDbEntity
  8
0
  6
Continuous
 62
     7
100
AcDbLine
 10
-8.3620184533
 20
-57.0859214302
 30
0.0
 11
-8.3620184533
 21
-55.0859113196
 31
0.0
  0
LINE
  5
118
330
1F
100
AcDbEntity
  8
0
  6
Continuous
 62
     7
100
AcDbLine
 10
-8.3620184533
 20
-55.0859113196
 30
0.0
 11
-18.3620193649
 21
-55.0859113196
 31
0.0
  0
LINE
  5
119
330
1F
100
AcDbEntity
  8
0
  6
Continuous
 62
     7
100
AcDbLine
 10
-18.3620193649
 20
-55.0859113196
 30
0.0
 11
-18.3620193649
 21
-57.0859214302
 31
0.0
  0
LINE
  5
11A
330
1F
100
AcDbEntity
  8
0
  6
Continuous
 62
     7
100
AcDbLine
 10
-18.3620193649
 20
-57.0859214302
 30
0.0
 11
-8.3620184533
 21
-57.0859214302
 31
0.0
  0
LINE
  5
11B
330
1F
100
AcDbEntity
  8
0
  6
Continuous
 62
     7
100
AcDbLine
 10
-77.1353267585
 20
-7.7960784425
 30
0.0
 11
-77.1353267585
 21
-6.2960814429
 31
0.0
  0
LINE
  5
11C
330
1F
100
AcDbEntity
  8
0
  6
Continuous
 62
     7
100
AcDbLine
 10
-77.1353267585
 20
-6.2960814429
 30
0.0
 11
-77.7353241472
 21
-6.2960814429
 31
0.0
  0
LINE
  5
11D
330
1F
100
AcDbEntity
  8
0
  6
Continuous
 62
     7
100
AcDbLine
 10
-77.7353241472
 20
-6.2960814429
 30
0.0
 11
-77.7353241472
 21
-7.7960784425
 31
0.0
  0
LINE
  5
11E
330
1F
100
AcDbEntity
  8
0
  6
Continuous
 62
     7
100
AcDbLine
 10
-77.7353241472
 20
-7.7960784425
 30
0.0
 11
-77.1353267585
 21
-7.7960784425
 31
0.0
  0
LINE
  5
11F
330
1F
100
AcDbEntity
  8
0
  6
Continuous
 62
     7
100
AcDbLine
 10
-80.3298424244
 20
-7.7960784425
 30
0.0
 11
-80.3298424244
 21
-6.2960814429
 31
0.0
  0
LINE
  5
120
330
1F
100
AcDbEntity
  8
0
  6
Continuous
 62
     7
100
AcDbLine
 10
-80.3298424244
 20
-6.2960814429
 30
0.0
 11
-80.9298398131
 21
-6.2960814429
 31
0.0
  0
LINE
  5
121
330
1F
100
AcDbEntity
  8
0
  6
Continuous
 62
     7
100
AcDbLine
 10
-80.9298398131
 20
-6.2960814429
 30
0.0
 11
-80.9298398131
 21
-7.7960784425
 31
0.0
  0
LINE
  5
122
330
1F
100
AcDbEntity
  8
0
  6
Continuous
 62
     7
100
AcDbLine
 10
-80.9298398131
 20
-7.7960784425
 30
0.0
 11
-80.3298424244
 21
-7.7960784425
 31
0.0
  0
LINE
  5
123
330
1F
100
AcDbEntity
  8
0
  6
Continuous
 62
     7
100
AcDbLine
 10
-81.6916281462
 20
-10.6558785529
 30
0.0
 11
-76.2620959254
 21
-10.6558785529
 31
0.0
  0
LINE
  5
124
330
1F
100
AcDbEntity
  8
0
  6
Continuous
 62
     7
100
AcDbLine
 10
-75.976860981
 20
-10.3706436085
 30
0.0
 11
-75.976860981
 21
-4.9411113877
 31
0.0
  0
LINE
  5
125
330
1F
100
AcDbEntity
  8
0
  6
Continuous
 62
     7
100
AcDbLine
 10
-76.2620959254
 20
-4.6558764433
 30
0.0
 11
-81.6916281462
 21
-4.6558764433
 31
0.0
  0
LINE
  5
126
330
1F
100
AcDbEntity
  8
0
  6
Continuous
 62
     7
100
AcDbLine
 10
-81.9768630906
 20
-4.9411113877
 30
0.0
 11
-81.9768630906
 21
-10.3706436085
 31
0.0
  0
LINE
  5
127
330
1F
100
AcDbEntity
  8
0
  6
Continuous
 62
     7
100
AcDbLine
 10
-80.7401441465
 20
-5.2554152209
 30
0.0
 11
-81.9768630906
 21
-5.2554152209
 31
0.0
  0
LINE
  5
128
330
1F
100
AcDbEntity
  8
0
  6
Continuous
 62
     7
100
AcDbLine
 10
-81.9768630906
 20
-5.2554152209
 30
0.0
 11
-81.9768630906
 21
-4.6554178322
 31
0.0
  0
LINE
  5
129
330
1F
100
AcDbEntity
  8
0
  6
Continuous
 62
     7
100
AcDbLine
 10
-81.9768630906
 20
-4.6554178322
 30
0.0
 11
-80.7401441465
 21
-4.6554178322
 31
0.0
  0
LINE
  5
12A
330
1F
100
AcDbEntity
  8
0
  6
Continuous
 62
     7
100
AcDbLine
 10
-80.7401441465
 20
-4.6554178322
 30
0.0
 11
-80.7401441465
 21
-5.2554152209
 31
0.0
  0
LINE
  5
12B
330
1F
100
AcDbEntity
  8
0
  6
Continuous
 62
     7
100
AcDbLine
 10
-37.5773728747
 20
-56.913363708
 30
0.0
 11
-37.5773728747
 21
-53.1110965978
 31
0.0
  0
LINE
  5
12C
330
1F
100
AcDbEntity
  8
0
  6
Continuous
 62
     7
100
AcDbLine
 10
-37.5773728747
 20
-53.1110965978
 30
0.0
 11
-29.1773327705
 21
-53.1110965978
 31
0.0
  0
LINE
  5
12D
330
1F
100
AcDbEntity
  8
0
  6
Continuous
 62
     7
100
AcDbLine
 10
-29.1773327705
 20
-53.1110965978
 30
0.0
 11
-29.1771627001
 21
-54.3730955975
 31
0.0
  0
LINE
  5
12E
330
1F
100
AcDbEntity
  8
0
  6
Continuous
 62
     7
100
AcDbLine
 10
-29.1771627001
 20
-54.3730955975
 30
0.0
 11
-28.5771653265
 21
-54.3730955975
 31
0.0
  0
LINE
  5
12F
330
1F
100
AcDbEntity
  8
0
  6
Continuous
 62
     7
100
AcDbLine
 10
-28.5771653265
 20
-54.3730955975
 30
0.0
 11
-28.5771653265
 21
-55.8730925971
 31
0.0
  0
LINE
  5
130
330
1F
100
AcDbEntity
  8
0
  6
Continuous
 62
     7
100
AcDbLine
 10
-28.5771653265
 20
-55.8730925971
 30
0.0
 11
-29.1771627001
 21
-55.8730925971
 31
0.0
  0
LINE
  5
131
330
1F
100
AcDbEntity
  8
0
  6
Continuous
 62
     7
100
AcDbLine
 10
-29.1771627001
 20
-55.8730925971
 30
0.0
 11
-29.1771627001
 21
-56.913363708
 31
0.0
  0
LINE
  5
132
330
1F
100
AcDbEntity
  8
0
  6
Continuous
 62
     7
100
AcDbLine
 10
-29.1771627001
 20
-56.913363708
 30
0.0
 11
-31.8761031312
 21
-56.9162705969
 31
0.0
  0
LINE
  5
133
330
1F
100
AcDbEntity
  8
0
  6
Continuous
 62
     7
100
AcDbLine
 10
-31.8761031312
 20
-56.9162705969
 30
0.0
 11
-31.8761031312
 21
-57.5162750412
 31
0.0
  0
LINE
  5
134
330
1F
100
AcDbEntity
  8
0
  6
Continuous
 62
     7
100
AcDbLine
 10
-31.8761031312
 20
-57.5162750412
 30
0.0
 11
-34.8760970547
 21
-57.5162750412
 31
0.0
  0
LINE
  5
135
330
1F
100
AcDbEntity
  8
0
  6
Continuous
 62
     7
100
AcDbLine
 10
-34.8760970547
 20
-57.5162750412
 30
0.0
 11
-34.8760970547
 21
-56.9162705969
 31
0.0
  0
LINE
  5
136
330
1F
100
AcDbEntity
  8
0
  6
Continuous
 62
     7
100
AcDbLine
 10
-34.8760970547
 20
-56.9162705969
 30
0.0
 11
-37.5773728747
 21
-56.913363708
 31
0.0
  0
LINE
  5
137
330
1F
100
AcDbEntity
  8
0
  6
Continuous
 62
     7
100
AcDbLine
 10
-27.9578004534
 20
-56.9493893747
 30
0.0
 11
-27.9578004534
 21
-53.14712932
 31
0.0
  0
LINE
  5
138
330
1F
100
AcDbEntity
  8
0
  6
Continuous
 62
     7
100
AcDbLine
 10
-27.9578004534
 20
-53.14712932
 30
0.0
 11
-19.5577596122
 21
-53.14712932
 31
0.0
  0
LINE
  5
139
330
1F
100
AcDbEntity
  8
0
  6
Continuous
 62
     7
100
AcDbLine
 10
-19.5577596122
 20
-53.14712932
 30
0.0
 11
-19.5575902788
 21
-54.4091212642
 31
0.0
  0
LINE
  5
13A
330
1F
100
AcDbEntity
  8
0
  6
Continuous
 62
     7
100
AcDbLine
 10
-19.5575902788
 20
-54.4091212642
 30
0.0
 11
-18.9575858497
 21
-54.4091212642
 31
0.0
  0
LINE
  5
13B
330
1F
100
AcDbEntity
  8
0
  6
Continuous
 62
     7
100
AcDbLine
 10
-18.9575858497
 20
-54.4091212642
 30
0.0
 11
-18.9575858497
 21
-55.9091182638
 31
0.0
  0
LINE
  5
13C
330
1F
100
AcDbEntity
  8
0
  6
Continuous
 62
     7
100
AcDbLine
 10
-18.9575858497
 20
-55.9091182638
 30
0.0
 11
-19.5575902788
 21
-55.9091182638
 31
0.0
  0
LINE
  5
13D
330
1F
100
AcDbEntity
  8
0
  6
Continuous
 62
     7
100
AcDbLine
 10
-19.5575902788
 20
-55.9091182638
 30
0.0
 11
-19.5575902788
 21
-56.9493893747
 31
0.0
  0
LINE
  5
13E
330
1F
100
AcDbEntity
  8
0
  6
Continuous
 62
     7
100
AcDbLine
 10
-19.5575902788
 20
-56.9493893747
 30
0.0
 11
-22.2565236544
 21
-56.9522962635
 31
0.0
  0
LINE
  5
13F
330
1F
100
AcDbEntity
  8
0
  6
Continuous
 62
     7
100
AcDbLine
 10
-22.2565236544
 20
-56.9522962635
 30
0.0
 11
-22.2565236544
 21
-57.5523007078
 31
0.0
  0
LINE
  5
140
330
1F
100
AcDbEntity
  8
0
  6
Continuous
 62
     7
100
AcDbLine
 10
-22.2565236544
 20
-57.5523007078
 30
0.0
 11
-25.2565246334
 21
-57.5523007078
 31
0.0
  0
LINE
  5
141
330
1F
100
AcDbEntity
  8
0
  6
Continuous
 62
     7
100
AcDbLine
 10
-25.2565246334
 20
-57.5523007078
 30
0.0
 11
-25.2565246334
 21
-56.9522962635
 31
0.0
  0
LINE
  5
142
330
1F
100
AcDbEntity
  8
0
  6
Continuous
 62
     7
100
AcDbLine
 10
-25.2565246334
 20
-56.9522962635
 30
0.0
 11
-27.9578004534
 21
-56.9493893747
 31
0.0
  0
LINE
  5
143
330
1F
100
AcDbEntity
  8
0
  6
Continuous
 62
     7
100
AcDbLine
 10
-79.8147798134
 20
-30.2107176591
 30
0.0
 11
-83.8974911457
 21
-30.2107176591
 31
0.0
  0
LINE
  5
144
330
1F
100
AcDbEntity
  8
0
  6
Continuous
 62
     7
100
AcDbLine
 10
-84.5042195344
 20
-30.8174460479
 30
0.0
 11
-84.5042195344
 21
-46.8777319883
 31
0.0
  0
LINE
  5
145
330
1F
100
AcDbEntity
  8
0
  6
Continuous
 62
     7
100
AcDbLine
 10
-83.8974911457
 20
-47.484460377
 30
0.0
 11
-79.8147798134
 21
-47.484460377
 31
0.0
  0
LINE
  5
146
330
1F
100
AcDbEntity
  8
0
  6
Continuous
 62
     7
100
AcDbLine
 10
-79.2080514246
 20
-46.8777319883
 30
0.0
 11
-79.2080514246
 21
-30.8174460479
 31
0.0
  0
LINE
  5
147
330
1F
100
AcDbEntity
  8
0
  6
Continuous
 62
     7
100
AcDbLine
 10
-57.1728938192
 20
-58.5800834854
 30
0.0
 11
-57.1728938192
 21
-54.4973650975
 31
0.0
  0
LINE
  5
148
330
1F
100
AcDbEntity
  8
0
  6
Continuous
 62
     7
100
AcDbLine
 10
-57.7796221926
 20
-53.8906367087
 30
0.0
 11
-73.8399025371
 21
-53.8906367087
 31
0.0
  0
LINE
  5
149
330
1F
100
AcDbEntity
  8
0
  6
Continuous
 62
     7
100
AcDbLine
 10
-74.4466309258
 20
-54.4973650975
 30
0.0
 11
-74.4466309258
 21
-58.5800834854
 31
0.0
  0
LINE
  5
14A
330
1F
100
AcDbEntity
  8
0
  6
Continuous
 62
     7
100
AcDbLine
 10
-73.8399025371
 20
-59.1868118741
 30
0.0
 11
-57.7796221926
 21
-59.1868118741
 31
0.0
  0
LINE
  5
14B
330
1F
100
AcDbEntity
  8
0
  6
Continuous
 62
     7
100
AcDbLine
 10
-77.772252925
 20
-47.6841255436
 30
0.0
 11
-73.6895345371
 21
-47.6841255436
 31
0.0
  0
LINE
  5
14C
330
1F
100
AcDbEntity
  8
0
  6
Continuous
 62
     7
100
AcDbLine
 10
-73.0828061484
 20
-47.0773971549
 30
0.0
 11
-73.0828061484
 21
-31.0171112145
 31
0.0
  0
LINE
  5
14D
330
1F
100
AcDbEntity
  8
0
  6
Continuous
 62
     7
100
AcDbLine
 10
-73.6895345371
 20
-30.4103828257
 30
0.0
 11
-77.772252925
 21
-30.4103828257
 31
0.0
  0
LINE
  5
14E
330
1F
100
AcDbEntity
  8
0
  6
Continuous
 62
     7
100
AcDbLine
 10
-78.3789813137
 20
-31.0171112145
 30
0.0
 11
-78.3789813137
 21
-47.0773971549
 31
0.0
  0
LINE
  5
14F
330
1F
100
AcDbEntity
  8
0
  6
Continuous
 62
     7
100
AcDbLine
 10
26.6395550563
 20
-39.8833833789
 30
0.0
 11
12.6395550563
 21
-39.8833833789
 31
0.0
  0
LINE
  5
150
330
1F
100
AcDbEntity
  8
0
  6
Continuous
 62
     7
100
AcDbLine
 10
-23.6755087293
 20
-18.0755431066
 30
0.0
 11
-23.6755087293
 21
-14.1911987187
 31
0.0
  0
LINE
  5
151
330
1F
100
AcDbEntity
  8
0
  6
Continuous
 62
     7
100
AcDbLine
 10
-24.7333269801
 20
-13.1333733856
 30
0.0
 11
-41.7675543233
 21
-13.1333733856
 31
0.0
  0
LINE
  5
152
330
1F
100
AcDbEntity
  8
0
  6
Continuous
 62
     7
100
AcDbLine
 10
-42.8253725741
 20
-14.1911987187
 30
0.0
 11
-42.8253725741
 21
-18.0755431066
 31
0.0
  0
LINE
  5
153
330
1F
100
AcDbEntity
  8
0
  6
Continuous
 62
     7
100
AcDbLine
 10
-41.7675543233
 20
-19.1333684397
 30
0.0
 11
-24.7333269801
 21
-19.1333684397
 31
0.0
  0
LINE
  5
154
330
1F
100
AcDbEntity
  8
0
  6
Continuous
 62
     7
100
AcDbLine
 10
-60.7573417277
 20
-19.3068645507
 30
0.0
 11
-60.7573417277
 21
-13.3068694967
 31
0.0
  0
LINE
  5
155
330
1F
100
AcDbEntity
  8
0
  6
Continuous
 62
     7
100
AcDbLine
 10
-60.7573417277
 20
-13.3068694967
 30
0.0
 11
-75.270141259
 21
-13.3068694967
 31
0.0
  0
LINE
  5
156
330
1F
100
AcDbEntity
  8
0
  6
Continuous
 62
     7
100
AcDbLine
 10
-75.270141259
 20
-13.3068694967
 30
0.0
 11
-75.270141259
 21
-19.3068645507
 31
0.0
  0
LINE
  5
157
330
1F
100
AcDbEntity
  8
0
  6
Continuous
 62
     7
100
AcDbLine
 10
-75.270141259
 20
-19.3068645507
 30
0.0
 11
-60.7573417277
 21
-19.3068645507
 31
0.0
  0
LINE
  5
158
330
1F
100
AcDbEntity
  8
0
  6
Continuous
 62
     7
100
AcDbLine
 10
8.7232913312
 20
-19.3709360507
 30
0.0
 11
8.7232913312
 21
-13.3709409967
 31
0.0
  0
LINE
  5
159
330
1F
100
AcDbEntity
  8
0
  6
Continuous
 62
     7
100
AcDbLine
 10
8.7232913312
 20
-13.3709409967
 30
0.0
 11
-5.9156106096
 21
-13.3709409967
 31
0.0
  0
LINE
  5
15A
330
1F
100
AcDbEntity
  8
0
  6
Continuous
 62
     7
100
AcDbLine
 10
-5.9156106096
 20
-13.3709409967
 30
0.0
 11
-5.9156106096
 21
-19.3709360507
 31
0.0
  0
LINE
  5
15B
330
1F
100
AcDbEntity
  8
0
  6
Continuous
 62
     7
100
AcDbLine
 10
-5.9156106096
 20
-19.3709360507
 30
0.0
 11
8.7232913312
 21
-19.3709360507
 31
0.0
  0
LINE
  5
15C
330
1F
100
AcDbEntity
  8
0
  6
Continuous
 62
     7
100
AcDbLine
 10
-59.3332710963
 20
-48.8290234878
 30
0.0
 11
-59.3332710963
 21
-45.829022433
 31
0.0
  0
LINE
  5
15D
330
1F
100
AcDbEntity
  8
0
  6
Continuous
 62
     7
100
AcDbLine
 10
-59.3332710963
 20
-45.829022433
 30
0.0
 11
-59.9332755406
 21
-45.829022433
 31
0.0
  0
LINE
  5
15E
330
1F
100
AcDbEntity
  8
0
  6
Continuous
 62
     7
100
AcDbLine
 10
-59.9332755406
 20
-45.829022433
 30
0.0
 11
-59.9332755406
 21
-48.8290234878
 31
0.0
  0
LINE
  5
15F
330
1F
100
AcDbEntity
  8
0
  6
Continuous
 62
     7
100
AcDbLine
 10
-59.9332755406
 20
-48.8290234878
 30
0.0
 11
-59.3332710963
 21
-48.8290234878
 31
0.0
  0
LINE
  5
160
330
1F
100
AcDbEntity
  8
0
  6
Continuous
 62
     7
100
AcDbLine
 10
-62.5277851826
 20
-48.8290234878
 30
0.0
 11
-62.5277851826
 21
-45.829022433
 31
0.0
  0
LINE
  5
161
330
1F
100
AcDbEntity
  8
0
  6
Continuous
 62
     7
100
AcDbLine
 10
-62.5277851826
 20
-45.829022433
 30
0.0
 11
-63.1277896117
 21
-45.829022433
 31
0.0
  0
LINE
  5
162
330
1F
100
AcDbEntity
  8
0
  6
Continuous
 62
     7
100
AcDbLine
 10
-63.1277896117
 20
-45.829022433
 30
0.0
 11
-63.1277896117
 21
-48.8290234878
 31
0.0
  0
LINE
  5
163
330
1F
100
AcDbEntity
  8
0
  6
Continuous
 62
     7
100
AcDbLine
 10
-63.1277896117
 20
-48.8290234878
 30
0.0
 11
-62.5277851826
 21
-48.8290234878
 31
0.0
  0
LINE
  5
164
330
1F
100
AcDbEntity
  8
0
  6
Continuous
 62
     7
100
AcDbLine
 10
-69.3320922312
 20
-50.6468803207
 30
0.0
 11
-69.2960595099
 21
-50.6468803207
 31
0.0
  0
LINE
  5
165
330
1F
100
AcDbEntity
  8
0
  6
Continuous
 62
     7
100
AcDbLine
 10
-69.2960595099
 20
-50.6468803207
 30
0.0
 11
-69.2960595099
 21
-50.6288674873
 31
0.0
  0
LINE
  5
166
330
1F
100
AcDbEntity
  8
0
  6
Continuous
 62
     7
100
AcDbLine
 10
-69.2960595099
 20
-50.6288674873
 30
0.0
 11
-69.3320922312
 21
-50.6288674873
 31
0.0
  0
LINE
  5
167
330
1F
100
AcDbEntity
  8
0
  6
Continuous
 62
     7
100
AcDbLine
 10
-69.3320922312
 20
-50.6288674873
 30
0.0
 11
-69.3320922312
 21
-50.6468803207
 31
0.0
  0
LINE
  5
168
330
1F
100
AcDbEntity
  8
0
  6
Continuous
 62
     7
100
AcDbLine
 10
-7.111230763
 20
-43.1286073226
 30
0.0
 11
-17.1112316746
 21
-43.1286073226
 31
0.0
  0
LINE
  5
169
330
1F
100
AcDbEntity
  8
0
  6
Continuous
 62
     7
100
AcDbLine
 10
-1.166600833
 20
-41.5286119341
 30
0.0
 11
-62.9417644287
 21
-41.5091809341
 31
0.0
  0
LINE
  5
16A
330
1F
100
AcDbEntity
  8
0
  6
Continuous
 62
     7
100
AcDbLine
 10
-57.1112282652
 20
-43.1286073226
 30
0.0
 11
-47.1112273536
 21
-43.1286073226
 31
0.0
  0
LINE
  5
16B
330
1F
100
AcDbEntity
  8
0
  6
Continuous
 62
     7
100
AcDbLine
 10
-37.1112264421
 20
-43.1286073226
 30
0.0
 11
-27.1112255306
 21
-43.1286073226
 31
0.0
  0
LINE
  5
16C
330
1F
100
AcDbEntity
  8
0
  6
Continuous
 62
     7
100
AcDbLine
 10
-17.1112316746
 20
-43.1286073226
 30
0.0
 11
-7.111230763
 21
-43.1286073226
 31
0.0
  0
LINE
  5
16D
330
1F
100
AcDbEntity
  8
0
  6
Continuous
 62
     7
100
AcDbLine
 10
26.6395550563
 20
-39.8833833789
 30
0.0
 11
26.6395550563
 21
-49.8833845431
 31
0.0
  0
LINE
  5
16E
330
1F
100
AcDbEntity
  8
0
  6
Continuous
 62
     7
100
AcDbLine
 10
26.6395550563
 20
-49.8833845431
 30
0.0
 11
12.6395550563
 21
-49.8833845431
 31
0.0
  0
LINE
  5
16F
330
1F
100
AcDbEntity
  8
0
  6
Continuous
 62
     7
100
AcDbLine
 10
12.6395550563
 20
-39.8833833789
 30
0.0
 11
12.6395550563
 21
-49.8833845431
 31
0.0
  0
SPLINE
  5
170
330
1F
100
AcDbEntity
  8
0
  6
Continuous
 62
     7
100
AcDbSpline
210
0.0
220
0.0
230
1.0
 70
     8
 71
     3
 72
    12
 73
     8
 74
     0
 42
0.00000001
 43
0.00000001
 40
0.0
 40
0.0
 40
0.0
 40
0.0
 40
0.1914152166705619
 40
0.3762585457308841
 40
0.5590202518776697
 40
0.7755872336342892
 40
1.0
 40
1.0
 40
1.0
 40
1.0
 10
8.729857206344604
 20
-25.30686666033998
 30
0.0
 10
8.69540644240883
 20
-25.70762399449545
 30
0.0
 10
8.62768771783062
 20
-26.4953794005865
 30
0.0
 10
8.096975079803876
 20
-27.56355236279158
 30
0.0
 10
7.275037996928223
 20
-28.4739701448793
 30
0.0
 10
6.124967756745013
 20
-29.1654484298742
 30
0.0
 10
5.200379918259986
 20
-29.25917079279684
 30
0.0
 10
4.729860998817546
 20
-29.30686571489554
 30
0.0
  0
SPLINE
  5
171
330
1F
100
AcDbEntity
  8
0
  6
Continuous
 62
     7
100
AcDbSpline
210
0.0
220
0.0
230
1.0
 70
     8
 71
     3
 72
    12
 73
     8
 74
     0
 42
0.00000001
 43
0.00000001
 40
0.0
 40
0.0
 40
0.0
 40
0.0
 40
0.1914165670230954
 40
0.376259587391412
 40
0.5590209883225458
 40
0.7755876084080356
 40
1.0
 40
1.0
 40
1.0
 40
1.0
 10
-71.27013206481934
 20
-29.30686571489554
 30
0.0
 10
-71.67089283656432
 20
-29.27241420184935
 30
0.0
 10
-72.45865162340557
 20
-29.20469429502328
 30
0.0
 10
-73.52682794058214
 20
-28.67398091485425
 30
0.0
 10
-74.43724567813767
 20
-27.85204360284927
 30
0.0
 10
-75.12872397695018
 20
-26.70197343376092
 30
0.0
 10
-75.22244633787717
 20
-25.77738558500781
 30
0.0
 10
-75.2701412589603
 20
-25.30686666033998
 30
0.0
  0
SPLINE
  5
172
330
1F
100
AcDbEntity
  8
0
  6
Continuous
 62
     7
100
AcDbSpline
210
0.0
220
0.0
230
1.0
 70
     8
 71
     3
 72
    12
 73
     8
 74
     0
 42
0.00000001
 43
0.00000001
 40
0.0
 40
0.0
 40
0.0
 40
0.0
 40
0.1914153872187612
 40
0.3762587860887318
 40
0.559020395576635
 40
0.7755872568855264
 40
1.0
 40
1.0
 40
1.0
 40
1.0
 10
-75.27012825012208
 20
-7.306867387062151
 30
0.0
 10
-75.2356818053821
 20
-6.906109051130764
 30
0.0
 10
-75.16797158797876
 20
-6.118351874534756
 30
0.0
 10
-74.63725595930822
 20
-5.05017888622825
 30
0.0
 10
-73.81531943207847
 20
-4.139761499880358
 30
0.0
 10
-72.66524855508769
 20
-3.448284955355871
 30
0.0
 10
-71.74066105580373
 20
-3.354563038303893
 30
0.0
 10
-71.27014220440473
 20
-3.306868332506594
 30
0.0
  0
SPLINE
  5
173
330
1F
100
AcDbEntity
  8
0
  6
Continuous
 62
     7
100
AcDbSpline
210
0.0
220
0.0
230
1.0
 70
     8
 71
     3
 72
    12
 73
     8
 74
     0
 42
0.00000001
 43
0.00000001
 40
0.0
 40
0.0
 40
0.0
 40
0.0
 40
0.191415588660859
 40
0.3762586878162928
 40
0.5590201370096519
 40
0.7755869624202067
 40
1.0
 40
1.0
 40
1.0
 40
1.0
 10
4.729858040809631
 20
-3.306868332506594
 30
0.0
 10
5.130616320204733
 20
-3.341320004035254
 30
0.0
 10
5.918372350900206
 20
-3.409040406606113
 30
0.0
 10
6.986546640363148
 20
-3.939751151033891
 30
0.0
 10
7.896964818734478
 20
-4.761687580381298
 30
0.0
 10
8.588443212925036
 20
-5.911758639454731
 30
0.0
 10
8.682165251245374
 20
-6.836347500937036
 30
0.0
 10
8.729860053373104
 20
-7.306867387062149
 30
0.0
  0
SPLINE
  5
174
330
1F
100
AcDbEntity
  8
0
  6
Continuous
 62
     7
100
AcDbSpline
210
0.0
220
0.0
230
1.0
 70
     8
 71
     3
 72
    12
 73
     8
 74
     0
 42
0.00000001
 43
0.00000001
 40
0.0
 40
0.0
 40
0.0
 40
0.0
 40
0.191415357140835
 40
0.3762586346397247
 40
0.5590201844860218
 40
0.7755870577219491
 40
1.0
 40
1.0
 40
1.0
 40
1.0
 10
8.092725276947021
 20
-56.87680887466973
 30
0.0
 10
8.059136399459387
 20
-56.48606985601097
 30
0.0
 10
7.99311188935031
 20
-55.71800750272319
 30
0.0
 10
7.475667313828699
 20
-54.67653795417429
 30
0.0
 10
6.674278733902547
 20
-53.78888028908811
 30
0.0
 10
5.552959100465761
 20
-53.11468953384016
 30
0.0
 10
4.651485221031373
 20
-53.02331059938601
 30
0.0
 10
4.192728610062934
 20
-52.976808208978
 30
0.0
  0
SPLINE
  5
175
330
1F
100
AcDbEntity
  8
0
  6
Continuous
 62
     7
100
AcDbSpline
210
0.0
220
0.0
230
1.0
 70
     8
 71
     3
 72
    12
 73
     8
 74
     0
 42
0.00000001
 43
0.00000001
 40
0.0
 40
0.0
 40
0.0
 40
0.0
 40
0.1914153470400687
 40
0.376258594280513
 40
0.5590201114352498
 40
0.7755869917318597
 40
1.0
 40
1.0
 40
1.0
 40
1.0
 10
4.19272780418396
 20
-52.976808208978
 30
0.0
 10
3.801989191412675
 20
-53.0103987778112
 30
0.0
 10
3.033927677820107
 20
-53.0764266089423
 30
0.0
 10
1.9924585092797
 20
-53.59386988829476
 30
0.0
 10
1.104801657012698
 20
-54.39525893926148
 30
0.0
 10
0.4306118131881924
 20
-55.51657854592539
 30
0.0
 10
0.3392330671091
 20
-56.41805227918455
 30
0.0
 10
0.2927307665934868
 20
-56.87680887466973
 30
0.0
  0
SPLINE
  5
176
330
1F
100
AcDbEntity
  8
0
  6
Continuous
 62
     7
100
AcDbSpline
210
0.0
220
0.0
230
1.0
 70
     8
 71
     3
 72
    12
 73
     8
 74
     0
 42
0.00000001
 43
0.00000001
 40
0.0
 40
0.0
 40
0.0
 40
0.0
 40
0.1914151144229639
 40
0.3762583602152259
 40
0.5590200071612393
 40
0.775586987945036
 40
1.0
 40
1.0
 40
1.0
 40
1.0
 10
0.2927307039499283
 20
-56.87680887466973
 30
0.0
 10
0.326321291817645
 20
-57.26754695097832
 30
0.0
 10
0.3923491995294947
 20
-58.03560786564915
 30
0.0
 10
0.9097918644897593
 20
-59.07707682340495
 30
0.0
 10
1.711179642334546
 20
-59.96473506223887
 30
0.0
 10
2.832498188180698
 20
-60.63892761883096
 30
0.0
 10
3.733972049927257
 20
-60.7303069515289
 30
0.0
 10
4.192728610062934
 20
-60.77680954036134
 30
0.0
  0
SPLINE
  5
177
330
1F
100
AcDbEntity
  8
0
  6
Continuous
 62
     7
100
AcDbSpline
210
0.0
220
0.0
230
1.0
 70
     8
 71
     3
 72
    12
 73
     8
 74
     0
 42
0.00000001
 43
0.00000001
 40
0.0
 40
0.0
 40
0.0
 40
0.0
 40
0.1914156039134046
 40
0.3762589735819541
 40
0.5590206449575144
 40
0.7755875102675801
 40
1.0
 40
1.0
 40
1.0
 40
1.0
 10
4.19272780418396
 20
-60.77680954036134
 30
0.0
 10
4.583467082549101
 20
-60.74321887511428
 30
0.0
 10
5.351529648035307
 20
-60.67719087651123
 30
0.0
 10
6.392999662580875
 20
-60.15974587296297
 30
0.0
 10
7.280656837480014
 20
-59.35835604588976
 30
0.0
 10
7.954847512669107
 20
-58.23703741553255
 30
0.0
 10
8.046226767517247
 20
-57.33556453249326
 30
0.0
 10
8.092729275754598
 20
-56.87680887466973
 30
0.0
  0
SPLINE
  5
178
330
1F
100
AcDbEntity
  8
0
  6
Continuous
 62
     7
100
AcDbSpline
210
0.0
220
0.0
230
1.0
 70
     8
 71
     3
 72
    12
 73
     8
 74
     0
 42
0.00000001
 43
0.00000001
 40
0.0
 40
0.0
 40
0.0
 40
0.0
 40
0.1914154112201598
 40
0.3762586647689929
 40
0.5590202106386327
 40
0.7755870856098791
 40
1.0
 40
1.0
 40
1.0
 40
1.0
 10
-0.0136511516757309
 20
-56.76872481914121
 30
0.0
 10
-0.0472417313875156
 20
-56.37798584233327
 30
0.0
 10
-0.1132695741333426
 20
-55.60992372680245
 30
0.0
 10
-0.630713303113944
 20
-54.56845380506493
 30
0.0
 10
-1.43210262537799
 20
-53.68079623935586
 30
0.0
 10
-2.553422442709345
 20
-53.00660550842346
 30
0.0
 10
-3.454896496031899
 20
-52.91522655201099
 30
0.0
 10
-3.913653165688272
 20
-52.86872415344948
 30
0.0
  0
SPLINE
  5
179
330
1F
100
AcDbEntity
  8
0
  6
Continuous
 62
     7
100
AcDbSpline
210
0.0
220
0.0
230
1.0
 70
     8
 71
     3
 72
    12
 73
     8
 74
     0
 42
0.00000001
 43
0.00000001
 40
0.0
 40
0.0
 40
0.0
 40
0.0
 40
0.1914154724080692
 40
0.376258721278941
 40
0.559020242625625
 40
0.7755870852936267
 40
1.0
 40
1.0
 40
1.0
 40
1.0
 10
-3.913652896881104
 20
-52.86872415344948
 30
0.0
 10
-4.304391952829391
 20
-52.9023146881036
 30
0.0
 10
-5.07245409375926
 20
-52.96834243109135
 30
0.0
 10
-6.113924066654931
 20
-53.4857858486776
 30
0.0
 10
-7.001581624975984
 20
-54.28717478760192
 30
0.0
 10
-7.675772331965866
 20
-55.40849431799757
 30
0.0
 10
-7.767151251007934
 20
-56.30996820181989
 30
0.0
 10
-7.813653633990422
 20
-56.76872481914121
 30
0.0
  0
SPLINE
  5
17A
330
1F
100
AcDbEntity
  8
0
  6
Continuous
 62
     7
100
AcDbSpline
210
0.0
220
0.0
230
1.0
 70
     8
 71
     3
 72
    12
 73
     8
 74
     0
 42
0.00000001
 43
0.00000001
 40
0.0
 40
0.0
 40
0.0
 40
0.0
 40
0.1914149999466376
 40
0.3762582492198573
 40
0.5590199381877089
 40
0.7755869813905335
 40
0.9999999999999999
 40
0.9999999999999999
 40
0.9999999999999999
 40
0.9999999999999999
 10
-7.813650369644165
 20
-56.76872481914121
 30
0.0
 10
-7.780061113785881
 20
-57.15946295074048
 30
0.0
 10
-7.714035804351623
 20
-57.92752420685924
 30
0.0
 10
-7.196591436936715
 20
-58.96899283802504
 30
0.0
 10
-6.395203187038232
 20
-59.85665103159536
 30
0.0
 10
-5.273883976593393
 20
-60.53084349424614
 30
0.0
 10
-4.372409818353395
 20
-60.6222228766304
 30
0.0
 10
-3.913653165688272
 20
-60.66872548483281
 30
0.0
  0
SPLINE
  5
17B
330
1F
100
AcDbEntity
  8
0
  6
Continuous
 62
     7
100
AcDbSpline
210
0.0
220
0.0
230
1.0
 70
     8
 71
     3
 72
    12
 73
     8
 74
     0
 42
0.00000001
 43
0.00000001
 40
0.0
 40
0.0
 40
0.0
 40
0.0
 40
0.1914154551706748
 40
0.376258874311502
 40
0.559020595919779
 40
0.7755874989995162
 40
1.0
 40
1.0
 40
1.0
 40
1.0
 10
-3.913652896881104
 20
-60.66872548483282
 30
0.0
 10
-3.522913948203076
 20
-60.63513476663617
 30
0.0
 10
-2.754851636577476
 20
-60.5691066300642
 30
0.0
 10
-1.713381705286077
 20
-60.05166181185287
 30
0.0
 10
-0.8257241687532795
 20
-59.25027203864173
 30
0.0
 10
-0.1515330530503161
 20
-58.12895344827893
 30
0.0
 10
-0.0601537098196643
 20
-57.22748048819345
 30
0.0
 10
-0.0136511594410491
 20
-56.76872481914121
 30
0.0
  0
SPLINE
  5
17C
330
1F
100
AcDbEntity
  8
0
  6
Continuous
 62
     7
100
AcDbSpline
210
0.0
220
0.0
230
1.0
 70
     8
 71
     3
 72
    12
 73
     8
 74
     0
 42
0.00000001
 43
0.00000001
 40
0.0
 40
0.0
 40
0.0
 40
0.0
 40
0.1914159769111463
 40
0.376259112729905
 40
0.5590205224916919
 40
0.7755872297317404
 40
0.9999999999999999
 40
0.9999999999999999
 40
0.9999999999999999
 40
0.9999999999999999
 10
-75.97036361694336
 20
-14.76113238519864
 30
0.0
 10
-76.00396561362062
 20
-14.37039375251213
 30
0.0
 10
-76.07001578174014
 20
-13.60233366883287
 30
0.0
 10
-76.5874509081655
 20
-12.56086114665868
 30
0.0
 10
-77.38884224819117
 20
-11.67320390152408
 30
0.0
 10
-78.51016102521675
 20
-10.99901301597238
 30
0.0
 10
-79.41163502834095
 20
-10.90763410033775
 30
0.0
 10
-79.87039170225466
 20
-10.86113171950691
 30
0.0
  0
SPLINE
  5
17D
330
1F
100
AcDbEntity
  8
0
  6
Continuous
 62
     7
100
AcDbSpline
210
0.0
220
0.0
230
1.0
 70
     8
 71
     3
 72
    12
 73
     8
 74
     0
 42
0.00000001
 43
0.00000001
 40
0.0
 40
0.0
 40
0.0
 40
0.0
 40
0.1914186667273413
 40
0.37626118765136
 40
0.5590219894434327
 40
0.7755879762578752
 40
0.9999999999999999
 40
0.9999999999999999
 40
0.9999999999999999
 40
0.9999999999999999
 10
-79.8703670501709
 20
-10.86113171950691
 30
0.0
 10
-80.26111446244956
 20
-10.89472119770637
 30
0.0
 10
-81.02918524639814
 20
-10.96074619503812
 30
0.0
 10
-82.07066267515867
 20
-11.47819345401588
 30
0.0
 10
-82.95832027104352
 20
-12.27958233422738
 30
0.0
 10
-83.6325110477634
 20
-13.40090187449083
 30
0.0
 10
-83.7238899791164
 20
-14.30237576738206
 30
0.0
 10
-83.77039236794624
 20
-14.76113238519864
 30
0.0
  0
SPLINE
  5
17E
330
1F
100
AcDbEntity
  8
0
  6
Continuous
 62
     7
100
AcDbSpline
210
0.0
220
0.0
230
1.0
 70
     8
 71
     3
 72
    12
 73
     8
 74
     0
 42
0.00000001
 43
0.00000001
 40
0.0
 40
0.0
 40
0.0
 40
0.0
 40
0.1914146290133399
 40
0.3762579613760578
 40
0.559019735398968
 40
0.7755868803388161
 40
1.0
 40
1.0
 40
1.0
 40
1.0
 10
-83.77037048339844
 20
-14.76113238519864
 30
0.0
 10
-83.73678899836463
 20
-15.15187074659811
 30
0.0
 10
-83.67077888636886
 20
-15.91993335523677
 30
0.0
 10
-83.15332886602914
 20
-16.96140022342324
 30
0.0
 10
-82.35194219445407
 20
-17.84905865910088
 30
0.0
 10
-81.23062243328962
 20
-18.52325103850931
 30
0.0
 10
-80.32914832507416
 20
-18.61463043563228
 30
0.0
 10
-79.87039170225466
 20
-18.6611330508903
 30
0.0
  0
SPLINE
  5
17F
330
1F
100
AcDbEntity
  8
0
  6
Continuous
 62
     7
100
AcDbSpline
210
0.0
220
0.0
230
1.0
 70
     8
 71
     3
 72
    12
 73
     8
 74
     0
 42
0.00000001
 43
0.00000001
 40
0.0
 40
0.0
 40
0.0
 40
0.0
 40
0.1914122675654319
 40
0.3762563999271599
 40
0.5590188254064788
 40
0.775586584305916
 40
0.9999999999999999
 40
0.9999999999999999
 40
0.9999999999999999
 40
0.9999999999999999
 10
-79.87036705017091
 20
-18.6611330508903
 30
0.0
 10
-79.47963649054105
 20
-18.62754128165903
 30
0.0
 10
-78.71158292961871
 20
-18.56151041373766
 30
0.0
 10
-77.67012066205686
 20
-18.04406942339866
 30
0.0
 10
-76.78246347088991
 20
-17.24267954363185
 30
0.0
 10
-76.10827280074844
 20
-16.12136092962453
 30
0.0
 10
-76.01689354517126
 20
-15.21988804422386
 30
0.0
 10
-75.97039103656293
 20
-14.76113238519864
 30
0.0
  0
SPLINE
  5
180
330
1F
100
AcDbEntity
  8
0
  6
Continuous
 62
     7
100
AcDbSpline
210
0.0
220
0.0
230
1.0
 70
     8
 71
     3
 72
    12
 73
     8
 74
     0
 42
0.00000001
 43
0.00000001
 40
0.0
 40
0.0
 40
0.0
 40
0.0
 40
0.1914159769111466
 40
0.376259112729905
 40
0.5590205224916908
 40
0.7755872297317393
 40
0.9999999999999999
 40
0.9999999999999999
 40
0.9999999999999999
 40
0.9999999999999999
 10
-75.97036361694336
 20
-22.97560527203388
 30
0.0
 10
-76.00396561362062
 20
-22.58486663934737
 30
0.0
 10
-76.07001578174014
 20
-21.81680655566812
 30
0.0
 10
-76.5874509081655
 20
-20.77533403349394
 30
0.0
 10
-77.38884224819117
 20
-19.88767678835935
 30
0.0
 10
-78.51016102521675
 20
-19.21348590280767
 30
0.0
 10
-79.41163502834095
 20
-19.12210698717305
 30
0.0
 10
-79.87039170225466
 20
-19.07560460634222
 30
0.0
  0
SPLINE
  5
181
330
1F
100
AcDbEntity
  8
0
  6
Continuous
 62
     7
100
AcDbSpline
210
0.0
220
0.0
230
1.0
 70
     8
 71
     3
 72
    12
 73
     8
 74
     0
 42
0.00000001
 43
0.00000001
 40
0.0
 40
0.0
 40
0.0
 40
0.0
 40
0.1914186667273425
 40
0.3762611876513616
 40
0.5590219894434331
 40
0.7755879762578747
 40
1.0
 40
1.0
 40
1.0
 40
1.0
 10
-79.8703670501709
 20
-19.07560460634222
 30
0.0
 10
-80.26111446244954
 20
-19.10919408454167
 30
0.0
 10
-81.02918524639813
 20
-19.17521908187342
 30
0.0
 10
-82.07066267515867
 20
-19.69266634085117
 30
0.0
 10
-82.95832027104349
 20
-20.49405522106264
 30
0.0
 10
-83.63251104776343
 20
-21.61537476132608
 30
0.0
 10
-83.72388997911642
 20
-22.51684865421731
 30
0.0
 10
-83.77039236794626
 20
-22.97560527203388
 30
0.0
  0
SPLINE
  5
182
330
1F
100
AcDbEntity
  8
0
  6
Continuous
 62
     7
100
AcDbSpline
210
0.0
220
0.0
230
1.0
 70
     8
 71
     3
 72
    12
 73
     8
 74
     0
 42
0.00000001
 43
0.00000001
 40
0.0
 40
0.0
 40
0.0
 40
0.0
 40
0.19141462901334
 40
0.3762579613760583
 40
0.5590197353989672
 40
0.7755868803388161
 40
1.0
 40
1.0
 40
1.0
 40
1.0
 10
-83.77037048339844
 20
-22.97560527203388
 30
0.0
 10
-83.73678899836464
 20
-23.36634363343336
 30
0.0
 10
-83.67077888636888
 20
-24.13440624207201
 30
0.0
 10
-83.15332886602916
 20
-25.17587311025849
 30
0.0
 10
-82.35194219445407
 20
-26.06353154593612
 30
0.0
 10
-81.23062243328964
 20
-26.73772392534456
 30
0.0
 10
-80.32914832507416
 20
-26.82910332246752
 30
0.0
 10
-79.87039170225466
 20
-26.87560593772554
 30
0.0
  0
SPLINE
  5
183
330
1F
100
AcDbEntity
  8
0
  6
Continuous
 62
     7
100
AcDbSpline
210
0.0
220
0.0
230
1.0
 70
     8
 71
     3
 72
    12
 73
     8
 74
     0
 42
0.00000001
 43
0.00000001
 40
0.0
 40
0.0
 40
0.0
 40
0.0
 40
0.1914122675654319
 40
0.37625639992716
 40
0.5590188254064784
 40
0.775586584305916
 40
0.9999999999999999
 40
0.9999999999999999
 40
0.9999999999999999
 40
0.9999999999999999
 10
-79.8703670501709
 20
-26.87560593772554
 30
0.0
 10
-79.47963649054105
 20
-26.84201416849427
 30
0.0
 10
-78.71158292961869
 20
-26.77598330057289
 30
0.0
 10
-77.67012066205686
 20
-26.2585423102339
 30
0.0
 10
-76.78246347088991
 20
-25.4571524304671
 30
0.0
 10
-76.10827280074842
 20
-24.33583381645977
 30
0.0
 10
-76.01689354517126
 20
-23.4343609310591
 30
0.0
 10
-75.97039103656293
 20
-22.97560527203388
 30
0.0
  0
SPLINE
  5
184
330
1F
100
AcDbEntity
  8
0
  6
Continuous
 62
     7
100
AcDbSpline
210
0.0
220
0.0
230
1.0
 70
     8
 71
     3
 72
     9
 73
     5
 74
     0
 42
0.00000001
 43
0.00000001
 40
0.0
 40
0.0
 40
0.0
 40
0.0
 40
0.5560166977521263
 40
1.0
 40
1.0
 40
1.0
 40
1.0
 10
-77.9871940612793
 20
-51.59285393154617
 30
0.0
 10
-77.86735592467028
 20
-51.42924288108959
 30
0.0
 10
-77.65182618052138
 20
-51.13498723891546
 30
0.0
 10
-77.29698105034282
 20
-51.18064606441221
 30
0.0
 10
-77.1394357376596
 20
-51.20091782053301
 30
0.0
  0
SPLINE
  5
185
330
1F
100
AcDbEntity
  8
0
  6
Continuous
 62
     7
100
AcDbSpline
210
0.0
220
0.0
230
1.0
 70
     8
 71
     3
 72
     9
 73
     5
 74
     0
 42
0.00000001
 43
0.00000001
 40
0.0
 40
0.0
 40
0.0
 40
0.0
 40
0.559943585476599
 40
1.0
 40
1.0
 40
1.0
 40
1.0
 10
-77.13942527770996
 20
-51.20091782053301
 30
0.0
 10
-77.1301892658606
 20
-51.21330758636288
 30
0.0
 10
-77.11369472589453
 20
-51.23543439726171
 30
0.0
 10
-77.0977729812922
 20
-51.25797643923735
 30
0.0
 10
-77.09076651544954
 20
-51.26789620940519
 30
0.0
  0
SPLINE
  5
186
330
1F
100
AcDbEntity
  8
0
  6
Continuous
 62
     7
100
AcDbSpline
210
0.0
220
0.0
230
1.0
 70
     8
 71
     3
 72
     9
 73
     5
 74
     0
 42
0.00000001
 43
0.00000001
 40
0.0
 40
0.0
 40
0.0
 40
0.0
 40
0.5560307066384097
 40
0.9999999999999999
 40
0.9999999999999999
 40
0.9999999999999999
 40
0.9999999999999999
 10
-77.09074020385742
 20
-51.26789620940519
 30
0.0
 10
-77.13928872537804
 20
-51.46481292630626
 30
0.0
 10
-77.22660138804396
 20
-51.81896012456365
 30
0.0
 10
-77.57211016997236
 20
-51.91184454527368
 30
0.0
 10
-77.72550545973533
 20
-51.95308237590061
 30
0.0
  0
SPLINE
  5
187
330
1F
100
AcDbEntity
  8
0
  6
Continuous
 62
     7
100
AcDbSpline
210
0.0
220
0.0
230
1.0
 70
     8
 71
     3
 72
     9
 73
     5
 74
     0
 42
0.00000001
 43
0.00000001
 40
0.0
 40
0.0
 40
0.0
 40
0.0
 40
0.5597873233600454
 40
1.0
 40
1.0
 40
1.0
 40
1.0
 10
-77.7254581451416
 20
-51.95308237590061
 30
0.0
 10
-77.68656301239253
 20
-52.03734190851142
 30
0.0
 10
-77.61708103035052
 20
-52.18786252427859
 30
0.0
 10
-77.5865224544758
 20
-52.35060169605021
 30
0.0
 10
-77.57307018199569
 20
-52.42224154244995
 30
0.0
  0
SPLINE
  5
188
330
1F
100
AcDbEntity
  8
0
  6
Continuous
 62
     7
100
AcDbSpline
210
0.0
220
0.0
230
1.0
 70
     8
 71
     3
 72
     9
 73
     5
 74
     0
 42
0.00000001
 43
0.00000001
 40
0.0
 40
0.0
 40
0.0
 40
0.0
 40
0.556021744144841
 40
1.0
 40
1.0
 40
1.0
 40
1.0
 10
-77.57306098937988
 20
-52.42224154244995
 30
0.0
 10
-77.3799339579225
 20
-52.36032665996176
 30
0.0
 10
-77.03259676564342
 20
-52.24897331247099
 30
0.0
 10
-76.77235098385165
 20
-52.49448347829745
 30
0.0
 10
-76.6568075155581
 20
-52.6034846535158
 30
0.0
  0
SPLINE
  5
189
330
1F
100
AcDbEntity
  8
0
  6
Continuous
 62
     7
100
AcDbSpline
210
0.0
220
0.0
230
1.0
 70
     8
 71
     3
 72
     9
 73
     5
 74
     0
 42
0.00000001
 43
0.00000001
 40
0.0
 40
0.0
 40
0.0
 40
0.0
 40
0.5599967852336475
 40
1.0
 40
1.0
 40
1.0
 40
1.0
 10
-76.65677070617676
 20
-52.6034846535158
 30
0.0
 10
-76.65659581086017
 20
-52.61893893635128
 30
0.0
 10
-76.65628349600199
 20
-52.64653602841143
 30
0.0
 10
-76.65664739765913
 20
-52.67413215706244
 30
0.0
 10
-76.65680751555811
 20
-52.68627454238399
 30
0.0
  0
SPLINE
  5
18A
330
1F
100
AcDbEntity
  8
0
  6
Continuous
 62
     7
100
AcDbSpline
210
0.0
220
0.0
230
1.0
 70
     8
 71
     3
 72
     9
 73
     5
 74
     0
 42
0.00000001
 43
0.00000001
 40
0.0
 40
0.0
 40
0.0
 40
0.0
 40
0.5560376120976559
 40
1.0
 40
1.0
 40
1.0
 40
1.0
 10
-76.65677070617676
 20
-52.68627454238398
 30
0.0
 10
-76.81179616984134
 20
-52.81705647060433
 30
0.0
 10
-77.09060008578462
 20
-53.05225985500665
 30
0.0
 10
-77.42472935414594
 20
-52.92431870979073
 30
0.0
 10
-77.57307018199569
 20
-52.86751765344972
 30
0.0
  0
SPLINE
  5
18B
330
1F
100
AcDbEntity
  8
0
  6
Continuous
 62
     7
100
AcDbSpline
210
0.0
220
0.0
230
1.0
 70
     8
 71
     3
 72
     9
 73
     5
 74
     0
 42
0.00000001
 43
0.00000001
 40
0.0
 40
0.0
 40
0.0
 40
0.0
 40
0.5597966617076908
 40
1.0
 40
1.0
 40
1.0
 40
1.0
 10
-77.57306098937988
 20
-52.86751765344972
 30
0.0
 10
-77.59110594851799
 20
-52.95855603680894
 30
0.0
 10
-77.62334079444054
 20
-53.12118362926639
 30
0.0
 10
-77.69427846176737
 20
-53.27081054999574
 30
0.0
 10
-77.72550545973534
 20
-53.3366768199992
 30
0.0
  0
SPLINE
  5
18C
330
1F
100
AcDbEntity
  8
0
  6
Continuous
 62
     7
100
AcDbSpline
210
0.0
220
0.0
230
1.0
 70
     8
 71
     3
 72
     9
 73
     5
 74
     0
 42
0.00000001
 43
0.00000001
 40
0.0
 40
0.0
 40
0.0
 40
0.0
 40
0.5560050798268655
 40
1.0
 40
1.0
 40
1.0
 40
1.0
 10
-77.7254581451416
 20
-53.33667681999918
 30
0.0
 10
-77.53284138728354
 20
-53.40010795919671
 30
0.0
 10
-77.18641153466774
 20
-53.51419169961375
 30
0.0
 10
-77.12017513876216
 20
-53.86576584976369
 30
0.0
 10
-77.09076651544954
 20
-54.02186298649448
 30
0.0
  0
SPLINE
  5
18D
330
1F
100
AcDbEntity
  8
0
  6
Continuous
 62
     7
100
AcDbSpline
210
0.0
220
0.0
230
1.0
 70
     8
 71
     3
 72
     9
 73
     5
 74
     0
 42
0.00000001
 43
0.00000001
 40
0.0
 40
0.0
 40
0.0
 40
0.0
 40
0.5600985014289229
 40
1.0
 40
1.0
 40
1.0
 40
1.0
 10
-77.09074020385742
 20
-54.02186298649448
 30
0.0
 10
-77.0996802121213
 20
-54.03447814256575
 30
0.0
 10
-77.11564170503922
 20
-54.05700124526837
 30
0.0
 10
-77.13216646915953
 20
-54.07911395931851
 30
0.0
 10
-77.1394357376596
 20
-54.08884137536665
 30
0.0
  0
SPLINE
  5
18E
330
1F
100
AcDbEntity
  8
0
  6
Continuous
 62
     7
100
AcDbSpline
210
0.0
220
0.0
230
1.0
 70
     8
 71
     3
 72
     9
 73
     5
 74
     0
 42
0.00000001
 43
0.00000001
 40
0.0
 40
0.0
 40
0.0
 40
0.0
 40
0.5560276034487593
 40
1.0
 40
1.0
 40
1.0
 40
1.0
 10
-77.13942527770996
 20
-54.08884137536665
 30
0.0
 10
-77.34170596509436
 20
-54.10353340105544
 30
0.0
 10
-77.70550208983666
 20
-54.12995659587104
 30
0.0
 10
-77.90060914578835
 20
-53.83005870516598
 30
0.0
 10
-77.9872312930033
 20
-53.696912319909
 30
0.0
  0
SPLINE
  5
18F
330
1F
100
AcDbEntity
  8
0
  6
Continuous
 62
     7
100
AcDbSpline
210
0.0
220
0.0
230
1.0
 70
     8
 71
     3
 72
     9
 73
     5
 74
     0
 42
0.00000001
 43
0.00000001
 40
0.0
 40
0.0
 40
0.0
 40
0.0
 40
0.5598204875491406
 40
1.0
 40
1.0
 40
1.0
 40
1.0
 10
-77.9871940612793
 20
-53.696912319909
 30
0.0
 10
-78.05531608770298
 20
-53.75995637977182
 30
0.0
 10
-78.17700157070824
 20
-53.87257115766042
 30
0.0
 10
-78.32234467886252
 20
-53.95193367622092
 30
0.0
 10
-78.38632173734797
 20
-53.98686743094775
 30
0.0
  0
SPLINE
  5
190
330
1F
100
AcDbEntity
  8
0
  6
Continuous
 62
     7
100
AcDbSpline
210
0.0
220
0.0
230
1.0
 70
     8
 71
     3
 72
     9
 73
     5
 74
     0
 42
0.00000001
 43
0.00000001
 40
0.0
 40
0.0
 40
0.0
 40
0.0
 40
0.5560201900731291
 40
1.0
 40
1.0
 40
1.0
 40
1.0
 10
-78.38630676269531
 20
-53.98686743094775
 30
0.0
 10
-78.2677482248507
 20
-54.15141007457812
 30
0.0
 10
-78.05452118748535
 20
-54.44733933500432
 30
0.0
 10
-78.20759003661233
 20
-54.77071338255081
 30
0.0
 10
-78.27554951515346
 20
-54.91428493071579
 30
0.0
  0
SPLINE
  5
191
330
1F
100
AcDbEntity
  8
0
  6
Continuous
 62
     7
100
AcDbSpline
210
0.0
220
0.0
230
1.0
 70
     8
 71
     3
 72
     9
 73
     5
 74
     0
 42
0.00000001
 43
0.00000001
 40
0.0
 40
0.0
 40
0.0
 40
0.0
 40
0.5600767013431209
 40
1.0
 40
1.0
 40
1.0
 40
1.0
 10
-78.27553749084473
 20
-54.91428493071579
 30
0.0
 10
-78.2901813184502
 20
-54.91924206607754
 30
0.0
 10
-78.3163274294567
 20
-54.92809288124248
 30
0.0
 10
-78.34269139322642
 20
-54.93627074316218
 30
0.0
 10
-78.35428951513364
 20
-54.93986837515386
 30
0.0
  0
SPLINE
  5
192
330
1F
100
AcDbEntity
  8
0
  6
Continuous
 62
     7
100
AcDbSpline
210
0.0
220
0.0
230
1.0
 70
     8
 71
     3
 72
     9
 73
     5
 74
     0
 42
0.00000001
 43
0.00000001
 40
0.0
 40
0.0
 40
0.0
 40
0.0
 40
0.5560348801079764
 40
1.0
 40
1.0
 40
1.0
 40
1.0
 10
-78.35426330566406
 20
-54.93986837515386
 30
0.0
 10
-78.52655673149833
 20
-54.83285872102856
 30
0.0
 10
-78.83641755497909
 20
-54.64040738757172
 30
0.0
 10
-78.81798614180269
 20
-54.28309784795309
 30
0.0
 10
-78.80980323724206
 20
-54.12446487535772
 30
0.0
  0
SPLINE
  5
193
330
1F
100
AcDbEntity
  8
0
  6
Continuous
 62
     7
100
AcDbSpline
210
0.0
220
0.0
230
1.0
 70
     8
 71
     3
 72
     9
 73
     5
 74
     0
 42
0.00000001
 43
0.00000001
 40
0.0
 40
0.0
 40
0.0
 40
0.0
 40
0.5598142276481497
 40
1.0
 40
1.0
 40
1.0
 40
1.0
 10
-78.80978584289551
 20
-54.12446487535772
 30
0.0
 10
-78.9019504574192
 20
-54.13543689715876
 30
0.0
 10
-79.06658474138672
 20
-54.1550362950646
 30
0.0
 10
-79.23081478590632
 20
-54.13380888100888
 30
0.0
 10
-79.30310651489657
 20
-54.12446487535772
 30
0.0
  0
SPLINE
  5
194
330
1F
100
AcDbEntity
  8
0
  6
Continuous
 62
     7
100
AcDbSpline
210
0.0
220
0.0
230
1.0
 70
     8
 71
     3
 72
     9
 73
     5
 74
     0
 42
0.00000001
 43
0.00000001
 40
0.0
 40
0.0
 40
0.0
 40
0.0
 40
0.5560269286529143
 40
1.0
 40
1.0
 40
1.0
 40
1.0
 10
-79.30307388305664
 20
-54.12446487535772
 30
0.0
 10
-79.30388111203847
 20
-54.3272734233551
 30
0.0
 10
-79.30533289241139
 20
-54.69201933321367
 30
0.0
 10
-79.61924476378374
 20
-54.86366314490122
 30
0.0
 10
-79.75861318144925
 20
-54.93986837515386
 30
0.0
  0
SPLINE
  5
195
330
1F
100
AcDbEntity
  8
0
  6
Continuous
 62
     7
100
AcDbSpline
210
0.0
220
0.0
230
1.0
 70
     8
 71
     3
 72
     9
 73
     5
 74
     0
 42
0.00000001
 43
0.00000001
 40
0.0
 40
0.0
 40
0.0
 40
0.0
 40
0.5600920626219547
 40
1.0
 40
1.0
 40
1.0
 40
1.0
 10
-79.75859642028809
 20
-54.93986837515386
 30
0.0
 10
-79.77335991654228
 20
-54.93527550611863
 30
0.0
 10
-79.79971896934707
 20
-54.92707530236333
 30
0.0
 10
-79.82585550982002
 20
-54.9181925319337
 30
0.0
 10
-79.83735318142968
 20
-54.91428493071579
 30
0.0
  0
SPLINE
  5
196
330
1F
100
AcDbEntity
  8
0
  6
Continuous
 62
     7
100
AcDbSpline
210
0.0
220
0.0
230
1.0
 70
     8
 71
     3
 72
     9
 73
     5
 74
     0
 42
0.00000001
 43
0.00000001
 40
0.0
 40
0.0
 40
0.0
 40
0.0
 40
0.5560289281489708
 40
1.0
 40
1.0
 40
1.0
 40
1.0
 10
-79.83732223510742
 20
-54.91428493071579
 30
0.0
 10
-79.91381429350547
 20
-54.72644570234975
 30
0.0
 10
-80.05138278054926
 20
-54.38862294015757
 30
0.0
 10
-79.82644626509826
 20
-54.11039332943912
 30
0.0
 10
-79.72658095923504
 20
-53.98686743094775
 30
0.0
  0
SPLINE
  5
197
330
1F
100
AcDbEntity
  8
0
  6
Continuous
 62
     7
100
AcDbSpline
210
0.0
220
0.0
230
1.0
 70
     8
 71
     3
 72
     9
 73
     5
 74
     0
 42
0.00000001
 43
0.00000001
 40
0.0
 40
0.0
 40
0.0
 40
0.0
 40
0.5598279672276658
 40
0.9999999999999999
 40
0.9999999999999999
 40
0.9999999999999999
 40
0.9999999999999999
 10
-79.72655296325684
 20
-53.98686743094775
 30
0.0
 10
-79.80757210341784
 20
-53.94157614746334
 30
0.0
 10
-79.95229359806235
 20
-53.86067400227631
 30
0.0
 10
-80.07268046961103
 20
-53.74696419633592
 30
0.0
 10
-80.1256714035797
 20
-53.696912319909
 30
0.0
  0
SPLINE
  5
198
330
1F
100
AcDbEntity
  8
0
  6
Continuous
 62
     7
100
AcDbSpline
210
0.0
220
0.0
230
1.0
 70
     8
 71
     3
 72
     9
 73
     5
 74
     0
 42
0.00000001
 43
0.00000001
 40
0.0
 40
0.0
 40
0.0
 40
0.0
 40
0.5560256339433017
 40
1.0
 40
1.0
 40
1.0
 40
1.0
 10
-80.12566566467285
 20
-53.696912319909
 30
0.0
 10
-80.24551985875034
 20
-53.86052122743321
 30
0.0
 10
-80.46107501801067
 20
-54.15476828644719
 30
0.0
 10
-80.81592826784193
 20
-54.10911172035414
 30
0.0
 10
-80.97347401447891
 20
-54.08884137536665
 30
0.0
  0
SPLINE
  5
199
330
1F
100
AcDbEntity
  8
0
  6
Continuous
 62
     7
100
AcDbSpline
210
0.0
220
0.0
230
1.0
 70
     8
 71
     3
 72
     9
 73
     5
 74
     0
 42
0.00000001
 43
0.00000001
 40
0.0
 40
0.0
 40
0.0
 40
0.0
 40
0.5601041753563645
 40
1.0
 40
1.0
 40
1.0
 40
1.0
 10
-80.97343444824219
 20
-54.08884137536665
 30
0.0
 10
-80.98268909699766
 20
-54.07645392038148
 30
0.0
 10
-80.99921218174276
 20
-54.05433757929675
 30
0.0
 10
-81.01513277752362
 20
-54.03178414713417
 30
0.0
 10
-81.02213618113346
 20
-54.02186298649448
 30
0.0
  0
SPLINE
  5
19A
330
1F
100
AcDbEntity
  8
0
  6
Continuous
 62
     7
100
AcDbSpline
210
0.0
220
0.0
230
1.0
 70
     8
 71
     3
 72
     9
 73
     5
 74
     0
 42
0.00000001
 43
0.00000001
 40
0.0
 40
0.0
 40
0.0
 40
0.0
 40
0.5560194224011529
 40
1.0
 40
1.0
 40
1.0
 40
1.0
 10
-81.02211952209473
 20
-54.02186298649448
 30
0.0
 10
-80.97358942193941
 20
-53.82494588650321
 30
0.0
 10
-80.88630811808538
 20
-53.47079081195402
 30
0.0
 10
-80.54079732037968
 20
-53.37791283697609
 30
0.0
 10
-80.38739723684768
 20
-53.3366768199992
 30
0.0
  0
SPLINE
  5
19B
330
1F
100
AcDbEntity
  8
0
  6
Continuous
 62
     7
100
AcDbSpline
210
0.0
220
0.0
230
1.0
 70
     8
 71
     3
 72
     9
 73
     5
 74
     0
 42
0.00000001
 43
0.00000001
 40
0.0
 40
0.0
 40
0.0
 40
0.0
 40
0.5598167094333553
 40
1.0
 40
1.0
 40
1.0
 40
1.0
 10
-80.38735389709473
 20
-53.33667681999918
 30
0.0
 10
-80.42628708037977
 20
-53.25242036188027
 30
0.0
 10
-80.49583338478435
 20
-53.10191313924985
 30
0.0
 10
-80.52638934640862
 20
-52.93915921248549
 30
0.0
 10
-80.53983957014282
 20
-52.86751765344972
 30
0.0
  0
SPLINE
  5
19C
330
1F
100
AcDbEntity
  8
0
  6
Continuous
 62
     7
100
AcDbSpline
210
0.0
220
0.0
230
1.0
 70
     8
 71
     3
 72
     9
 73
     5
 74
     0
 42
0.00000001
 43
0.00000001
 40
0.0
 40
0.0
 40
0.0
 40
0.0
 40
0.5560411291730855
 40
1.0
 40
1.0
 40
1.0
 40
1.0
 10
-80.53979873657227
 20
-52.86751765344972
 30
0.0
 10
-80.73294139679996
 20
-52.92943615733238
 30
0.0
 10
-81.08029458722841
 20
-53.04079213557584
 30
0.0
 10
-81.34055171877766
 20
-52.79527434393069
 30
0.0
 10
-81.4560951810249
 20
-52.68627454238398
 30
0.0
  0
SPLINE
  5
19D
330
1F
100
AcDbEntity
  8
0
  6
Continuous
 62
     7
100
AcDbSpline
210
0.0
220
0.0
230
1.0
 70
     8
 71
     3
 72
     9
 73
     5
 74
     0
 42
0.00000001
 43
0.00000001
 40
0.0
 40
0.0
 40
0.0
 40
0.0
 40
0.5599983041620997
 40
1.0
 40
1.0
 40
1.0
 40
1.0
 10
-81.45608901977539
 20
-52.68627454238398
 30
0.0
 10
-81.45628509445567
 20
-52.67082028622229
 30
0.0
 10
-81.45663522887362
 20
-52.64322331664786
 30
0.0
 10
-81.456260196087
 20
-52.61562705530531
 30
0.0
 10
-81.4560951810249
 20
-52.6034846535158
 30
0.0
  0
SPLINE
  5
19E
330
1F
100
AcDbEntity
  8
0
  6
Continuous
 62
     7
100
AcDbSpline
210
0.0
220
0.0
230
1.0
 70
     8
 71
     3
 72
     9
 73
     5
 74
     0
 42
0.00000001
 43
0.00000001
 40
0.0
 40
0.0
 40
0.0
 40
0.0
 40
0.5560238321919059
 40
1.0
 40
1.0
 40
1.0
 40
1.0
 10
-81.45608901977539
 20
-52.6034846535158
 30
0.0
 10
-81.30107876077945
 20
-52.47270429304319
 30
0.0
 10
-81.02229528060941
 20
-52.23749789917868
 30
0.0
 10
-80.6881791634446
 20
-52.36543882188219
 30
0.0
 10
-80.53983957014282
 20
-52.42224154244995
 30
0.0
  0
SPLINE
  5
19F
330
1F
100
AcDbEntity
  8
0
  6
Continuous
 62
     7
100
AcDbSpline
210
0.0
220
0.0
230
1.0
 70
     8
 71
     3
 72
     9
 73
     5
 74
     0
 42
0.00000001
 43
0.00000001
 40
0.0
 40
0.0
 40
0.0
 40
0.0
 40
0.5597871283627752
 40
1.0
 40
1.0
 40
1.0
 40
1.0
 10
-80.53979873657227
 20
-52.42224154244995
 30
0.0
 10
-80.5217719733548
 20
-52.33120226370076
 30
0.0
 10
-80.48956908353456
 20
-52.16857030212735
 30
0.0
 10
-80.41862689943179
 20
-52.01894802720505
 30
0.0
 10
-80.38739723684768
 20
-51.95308237590061
 30
0.0
  0
SPLINE
  5
1A0
330
1F
100
AcDbEntity
  8
0
  6
Continuous
 62
     7
100
AcDbSpline
210
0.0
220
0.0
230
1.0
 70
     8
 71
     3
 72
     9
 73
     5
 74
     0
 42
0.00000001
 43
0.00000001
 40
0.0
 40
0.0
 40
0.0
 40
0.0
 40
0.5560434092531801
 40
1.0
 40
1.0
 40
1.0
 40
1.0
 10
-80.38735389709473
 20
-51.95308237590061
 30
0.0
 10
-80.58001150672605
 20
-51.88966051904374
 30
0.0
 10
-80.92649094776476
 20
-51.7756013362507
 30
0.0
 10
-80.99272925020514
 20
-51.42399441807947
 30
0.0
 10
-81.02213618113346
 20
-51.26789620940519
 30
0.0
  0
SPLINE
  5
1A1
330
1F
100
AcDbEntity
  8
0
  6
Continuous
 62
     7
100
AcDbSpline
210
0.0
220
0.0
230
1.0
 70
     8
 71
     3
 72
     9
 73
     5
 74
     0
 42
0.00000001
 43
0.00000001
 40
0.0
 40
0.0
 40
0.0
 40
0.0
 40
0.5599689407734644
 40
1.0
 40
1.0
 40
1.0
 40
1.0
 10
-81.02211952209473
 20
-51.26789620940519
 30
0.0
 10
-81.01319756818197
 20
-51.25527923538756
 30
0.0
 10
-80.99726462393609
 20
-51.23274767497603
 30
0.0
 10
-80.98074372370635
 20
-51.21064408614087
 30
0.0
 10
-80.97347401447892
 20
-51.20091782053302
 30
0.0
  0
SPLINE
  5
1A2
330
1F
100
AcDbEntity
  8
0
  6
Continuous
 62
     7
100
AcDbSpline
210
0.0
220
0.0
230
1.0
 70
     8
 71
     3
 72
     9
 73
     5
 74
     0
 42
0.00000001
 43
0.00000001
 40
0.0
 40
0.0
 40
0.0
 40
0.0
 40
0.5560058216197817
 40
1.0
 40
1.0
 40
1.0
 40
1.0
 10
-80.97343444824219
 20
-51.20091782053301
 30
0.0
 10
-80.77117007174047
 20
-51.18623039661752
 30
0.0
 10
-80.40738903090084
 20
-51.15981444314298
 30
0.0
 10
-80.21229293457367
 20
-51.45970449456199
 30
0.0
 10
-80.1256714035797
 20
-51.59285393154617
 30
0.0
  0
SPLINE
  5
1A3
330
1F
100
AcDbEntity
  8
0
  6
Continuous
 62
     7
100
AcDbSpline
210
0.0
220
0.0
230
1.0
 70
     8
 71
     3
 72
     9
 73
     5
 74
     0
 42
0.00000001
 43
0.00000001
 40
0.0
 40
0.0
 40
0.0
 40
0.0
 40
0.559789813379855
 40
1.0
 40
1.0
 40
1.0
 40
1.0
 10
-80.12566566467285
 20
-51.59285393154617
 30
0.0
 10
-80.05756066105506
 20
-51.52980573663108
 30
0.0
 10
-79.93589891946927
 20
-51.41717740112348
 30
0.0
 10
-79.79056043889274
 20
-51.33782395866545
 30
0.0
 10
-79.72658095923505
 20
-51.30289176495205
 30
0.0
  0
SPLINE
  5
1A4
330
1F
100
AcDbEntity
  8
0
  6
Continuous
 62
     7
100
AcDbSpline
210
0.0
220
0.0
230
1.0
 70
     8
 71
     3
 72
     9
 73
     5
 74
     0
 42
0.00000001
 43
0.00000001
 40
0.0
 40
0.0
 40
0.0
 40
0.0
 40
0.5560285458194206
 40
0.9999999999999999
 40
0.9999999999999999
 40
0.9999999999999999
 40
0.9999999999999999
 10
-79.72655296325684
 20
-51.30289176495204
 30
0.0
 10
-79.84513247452037
 20
-51.13835083458027
 30
0.0
 10
-80.05839402764585
 20
-50.84242910248775
 30
0.0
 10
-79.90531562323818
 20
-50.51904678356996
 30
0.0
 10
-79.83735318142968
 20
-50.37547426518374
 30
0.0
  0
SPLINE
  5
1A5
330
1F
100
AcDbEntity
  8
0
  6
Continuous
 62
     7
100
AcDbSpline
210
0.0
220
0.0
230
1.0
 70
     8
 71
     3
 72
     9
 73
     5
 74
     0
 42
0.00000001
 43
0.00000001
 40
0.0
 40
0.0
 40
0.0
 40
0.0
 40
0.5598264404358723
 40
1.0
 40
1.0
 40
1.0
 40
1.0
 10
-79.83732223510742
 20
-50.37547426518374
 30
0.0
 10
-79.82269413226423
 20
-50.37051584409451
 30
0.0
 10
-79.79656442172075
 20
-50.36165877566921
 30
0.0
 10
-79.77021256987659
 20
-50.35348756960502
 30
0.0
 10
-79.75861318144925
 20
-50.3498908207458
 30
0.0
  0
SPLINE
  5
1A6
330
1F
100
AcDbEntity
  8
0
  6
Continuous
 62
     7
100
AcDbSpline
210
0.0
220
0.0
230
1.0
 70
     8
 71
     3
 72
     9
 73
     5
 74
     0
 42
0.00000001
 43
0.00000001
 40
0.0
 40
0.0
 40
0.0
 40
0.0
 40
0.5560197191896161
 40
1.0
 40
1.0
 40
1.0
 40
1.0
 10
-79.75859642028809
 20
-50.3498908207458
 30
0.0
 10
-79.58632303307108
 20
-50.4569040985954
 30
0.0
 10
-79.2764898000554
 20
-50.64936719685667
 30
0.0
 10
-79.29492267978019
 20
-51.00666232792016
 30
0.0
 10
-79.30310651489656
 20
-51.16529432054192
 30
0.0
  0
SPLINE
  5
1A7
330
1F
100
AcDbEntity
  8
0
  6
Continuous
 62
     7
100
AcDbSpline
210
0.0
220
0.0
230
1.0
 70
     8
 71
     3
 72
     9
 73
     5
 74
     0
 42
0.00000001
 43
0.00000001
 40
0.0
 40
0.0
 40
0.0
 40
0.0
 40
0.5597698526387617
 40
1.0
 40
1.0
 40
1.0
 40
1.0
 10
-79.30307388305664
 20
-51.16529432054192
 30
0.0
 10
-79.21092597949018
 20
-51.15432306668006
 30
0.0
 10
-79.0463084976232
 20
-51.13472348694182
 30
0.0
 10
-78.88209497882241
 20
-51.15594984000498
 30
0.0
 10
-78.80980323724206
 20
-51.16529432054192
 30
0.0
  0
SPLINE
  5
1A8
330
1F
100
AcDbEntity
  8
0
  6
Continuous
 62
     7
100
AcDbSpline
210
0.0
220
0.0
230
1.0
 70
     8
 71
     3
 72
     9
 73
     5
 74
     0
 42
0.00000001
 43
0.00000001
 40
0.0
 40
0.0
 40
0.0
 40
0.0
 40
0.556021710343199
 40
1.0
 40
1.0
 40
1.0
 40
1.0
 10
-78.80978584289551
 20
-51.16529432054192
 30
0.0
 10
-78.8089976516766
 20
-50.96248530506357
 30
0.0
 10
-78.80758009692246
 20
-50.59773513127421
 30
0.0
 10
-78.49366223192703
 20
-50.42609521653054
 30
0.0
 10
-78.35428951513364
 20
-50.3498908207458
 30
0.0
  0
SPLINE
  5
1A9
330
1F
100
AcDbEntity
  8
0
  6
Continuous
 62
     7
100
AcDbSpline
210
0.0
220
0.0
230
1.0
 70
     8
 71
     3
 72
     9
 73
     5
 74
     0
 42
0.00000001
 43
0.00000001
 40
0.0
 40
0.0
 40
0.0
 40
0.0
 40
0.5598479828297308
 40
1.0
 40
1.0
 40
1.0
 40
1.0
 10
-78.35426330566406
 20
-50.3498908207458
 30
0.0
 10
-78.33951534182829
 20
-50.3544850842005
 30
0.0
 10
-78.31317254112507
 20
-50.36269135375149
 30
0.0
 10
-78.28704819763698
 20
-50.37156743855354
 30
0.0
 10
-78.27554951515346
 20
-50.37547426518374
 30
0.0
  0
SPLINE
  5
1AA
330
1F
100
AcDbEntity
  8
0
  6
Continuous
 62
     7
100
AcDbSpline
210
0.0
220
0.0
230
1.0
 70
     8
 71
     3
 72
     9
 73
     5
 74
     0
 42
0.00000001
 43
0.00000001
 40
0.0
 40
0.0
 40
0.0
 40
0.0
 40
0.5560253614382517
 40
1.0
 40
1.0
 40
1.0
 40
1.0
 10
-78.27553749084473
 20
-50.37547426518374
 30
0.0
 10
-78.19906560425089
 20
-50.56331409526125
 30
0.0
 10
-78.06153251332132
 20
-50.90114010663532
 30
0.0
 10
-78.286459749128
 20
-51.17936636323833
 30
0.0
 10
-78.38632173734797
 20
-51.30289176495204
 30
0.0
  0
SPLINE
  5
1AB
330
1F
100
AcDbEntity
  8
0
  6
Continuous
 62
     7
100
AcDbSpline
210
0.0
220
0.0
230
1.0
 70
     8
 71
     3
 72
     9
 73
     5
 74
     0
 42
0.00000001
 43
0.00000001
 40
0.0
 40
0.0
 40
0.0
 40
0.0
 40
0.5597880567464812
 40
1.0
 40
1.0
 40
1.0
 40
1.0
 10
-78.38630676269531
 20
-51.30289176495204
 30
0.0
 10
-78.30530424217213
 20
-51.34818589464987
 30
0.0
 10
-78.1606021186685
 20
-51.42909889226021
 30
0.0
 10
-78.04022342963087
 20
-51.54280093455548
 30
0.0
 10
-77.9872312930033
 20
-51.59285393154617
 30
0.0
  0
SPLINE
  5
1AC
330
1F
100
AcDbEntity
  8
0
  6
Continuous
 62
     7
100
AcDbSpline
210
0.0
220
0.0
230
1.0
 70
     8
 71
     3
 72
     9
 73
     5
 74
     0
 42
0.00000001
 43
0.00000001
 40
0.0
 40
0.0
 40
0.0
 40
0.0
 40
0.5560166977521401
 40
1.0
 40
1.0
 40
1.0
 40
1.0
 10
-77.9871940612793
 20
-57.11024898572238
 30
0.0
 10
-77.86735592467026
 20
-56.94663793526578
 30
0.0
 10
-77.65182618052138
 20
-56.6523822930916
 30
0.0
 10
-77.29698105034284
 20
-56.69804111858839
 30
0.0
 10
-77.1394357376596
 20
-56.71831287470922
 30
0.0
  0
SPLINE
  5
1AD
330
1F
100
AcDbEntity
  8
0
  6
Continuous
 62
     7
100
AcDbSpline
210
0.0
220
0.0
230
1.0
 70
     8
 71
     3
 72
     9
 73
     5
 74
     0
 42
0.00000001
 43
0.00000001
 40
0.0
 40
0.0
 40
0.0
 40
0.0
 40
0.5599435854762118
 40
1.0
 40
1.0
 40
1.0
 40
1.0
 10
-77.13942527770996
 20
-56.71831287470922
 30
0.0
 10
-77.13018926586057
 20
-56.73070264053906
 30
0.0
 10
-77.1136947258945
 20
-56.75282945143788
 30
0.0
 10
-77.0977729812922
 20
-56.77537149341355
 30
0.0
 10
-77.09076651544954
 20
-56.78529126358141
 30
0.0
  0
SPLINE
  5
1AE
330
1F
100
AcDbEntity
  8
0
  6
Continuous
 62
     7
100
AcDbSpline
210
0.0
220
0.0
230
1.0
 70
     8
 71
     3
 72
     9
 73
     5
 74
     0
 42
0.00000001
 43
0.00000001
 40
0.0
 40
0.0
 40
0.0
 40
0.0
 40
0.5560307066384166
 40
0.9999999999999999
 40
0.9999999999999999
 40
0.9999999999999999
 40
0.9999999999999999
 10
-77.09074020385742
 20
-56.78529126358141
 30
0.0
 10
-77.13928872537804
 20
-56.98220798048249
 30
0.0
 10
-77.22660138804393
 20
-57.33635517873989
 30
0.0
 10
-77.57211016997235
 20
-57.4292395994499
 30
0.0
 10
-77.72550545973533
 20
-57.47047743007683
 30
0.0
  0
SPLINE
  5
1AF
330
1F
100
AcDbEntity
  8
0
  6
Continuous
 62
     7
100
AcDbSpline
210
0.0
220
0.0
230
1.0
 70
     8
 71
     3
 72
     9
 73
     5
 74
     0
 42
0.00000001
 43
0.00000001
 40
0.0
 40
0.0
 40
0.0
 40
0.0
 40
0.5597873233599507
 40
1.0
 40
1.0
 40
1.0
 40
1.0
 10
-77.7254581451416
 20
-57.47047743007683
 30
0.0
 10
-77.68656301239254
 20
-57.55473696268763
 30
0.0
 10
-77.6170810303505
 20
-57.70525757845479
 30
0.0
 10
-77.5865224544758
 20
-57.86799675022639
 30
0.0
 10
-77.57307018199569
 20
-57.93963659662615
 30
0.0
  0
SPLINE
  5
1B0
330
1F
100
AcDbEntity
  8
0
  6
Continuous
 62
     7
100
AcDbSpline
210
0.0
220
0.0
230
1.0
 70
     8
 71
     3
 72
     9
 73
     5
 74
     0
 42
0.00000001
 43
0.00000001
 40
0.0
 40
0.0
 40
0.0
 40
0.0
 40
0.5560217441448729
 40
1.0
 40
1.0
 40
1.0
 40
1.0
 10
-77.57306098937988
 20
-57.93963659662615
 30
0.0
 10
-77.3799339579225
 20
-57.87772171413798
 30
0.0
 10
-77.03259676564343
 20
-57.7663683666472
 30
0.0
 10
-76.77235098385165
 20
-58.0118785324736
 30
0.0
 10
-76.6568075155581
 20
-58.12087970769191
 30
0.0
  0
SPLINE
  5
1B1
330
1F
100
AcDbEntity
  8
0
  6
Continuous
 62
     7
100
AcDbSpline
210
0.0
220
0.0
230
1.0
 70
     8
 71
     3
 72
     9
 73
     5
 74
     0
 42
0.00000001
 43
0.00000001
 40
0.0
 40
0.0
 40
0.0
 40
0.0
 40
0.5599967852339693
 40
1.0
 40
1.0
 40
1.0
 40
1.0
 10
-76.65677070617676
 20
-58.12087970769191
 30
0.0
 10
-76.6565958108602
 20
-58.13633399052742
 30
0.0
 10
-76.65628349600199
 20
-58.1639310825876
 30
0.0
 10
-76.6566473976591
 20
-58.19152721123865
 30
0.0
 10
-76.6568075155581
 20
-58.2036695965602
 30
0.0
  0
SPLINE
  5
1B2
330
1F
100
AcDbEntity
  8
0
  6
Continuous
 62
     7
100
AcDbSpline
210
0.0
220
0.0
230
1.0
 70
     8
 71
     3
 72
     9
 73
     5
 74
     0
 42
0.00000001
 43
0.00000001
 40
0.0
 40
0.0
 40
0.0
 40
0.0
 40
0.5560376120976569
 40
1.0
 40
1.0
 40
1.0
 40
1.0
 10
-76.65677070617676
 20
-58.2036695965602
 30
0.0
 10
-76.81179616984133
 20
-58.33445152478055
 30
0.0
 10
-77.09060008578462
 20
-58.56965490918287
 30
0.0
 10
-77.42472935414595
 20
-58.44171376396696
 30
0.0
 10
-77.57307018199569
 20
-58.38491270762594
 30
0.0
  0
SPLINE
  5
1B3
330
1F
100
AcDbEntity
  8
0
  6
Continuous
 62
     7
100
AcDbSpline
210
0.0
220
0.0
230
1.0
 70
     8
 71
     3
 72
     9
 73
     5
 74
     0
 42
0.00000001
 43
0.00000001
 40
0.0
 40
0.0
 40
0.0
 40
0.0
 40
0.5597966617077542
 40
1.0
 40
1.0
 40
1.0
 40
1.0
 10
-77.57306098937988
 20
-58.38491270762594
 30
0.0
 10
-77.59110594851799
 20
-58.47595109098516
 30
0.0
 10
-77.6233407944405
 20
-58.63857868344255
 30
0.0
 10
-77.69427846176737
 20
-58.78820560417185
 30
0.0
 10
-77.72550545973533
 20
-58.85407187417528
 30
0.0
  0
SPLINE
  5
1B4
330
1F
100
AcDbEntity
  8
0
  6
Continuous
 62
     7
100
AcDbSpline
210
0.0
220
0.0
230
1.0
 70
     8
 71
     3
 72
     9
 73
     5
 74
     0
 42
0.00000001
 43
0.00000001
 40
0.0
 40
0.0
 40
0.0
 40
0.0
 40
0.5560050798268736
 40
1.0
 40
1.0
 40
1.0
 40
1.0
 10
-77.7254581451416
 20
-58.85407187417528
 30
0.0
 10
-77.53284138728354
 20
-58.91750301337284
 30
0.0
 10
-77.18641153466773
 20
-59.03158675378995
 30
0.0
 10
-77.12017513876218
 20
-59.38316090393996
 30
0.0
 10
-77.09076651544954
 20
-59.53925804067074
 30
0.0
  0
SPLINE
  5
1B5
330
1F
100
AcDbEntity
  8
0
  6
Continuous
 62
     7
100
AcDbSpline
210
0.0
220
0.0
230
1.0
 70
     8
 71
     3
 72
     9
 73
     5
 74
     0
 42
0.00000001
 43
0.00000001
 40
0.0
 40
0.0
 40
0.0
 40
0.0
 40
0.5600985014289478
 40
1.0
 40
1.0
 40
1.0
 40
1.0
 10
-77.09074020385742
 20
-59.53925804067073
 30
0.0
 10
-77.09968021212131
 20
-59.551873196742
 30
0.0
 10
-77.11564170503922
 20
-59.57439629944461
 30
0.0
 10
-77.13216646915953
 20
-59.59650901349474
 30
0.0
 10
-77.1394357376596
 20
-59.60623642954286
 30
0.0
  0
SPLINE
  5
1B6
330
1F
100
AcDbEntity
  8
0
  6
Continuous
 62
     7
100
AcDbSpline
210
0.0
220
0.0
230
1.0
 70
     8
 71
     3
 72
     9
 73
     5
 74
     0
 42
0.00000001
 43
0.00000001
 40
0.0
 40
0.0
 40
0.0
 40
0.0
 40
0.5560276034487589
 40
1.0
 40
1.0
 40
1.0
 40
1.0
 10
-77.13942527770996
 20
-59.60623642954286
 30
0.0
 10
-77.34170596509438
 20
-59.62092845523165
 30
0.0
 10
-77.70550208983667
 20
-59.64735165004726
 30
0.0
 10
-77.90060914578835
 20
-59.34745375934221
 30
0.0
 10
-77.9872312930033
 20
-59.21430737408522
 30
0.0
  0
SPLINE
  5
1B7
330
1F
100
AcDbEntity
  8
0
  6
Continuous
 62
     7
100
AcDbSpline
210
0.0
220
0.0
230
1.0
 70
     8
 71
     3
 72
     9
 73
     5
 74
     0
 42
0.00000001
 43
0.00000001
 40
0.0
 40
0.0
 40
0.0
 40
0.0
 40
0.5598204875491727
 40
1.0
 40
1.0
 40
1.0
 40
1.0
 10
-77.9871940612793
 20
-59.21430737408522
 30
0.0
 10
-78.05531608770295
 20
-59.27735143394804
 30
0.0
 10
-78.17700157070823
 20
-59.38996621183664
 30
0.0
 10
-78.32234467886254
 20
-59.46932873039707
 30
0.0
 10
-78.38632173734797
 20
-59.50426248512386
 30
0.0
  0
SPLINE
  5
1B8
330
1F
100
AcDbEntity
  8
0
  6
Continuous
 62
     7
100
AcDbSpline
210
0.0
220
0.0
230
1.0
 70
     8
 71
     3
 72
     9
 73
     5
 74
     0
 42
0.00000001
 43
0.00000001
 40
0.0
 40
0.0
 40
0.0
 40
0.0
 40
0.5560201900731674
 40
1.0
 40
1.0
 40
1.0
 40
1.0
 10
-78.38630676269531
 20
-59.50426248512385
 30
0.0
 10
-78.26774822485069
 20
-59.66880512875426
 30
0.0
 10
-78.05452118748536
 20
-59.96473438918051
 30
0.0
 10
-78.20759003661234
 20
-60.28810843672703
 30
0.0
 10
-78.27554951515346
 20
-60.43167998489201
 30
0.0
  0
SPLINE
  5
1B9
330
1F
100
AcDbEntity
  8
0
  6
Continuous
 62
     7
100
AcDbSpline
210
0.0
220
0.0
230
1.0
 70
     8
 71
     3
 72
     9
 73
     5
 74
     0
 42
0.00000001
 43
0.00000001
 40
0.0
 40
0.0
 40
0.0
 40
0.0
 40
0.560076701343162
 40
0.9999999999999999
 40
0.9999999999999999
 40
0.9999999999999999
 40
0.9999999999999999
 10
-78.27553749084473
 20
-60.43167998489201
 30
0.0
 10
-78.2901813184502
 20
-60.43663712025376
 30
0.0
 10
-78.31632742945668
 20
-60.4454879354187
 30
0.0
 10
-78.3426913932264
 20
-60.4536657973384
 30
0.0
 10
-78.35428951513364
 20
-60.45726342933008
 30
0.0
  0
SPLINE
  5
1BA
330
1F
100
AcDbEntity
  8
0
  6
Continuous
 62
     7
100
AcDbSpline
210
0.0
220
0.0
230
1.0
 70
     8
 71
     3
 72
     9
 73
     5
 74
     0
 42
0.00000001
 43
0.00000001
 40
0.0
 40
0.0
 40
0.0
 40
0.0
 40
0.5560348801079792
 40
1.0
 40
1.0
 40
1.0
 40
1.0
 10
-78.35426330566406
 20
-60.45726342933008
 30
0.0
 10
-78.52655673149833
 20
-60.35025377520478
 30
0.0
 10
-78.83641755497909
 20
-60.15780244174797
 30
0.0
 10
-78.81798614180269
 20
-59.80049290212932
 30
0.0
 10
-78.80980323724206
 20
-59.64185992953396
 30
0.0
  0
SPLINE
  5
1BB
330
1F
100
AcDbEntity
  8
0
  6
Continuous
 62
     7
100
AcDbSpline
210
0.0
220
0.0
230
1.0
 70
     8
 71
     3
 72
     9
 73
     5
 74
     0
 42
0.00000001
 43
0.00000001
 40
0.0
 40
0.0
 40
0.0
 40
0.0
 40
0.5598142276481501
 40
1.0
 40
1.0
 40
1.0
 40
1.0
 10
-78.80978584289551
 20
-59.64185992953396
 30
0.0
 10
-78.9019504574192
 20
-59.65283195133498
 30
0.0
 10
-79.06658474138672
 20
-59.67243134924084
 30
0.0
 10
-79.23081478590632
 20
-59.65120393518512
 30
0.0
 10
-79.30310651489656
 20
-59.64185992953396
 30
0.0
  0
SPLINE
  5
1BC
330
1F
100
AcDbEntity
  8
0
  6
Continuous
 62
     7
100
AcDbSpline
210
0.0
220
0.0
230
1.0
 70
     8
 71
     3
 72
     9
 73
     5
 74
     0
 42
0.00000001
 43
0.00000001
 40
0.0
 40
0.0
 40
0.0
 40
0.0
 40
0.5560269286529216
 40
1.0
 40
1.0
 40
1.0
 40
1.0
 10
-79.30307388305664
 20
-59.64185992953396
 30
0.0
 10
-79.30388111203847
 20
-59.84466847753133
 30
0.0
 10
-79.30533289241139
 20
-60.20941438738991
 30
0.0
 10
-79.61924476378375
 20
-60.38105819907745
 30
0.0
 10
-79.75861318144925
 20
-60.45726342933008
 30
0.0
  0
SPLINE
  5
1BD
330
1F
100
AcDbEntity
  8
0
  6
Continuous
 62
     7
100
AcDbSpline
210
0.0
220
0.0
230
1.0
 70
     8
 71
     3
 72
     9
 73
     5
 74
     0
 42
0.00000001
 43
0.00000001
 40
0.0
 40
0.0
 40
0.0
 40
0.0
 40
0.5600920626219129
 40
1.0
 40
1.0
 40
1.0
 40
1.0
 10
-79.75859642028809
 20
-60.45726342933008
 30
0.0
 10
-79.77335991654228
 20
-60.45267056029486
 30
0.0
 10
-79.79971896934708
 20
-60.44447035653959
 30
0.0
 10
-79.82585550982002
 20
-60.43558758610993
 30
0.0
 10
-79.83735318142968
 20
-60.43167998489201
 30
0.0
  0
SPLINE
  5
1BE
330
1F
100
AcDbEntity
  8
0
  6
Continuous
 62
     7
100
AcDbSpline
210
0.0
220
0.0
230
1.0
 70
     8
 71
     3
 72
     9
 73
     5
 74
     0
 42
0.00000001
 43
0.00000001
 40
0.0
 40
0.0
 40
0.0
 40
0.0
 40
0.5560289281489328
 40
1.0
 40
1.0
 40
1.0
 40
1.0
 10
-79.83732223510742
 20
-60.43167998489201
 30
0.0
 10
-79.91381429350545
 20
-60.24384075652596
 30
0.0
 10
-80.05138278054925
 20
-59.90601799433377
 30
0.0
 10
-79.82644626509826
 20
-59.62778838361524
 30
0.0
 10
-79.72658095923504
 20
-59.50426248512385
 30
0.0
  0
SPLINE
  5
1BF
330
1F
100
AcDbEntity
  8
0
  6
Continuous
 62
     7
100
AcDbSpline
210
0.0
220
0.0
230
1.0
 70
     8
 71
     3
 72
     9
 73
     5
 74
     0
 42
0.00000001
 43
0.00000001
 40
0.0
 40
0.0
 40
0.0
 40
0.0
 40
0.5598279672276221
 40
1.0
 40
1.0
 40
1.0
 40
1.0
 10
-79.72655296325684
 20
-59.50426248512385
 30
0.0
 10
-79.80757210341784
 20
-59.45897120163949
 30
0.0
 10
-79.95229359806238
 20
-59.37806905645253
 30
0.0
 10
-80.07268046961104
 20
-59.26435925051216
 30
0.0
 10
-80.1256714035797
 20
-59.21430737408522
 30
0.0
  0
SPLINE
  5
1C0
330
1F
100
AcDbEntity
  8
0
  6
Continuous
 62
     7
100
AcDbSpline
210
0.0
220
0.0
230
1.0
 70
     8
 71
     3
 72
     9
 73
     5
 74
     0
 42
0.00000001
 43
0.00000001
 40
0.0
 40
0.0
 40
0.0
 40
0.0
 40
0.556025633943302
 40
1.0
 40
1.0
 40
1.0
 40
1.0
 10
-80.12566566467285
 20
-59.21430737408522
 30
0.0
 10
-80.24551985875033
 20
-59.37791628160942
 30
0.0
 10
-80.46107501801067
 20
-59.67216334062342
 30
0.0
 10
-80.81592826784194
 20
-59.62650677453036
 30
0.0
 10
-80.97347401447891
 20
-59.60623642954286
 30
0.0
  0
SPLINE
  5
1C1
330
1F
100
AcDbEntity
  8
0
  6
Continuous
 62
     7
100
AcDbSpline
210
0.0
220
0.0
230
1.0
 70
     8
 71
     3
 72
     9
 73
     5
 74
     0
 42
0.00000001
 43
0.00000001
 40
0.0
 40
0.0
 40
0.0
 40
0.0
 40
0.5601041753563919
 40
0.9999999999999999
 40
0.9999999999999999
 40
0.9999999999999999
 40
0.9999999999999999
 10
-80.97343444824219
 20
-59.60623642954286
 30
0.0
 10
-80.98268909699767
 20
-59.59384897455771
 30
0.0
 10
-80.99921218174273
 20
-59.57173263347296
 30
0.0
 10
-81.01513277752363
 20
-59.54917920131041
 30
0.0
 10
-81.02213618113346
 20
-59.53925804067073
 30
0.0
  0
SPLINE
  5
1C2
330
1F
100
AcDbEntity
  8
0
  6
Continuous
 62
     7
100
AcDbSpline
210
0.0
220
0.0
230
1.0
 70
     8
 71
     3
 72
     9
 73
     5
 74
     0
 42
0.00000001
 43
0.00000001
 40
0.0
 40
0.0
 40
0.0
 40
0.0
 40
0.5560194224011534
 40
1.0
 40
1.0
 40
1.0
 40
1.0
 10
-81.02211952209473
 20
-59.53925804067073
 30
0.0
 10
-80.97358942193941
 20
-59.34234094067944
 30
0.0
 10
-80.8863081180854
 20
-58.98818586613024
 30
0.0
 10
-80.54079732037968
 20
-58.89530789115224
 30
0.0
 10
-80.38739723684768
 20
-58.85407187417528
 30
0.0
  0
SPLINE
  5
1C3
330
1F
100
AcDbEntity
  8
0
  6
Continuous
 62
     7
100
AcDbSpline
210
0.0
220
0.0
230
1.0
 70
     8
 71
     3
 72
     9
 73
     5
 74
     0
 42
0.00000001
 43
0.00000001
 40
0.0
 40
0.0
 40
0.0
 40
0.0
 40
0.5598167094332975
 40
1.0
 40
1.0
 40
1.0
 40
1.0
 10
-80.38735389709473
 20
-58.85407187417528
 30
0.0
 10
-80.42628708037975
 20
-58.7698154160564
 30
0.0
 10
-80.49583338478435
 20
-58.61930819342601
 30
0.0
 10
-80.52638934640862
 20
-58.45655426666171
 30
0.0
 10
-80.53983957014282
 20
-58.38491270762594
 30
0.0
  0
SPLINE
  5
1C4
330
1F
100
AcDbEntity
  8
0
  6
Continuous
 62
     7
100
AcDbSpline
210
0.0
220
0.0
230
1.0
 70
     8
 71
     3
 72
     9
 73
     5
 74
     0
 42
0.00000001
 43
0.00000001
 40
0.0
 40
0.0
 40
0.0
 40
0.0
 40
0.5560411291730826
 40
0.9999999999999999
 40
0.9999999999999999
 40
0.9999999999999999
 40
0.9999999999999999
 10
-80.53979873657227
 20
-58.38491270762594
 30
0.0
 10
-80.73294139679997
 20
-58.4468312115086
 30
0.0
 10
-81.08029458722841
 20
-58.55818718975205
 30
0.0
 10
-81.34055171877765
 20
-58.31266939810691
 30
0.0
 10
-81.4560951810249
 20
-58.20366959656022
 30
0.0
  0
SPLINE
  5
1C5
330
1F
100
AcDbEntity
  8
0
  6
Continuous
 62
     7
100
AcDbSpline
210
0.0
220
0.0
230
1.0
 70
     8
 71
     3
 72
     9
 73
     5
 74
     0
 42
0.00000001
 43
0.00000001
 40
0.0
 40
0.0
 40
0.0
 40
0.0
 40
0.5599983041616169
 40
0.9999999999999999
 40
0.9999999999999999
 40
0.9999999999999999
 40
0.9999999999999999
 10
-81.45608901977539
 20
-58.2036695965602
 30
0.0
 10
-81.45628509445568
 20
-58.18821534039851
 30
0.0
 10
-81.4566352288736
 20
-58.16061837082403
 30
0.0
 10
-81.45626019608699
 20
-58.13302210948144
 30
0.0
 10
-81.4560951810249
 20
-58.12087970769191
 30
0.0
  0
SPLINE
  5
1C6
330
1F
100
AcDbEntity
  8
0
  6
Continuous
 62
     7
100
AcDbSpline
210
0.0
220
0.0
230
1.0
 70
     8
 71
     3
 72
     9
 73
     5
 74
     0
 42
0.00000001
 43
0.00000001
 40
0.0
 40
0.0
 40
0.0
 40
0.0
 40
0.5560238321918826
 40
1.0
 40
1.0
 40
1.0
 40
1.0
 10
-81.45608901977539
 20
-58.12087970769191
 30
0.0
 10
-81.30107876077946
 20
-57.99009934721936
 30
0.0
 10
-81.02229528060941
 20
-57.75489295335492
 30
0.0
 10
-80.68817916344457
 20
-57.88283387605841
 30
0.0
 10
-80.53983957014282
 20
-57.93963659662615
 30
0.0
  0
SPLINE
  5
1C7
330
1F
100
AcDbEntity
  8
0
  6
Continuous
 62
     7
100
AcDbSpline
210
0.0
220
0.0
230
1.0
 70
     8
 71
     3
 72
     9
 73
     5
 74
     0
 42
0.00000001
 43
0.00000001
 40
0.0
 40
0.0
 40
0.0
 40
0.0
 40
0.55978712836285
 40
1.0
 40
1.0
 40
1.0
 40
1.0
 10
-80.53979873657227
 20
-57.93963659662615
 30
0.0
 10
-80.5217719733548
 20
-57.84859731787696
 30
0.0
 10
-80.48956908353458
 20
-57.68596535630353
 30
0.0
 10
-80.41862689943177
 20
-57.53634308138126
 30
0.0
 10
-80.38739723684768
 20
-57.47047743007683
 30
0.0
  0
SPLINE
  5
1C8
330
1F
100
AcDbEntity
  8
0
  6
Continuous
 62
     7
100
AcDbSpline
210
0.0
220
0.0
230
1.0
 70
     8
 71
     3
 72
     9
 73
     5
 74
     0
 42
0.00000001
 43
0.00000001
 40
0.0
 40
0.0
 40
0.0
 40
0.0
 40
0.5560434092531717
 40
0.9999999999999999
 40
0.9999999999999999
 40
0.9999999999999999
 40
0.9999999999999999
 10
-80.38735389709473
 20
-57.47047743007683
 30
0.0
 10
-80.58001150672601
 20
-57.40705557321994
 30
0.0
 10
-80.92649094776473
 20
-57.29299639042691
 30
0.0
 10
-80.99272925020516
 20
-56.9413894722557
 30
0.0
 10
-81.02213618113346
 20
-56.78529126358141
 30
0.0
  0
SPLINE
  5
1C9
330
1F
100
AcDbEntity
  8
0
  6
Continuous
 62
     7
100
AcDbSpline
210
0.0
220
0.0
230
1.0
 70
     8
 71
     3
 72
     9
 73
     5
 74
     0
 42
0.00000001
 43
0.00000001
 40
0.0
 40
0.0
 40
0.0
 40
0.0
 40
0.5599689407738375
 40
1.0
 40
1.0
 40
1.0
 40
1.0
 10
-81.02211952209473
 20
-56.78529126358141
 30
0.0
 10
-81.01319756818197
 20
-56.77267428956377
 30
0.0
 10
-80.99726462393609
 20
-56.75014272915222
 30
0.0
 10
-80.98074372370635
 20
-56.72803914031705
 30
0.0
 10
-80.97347401447891
 20
-56.71831287470922
 30
0.0
  0
SPLINE
  5
1CA
330
1F
100
AcDbEntity
  8
0
  6
Continuous
 62
     7
100
AcDbSpline
210
0.0
220
0.0
230
1.0
 70
     8
 71
     3
 72
     9
 73
     5
 74
     0
 42
0.00000001
 43
0.00000001
 40
0.0
 40
0.0
 40
0.0
 40
0.0
 40
0.5560058216197612
 40
1.0
 40
1.0
 40
1.0
 40
1.0
 10
-80.97343444824219
 20
-56.71831287470922
 30
0.0
 10
-80.77117007174046
 20
-56.70362545079372
 30
0.0
 10
-80.40738903090084
 20
-56.67720949731914
 30
0.0
 10
-80.21229293457368
 20
-56.97709954873817
 30
0.0
 10
-80.1256714035797
 20
-57.11024898572238
 30
0.0
  0
SPLINE
  5
1CB
330
1F
100
AcDbEntity
  8
0
  6
Continuous
 62
     7
100
AcDbSpline
210
0.0
220
0.0
230
1.0
 70
     8
 71
     3
 72
     9
 73
     5
 74
     0
 42
0.00000001
 43
0.00000001
 40
0.0
 40
0.0
 40
0.0
 40
0.0
 40
0.5597898133798359
 40
1.0
 40
1.0
 40
1.0
 40
1.0
 10
-80.12566566467285
 20
-57.11024898572238
 30
0.0
 10
-80.05756066105506
 20
-57.04720079080731
 30
0.0
 10
-79.93589891946925
 20
-56.93457245529972
 30
0.0
 10
-79.79056043889273
 20
-56.85521901284169
 30
0.0
 10
-79.72658095923505
 20
-56.82028681912827
 30
0.0
  0
SPLINE
  5
1CC
330
1F
100
AcDbEntity
  8
0
  6
Continuous
 62
     7
100
AcDbSpline
210
0.0
220
0.0
230
1.0
 70
     8
 71
     3
 72
     9
 73
     5
 74
     0
 42
0.00000001
 43
0.00000001
 40
0.0
 40
0.0
 40
0.0
 40
0.0
 40
0.5560285458194206
 40
0.9999999999999999
 40
0.9999999999999999
 40
0.9999999999999999
 40
0.9999999999999999
 10
-79.72655296325684
 20
-56.82028681912826
 30
0.0
 10
-79.84513247452037
 20
-56.65574588875648
 30
0.0
 10
-80.05839402764585
 20
-56.35982415666396
 30
0.0
 10
-79.90531562323818
 20
-56.03644183774617
 30
0.0
 10
-79.83735318142968
 20
-55.89286931935996
 30
0.0
  0
SPLINE
  5
1CD
330
1F
100
AcDbEntity
  8
0
  6
Continuous
 62
     7
100
AcDbSpline
210
0.0
220
0.0
230
1.0
 70
     8
 71
     3
 72
     9
 73
     5
 74
     0
 42
0.00000001
 43
0.00000001
 40
0.0
 40
0.0
 40
0.0
 40
0.0
 40
0.5598264404360145
 40
1.0
 40
1.0
 40
1.0
 40
1.0
 10
-79.83732223510742
 20
-55.89286931935996
 30
0.0
 10
-79.82269413226423
 20
-55.88791089827072
 30
0.0
 10
-79.79656442172073
 20
-55.87905382984538
 30
0.0
 10
-79.77021256987659
 20
-55.87088262378121
 30
0.0
 10
-79.75861318144925
 20
-55.86728587492201
 30
0.0
  0
SPLINE
  5
1CE
330
1F
100
AcDbEntity
  8
0
  6
Continuous
 62
     7
100
AcDbSpline
210
0.0
220
0.0
230
1.0
 70
     8
 71
     3
 72
     9
 73
     5
 74
     0
 42
0.00000001
 43
0.00000001
 40
0.0
 40
0.0
 40
0.0
 40
0.0
 40
0.5560197191896195
 40
1.0
 40
1.0
 40
1.0
 40
1.0
 10
-79.75859642028809
 20
-55.86728587492201
 30
0.0
 10
-79.58632303307108
 20
-55.9742991527716
 30
0.0
 10
-79.2764898000554
 20
-56.1667622510329
 30
0.0
 10
-79.29492267978021
 20
-56.52405738209639
 30
0.0
 10
-79.30310651489657
 20
-56.68268937471815
 30
0.0
  0
SPLINE
  5
1CF
330
1F
100
AcDbEntity
  8
0
  6
Continuous
 62
     7
100
AcDbSpline
210
0.0
220
0.0
230
1.0
 70
     8
 71
     3
 72
     9
 73
     5
 74
     0
 42
0.00000001
 43
0.00000001
 40
0.0
 40
0.0
 40
0.0
 40
0.0
 40
0.5597698526387617
 40
1.0
 40
1.0
 40
1.0
 40
1.0
 10
-79.30307388305664
 20
-56.68268937471814
 30
0.0
 10
-79.21092597949018
 20
-56.67171812085628
 30
0.0
 10
-79.0463084976232
 20
-56.65211854111804
 30
0.0
 10
-78.88209497882241
 20
-56.67334489418118
 30
0.0
 10
-78.80980323724206
 20
-56.68268937471814
 30
0.0
  0
SPLINE
  5
1D0
330
1F
100
AcDbEntity
  8
0
  6
Continuous
 62
     7
100
AcDbSpline
210
0.0
220
0.0
230
1.0
 70
     8
 71
     3
 72
     9
 73
     5
 74
     0
 42
0.00000001
 43
0.00000001
 40
0.0
 40
0.0
 40
0.0
 40
0.0
 40
0.5560217103431953
 40
1.0
 40
1.0
 40
1.0
 40
1.0
 10
-78.80978584289551
 20
-56.68268937471814
 30
0.0
 10
-78.80899765167659
 20
-56.47988035923981
 30
0.0
 10
-78.80758009692245
 20
-56.11513018545045
 30
0.0
 10
-78.49366223192705
 20
-55.94349027070675
 30
0.0
 10
-78.35428951513364
 20
-55.86728587492201
 30
0.0
  0
SPLINE
  5
1D1
330
1F
100
AcDbEntity
  8
0
  6
Continuous
 62
     7
100
AcDbSpline
210
0.0
220
0.0
230
1.0
 70
     8
 71
     3
 72
     9
 73
     5
 74
     0
 42
0.00000001
 43
0.00000001
 40
0.0
 40
0.0
 40
0.0
 40
0.0
 40
0.5598479828295817
 40
1.0
 40
1.0
 40
1.0
 40
1.0
 10
-78.35426330566406
 20
-55.86728587492201
 30
0.0
 10
-78.33951534182827
 20
-55.87188013837667
 30
0.0
 10
-78.31317254112507
 20
-55.88008640792764
 30
0.0
 10
-78.28704819763698
 20
-55.88896249272975
 30
0.0
 10
-78.27554951515346
 20
-55.89286931935996
 30
0.0
  0
SPLINE
  5
1D2
330
1F
100
AcDbEntity
  8
0
  6
Continuous
 62
     7
100
AcDbSpline
210
0.0
220
0.0
230
1.0
 70
     8
 71
     3
 72
     9
 73
     5
 74
     0
 42
0.00000001
 43
0.00000001
 40
0.0
 40
0.0
 40
0.0
 40
0.0
 40
0.5560253614382517
 40
1.0
 40
1.0
 40
1.0
 40
1.0
 10
-78.27553749084473
 20
-55.89286931935996
 30
0.0
 10
-78.19906560425089
 20
-56.08070914943747
 30
0.0
 10
-78.06153251332132
 20
-56.41853516081154
 30
0.0
 10
-78.286459749128
 20
-56.69676141741456
 30
0.0
 10
-78.38632173734797
 20
-56.82028681912826
 30
0.0
  0
SPLINE
  5
1D3
330
1F
100
AcDbEntity
  8
0
  6
Continuous
 62
     7
100
AcDbSpline
210
0.0
220
0.0
230
1.0
 70
     8
 71
     3
 72
     9
 73
     5
 74
     0
 42
0.00000001
 43
0.00000001
 40
0.0
 40
0.0
 40
0.0
 40
0.0
 40
0.5597880567464896
 40
1.0
 40
1.0
 40
1.0
 40
1.0
 10
-78.38630676269531
 20
-56.82028681912826
 30
0.0
 10
-78.30530424217213
 20
-56.86558094882608
 30
0.0
 10
-78.1606021186685
 20
-56.94649394643643
 30
0.0
 10
-78.04022342963087
 20
-57.0601959887317
 30
0.0
 10
-77.9872312930033
 20
-57.11024898572238
 30
0.0
  0
SPLINE
  5
1D4
330
1F
100
AcDbEntity
  8
0
  6
Continuous
 62
     7
100
AcDbSpline
210
0.0
220
0.0
230
1.0
 70
     8
 71
     3
 72
     9
 73
     5
 74
     0
 42
0.00000001
 43
0.00000001
 40
0.0
 40
0.0
 40
0.0
 40
0.0
 40
0.5600441977101276
 40
1.0
 40
1.0
 40
1.0
 40
1.0
 10
-79.24933433532715
 20
-70.00029037138873
 30
0.0
 10
-79.29221881129526
 20
-70.02086762638572
 30
0.0
 10
-79.36879218915269
 20
-70.05760982473568
 30
0.0
 10
-79.44675954602785
 20
-70.09128635370703
 30
0.0
 10
-79.48106173707427
 20
-70.10610253802895
 30
0.0
  0
SPLINE
  5
1D5
330
1F
100
AcDbEntity
  8
0
  6
Continuous
 62
     7
100
AcDbSpline
210
0.0
220
0.0
230
1.0
 70
     8
 71
     3
 72
     9
 73
     5
 74
     0
 42
0.00000001
 43
0.00000001
 40
0.0
 40
0.0
 40
0.0
 40
0.0
 40
0.5592571243625363
 40
1.0
 40
1.0
 40
1.0
 40
1.0
 10
-79.48102951049805
 20
-70.10610253802894
 30
0.0
 10
-79.62513126736889
 20
-69.99489763567549
 30
0.0
 10
-79.8827976440558
 20
-69.79605367373185
 30
0.0
 10
-80.02026621946602
 20
-69.5026103255491
 30
0.0
 10
-80.08085451470211
 20
-69.37327726043434
 30
0.0
  0
SPLINE
  5
1D6
330
1F
100
AcDbEntity
  8
0
  6
Continuous
 62
     7
100
AcDbSpline
210
0.0
220
0.0
230
1.0
 70
     8
 71
     3
 72
     9
 73
     5
 74
     0
 42
0.00000001
 43
0.00000001
 40
0.0
 40
0.0
 40
0.0
 40
0.0
 40
0.5599944795286637
 40
1.0
 40
1.0
 40
1.0
 40
1.0
 10
-80.08084297180176
 20
-69.37327726043434
 30
0.0
 10
-80.14742842632174
 20
-69.39536289080984
 30
0.0
 10
-80.26633219583036
 20
-69.43480190526954
 30
0.0
 10
-80.3877599223728
 20
-69.46555211116808
 30
0.0
 10
-80.44118879238975
 20
-69.47908237151907
 30
0.0
  0
SPLINE
  5
1D7
330
1F
100
AcDbEntity
  8
0
  6
Continuous
 62
     7
100
AcDbSpline
210
0.0
220
0.0
230
1.0
 70
     8
 71
     3
 72
     9
 73
     5
 74
     0
 42
0.00000001
 43
0.00000001
 40
0.0
 40
0.0
 40
0.0
 40
0.0
 40
0.5592462839757067
 40
1.0
 40
1.0
 40
1.0
 40
1.0
 10
-80.44114112854004
 20
-69.47908237151907
 30
0.0
 10
-80.42065950202067
 20
-69.65993721224909
 30
0.0
 10
-80.38403587642628
 20
-69.98332754297117
 30
0.0
 10
-80.49893432058066
 20
-70.28630884683227
 30
0.0
 10
-80.54957623680711
 20
-70.41984898239495
 30
0.0
  0
SPLINE
  5
1D8
330
1F
100
AcDbEntity
  8
0
  6
Continuous
 62
     7
100
AcDbSpline
210
0.0
220
0.0
230
1.0
 70
     8
 71
     3
 72
     9
 73
     5
 74
     0
 42
0.00000001
 43
0.00000001
 40
0.0
 40
0.0
 40
0.0
 40
0.0
 40
0.5599983312646144
 40
1.0
 40
1.0
 40
1.0
 40
1.0
 10
-80.54957389831543
 20
-70.41984898239495
 30
0.0
 10
-80.59650808512461
 20
-70.42751368270586
 30
0.0
 10
-80.68031938274612
 20
-70.4412006883325
 30
0.0
 10
-80.76460610497693
 20
-70.45154281727977
 30
0.0
 10
-80.80169240341075
 20
-70.45609337127486
 30
0.0
  0
SPLINE
  5
1D9
330
1F
100
AcDbEntity
  8
0
  6
Continuous
 62
     7
100
AcDbSpline
210
0.0
220
0.0
230
1.0
 70
     8
 71
     3
 72
     9
 73
     5
 74
     0
 42
0.00000001
 43
0.00000001
 40
0.0
 40
0.0
 40
0.0
 40
0.0
 40
0.5592503593517892
 40
1.0
 40
1.0
 40
1.0
 40
1.0
 10
-80.80167770385742
 20
-70.45609337127486
 30
0.0
 10
-80.90860496797157
 20
-70.30879803760783
 30
0.0
 10
-81.09980245640604
 20
-70.04541808406115
 30
0.0
 10
-81.1490294162395
 20
-69.7251398378585
 30
0.0
 10
-81.17072618109631
 20
-69.58397731593723
 30
0.0
  0
SPLINE
  5
1DA
330
1F
100
AcDbEntity
  8
0
  6
Continuous
 62
     7
100
AcDbSpline
210
0.0
220
0.0
230
1.0
 70
     8
 71
     3
 72
     9
 73
     5
 74
     0
 42
0.00000001
 43
0.00000001
 40
0.0
 40
0.0
 40
0.0
 40
0.0
 40
0.5600178990506913
 40
0.9999999999999999
 40
0.9999999999999999
 40
0.9999999999999999
 40
0.9999999999999999
 10
-81.17070198059082
 20
-69.58397731593723
 30
0.0
 10
-81.24081902080434
 20
-69.58640968865147
 30
0.0
 10
-81.36602401930953
 20
-69.59075307252968
 30
0.0
 10
-81.49120284804994
 20
-69.58604762751895
 30
0.0
 10
-81.54627929211352
 20
-69.58397731593723
 30
0.0
  0
SPLINE
  5
1DB
330
1F
100
AcDbEntity
  8
0
  6
Continuous
 62
     7
100
AcDbSpline
210
0.0
220
0.0
230
1.0
 70
     8
 71
     3
 72
     9
 73
     5
 74
     0
 42
0.00000001
 43
0.00000001
 40
0.0
 40
0.0
 40
0.0
 40
0.0
 40
0.5592512161729304
 40
1.0
 40
1.0
 40
1.0
 40
1.0
 10
-81.5462589263916
 20
-69.58397731593723
 30
0.0
 10
-81.5775465179496
 20
-69.76328133477
 30
0.0
 10
-81.63349202267666
 20
-70.08389578074255
 30
0.0
 10
-81.82909936955478
 20
-70.34223199779188
 30
0.0
 10
-81.91531306979894
 20
-70.45609337127486
 30
0.0
  0
SPLINE
  5
1DC
330
1F
100
AcDbEntity
  8
0
  6
Continuous
 62
     7
100
AcDbSpline
210
0.0
220
0.0
230
1.0
 70
     8
 71
     3
 72
     9
 73
     5
 74
     0
 42
0.00000001
 43
0.00000001
 40
0.0
 40
0.0
 40
0.0
 40
0.0
 40
0.5600467881234656
 40
1.0
 40
1.0
 40
1.0
 40
1.0
 10
-81.915283203125
 20
-70.45609337127486
 30
0.0
 10
-81.96248651906743
 20
-70.45022702119158
 30
0.0
 10
-82.04677111268248
 20
-70.43975227121054
 30
0.0
 10
-82.13056909881183
 20
-70.42593009375963
 30
0.0
 10
-82.16743629195824
 20
-70.41984898239497
 30
0.0
  0
SPLINE
  5
1DD
330
1F
100
AcDbEntity
  8
0
  6
Continuous
 62
     7
100
AcDbSpline
210
0.0
220
0.0
230
1.0
 70
     8
 71
     3
 72
     9
 73
     5
 74
     0
 42
0.00000001
 43
0.00000001
 40
0.0
 40
0.0
 40
0.0
 40
0.0
 40
0.5592487039297639
 40
0.9999999999999999
 40
0.9999999999999999
 40
0.9999999999999999
 40
0.9999999999999999
 10
-82.16743469238281
 20
-70.41984898239495
 30
0.0
 10
-82.22852635098403
 20
-70.24839406095283
 30
0.0
 10
-82.33776515327708
 20
-69.94181324952254
 30
0.0
 10
-82.29476781388473
 20
-69.62063992886299
 30
0.0
 10
-82.27581668081997
 20
-69.47908237151908
 30
0.0
  0
SPLINE
  5
1DE
330
1F
100
AcDbEntity
  8
0
  6
Continuous
 62
     7
100
AcDbSpline
210
0.0
220
0.0
230
1.0
 70
     8
 71
     3
 72
     9
 73
     5
 74
     0
 42
0.00000001
 43
0.00000001
 40
0.0
 40
0.0
 40
0.0
 40
0.0
 40
0.5600346264605386
 40
0.9999999999999999
 40
0.9999999999999999
 40
0.9999999999999999
 40
0.9999999999999999
 10
-82.27577209472656
 20
-69.47908237151907
 30
0.0
 10
-82.34374123505843
 20
-69.46166606625398
 30
0.0
 10
-82.46510719551956
 20
-69.4305674440578
 30
0.0
 10
-82.58389534257287
 20
-69.3907816376237
 30
0.0
 10
-82.63615801406324
 20
-69.37327726043434
 30
0.0
  0
SPLINE
  5
1DF
330
1F
100
AcDbEntity
  8
0
  6
Continuous
 62
     7
100
AcDbSpline
210
0.0
220
0.0
230
1.0
 70
     8
 71
     3
 72
     9
 73
     5
 74
     0
 42
0.00000001
 43
0.00000001
 40
0.0
 40
0.0
 40
0.0
 40
0.0
 40
0.5592572287139415
 40
1.0
 40
1.0
 40
1.0
 40
1.0
 10
-82.63611793518066
 20
-69.37327726043434
 30
0.0
 10
-82.71666092621271
 20
-69.5365066285997
 30
0.0
 10
-82.86067871784194
 20
-69.82837477045763
 30
0.0
 10
-83.12114997012117
 20
-70.02114184387726
 30
0.0
 10
-83.23595079169108
 20
-70.10610253802894
 30
0.0
  0
SPLINE
  5
1E0
330
1F
100
AcDbEntity
  8
0
  6
Continuous
 62
     7
100
AcDbSpline
210
0.0
220
0.0
230
1.0
 70
     8
 71
     3
 72
     9
 73
     5
 74
     0
 42
0.00000001
 43
0.00000001
 40
0.0
 40
0.0
 40
0.0
 40
0.0
 40
0.5600127342770838
 40
1.0
 40
1.0
 40
1.0
 40
1.0
 10
-83.23593139648438
 20
-70.10610253802894
 30
0.0
 10
-83.27956411206151
 20
-70.0871774797435
 30
0.0
 10
-83.3574779038496
 20
-70.05338350127288
 30
0.0
 10
-83.43398081727051
 20
-70.01651294613121
 30
0.0
 10
-83.46764112496642
 20
-70.00029037138873
 30
0.0
  0
SPLINE
  5
1E1
330
1F
100
AcDbEntity
  8
0
  6
Continuous
 62
     7
100
AcDbSpline
210
0.0
220
0.0
230
1.0
 70
     8
 71
     3
 72
     9
 73
     5
 74
     0
 42
0.00000001
 43
0.00000001
 40
0.0
 40
0.0
 40
0.0
 40
0.0
 40
0.55924509498541
 40
1.0
 40
1.0
 40
1.0
 40
1.0
 10
-83.46762657165527
 20
-70.00029037138873
 30
0.0
 10
-83.47794568512677
 20
-69.81857117303672
 30
0.0
 10
-83.49639754740335
 20
-69.49363457550295
 30
0.0
 10
-83.3646565185531
 20
-69.19758620055678
 30
0.0
 10
-83.30659101389568
 20
-69.06710142717766
 30
0.0
  0
SPLINE
  5
1E2
330
1F
100
AcDbEntity
  8
0
  6
Continuous
 62
     7
100
AcDbSpline
210
0.0
220
0.0
230
1.0
 70
     8
 71
     3
 72
     9
 73
     5
 74
     0
 42
0.00000001
 43
0.00000001
 40
0.0
 40
0.0
 40
0.0
 40
0.0
 40
0.5600189291977727
 40
1.0
 40
1.0
 40
1.0
 40
1.0
 10
-83.30655097961426
 20
-69.06710142717766
 30
0.0
 10
-83.3668584861453
 20
-69.0312467710222
 30
0.0
 10
-83.47454682199749
 20
-68.96722276346439
 30
0.0
 10
-83.57731057458165
 20
-68.89558358670719
 30
0.0
 10
-83.62252468048328
 20
-68.86406370500616
 30
0.0
  0
SPLINE
  5
1E3
330
1F
100
AcDbEntity
  8
0
  6
Continuous
 62
     7
100
AcDbSpline
210
0.0
220
0.0
230
1.0
 70
     8
 71
     3
 72
     9
 73
     5
 74
     0
 42
0.00000001
 43
0.00000001
 40
0.0
 40
0.0
 40
0.0
 40
0.0
 40
0.5592568044599555
 40
1.0
 40
1.0
 40
1.0
 40
1.0
 10
-83.62250328063965
 20
-68.86406370500616
 30
0.0
 10
-83.74576357501049
 20
-68.9979941018535
 30
0.0
 10
-83.96616374428481
 20
-69.23747334605623
 30
0.0
 10
-84.2703914848502
 20
-69.3490444461374
 30
0.0
 10
-84.4044777913989
 20
-69.39821864931709
 30
0.0
  0
SPLINE
  5
1E4
330
1F
100
AcDbEntity
  8
0
  6
Continuous
 62
     7
100
AcDbSpline
210
0.0
220
0.0
230
1.0
 70
     8
 71
     3
 72
     9
 73
     5
 74
     0
 42
0.00000001
 43
0.00000001
 40
0.0
 40
0.0
 40
0.0
 40
0.0
 40
0.5600042679356275
 40
1.0
 40
1.0
 40
1.0
 40
1.0
 10
-84.40446853637695
 20
-69.39821864931709
 30
0.0
 10
-84.44100164786599
 20
-69.36777071880873
 30
0.0
 10
-84.50623884976038
 20
-69.31339982870712
 30
0.0
 10
-84.56924991416304
 20
-69.2564680153609
 30
0.0
 10
-84.59697451357304
 20
-69.23141826046985
 30
0.0
  0
SPLINE
  5
1E5
330
1F
100
AcDbEntity
  8
0
  6
Continuous
 62
     7
100
AcDbSpline
210
0.0
220
0.0
230
1.0
 70
     8
 71
     3
 72
     9
 73
     5
 74
     0
 42
0.00000001
 43
0.00000001
 40
0.0
 40
0.0
 40
0.0
 40
0.0
 40
0.559246108800541
 40
0.9999999999999999
 40
0.9999999999999999
 40
0.9999999999999999
 40
0.9999999999999999
 10
-84.59696769714355
 20
-69.23141826046985
 30
0.0
 10
-84.5556705056174
 20
-69.05415399546261
 30
0.0
 10
-84.48182610889067
 20
-68.737183949149
 30
0.0
 10
-84.27201478306424
 20
-68.49024608513224
 30
0.0
 10
-84.17953962478852
 20
-68.3814072606824
 30
0.0
  0
SPLINE
  5
1E6
330
1F
100
AcDbEntity
  8
0
  6
Continuous
 62
     7
100
AcDbSpline
210
0.0
220
0.0
230
1.0
 70
     8
 71
     3
 72
     9
 73
     5
 74
     0
 42
0.00000001
 43
0.00000001
 40
0.0
 40
0.0
 40
0.0
 40
0.0
 40
0.5600185665071944
 40
1.0
 40
1.0
 40
1.0
 40
1.0
 10
-84.17949676513672
 20
-68.3814072606824
 30
0.0
 10
-84.22726347949379
 20
-68.33001833328468
 30
0.0
 10
-84.31255835579579
 20
-68.238255433854
 30
0.0
 10
-84.39097378970685
 20
-68.1405652809381
 30
0.0
 10
-84.42547512472699
 20
-68.09758342742003
 30
0.0
  0
SPLINE
  5
1E7
330
1F
100
AcDbEntity
  8
0
  6
Continuous
 62
     7
100
AcDbSpline
210
0.0
220
0.0
230
1.0
 70
     8
 71
     3
 72
     9
 73
     5
 74
     0
 42
0.00000001
 43
0.00000001
 40
0.0
 40
0.0
 40
0.0
 40
0.0
 40
0.559260507489992
 40
1.0
 40
1.0
 40
1.0
 40
1.0
 10
-84.42544937133789
 20
-68.09758342742003
 30
0.0
 10
-84.58145176628499
 20
-68.19136297973006
 30
0.0
 10
-84.86039582340656
 20
-68.35904789767807
 30
0.0
 10
-85.1837353099576
 20
-68.38039490334648
 30
0.0
 10
-85.32624379116854
 20
-68.38980337179143
 30
0.0
  0
SPLINE
  5
1E8
330
1F
100
AcDbEntity
  8
0
  6
Continuous
 62
     7
100
AcDbSpline
210
0.0
220
0.0
230
1.0
 70
     8
 71
     3
 72
     9
 73
     5
 74
     0
 42
0.00000001
 43
0.00000001
 40
0.0
 40
0.0
 40
0.0
 40
0.0
 40
0.5600025038228477
 40
0.9999999999999999
 40
0.9999999999999999
 40
0.9999999999999999
 40
0.9999999999999999
 10
-85.32624244689941
 20
-68.38980337179143
 30
0.0
 10
-85.35271447179788
 20
-68.35029517487399
 30
0.0
 10
-85.39998573347573
 20
-68.27974513867284
 30
0.0
 10
-85.44440830446038
 20
-68.20737071487919
 30
0.0
 10
-85.46395412446738
 20
-68.17552614962274
 30
0.0
  0
SPLINE
  5
1E9
330
1F
100
AcDbEntity
  8
0
  6
Continuous
 62
     7
100
AcDbSpline
210
0.0
220
0.0
230
1.0
 70
     8
 71
     3
 72
     9
 73
     5
 74
     0
 42
0.00000001
 43
0.00000001
 40
0.0
 40
0.0
 40
0.0
 40
0.0
 40
0.5592488565185685
 40
1.0
 40
1.0
 40
1.0
 40
1.0
 10
-85.46395301818848
 20
-68.17552614962274
 30
0.0
 10
-85.37438411101091
 20
-68.0170776019916
 30
0.0
 10
-85.21422480780707
 20
-67.73375373680307
 30
0.0
 10
-84.9433431403974
 20
-67.55592602724062
 30
0.0
 10
-84.82395173573845
 20
-67.47754826090828
 30
0.0
  0
SPLINE
  5
1EA
330
1F
100
AcDbEntity
  8
0
  6
Continuous
 62
     7
100
AcDbSpline
210
0.0
220
0.0
230
1.0
 70
     8
 71
     3
 72
     9
 73
     5
 74
     0
 42
0.00000001
 43
0.00000001
 40
0.0
 40
0.0
 40
0.0
 40
0.0
 40
0.5599888125626119
 40
1.0
 40
1.0
 40
1.0
 40
1.0
 10
-84.82394218444824
 20
-67.47754826090828
 30
0.0
 10
-84.85528107866584
 20
-67.41478585106421
 30
0.0
 10
-84.91124450778187
 20
-67.30270788015467
 30
0.0
 10
-84.95896123207258
 20
-67.18689245489628
 30
0.0
 10
-84.97995712458837
 20
-67.13593237210478
 30
0.0
  0
SPLINE
  5
1EB
330
1F
100
AcDbEntity
  8
0
  6
Continuous
 62
     7
100
AcDbSpline
210
0.0
220
0.0
230
1.0
 70
     8
 71
     3
 72
     9
 73
     5
 74
     0
 42
0.00000001
 43
0.00000001
 40
0.0
 40
0.0
 40
0.0
 40
0.0
 40
0.5592700072723196
 40
1.0
 40
1.0
 40
1.0
 40
1.0
 10
-84.97991561889648
 20
-67.13593237210478
 30
0.0
 10
-85.1560254877305
 20
-67.18196708186646
 30
0.0
 10
-85.47091787699512
 20
-67.26427921940838
 30
0.0
 10
-85.78717967536659
 20
-67.19366199909389
 30
0.0
 10
-85.9265657354629
 20
-67.16253887209824
 30
0.0
  0
SPLINE
  5
1EC
330
1F
100
AcDbEntity
  8
0
  6
Continuous
 62
     7
100
AcDbSpline
210
0.0
220
0.0
230
1.0
 70
     8
 71
     3
 72
     9
 73
     5
 74
     0
 42
0.00000001
 43
0.00000001
 40
0.0
 40
0.0
 40
0.0
 40
0.0
 40
0.5600148120309754
 40
1.0
 40
1.0
 40
1.0
 40
1.0
 10
-85.92653274536133
 20
-67.16253887209824
 30
0.0
 10
-85.94081566724573
 20
-67.11717403553617
 30
0.0
 10
-85.96632021029987
 20
-67.03616754144444
 30
0.0
 10
-85.98854792553472
 20
-66.95420415795958
 30
0.0
 10
-85.99832779100046
 20
-66.91814148327042
 30
0.0
  0
SPLINE
  5
1ED
330
1F
100
AcDbEntity
  8
0
  6
Continuous
 62
     7
100
AcDbSpline
210
0.0
220
0.0
230
1.0
 70
     8
 71
     3
 72
     9
 73
     5
 74
     0
 42
0.00000001
 43
0.00000001
 40
0.0
 40
0.0
 40
0.0
 40
0.0
 40
0.5592345437933082
 40
1.0
 40
1.0
 40
1.0
 40
1.0
 10
-85.99829673767091
 20
-66.91814148327043
 30
0.0
 10
-85.86772754135887
 20
-66.79134676505595
 30
0.0
 10
-85.63424912383056
 20
-66.56461771260074
 30
0.0
 10
-85.3242472829241
 20
-66.47031316870526
 30
0.0
 10
-85.18760918009205
 20
-66.4287469833928
 30
0.0
  0
SPLINE
  5
1EE
330
1F
100
AcDbEntity
  8
0
  6
Continuous
 62
     7
100
AcDbSpline
210
0.0
220
0.0
230
1.0
 70
     8
 71
     3
 72
     9
 73
     5
 74
     0
 42
0.00000001
 43
0.00000001
 40
0.0
 40
0.0
 40
0.0
 40
0.0
 40
0.559982509980537
 40
1.0
 40
1.0
 40
1.0
 40
1.0
 10
-85.18757820129395
 20
-66.4287469833928
 30
0.0
 10
-85.19997389670354
 20
-66.35969983341259
 30
0.0
 10
-85.22210975842897
 20
-66.23639750030472
 30
0.0
 10
-85.23526602570651
 20
-66.11182990438155
 30
0.0
 10
-85.241055013412
 20
-66.05701798348568
 30
0.0
  0
SPLINE
  5
1EF
330
1F
100
AcDbEntity
  8
0
  6
Continuous
 62
     7
100
AcDbSpline
210
0.0
220
0.0
230
1.0
 70
     8
 71
     3
 72
     9
 73
     5
 74
     0
 42
0.00000001
 43
0.00000001
 40
0.0
 40
0.0
 40
0.0
 40
0.0
 40
0.5592572971723332
 40
1.0
 40
1.0
 40
1.0
 40
1.0
 10
-85.24103164672852
 20
-66.05701798348566
 30
0.0
 10
-85.42297057898021
 20
-66.05157763489109
 30
0.0
 10
-85.74829298991985
 20
-66.04184982512967
 30
0.0
 10
-86.03184378957596
 20
-65.88499271939592
 30
0.0
 10
-86.15681673540534
 20
-65.81585909465709
 30
0.0
  0
SPLINE
  5
1F0
330
1F
100
AcDbEntity
  8
0
  6
Continuous
 62
     7
100
AcDbSpline
210
0.0
220
0.0
230
1.0
 70
     8
 71
     3
 72
     9
 73
     5
 74
     0
 42
0.00000001
 43
0.00000001
 40
0.0
 40
0.0
 40
0.0
 40
0.0
 40
0.5600055632259764
 40
1.0
 40
1.0
 40
1.0
 40
1.0
 10
-86.15679740905762
 20
-65.81585909465709
 30
0.0
 10
-86.15771315415186
 20
-65.76831087911552
 30
0.0
 10
-86.15934839700364
 20
-65.6834041948539
 30
0.0
 10
-86.15759029187929
 20
-65.59850267848547
 30
0.0
 10
-86.15681673540533
 20
-65.56114648360966
 30
0.0
  0
SPLINE
  5
1F1
330
1F
100
AcDbEntity
  8
0
  6
Continuous
 62
     7
100
AcDbSpline
210
0.0
220
0.0
230
1.0
 70
     8
 71
     3
 72
     9
 73
     5
 74
     0
 42
0.00000001
 43
0.00000001
 40
0.0
 40
0.0
 40
0.0
 40
0.0
 40
0.559240855457704
 40
1.0
 40
1.0
 40
1.0
 40
1.0
 10
-86.15679740905762
 20
-65.56114648360966
 30
0.0
 10
-85.99578931964635
 20
-65.47627601017074
 30
0.0
 10
-85.70788458622073
 20
-65.32451586494764
 30
0.0
 10
-85.3838681990424
 20
-65.32136799270309
 30
0.0
 10
-85.24105501341198
 20
-65.31998053922543
 30
0.0
  0
SPLINE
  5
1F2
330
1F
100
AcDbEntity
  8
0
  6
Continuous
 62
     7
100
AcDbSpline
210
0.0
220
0.0
230
1.0
 70
     8
 71
     3
 72
     9
 73
     5
 74
     0
 42
0.00000001
 43
0.00000001
 40
0.0
 40
0.0
 40
0.0
 40
0.0
 40
0.559979236325488
 40
1.0
 40
1.0
 40
1.0
 40
1.0
 10
-85.24103164672852
 20
-65.31998053922543
 30
0.0
 10
-85.23346951303435
 20
-65.25024027259441
 30
0.0
 10
-85.21996520215349
 20
-65.12569946445902
 30
0.0
 10
-85.19749606637598
 20
-65.00247351548882
 30
0.0
 10
-85.18760918009205
 20
-64.94825153931842
 30
0.0
  0
SPLINE
  5
1F3
330
1F
100
AcDbEntity
  8
0
  6
Continuous
 62
     7
100
AcDbSpline
210
0.0
220
0.0
230
1.0
 70
     8
 71
     3
 72
     9
 73
     5
 74
     0
 42
0.00000001
 43
0.00000001
 40
0.0
 40
0.0
 40
0.0
 40
0.0
 40
0.5592617577155796
 40
1.0
 40
1.0
 40
1.0
 40
1.0
 10
-85.18757820129395
 20
-64.94825153931842
 30
0.0
 10
-85.36061734322114
 20
-64.89177489803778
 30
0.0
 10
-85.67002369818805
 20
-64.79079062635911
 30
0.0
 10
-85.89789582872294
 20
-64.5603993053152
 30
0.0
 10
-85.99832779100048
 20
-64.4588570394407
 30
0.0
  0
SPLINE
  5
1F4
330
1F
100
AcDbEntity
  8
0
  6
Continuous
 62
     7
100
AcDbSpline
210
0.0
220
0.0
230
1.0
 70
     8
 71
     3
 72
     9
 73
     5
 74
     0
 42
0.00000001
 43
0.00000001
 40
0.0
 40
0.0
 40
0.0
 40
0.0
 40
0.5599771118339023
 40
1.0
 40
1.0
 40
1.0
 40
1.0
 10
-85.9982967376709
 20
-64.45885703944069
 30
0.0
 10
-85.98578726316006
 20
-64.41297961866353
 30
0.0
 10
-85.9634480027752
 20
-64.33105230447936
 30
0.0
 10
-85.93783572423756
 20
-64.25009137026862
 30
0.0
 10
-85.9265657354629
 20
-64.21446670616861
 30
0.0
  0
SPLINE
  5
1F5
330
1F
100
AcDbEntity
  8
0
  6
Continuous
 62
     7
100
AcDbSpline
210
0.0
220
0.0
230
1.0
 70
     8
 71
     3
 72
     9
 73
     5
 74
     0
 42
0.00000001
 43
0.00000001
 40
0.0
 40
0.0
 40
0.0
 40
0.0
 40
0.5592305264776252
 40
1.0
 40
1.0
 40
1.0
 40
1.0
 10
-85.92653274536133
 20
-64.21446670616861
 30
0.0
 10
-85.74814238996844
 20
-64.17839715138481
 30
0.0
 10
-85.42914986909068
 20
-64.11389860726747
 30
0.0
 10
-85.11737706104793
 20
-64.20216223699855
 30
0.0
 10
-84.97995712458837
 20
-64.2410661506063
 30
0.0
  0
SPLINE
  5
1F6
330
1F
100
AcDbEntity
  8
0
  6
Continuous
 62
     7
100
AcDbSpline
210
0.0
220
0.0
230
1.0
 70
     8
 71
     3
 72
     9
 73
     5
 74
     0
 42
0.00000001
 43
0.00000001
 40
0.0
 40
0.0
 40
0.0
 40
0.0
 40
0.559969645098135
 40
1.0
 40
1.0
 40
1.0
 40
1.0
 10
-84.97991561889648
 20
-64.2410661506063
 30
0.0
 10
-84.95302139361681
 20
-64.17628244821103
 30
0.0
 10
-84.90499338796492
 20
-64.06059099428602
 30
0.0
 10
-84.84871564913072
 20
-63.94869496627585
 30
0.0
 10
-84.82395173573845
 20
-63.89945731735842
 30
0.0
  0
SPLINE
  5
1F7
330
1F
100
AcDbEntity
  8
0
  6
Continuous
 62
     7
100
AcDbSpline
210
0.0
220
0.0
230
1.0
 70
     8
 71
     3
 72
     9
 73
     5
 74
     0
 42
0.00000001
 43
0.00000001
 40
0.0
 40
0.0
 40
0.0
 40
0.0
 40
0.5592523073776376
 40
1.0
 40
1.0
 40
1.0
 40
1.0
 10
-84.82394218444824
 20
-63.89945731735842
 30
0.0
 10
-84.97405207192018
 20
-63.79651807434503
 30
0.0
 10
-85.24246381647932
 20
-63.61245223920155
 30
0.0
 10
-85.39619670747908
 20
-63.32720256456255
 30
0.0
 10
-85.46395412446738
 20
-63.20147942864411
 30
0.0
  0
SPLINE
  5
1F8
330
1F
100
AcDbEntity
  8
0
  6
Continuous
 62
     7
100
AcDbSpline
210
0.0
220
0.0
230
1.0
 70
     8
 71
     3
 72
     9
 73
     5
 74
     0
 42
0.00000001
 43
0.00000001
 40
0.0
 40
0.0
 40
0.0
 40
0.0
 40
0.5599947092925858
 40
1.0
 40
1.0
 40
1.0
 40
1.0
 10
-85.46395301818848
 20
-63.20147942864411
 30
0.0
 10
-85.43901231020905
 20
-63.16098817191269
 30
0.0
 10
-85.39447491089872
 20
-63.08868167319132
 30
0.0
 10
-85.34709236295221
 20
-63.01821008022513
 30
0.0
 10
-85.32624379116855
 20
-62.98720220647544
 30
0.0
  0
SPLINE
  5
1F9
330
1F
100
AcDbEntity
  8
0
  6
Continuous
 62
     7
100
AcDbSpline
210
0.0
220
0.0
230
1.0
 70
     8
 71
     3
 72
     9
 73
     5
 74
     0
 42
0.00000001
 43
0.00000001
 40
0.0
 40
0.0
 40
0.0
 40
0.0
 40
0.5592453396128585
 40
1.0
 40
1.0
 40
1.0
 40
1.0
 10
-85.32624244689941
 20
-62.98720220647542
 30
0.0
 10
-85.14490583376518
 20
-63.00285430241392
 30
0.0
 10
-84.82065348816715
 20
-63.03084219042982
 30
0.0
 10
-84.54636781392612
 20
-63.20337184568324
 30
0.0
 10
-84.42547512472699
 20
-63.27941509529118
 30
0.0
  0
SPLINE
  5
1FA
330
1F
100
AcDbEntity
  8
0
  6
Continuous
 62
     7
100
AcDbSpline
210
0.0
220
0.0
230
1.0
 70
     8
 71
     3
 72
     9
 73
     5
 74
     0
 42
0.00000001
 43
0.00000001
 40
0.0
 40
0.0
 40
0.0
 40
0.0
 40
0.559955640702626
 40
1.0
 40
1.0
 40
1.0
 40
1.0
 10
-84.42544937133789
 20
-63.27941509529118
 30
0.0
 10
-84.38138690120762
 20
-63.22483786192565
 30
0.0
 10
-84.30269768562087
 20
-63.12737079596836
 30
0.0
 10
-84.21717388905361
 20
-63.03586004972724
 30
0.0
 10
-84.17953962478852
 20
-62.99559126202873
 30
0.0
  0
SPLINE
  5
1FB
330
1F
100
AcDbEntity
  8
0
  6
Continuous
 62
     7
100
AcDbSpline
210
0.0
220
0.0
230
1.0
 70
     8
 71
     3
 72
     9
 73
     5
 74
     0
 42
0.00000001
 43
0.00000001
 40
0.0
 40
0.0
 40
0.0
 40
0.0
 40
0.5592600972908969
 40
1.0
 40
1.0
 40
1.0
 40
1.0
 10
-84.17949676513672
 20
-62.99559126202873
 30
0.0
 10
-84.29454107836466
 20
-62.85453527991264
 30
0.0
 10
-84.50024914476386
 20
-62.60231635208392
 30
0.0
 10
-84.56738504391353
 20
-62.28530140095789
 30
0.0
 10
-84.59697451357306
 20
-62.14558026224127
 30
0.0
  0
SPLINE
  5
1FC
330
1F
100
AcDbEntity
  8
0
  6
Continuous
 62
     7
100
AcDbSpline
210
0.0
220
0.0
230
1.0
 70
     8
 71
     3
 72
     9
 73
     5
 74
     0
 42
0.00000001
 43
0.00000001
 40
0.0
 40
0.0
 40
0.0
 40
0.0
 40
0.5599759515490869
 40
1.0
 40
1.0
 40
1.0
 40
1.0
 10
-84.59696769714355
 20
-62.14558026224126
 30
0.0
 10
-84.56163223926919
 20
-62.11375731292966
 30
0.0
 10
-84.49853049753077
 20
-62.05692817727918
 30
0.0
 10
-84.4332172090249
 20
-62.00265942810857
 30
0.0
 10
-84.4044777913989
 20
-61.97877987339414
 30
0.0
  0
SPLINE
  5
1FD
330
1F
100
AcDbEntity
  8
0
  6
Continuous
 62
     7
100
AcDbSpline
210
0.0
220
0.0
230
1.0
 70
     8
 71
     3
 72
     9
 73
     5
 74
     0
 42
0.00000001
 43
0.00000001
 40
0.0
 40
0.0
 40
0.0
 40
0.0
 40
0.5592441175477666
 40
1.0
 40
1.0
 40
1.0
 40
1.0
 10
-84.40446853637697
 20
-61.97877987339415
 30
0.0
 10
-84.23488954736634
 20
-62.04488776315581
 30
0.0
 10
-83.9316606287427
 20
-62.16309712412603
 30
0.0
 10
-83.71709551606499
 20
-62.40591250863351
 30
0.0
 10
-83.6225246804833
 20
-62.51293481770509
 30
0.0
  0
SPLINE
  5
1FE
330
1F
100
AcDbEntity
  8
0
  6
Continuous
 62
     7
100
AcDbSpline
210
0.0
220
0.0
230
1.0
 70
     8
 71
     3
 72
     9
 73
     5
 74
     0
 42
0.00000001
 43
0.00000001
 40
0.0
 40
0.0
 40
0.0
 40
0.0
 40
0.5599631795543325
 40
0.9999999999999999
 40
0.9999999999999999
 40
0.9999999999999999
 40
0.9999999999999999
 10
-83.62250328063965
 20
-62.51293481770508
 30
0.0
 10
-83.56484680850245
 20
-62.47298574442082
 30
0.0
 10
-83.46188205252854
 20
-62.40164342274166
 30
0.0
 10
-83.35404381087524
 20
-62.33793232459089
 30
0.0
 10
-83.30659101389568
 20
-62.30989709553354
 30
0.0
  0
SPLINE
  5
1FF
330
1F
100
AcDbEntity
  8
0
  6
Continuous
 62
     7
100
AcDbSpline
210
0.0
220
0.0
230
1.0
 70
     8
 71
     3
 72
     9
 73
     5
 74
     0
 42
0.00000001
 43
0.00000001
 40
0.0
 40
0.0
 40
0.0
 40
0.0
 40
0.5592506704713216
 40
1.0
 40
1.0
 40
1.0
 40
1.0
 10
-83.30655097961426
 20
-62.30989709553354
 30
0.0
 10
-83.37719306156076
 20
-62.14214745482781
 30
0.0
 10
-83.50350865790503
 20
-61.84219315962001
 30
0.0
 10
-83.4786136035028
 20
-61.51910780482774
 30
0.0
 10
-83.46764112496643
 20
-61.37670815132251
 30
0.0
  0
SPLINE
  5
200
330
1F
100
AcDbEntity
  8
0
  6
Continuous
 62
     7
100
AcDbSpline
210
0.0
220
0.0
230
1.0
 70
     8
 71
     3
 72
     9
 73
     5
 74
     0
 42
0.00000001
 43
0.00000001
 40
0.0
 40
0.0
 40
0.0
 40
0.0
 40
0.5599806129527481
 40
1.0
 40
1.0
 40
1.0
 40
1.0
 10
-83.46762657165527
 20
-61.3767081513225
 30
0.0
 10
-83.42475778545959
 20
-61.35613080365167
 30
0.0
 10
-83.34820373125824
 20
-61.31938426779875
 30
0.0
 10
-83.27025135049388
 20
-61.2857123023012
 30
0.0
 10
-83.23595079169108
 20
-61.27089598468228
 30
0.0
  0
SPLINE
  5
201
330
1F
100
AcDbEntity
  8
0
  6
Continuous
 62
     7
100
AcDbSpline
210
0.0
220
0.0
230
1.0
 70
     8
 71
     3
 72
     9
 73
     5
 74
     0
 42
0.00000001
 43
0.00000001
 40
0.0
 40
0.0
 40
0.0
 40
0.0
 40
0.5592414820011912
 40
1.0
 40
1.0
 40
1.0
 40
1.0
 10
-83.23593139648438
 20
-61.27089598468228
 30
0.0
 10
-83.0918488782704
 20
-61.382103936998
 30
0.0
 10
-82.83420969582207
 20
-61.58095891448959
 30
0.0
 10
-82.69674621440959
 20
-61.87438931417542
 30
0.0
 10
-82.63615801406324
 20
-62.00372126227673
 30
0.0
  0
SPLINE
  5
202
330
1F
100
AcDbEntity
  8
0
  6
Continuous
 62
     7
100
AcDbSpline
210
0.0
220
0.0
230
1.0
 70
     8
 71
     3
 72
     9
 73
     5
 74
     0
 42
0.00000001
 43
0.00000001
 40
0.0
 40
0.0
 40
0.0
 40
0.0
 40
0.5599351582379142
 40
1.0
 40
1.0
 40
1.0
 40
1.0
 10
-82.63611793518066
 20
-62.00372126227673
 30
0.0
 10
-82.569548477825
 20
-61.98163611243213
 30
0.0
 10
-82.45066068095016
 20
-61.94219377786951
 30
0.0
 10
-82.32924670356546
 20
-61.91144681051546
 30
0.0
 10
-82.27581668081996
 20
-61.89791615119213
 30
0.0
  0
SPLINE
  5
203
330
1F
100
AcDbEntity
  8
0
  6
Continuous
 62
     7
100
AcDbSpline
210
0.0
220
0.0
230
1.0
 70
     8
 71
     3
 72
     9
 73
     5
 74
     0
 42
0.00000001
 43
0.00000001
 40
0.0
 40
0.0
 40
0.0
 40
0.0
 40
0.5592506151678005
 40
1.0
 40
1.0
 40
1.0
 40
1.0
 10
-82.27577209472656
 20
-61.89791615119213
 30
0.0
 10
-82.29629487840428
 20
-61.71706197537456
 30
0.0
 10
-82.33299181376941
 20
-61.39367533812733
 30
0.0
 10
-82.21808250091172
 20
-61.09069499550071
 30
0.0
 10
-82.16743629195823
 20
-60.95715659587177
 30
0.0
  0
SPLINE
  5
204
330
1F
100
AcDbEntity
  8
0
  6
Continuous
 62
     7
100
AcDbSpline
210
0.0
220
0.0
230
1.0
 70
     8
 71
     3
 72
     9
 73
     5
 74
     0
 42
0.00000001
 43
0.00000001
 40
0.0
 40
0.0
 40
0.0
 40
0.0
 40
0.5599915096334473
 40
1.0
 40
1.0
 40
1.0
 40
1.0
 10
-82.16743469238283
 20
-60.95715659587179
 30
0.0
 10
-82.12050073015929
 20
-60.94948917026107
 30
0.0
 10
-82.03668881262814
 20
-60.93579713122332
 30
0.0
 10
-81.95240059930079
 20
-60.92545553956842
 30
0.0
 10
-81.91531306979894
 20
-60.92090515143637
 30
0.0
  0
SPLINE
  5
205
330
1F
100
AcDbEntity
  8
0
  6
Continuous
 62
     7
100
AcDbSpline
210
0.0
220
0.0
230
1.0
 70
     8
 71
     3
 72
     9
 73
     5
 74
     0
 42
0.00000001
 43
0.00000001
 40
0.0
 40
0.0
 40
0.0
 40
0.0
 40
0.5592426186482655
 40
1.0
 40
1.0
 40
1.0
 40
1.0
 10
-81.91528320312501
 20
-60.92090515143638
 30
0.0
 10
-81.80837480900055
 20
-61.06820369016196
 30
0.0
 10
-81.61720841616938
 20
-61.33159302032713
 30
0.0
 10
-81.56797797322741
 20
-61.65186081310006
 30
0.0
 10
-81.54627929211352
 20
-61.79302120677396
 30
0.0
  0
SPLINE
  5
206
330
1F
100
AcDbEntity
  8
0
  6
Continuous
 62
     7
100
AcDbSpline
210
0.0
220
0.0
230
1.0
 70
     8
 71
     3
 72
     9
 73
     5
 74
     0
 42
0.00000001
 43
0.00000001
 40
0.0
 40
0.0
 40
0.0
 40
0.0
 40
0.5599519111289373
 40
1.0
 40
1.0
 40
1.0
 40
1.0
 10
-81.5462589263916
 20
-61.79302120677396
 30
0.0
 10
-81.47615848996695
 20
-61.79059193194513
 30
0.0
 10
-81.35096838876107
 20
-61.78625356863115
 30
0.0
 10
-81.22580436885251
 20
-61.79095316039835
 30
0.0
 10
-81.17072618109631
 20
-61.79302120677396
 30
0.0
  0
SPLINE
  5
207
330
1F
100
AcDbEntity
  8
0
  6
Continuous
 62
     7
100
AcDbSpline
210
0.0
220
0.0
230
1.0
 70
     8
 71
     3
 72
     9
 73
     5
 74
     0
 42
0.00000001
 43
0.00000001
 40
0.0
 40
0.0
 40
0.0
 40
0.0
 40
0.5592438260347256
 40
1.0
 40
1.0
 40
1.0
 40
1.0
 10
-81.17070198059082
 20
-61.79302120677396
 30
0.0
 10
-81.13943238504758
 20
-61.61371726987645
 30
0.0
 10
-81.08351832022012
 20
-61.29309873364895
 30
0.0
 10
-80.88790859672767
 20
-61.03476662379011
 30
0.0
 10
-80.80169240341075
 20
-60.92090515143637
 30
0.0
  0
SPLINE
  5
208
330
1F
100
AcDbEntity
  8
0
  6
Continuous
 62
     7
100
AcDbSpline
210
0.0
220
0.0
230
1.0
 70
     8
 71
     3
 72
     9
 73
     5
 74
     0
 42
0.00000001
 43
0.00000001
 40
0.0
 40
0.0
 40
0.0
 40
0.0
 40
0.5599703403053458
 40
1.0
 40
1.0
 40
1.0
 40
1.0
 10
-80.80167770385742
 20
-60.92090515143637
 30
0.0
 10
-80.75449041943482
 20
-60.92677203561641
 30
0.0
 10
-80.67022294841684
 20
-60.93724916941753
 30
0.0
 10
-80.58644223543119
 20
-60.95107348638228
 30
0.0
 10
-80.54957623680711
 20
-60.95715659587177
 30
0.0
  0
SPLINE
  5
209
330
1F
100
AcDbEntity
  8
0
  6
Continuous
 62
     7
100
AcDbSpline
210
0.0
220
0.0
230
1.0
 70
     8
 71
     3
 72
     9
 73
     5
 74
     0
 42
0.00000001
 43
0.00000001
 40
0.0
 40
0.0
 40
0.0
 40
0.0
 40
0.5592463186154588
 40
1.0
 40
1.0
 40
1.0
 40
1.0
 10
-80.54957389831543
 20
-60.95715659587177
 30
0.0
 10
-80.48848258655819
 20
-61.12860932454333
 30
0.0
 10
-80.37924393853547
 20
-61.4351875226726
 30
0.0
 10
-80.42223869513728
 20
-61.75635875027263
 30
0.0
 10
-80.44118879238975
 20
-61.89791615119213
 30
0.0
  0
SPLINE
  5
20A
330
1F
100
AcDbEntity
  8
0
  6
Continuous
 62
     7
100
AcDbSpline
210
0.0
220
0.0
230
1.0
 70
     8
 71
     3
 72
     9
 73
     5
 74
     0
 42
0.00000001
 43
0.00000001
 40
0.0
 40
0.0
 40
0.0
 40
0.0
 40
0.5599314854606761
 40
1.0
 40
1.0
 40
1.0
 40
1.0
 10
-80.44114112854004
 20
-61.89791615119213
 30
0.0
 10
-80.37320500836296
 20
-61.91533640232376
 30
0.0
 10
-80.25187566371791
 20
-61.9464478000286
 30
0.0
 10
-80.13311662740185
 20
-61.98621914539856
 30
0.0
 10
-80.08085451470211
 20
-62.00372126227673
 30
0.0
  0
SPLINE
  5
20B
330
1F
100
AcDbEntity
  8
0
  6
Continuous
 62
     7
100
AcDbSpline
210
0.0
220
0.0
230
1.0
 70
     8
 71
     3
 72
     9
 73
     5
 74
     0
 42
0.00000001
 43
0.00000001
 40
0.0
 40
0.0
 40
0.0
 40
0.0
 40
0.5592464974312156
 40
0.9999999999999999
 40
0.9999999999999999
 40
0.9999999999999999
 40
0.9999999999999999
 10
-80.08084297180176
 20
-62.00372126227673
 30
0.0
 10
-80.00031885953888
 20
-61.84049068085512
 30
0.0
 10
-79.85633206188747
 20
-61.54861476894259
 30
0.0
 10
-79.59586396367072
 20
-61.35585536647358
 30
0.0
 10
-79.48106173707427
 20
-61.2708959846823
 30
0.0
  0
SPLINE
  5
20C
330
1F
100
AcDbEntity
  8
0
  6
Continuous
 62
     7
100
AcDbSpline
210
0.0
220
0.0
230
1.0
 70
     8
 71
     3
 72
     9
 73
     5
 74
     0
 42
0.00000001
 43
0.00000001
 40
0.0
 40
0.0
 40
0.0
 40
0.0
 40
0.5599449923789741
 40
1.0
 40
1.0
 40
1.0
 40
1.0
 10
-79.48102951049805
 20
-61.27089598468228
 30
0.0
 10
-79.4374128489717
 20
-61.28982424445392
 30
0.0
 10
-79.35951830197162
 20
-61.32362802880647
 30
0.0
 10
-79.28302542277923
 20
-61.36048781696395
 30
0.0
 10
-79.24936434824326
 20
-61.3767081513225
 30
0.0
  0
SPLINE
  5
20D
330
1F
100
AcDbEntity
  8
0
  6
Continuous
 62
     7
100
AcDbSpline
210
0.0
220
0.0
230
1.0
 70
     8
 71
     3
 72
     9
 73
     5
 74
     0
 42
0.00000001
 43
0.00000001
 40
0.0
 40
0.0
 40
0.0
 40
0.0
 40
0.5592515841964725
 40
1.0
 40
1.0
 40
1.0
 40
1.0
 10
-79.24933433532715
 20
-61.3767081513225
 30
0.0
 10
-79.23903518921426
 20
-61.55842898976815
 30
0.0
 10
-79.22061924475578
 20
-61.88336474959569
 30
0.0
 10
-79.3523530106767
 20
-62.1794139010362
 30
0.0
 10
-79.41041445931415
 20
-62.30989709553355
 30
0.0
  0
SPLINE
  5
20E
330
1F
100
AcDbEntity
  8
0
  6
Continuous
 62
     7
100
AcDbSpline
210
0.0
220
0.0
230
1.0
 70
     8
 71
     3
 72
     9
 73
     5
 74
     0
 42
0.00000001
 43
0.00000001
 40
0.0
 40
0.0
 40
0.0
 40
0.0
 40
0.559971245106841
 40
1.0
 40
1.0
 40
1.0
 40
1.0
 10
-79.41040992736816
 20
-62.30989709553354
 30
0.0
 10
-79.3501199325421
 20
-62.345755210839
 30
0.0
 10
-79.24245369904725
 20
-62.40979084770216
 30
0.0
 10
-79.13969678824388
 20
-62.48141717436574
 30
0.0
 10
-79.09448079272642
 20
-62.51293481770508
 30
0.0
  0
SPLINE
  5
20F
330
1F
100
AcDbEntity
  8
0
  6
Continuous
 62
     7
100
AcDbSpline
210
0.0
220
0.0
230
1.0
 70
     8
 71
     3
 72
     9
 73
     5
 74
     0
 42
0.00000001
 43
0.00000001
 40
0.0
 40
0.0
 40
0.0
 40
0.0
 40
0.5592400845005799
 40
1.0
 40
1.0
 40
1.0
 40
1.0
 10
-79.09445762634277
 20
-62.51293481770508
 30
0.0
 10
-78.97121298359109
 20
-62.37900502793259
 30
0.0
 10
-78.75083421216996
 20
-62.13951970940057
 30
0.0
 10
-78.44661521937041
 20
-62.02795369879935
 30
0.0
 10
-78.31252768181078
 20
-61.97877987339414
 30
0.0
  0
SPLINE
  5
210
330
1F
100
AcDbEntity
  8
0
  6
Continuous
 62
     7
100
AcDbSpline
210
0.0
220
0.0
230
1.0
 70
     8
 71
     3
 72
     9
 73
     5
 74
     0
 42
0.00000001
 43
0.00000001
 40
0.0
 40
0.0
 40
0.0
 40
0.0
 40
0.5599503199133781
 40
1.0
 40
1.0
 40
1.0
 40
1.0
 10
-78.31249237060547
 20
-61.97877987339414
 30
0.0
 10
-78.27597771507666
 20
-62.00923261548402
 30
0.0
 10
-78.21076718794554
 20
-62.06361733678325
 30
0.0
 10
-78.14775809210425
 20
-62.12053407138721
 30
0.0
 10
-78.12003095963675
 20
-62.14558026224126
 30
0.0
  0
SPLINE
  5
211
330
1F
100
AcDbEntity
  8
0
  6
Continuous
 62
     7
100
AcDbSpline
210
0.0
220
0.0
230
1.0
 70
     8
 71
     3
 72
     9
 73
     5
 74
     0
 42
0.00000001
 43
0.00000001
 40
0.0
 40
0.0
 40
0.0
 40
0.0
 40
0.559253585934492
 40
1.0
 40
1.0
 40
1.0
 40
1.0
 10
-78.11999320983887
 20
-62.14558026224126
 30
0.0
 10
-78.16130957092821
 20
-62.32284340463373
 30
0.0
 10
-78.2351872574169
 20
-62.63980720576212
 30
0.0
 10
-78.44499419363636
 20
-62.88675146520514
 30
0.0
 10
-78.53746584842118
 20
-62.99559126202873
 30
0.0
  0
SPLINE
  5
212
330
1F
100
AcDbEntity
  8
0
  6
Continuous
 62
     7
100
AcDbSpline
210
0.0
220
0.0
230
1.0
 70
     8
 71
     3
 72
     9
 73
     5
 74
     0
 42
0.00000001
 43
0.00000001
 40
0.0
 40
0.0
 40
0.0
 40
0.0
 40
0.5599842190017345
 40
1.0
 40
1.0
 40
1.0
 40
1.0
 10
-78.5374641418457
 20
-62.99559126202873
 30
0.0
 10
-78.48971600217777
 20
-63.04698359523806
 30
0.0
 10
-78.40444906420399
 20
-63.13875820506719
 30
0.0
 10
-78.32603414874868
 20
-63.23643553060767
 30
0.0
 10
-78.2915303484827
 20
-63.27941509529118
 30
0.0
  0
SPLINE
  5
213
330
1F
100
AcDbEntity
  8
0
  6
Continuous
 62
     7
100
AcDbSpline
210
0.0
220
0.0
230
1.0
 70
     8
 71
     3
 72
     9
 73
     5
 74
     0
 42
0.00000001
 43
0.00000001
 40
0.0
 40
0.0
 40
0.0
 40
0.0
 40
0.5592394187906848
 40
1.0
 40
1.0
 40
1.0
 40
1.0
 10
-78.29151153564453
 20
-63.27941509529118
 30
0.0
 10
-78.1355253280049
 20
-63.18563538571191
 30
0.0
 10
-77.85659969723135
 20
-63.01794386321149
 30
0.0
 10
-77.5332718513244
 20
-62.99660676033888
 30
0.0
 10
-77.39076168204129
 20
-62.98720220647542
 30
0.0
  0
SPLINE
  5
214
330
1F
100
AcDbEntity
  8
0
  6
Continuous
 62
     7
100
AcDbSpline
210
0.0
220
0.0
230
1.0
 70
     8
 71
     3
 72
     9
 73
     5
 74
     0
 42
0.00000001
 43
0.00000001
 40
0.0
 40
0.0
 40
0.0
 40
0.0
 40
0.559945032278102
 40
1.0
 40
1.0
 40
1.0
 40
1.0
 10
-77.39071846008302
 20
-62.98720220647544
 30
0.0
 10
-77.36426652319336
 20
-63.02671146657637
 30
0.0
 10
-77.31702628466128
 20
-63.09727064260866
 30
0.0
 10
-77.27260584113856
 20
-63.16963509283538
 30
0.0
 10
-77.25305840429797
 20
-63.20147942864411
 30
0.0
  0
SPLINE
  5
215
330
1F
100
AcDbEntity
  8
0
  6
Continuous
 62
     7
100
AcDbSpline
210
0.0
220
0.0
230
1.0
 70
     8
 71
     3
 72
     9
 73
     5
 74
     0
 42
0.00000001
 43
0.00000001
 40
0.0
 40
0.0
 40
0.0
 40
0.0
 40
0.5592444234926855
 40
1.0
 40
1.0
 40
1.0
 40
1.0
 10
-77.25305557250977
 20
-63.20147942864411
 30
0.0
 10
-77.34262412559303
 20
-63.35992718258133
 30
0.0
 10
-77.50278406518419
 20
-63.64325187439974
 30
0.0
 10
-77.77366743652512
 20
-63.82107901394814
 30
0.0
 10
-77.89306079302676
 20
-63.89945731735842
 30
0.0
  0
SPLINE
  5
216
330
1F
100
AcDbEntity
  8
0
  6
Continuous
 62
     7
100
AcDbSpline
210
0.0
220
0.0
230
1.0
 70
     8
 71
     3
 72
     9
 73
     5
 74
     0
 42
0.00000001
 43
0.00000001
 40
0.0
 40
0.0
 40
0.0
 40
0.0
 40
0.5599562994690505
 40
1.0
 40
1.0
 40
1.0
 40
1.0
 10
-77.89301872253418
 20
-63.89945731735842
 30
0.0
 10
-77.86169980163726
 20
-63.96221945184661
 30
0.0
 10
-77.80576879250923
 20
-64.07430343866434
 30
0.0
 10
-77.7580477102514
 20
-64.1901073631428
 30
0.0
 10
-77.73704834862131
 20
-64.2410661506063
 30
0.0
  0
SPLINE
  5
217
330
1F
100
AcDbEntity
  8
0
  6
Continuous
 62
     7
100
AcDbSpline
210
0.0
220
0.0
230
1.0
 70
     8
 71
     3
 72
     9
 73
     5
 74
     0
 42
0.00000001
 43
0.00000001
 40
0.0
 40
0.0
 40
0.0
 40
0.0
 40
0.5592462303209113
 40
1.0
 40
1.0
 40
1.0
 40
1.0
 10
-77.73704528808594
 20
-64.2410661506063
 30
0.0
 10
-77.56095124606134
 20
-64.19503393589213
 30
0.0
 10
-77.24607376906239
 20
-64.11272276020885
 30
0.0
 10
-76.92982678716696
 20
-64.18334131287273
 30
0.0
 10
-76.79043973774692
 20
-64.21446670616861
 30
0.0
  0
SPLINE
  5
218
330
1F
100
AcDbEntity
  8
0
  6
Continuous
 62
     7
100
AcDbSpline
210
0.0
220
0.0
230
1.0
 70
     8
 71
     3
 72
     9
 73
     5
 74
     0
 42
0.00000001
 43
0.00000001
 40
0.0
 40
0.0
 40
0.0
 40
0.0
 40
0.5599890114854559
 40
1.0
 40
1.0
 40
1.0
 40
1.0
 10
-76.7904281616211
 20
-64.21446670616861
 30
0.0
 10
-76.77616514923072
 20
-64.25983145984985
 30
0.0
 10
-76.75069498446346
 20
-64.34084153817426
 30
0.0
 10
-76.72846091645316
 20
-64.42279612199877
 30
0.0
 10
-76.71867768220925
 20
-64.4588570394407
 30
0.0
  0
SPLINE
  5
219
330
1F
100
AcDbEntity
  8
0
  6
Continuous
 62
     7
100
AcDbSpline
210
0.0
220
0.0
230
1.0
 70
     8
 71
     3
 72
     9
 73
     5
 74
     0
 42
0.00000001
 43
0.00000001
 40
0.0
 40
0.0
 40
0.0
 40
0.0
 40
0.5592517739176933
 40
1.0
 40
1.0
 40
1.0
 40
1.0
 10
-76.71866416931152
 20
-64.45885703944069
 30
0.0
 10
-76.84925029516727
 20
-64.58565253063762
 30
0.0
 10
-77.08275179117678
 20
-64.81237597991468
 30
0.0
 10
-77.39276540036307
 20
-64.906685004173
 30
0.0
 10
-77.52940334867331
 20
-64.94825153931842
 30
0.0
  0
SPLINE
  5
21A
330
1F
100
AcDbEntity
  8
0
  6
Continuous
 62
     7
100
AcDbSpline
210
0.0
220
0.0
230
1.0
 70
     8
 71
     3
 72
     9
 73
     5
 74
     0
 42
0.00000001
 43
0.00000001
 40
0.0
 40
0.0
 40
0.0
 40
0.0
 40
0.5599822327741644
 40
0.9999999999999999
 40
0.9999999999999999
 40
0.9999999999999999
 40
0.9999999999999999
 10
-77.52938270568848
 20
-64.94825153931842
 30
0.0
 10
-77.51700618861152
 20
-65.01730030434729
 30
0.0
 10
-77.49490456403737
 20
-65.14060558260013
 30
0.0
 10
-77.4817470536821
 20
-65.26516998778163
 30
0.0
 10
-77.47595751535334
 20
-65.31998053922543
 30
0.0
  0
SPLINE
  5
21B
330
1F
100
AcDbEntity
  8
0
  6
Continuous
 62
     7
100
AcDbSpline
210
0.0
220
0.0
230
1.0
 70
     8
 71
     3
 72
     9
 73
     5
 74
     0
 42
0.00000001
 43
0.00000001
 40
0.0
 40
0.0
 40
0.0
 40
0.0
 40
0.5592390675644487
 40
0.9999999999999999
 40
0.9999999999999999
 40
0.9999999999999999
 40
0.9999999999999999
 10
-77.4759292602539
 20
-65.31998053922543
 30
0.0
 10
-77.29400629710696
 20
-65.32542563391215
 30
0.0
 10
-76.96870183663847
 20
-65.33516224746892
 30
0.0
 10
-76.68516691139041
 20
-65.49201286095602
 30
0.0
 10
-76.56019579336001
 20
-65.56114648360966
 30
0.0
  0
SPLINE
  5
21C
330
1F
100
AcDbEntity
  8
0
  6
Continuous
 62
     7
100
AcDbSpline
210
0.0
220
0.0
230
1.0
 70
     8
 71
     3
 72
     9
 73
     5
 74
     0
 42
0.00000001
 43
0.00000001
 40
0.0
 40
0.0
 40
0.0
 40
0.0
 40
0.5599839878264533
 40
1.0
 40
1.0
 40
1.0
 40
1.0
 10
-76.5601634979248
 20
-65.56114648360966
 30
0.0
 10
-76.55926696422947
 20
-65.60869302001778
 30
0.0
 10
-76.5576659654245
 20
-65.69359997707681
 30
0.0
 10
-76.5594227708448
 20
-65.77850119799848
 30
0.0
 10
-76.56019579336002
 20
-65.81585909465709
 30
0.0
  0
SPLINE
  5
21D
330
1F
100
AcDbEntity
  8
0
  6
Continuous
 62
     7
100
AcDbSpline
210
0.0
220
0.0
230
1.0
 70
     8
 71
     3
 72
     9
 73
     5
 74
     0
 42
0.00000001
 43
0.00000001
 40
0.0
 40
0.0
 40
0.0
 40
0.0
 40
0.5592575226965398
 40
1.0
 40
1.0
 40
1.0
 40
1.0
 10
-76.5601634979248
 20
-65.81585909465709
 30
0.0
 10
-76.72118728235728
 20
-65.90072992508287
 30
0.0
 10
-77.0091114995517
 20
-66.05248618580612
 30
0.0
 10
-77.33314304797622
 20
-66.05563164569985
 30
0.0
 10
-77.47595751535334
 20
-66.05701798348566
 30
0.0
  0
SPLINE
  5
21E
330
1F
100
AcDbEntity
  8
0
  6
Continuous
 62
     7
100
AcDbSpline
210
0.0
220
0.0
230
1.0
 70
     8
 71
     3
 72
     9
 73
     5
 74
     0
 42
0.00000001
 43
0.00000001
 40
0.0
 40
0.0
 40
0.0
 40
0.0
 40
0.559990556871255
 40
0.9999999999999999
 40
0.9999999999999999
 40
0.9999999999999999
 40
0.9999999999999999
 10
-77.4759292602539
 20
-66.05701798348566
 30
0.0
 10
-77.48351040307088
 20
-66.12675861551547
 30
0.0
 10
-77.49704838638853
 20
-66.25129755849238
 30
0.0
 10
-77.51951696285458
 20
-66.37452551768887
 30
0.0
 10
-77.52940334867331
 20
-66.4287469833928
 30
0.0
  0
SPLINE
  5
21F
330
1F
100
AcDbEntity
  8
0
  6
Continuous
 62
     7
100
AcDbSpline
210
0.0
220
0.0
230
1.0
 70
     8
 71
     3
 72
     9
 73
     5
 74
     0
 42
0.00000001
 43
0.00000001
 40
0.0
 40
0.0
 40
0.0
 40
0.0
 40
0.559241716704908
 40
1.0
 40
1.0
 40
1.0
 40
1.0
 10
-77.52938270568848
 20
-66.4287469833928
 30
0.0
 10
-77.35636140581789
 20
-66.48522804588475
 30
0.0
 10
-77.0469758669671
 20
-66.58622384216537
 30
0.0
 10
-76.81911100679983
 20
-66.81660089080252
 30
0.0
 10
-76.71867768220923
 20
-66.91814148327042
 30
0.0
  0
SPLINE
  5
220
330
1F
100
AcDbEntity
  8
0
  6
Continuous
 62
     7
100
AcDbSpline
210
0.0
220
0.0
230
1.0
 70
     8
 71
     3
 72
     9
 73
     5
 74
     0
 42
0.00000001
 43
0.00000001
 40
0.0
 40
0.0
 40
0.0
 40
0.0
 40
0.5600020327633769
 40
1.0
 40
1.0
 40
1.0
 40
1.0
 10
-76.71866416931152
 20
-66.91814148327042
 30
0.0
 10
-76.73119383805972
 20
-66.96401905316972
 30
0.0
 10
-76.75356816532131
 20
-67.04594298775423
 30
0.0
 10
-76.77917346009568
 20
-67.12691246618186
 30
0.0
 10
-76.79043973774692
 20
-67.16253887209824
 30
0.0
  0
SPLINE
  5
221
330
1F
100
AcDbEntity
  8
0
  6
Continuous
 62
     7
100
AcDbSpline
210
0.0
220
0.0
230
1.0
 70
     8
 71
     3
 72
     9
 73
     5
 74
     0
 42
0.00000001
 43
0.00000001
 40
0.0
 40
0.0
 40
0.0
 40
0.0
 40
0.5592526288445957
 40
0.9999999999999999
 40
0.9999999999999999
 40
0.9999999999999999
 40
0.9999999999999999
 10
-76.7904281616211
 20
-67.16253887209824
 30
0.0
 10
-76.96883441964533
 20
-67.19860888839723
 30
0.0
 10
-77.28784276904341
 20
-67.26310570868665
 30
0.0
 10
-77.59962926858613
 20
-67.1748367039132
 30
0.0
 10
-77.73704834862131
 20
-67.13593237210478
 30
0.0
  0
SPLINE
  5
222
330
1F
100
AcDbEntity
  8
0
  6
Continuous
 62
     7
100
AcDbSpline
210
0.0
220
0.0
230
1.0
 70
     8
 71
     3
 72
     9
 73
     5
 74
     0
 42
0.00000001
 43
0.00000001
 40
0.0
 40
0.0
 40
0.0
 40
0.0
 40
0.559983191936693
 40
1.0
 40
1.0
 40
1.0
 40
1.0
 10
-77.73704528808594
 20
-67.13593237210478
 30
0.0
 10
-77.7639591220978
 20
-67.20071495254575
 30
0.0
 10
-77.81202098252399
 20
-67.31640160416995
 30
0.0
 10
-77.86829797182646
 20
-67.42830769848497
 30
0.0
 10
-77.89306079302676
 20
-67.47754826090828
 30
0.0
  0
SPLINE
  5
223
330
1F
100
AcDbEntity
  8
0
  6
Continuous
 62
     7
100
AcDbSpline
210
0.0
220
0.0
230
1.0
 70
     8
 71
     3
 72
     9
 73
     5
 74
     0
 42
0.00000001
 43
0.00000001
 40
0.0
 40
0.0
 40
0.0
 40
0.0
 40
0.5592351584706887
 40
1.0
 40
1.0
 40
1.0
 40
1.0
 10
-77.89301872253418
 20
-67.47754826090828
 30
0.0
 10
-77.7429265232432
 20
-67.5804891777666
 30
0.0
 10
-77.474538177093
 20
-67.7645636503727
 30
0.0
 10
-77.32081442814317
 20
-68.04980277295833
 30
0.0
 10
-77.25305840429797
 20
-68.17552614962274
 30
0.0
  0
SPLINE
  5
224
330
1F
100
AcDbEntity
  8
0
  6
Continuous
 62
     7
100
AcDbSpline
210
0.0
220
0.0
230
1.0
 70
     8
 71
     3
 72
     9
 73
     5
 74
     0
 42
0.00000001
 43
0.00000001
 40
0.0
 40
0.0
 40
0.0
 40
0.0
 40
0.5599966935829102
 40
1.0
 40
1.0
 40
1.0
 40
1.0
 10
-77.25305557250977
 20
-68.17552614962274
 30
0.0
 10
-77.27799806261777
 20
-68.21601606600302
 30
0.0
 10
-77.32253848650569
 20
-68.28831991501548
 30
0.0
 10
-77.36991559684398
 20
-68.35879437595852
 30
0.0
 10
-77.39076168204129
 20
-68.38980337179143
 30
0.0
  0
SPLINE
  5
225
330
1F
100
AcDbEntity
  8
0
  6
Continuous
 62
     7
100
AcDbSpline
210
0.0
220
0.0
230
1.0
 70
     8
 71
     3
 72
     9
 73
     5
 74
     0
 42
0.00000001
 43
0.00000001
 40
0.0
 40
0.0
 40
0.0
 40
0.0
 40
0.55926807634384
 40
1.0
 40
1.0
 40
1.0
 40
1.0
 10
-77.39071846008301
 20
-68.38980337179143
 30
0.0
 10
-77.57207148203072
 20
-68.37415138898332
 30
0.0
 10
-77.89633998513091
 20
-68.34616484108233
 30
0.0
 10
-78.1706383170155
 20
-68.17362655718598
 30
0.0
 10
-78.2915303484827
 20
-68.09758342742003
 30
0.0
  0
SPLINE
  5
226
330
1F
100
AcDbEntity
  8
0
  6
Continuous
 62
     7
100
AcDbSpline
210
0.0
220
0.0
230
1.0
 70
     8
 71
     3
 72
     9
 73
     5
 74
     0
 42
0.00000001
 43
0.00000001
 40
0.0
 40
0.0
 40
0.0
 40
0.0
 40
0.5599999497706006
 40
1.0
 40
1.0
 40
1.0
 40
1.0
 10
-78.29151153564453
 20
-68.09758342742003
 30
0.0
 10
-78.3355921740422
 20
-68.1521596982008
 30
0.0
 10
-78.41430760681276
 20
-68.24961733333656
 30
0.0
 10
-78.49983416050198
 20
-68.34113811302323
 30
0.0
 10
-78.53746584842118
 20
-68.3814072606824
 30
0.0
  0
SPLINE
  5
227
330
1F
100
AcDbEntity
  8
0
  6
Continuous
 62
     7
100
AcDbSpline
210
0.0
220
0.0
230
1.0
 70
     8
 71
     3
 72
     9
 73
     5
 74
     0
 42
0.00000001
 43
0.00000001
 40
0.0
 40
0.0
 40
0.0
 40
0.0
 40
0.5592473537678482
 40
0.9999999999999999
 40
0.9999999999999999
 40
0.9999999999999999
 40
0.9999999999999999
 10
-78.5374641418457
 20
-68.3814072606824
 30
0.0
 10
-78.42244005097828
 20
-68.52246588276675
 30
0.0
 10
-78.21676345708386
 20
-68.77469527846081
 30
0.0
 10
-78.14962320389739
 20
-69.09169832766807
 30
0.0
 10
-78.12003095963675
 20
-69.23141826046985
 30
0.0
  0
SPLINE
  5
228
330
1F
100
AcDbEntity
  8
0
  6
Continuous
 62
     7
100
AcDbSpline
210
0.0
220
0.0
230
1.0
 70
     8
 71
     3
 72
     9
 73
     5
 74
     0
 42
0.00000001
 43
0.00000001
 40
0.0
 40
0.0
 40
0.0
 40
0.0
 40
0.5600537172835777
 40
0.9999999999999999
 40
0.9999999999999999
 40
0.9999999999999999
 40
0.9999999999999999
 10
-78.11999320983887
 20
-69.23141826046985
 30
0.0
 10
-78.15534568592601
 20
-69.26324138720106
 30
0.0
 10
-78.21846905248199
 20
-69.32006294868545
 30
0.0
 10
-78.28378998178177
 20
-69.37433976551516
 30
0.0
 10
-78.31252768181078
 20
-69.39821864931709
 30
0.0
  0
SPLINE
  5
229
330
1F
100
AcDbEntity
  8
0
  6
Continuous
 62
     7
100
AcDbSpline
210
0.0
220
0.0
230
1.0
 70
     8
 71
     3
 72
     9
 73
     5
 74
     0
 42
0.00000001
 43
0.00000001
 40
0.0
 40
0.0
 40
0.0
 40
0.0
 40
0.5592610783257647
 40
0.9999999999999999
 40
0.9999999999999999
 40
0.9999999999999999
 40
0.9999999999999999
 10
-78.31249237060547
 20
-69.39821864931709
 30
0.0
 10
-78.48208820029178
 20
-69.3321148196966
 30
0.0
 10
-78.78533803522404
 20
-69.21391630350739
 30
0.0
 10
-78.99991040003746
 20
-68.9710877151781
 30
0.0
 10
-79.09448079272642
 20
-68.86406370500616
 30
0.0
  0
SPLINE
  5
22A
330
1F
100
AcDbEntity
  8
0
  6
Continuous
 62
     7
100
AcDbSpline
210
0.0
220
0.0
230
1.0
 70
     8
 71
     3
 72
     9
 73
     5
 74
     0
 42
0.00000001
 43
0.00000001
 40
0.0
 40
0.0
 40
0.0
 40
0.0
 40
0.5600158065024475
 40
1.0
 40
1.0
 40
1.0
 40
1.0
 10
-79.09445762634277
 20
-68.86406370500616
 30
0.0
 10
-79.15213072961207
 20
-68.9040122750774
 30
0.0
 10
-79.25511550718377
 20
-68.97534699386104
 30
0.0
 10
-79.36296318553444
 20
-69.03906604975829
 30
0.0
 10
-79.41041445931415
 20
-69.06710142717766
 30
0.0
  0
SPLINE
  5
22B
330
1F
100
AcDbEntity
  8
0
  6
Continuous
 62
     7
100
AcDbSpline
210
0.0
220
0.0
230
1.0
 70
     8
 71
     3
 72
     9
 73
     5
 74
     0
 42
0.00000001
 43
0.00000001
 40
0.0
 40
0.0
 40
0.0
 40
0.0
 40
0.5592493948305186
 40
1.0
 40
1.0
 40
1.0
 40
1.0
 10
-79.41040992736816
 20
-69.06710142717766
 30
0.0
 10
-79.33978814312847
 20
-69.23485417354317
 30
0.0
 10
-79.21350855321298
 20
-69.53481470620738
 30
0.0
 10
-79.2383954384946
 20
-69.857893290045
 30
0.0
 10
-79.24936434824328
 20
-70.00029037138874
 30
0.0
  0
SPLINE
  5
22C
330
1F
100
AcDbEntity
  8
0
  6
Continuous
 62
     7
100
AcDbSpline
210
0.0
220
0.0
230
1.0
 70
     8
 71
     3
 72
    11
 73
     7
 74
     0
 42
0.00000001
 43
0.00000001
 40
0.0
 40
0.0
 40
0.0
 40
0.0
 40
0.2837047277771136
 40
0.5579166026274422
 40
0.7750255336104964
 40
1.0
 40
1.0
 40
1.0
 40
1.0
 10
8.30538272857666
 20
-16.3709420514628
 30
0.0
 10
8.262944900719786
 20
-16.04314185987661
 30
0.0
 10
8.179489228597902
 20
-15.39850977826367
 30
0.0
 10
7.59198587482086
 20
-14.68275578185403
 30
0.0
 10
6.873931043047913
 20
-14.24909440333126
 30
0.0
 10
6.364582341491248
 20
-14.19729544506391
 30
0.0
 10
6.105376831807
 20
-14.17093516312392
 30
0.0
  0
SPLINE
  5
22D
330
1F
100
AcDbEntity
  8
0
  6
Continuous
 62
     7
100
AcDbSpline
210
0.0
220
0.0
230
1.0
 70
     8
 71
     3
 72
    11
 73
     7
 74
     0
 42
0.00000001
 43
0.00000001
 40
0.0
 40
0.0
 40
0.0
 40
0.0
 40
0.2837037197259035
 40
0.557915454626054
 40
0.775024784265798
 40
1.0
 40
1.0
 40
1.0
 40
1.0
 10
6.105375289916992
 20
-14.17093516312392
 30
0.0
 10
5.777577531665224
 20
-14.21337355611659
 30
0.0
 10
5.1329492712493
 20
-14.29683046441156
 30
0.0
 10
4.417200413312692
 20
-14.88433380557213
 30
0.0
 10
3.983542596971079
 20
-15.60238842064051
 30
0.0
 10
3.931744113994066
 20
-16.11173661144299
 30
0.0
 10
3.905384054579185
 20
-16.3709420514628
 30
0.0
  0
SPLINE
  5
22E
330
1F
100
AcDbEntity
  8
0
  6
Continuous
 62
     7
100
AcDbSpline
210
0.0
220
0.0
230
1.0
 70
     8
 71
     3
 72
    11
 73
     7
 74
     0
 42
0.00000001
 43
0.00000001
 40
0.0
 40
0.0
 40
0.0
 40
0.0
 40
0.283704890466166
 40
0.557916648496288
 40
0.7750255068940787
 40
1.0
 40
1.0
 40
1.0
 40
1.0
 10
3.905382752418518
 20
-16.3709420514628
 30
0.0
 10
3.947821187962405
 20
-16.69874020902652
 30
0.0
 10
4.031278014128376
 20
-17.34336797399279
 30
0.0
 10
4.618776884795222
 20
-18.05911784137895
 30
0.0
 10
5.336827410611405
 20
-18.49277619849944
 30
0.0
 10
5.846172899408136
 20
-18.54457474859981
 30
0.0
 10
6.105376831807
 20
-18.57093482869062
 30
0.0
  0
SPLINE
  5
22F
330
1F
100
AcDbEntity
  8
0
  6
Continuous
 62
     7
100
AcDbSpline
210
0.0
220
0.0
230
1.0
 70
     8
 71
     3
 72
    11
 73
     7
 74
     0
 42
0.00000001
 43
0.00000001
 40
0.0
 40
0.0
 40
0.0
 40
0.0
 40
0.2837058842039968
 40
0.5579177876644218
 40
0.7750262517443671
 40
1.0
 40
1.0
 40
1.0
 40
1.0
 10
6.105375289916992
 20
-18.57093482869062
 30
0.0
 10
6.433175885787435
 20
-18.52849708581623
 30
0.0
 10
7.077807504043243
 20
-18.4450417437306
 30
0.0
 10
7.793562469067483
 20
-17.85754277942026
 30
0.0
 10
8.22722439302083
 20
-17.13949205687946
 30
0.0
 10
8.279023417827505
 20
-16.63014605480793
 30
0.0
 10
8.305383720145887
 20
-16.3709420514628
 30
0.0
  0
SPLINE
  5
230
330
1F
100
AcDbEntity
  8
0
  6
Continuous
 62
     7
100
AcDbSpline
210
0.0
220
0.0
230
1.0
 70
     8
 71
     3
 72
    11
 73
     7
 74
     0
 42
0.00000001
 43
0.00000001
 40
0.0
 40
0.0
 40
0.0
 40
0.0
 40
0.2837049392298456
 40
0.5579167136244908
 40
0.7750254537326202
 40
1.0
 40
1.0
 40
1.0
 40
1.0
 10
3.620865941047668
 20
-16.3709420514628
 30
0.0
 10
3.578429255934003
 20
-16.04314193129253
 30
0.0
 10
3.494975876659022
 20
-15.39851034233402
 30
0.0
 10
2.907475142150303
 20
-14.68275589907634
 30
0.0
 10
2.189422063035752
 20
-14.24909422096429
 30
0.0
 10
1.680074189505972
 20
-14.19729539414715
 30
0.0
 10
1.4208689440892
 20
-14.17093516312392
 30
0.0
  0
SPLINE
  5
231
330
1F
100
AcDbEntity
  8
0
  6
Continuous
 62
     7
100
AcDbSpline
210
0.0
220
0.0
230
1.0
 70
     8
 71
     3
 72
    11
 73
     7
 74
     0
 42
0.00000001
 43
0.00000001
 40
0.0
 40
0.0
 40
0.0
 40
0.0
 40
0.2837044012617779
 40
0.5579161381830331
 40
0.775025214690968
 40
1.0
 40
1.0
 40
1.0
 40
1.0
 10
1.420868933200836
 20
-14.17093516312392
 30
0.0
 10
1.093069697158411
 20
-14.21337342984076
 30
0.0
 10
0.4484392893862432
 20
-14.29682999157381
 30
0.0
 10
-0.267312406697269
 20
-14.88433338277485
 30
0.0
 10
-0.7009719958128054
 20
-15.60238813612531
 30
0.0
 10
-0.7527707174831998
 20
-16.11173657853111
 30
0.0
 10
-0.7791308886941182
 20
-16.3709420514628
 30
0.0
  0
SPLINE
  5
232
330
1F
100
AcDbEntity
  8
0
  6
Continuous
 62
     7
100
AcDbSpline
210
0.0
220
0.0
230
1.0
 70
     8
 71
     3
 72
    11
 73
     7
 74
     0
 42
0.00000001
 43
0.00000001
 40
0.0
 40
0.0
 40
0.0
 40
0.0
 40
0.2837044224696726
 40
0.5579161240014827
 40
0.7750251824443728
 40
1.0
 40
1.0
 40
1.0
 40
1.0
 10
-0.779130682349205
 20
-16.3709420514628
 30
0.0
 10
-0.7366926681251917
 20
-16.69874029601415
 30
0.0
 10
-0.6532366112894468
 20
-17.34336868940526
 30
0.0
 10
-0.0657351061119194
 20
-18.05911814602076
 30
0.0
 10
0.6523174072145663
 20
-18.49277624466606
 30
0.0
 10
1.161664254215185
 20
-18.54457475970232
 30
0.0
 10
1.4208689440892
 20
-18.57093482869062
 30
0.0
  0
SPLINE
  5
233
330
1F
100
AcDbEntity
  8
0
  6
Continuous
 62
     7
100
AcDbSpline
210
0.0
220
0.0
230
1.0
 70
     8
 71
     3
 72
    11
 73
     7
 74
     0
 42
0.00000001
 43
0.00000001
 40
0.0
 40
0.0
 40
0.0
 40
0.0
 40
0.2837055772877297
 40
0.5579173296987431
 40
0.7750258906654498
 40
1.0
 40
1.0
 40
1.0
 40
1.0
 10
1.420868933200836
 20
-18.57093482869062
 30
0.0
 10
1.748668592649613
 20
-18.5284970684947
 30
0.0
 10
2.39329853762366
 20
-18.44504167056686
 30
0.0
 10
3.109050954711372
 20
-17.85754245318619
 30
0.0
 10
3.542710132179698
 20
-17.13949159144652
 30
0.0
 10
3.594508694772559
 20
-16.63014599558839
 30
0.0
 10
3.620868776872584
 20
-16.3709420514628
 30
0.0
  0
SPLINE
  5
234
330
1F
100
AcDbEntity
  8
0
  6
Continuous
 62
     7
100
AcDbSpline
210
0.0
220
0.0
230
1.0
 70
     8
 71
     3
 72
    11
 73
     7
 74
     0
 42
0.00000001
 43
0.00000001
 40
0.0
 40
0.0
 40
0.0
 40
0.0
 40
0.2837050744562082
 40
0.5579167970835539
 40
0.7750254962046281
 40
1.0
 40
1.0
 40
1.0
 40
1.0
 10
-1.166600733995438
 20
-16.3709420514628
 30
0.0
 10
-1.209038624234924
 20
-16.04314197828097
 30
0.0
 10
-1.29249434614184
 20
-15.39851069255616
 30
0.0
 10
-1.879994314942499
 20
-14.68275586352406
 30
0.0
 10
-2.598047582782154
 20
-14.24909422931689
 30
0.0
 10
-3.107395432517285
 20
-14.19729539696418
 30
0.0
 10
-3.366600665825048
 20
-14.17093516312392
 30
0.0
  0
SPLINE
  5
235
330
1F
100
AcDbEntity
  8
0
  6
Continuous
 62
     7
100
AcDbSpline
210
0.0
220
0.0
230
1.0
 70
     8
 71
     3
 72
    11
 73
     7
 74
     0
 42
0.00000001
 43
0.00000001
 40
0.0
 40
0.0
 40
0.0
 40
0.0
 40
0.2837044722552531
 40
0.5579161876159633
 40
0.7750252853028865
 40
1.0
 40
1.0
 40
1.0
 40
1.0
 10
-3.36659848690033
 20
-14.17093516312392
 30
0.0
 10
-3.694397956770775
 20
-14.21337340255085
 30
0.0
 10
-4.339028720180487
 20
-14.29682989712773
 30
0.0
 10
-5.054780713061387
 20
-14.88433348388845
 30
0.0
 10
-5.488441273294057
 20
-15.60238795414004
 30
0.0
 10
-5.540240218809568
 20
-16.11173655186283
 30
0.0
 10
-5.566600498608368
 20
-16.3709420514628
 30
0.0
  0
SPLINE
  5
236
330
1F
100
AcDbEntity
  8
0
  6
Continuous
 62
     7
100
AcDbSpline
210
0.0
220
0.0
230
1.0
 70
     8
 71
     3
 72
    11
 73
     7
 74
     0
 42
0.00000001
 43
0.00000001
 40
0.0
 40
0.0
 40
0.0
 40
0.0
 40
0.2837045094553801
 40
0.5579164328521908
 40
0.7750255335182543
 40
1.0
 40
1.0
 40
1.0
 40
1.0
 10
-5.56659996509552
 20
-16.3709420514628
 30
0.0
 10
-5.524161897871131
 20
-16.69874033935968
 30
0.0
 10
-5.440705716196667
 20
-17.34336897719683
 30
0.0
 10
-4.853203266172674
 20
-18.05911791402109
 30
0.0
 10
-4.13515122433442
 20
-18.49277602660624
 30
0.0
 10
-3.625804877674649
 20
-18.54457470121548
 30
0.0
 10
-3.366600665825048
 20
-18.57093482869062
 30
0.0
  0
SPLINE
  5
237
330
1F
100
AcDbEntity
  8
0
  6
Continuous
 62
     7
100
AcDbSpline
210
0.0
220
0.0
230
1.0
 70
     8
 71
     3
 72
    11
 73
     7
 74
     0
 42
0.00000001
 43
0.00000001
 40
0.0
 40
0.0
 40
0.0
 40
0.0
 40
0.2837051316775874
 40
0.5579170546770266
 40
0.7750257507079941
 40
1.0
 40
1.0
 40
1.0
 40
1.0
 10
-3.36659848690033
 20
-18.57093482869062
 30
0.0
 10
-3.03879960264807
 20
-18.52849693225234
 30
0.0
 10
-2.394170487386688
 20
-18.44504117645571
 30
0.0
 10
-1.678418657300689
 20
-17.85754245774102
 30
0.0
 10
-1.244759477241696
 20
-17.13949159037642
 30
0.0
 10
-1.192960914975467
 20
-16.63014599522749
 30
0.0
 10
-1.166600833041666
 20
-16.3709420514628
 30
0.0
  0
SPLINE
  5
238
330
1F
100
AcDbEntity
  8
0
  6
Continuous
 62
     7
100
AcDbSpline
210
0.0
220
0.0
230
1.0
 70
     8
 71
     3
 72
    11
 73
     7
 74
     0
 42
0.00000001
 43
0.00000001
 40
0.0
 40
0.0
 40
0.0
 40
0.0
 40
0.2837066785790538
 40
0.557917520640364
 40
0.775025737011382
 40
1.0
 40
1.0
 40
1.0
 40
1.0
 10
-61.1900806427002
 20
-16.52537405142419
 30
0.0
 10
-61.23253267821529
 20
-16.19757492782562
 30
0.0
 10
-61.31601585358271
 20
-15.55294831832113
 30
0.0
 10
-61.90350736942468
 20
-14.83719107172079
 30
0.0
 10
-62.62156298331366
 20
-14.40353270185581
 30
0.0
 10
-63.13091013545961
 20
-14.35173426575723
 30
0.0
 10
-63.3901151605612
 20
-14.32537421864087
 30
0.0
  0
SPLINE
  5
239
330
1F
100
AcDbEntity
  8
0
  6
Continuous
 62
     7
100
AcDbSpline
210
0.0
220
0.0
230
1.0
 70
     8
 71
     3
 72
    11
 73
     7
 74
     0
 42
0.00000001
 43
0.00000001
 40
0.0
 40
0.0
 40
0.0
 40
0.0
 40
0.2837049808398546
 40
0.5579164799297883
 40
0.77502529708323
 40
1.0
 40
1.0
 40
1.0
 40
1.0
 10
-63.39011192321777
 20
-14.32537421864086
 30
0.0
 10
-63.71791165900944
 20
-14.36781200710124
 30
0.0
 10
-64.3625421275102
 20
-14.45126750895294
 30
0.0
 10
-65.07829507401658
 20
-15.03876823840686
 30
0.0
 10
-65.51195589181809
 20
-15.75682107052693
 30
0.0
 10
-65.56375470782561
 20
-16.26616882376216
 30
0.0
 10
-65.59011493776788
 20
-16.52537405142417
 30
0.0
  0
SPLINE
  5
23A
330
1F
100
AcDbEntity
  8
0
  6
Continuous
 62
     7
100
AcDbSpline
210
0.0
220
0.0
230
1.0
 70
     8
 71
     3
 72
    11
 73
     7
 74
     0
 42
0.00000001
 43
0.00000001
 40
0.0
 40
0.0
 40
0.0
 40
0.0
 40
0.2837036379663671
 40
0.557916165595891
 40
0.7750255261473117
 40
1.0
 40
1.0
 40
1.0
 40
1.0
 10
-65.59009552001953
 20
-16.52537405142417
 30
0.0
 10
-65.54766513057444
 20
-16.85317303563566
 30
0.0
 10
-65.46422383121843
 20
-17.49780471420154
 30
0.0
 10
-64.87671707287889
 20
-18.21355330767192
 30
0.0
 10
-64.15866639744561
 20
-18.64721445326855
 30
0.0
 10
-63.6493195029803
 20
-18.69901355463146
 30
0.0
 10
-63.3901151605612
 20
-18.72537388420757
 30
0.0
  0
SPLINE
  5
23B
330
1F
100
AcDbEntity
  8
0
  6
Continuous
 62
     7
100
AcDbSpline
210
0.0
220
0.0
230
1.0
 70
     8
 71
     3
 72
    11
 73
     7
 74
     0
 42
0.00000001
 43
0.00000001
 40
0.0
 40
0.0
 40
0.0
 40
0.0
 40
0.2837046166455794
 40
0.5579167542504532
 40
0.7750257335735151
 40
1.0
 40
1.0
 40
1.0
 40
1.0
 10
-63.39011192321777
 20
-18.72537388420757
 30
0.0
 10
-63.06231332052159
 20
-18.68293553613467
 30
0.0
 10
-62.41768393582407
 20
-18.59947878561531
 30
0.0
 10
-61.70193309808484
 20
-18.01197720539055
 30
0.0
 10
-61.2682742019495
 20
-17.29392470259098
 30
0.0
 10
-61.21647551356401
 20
-16.78457826665566
 30
0.0
 10
-61.19011538335455
 20
-16.52537405142419
 30
0.0
  0
SPLINE
  5
23C
330
1F
100
AcDbEntity
  8
0
  6
Continuous
 62
     7
100
AcDbSpline
210
0.0
220
0.0
230
1.0
 70
     8
 71
     3
 72
    11
 73
     7
 74
     0
 42
0.00000001
 43
0.00000001
 40
0.0
 40
0.0
 40
0.0
 40
0.0
 40
0.2837072243758385
 40
0.5579178574956577
 40
0.7750259084358885
 40
1.0
 40
1.0
 40
1.0
 40
1.0
 10
-65.87457656860352
 20
-16.52537405142419
 30
0.0
 10
-65.91703346729953
 20
-16.19757511748151
 30
0.0
 10
-66.0005260960421
 20
-15.55294973186782
 30
0.0
 10
-66.58801452212025
 20
-14.83719092822924
 30
0.0
 10
-67.30607089757336
 20
-14.40353273556757
 30
0.0
 10
-67.81541795370042
 20
-14.351734277127
 30
0.0
 10
-68.07462292993834
 20
-14.32537421864087
 30
0.0
  0
SPLINE
  5
23D
330
1F
100
AcDbEntity
  8
0
  6
Continuous
 62
     7
100
AcDbSpline
210
0.0
220
0.0
230
1.0
 70
     8
 71
     3
 72
    11
 73
     7
 74
     0
 42
0.00000001
 43
0.00000001
 40
0.0
 40
0.0
 40
0.0
 40
0.0
 40
0.2837081401119739
 40
0.557918418537534
 40
0.7750261927223328
 40
1.0
 40
1.0
 40
1.0
 40
1.0
 10
-68.0746078491211
 20
-14.32537421864087
 30
0.0
 10
-68.4024128602553
 20
-14.36781105233199
 30
0.0
 10
-69.04704876435201
 20
-14.45126403725991
 30
0.0
 10
-69.7628054660365
 20
-15.03876806992033
 30
0.0
 10
-70.19646432240916
 20
-15.75682142657142
 30
0.0
 10
-70.24826269314691
 20
-16.26616887442541
 30
0.0
 10
-70.27462270714501
 20
-16.52537405142419
 30
0.0
  0
SPLINE
  5
23E
330
1F
100
AcDbEntity
  8
0
  6
Continuous
 62
     7
100
AcDbSpline
210
0.0
220
0.0
230
1.0
 70
     8
 71
     3
 72
    11
 73
     7
 74
     0
 42
0.00000001
 43
0.00000001
 40
0.0
 40
0.0
 40
0.0
 40
0.0
 40
0.2837028882058262
 40
0.5579151925291809
 40
0.7750246431555874
 40
1.0
 40
1.0
 40
1.0
 40
1.0
 10
-70.27459144592285
 20
-16.52537405142419
 30
0.0
 10
-70.23216629438004
 20
-16.85317314901788
 30
0.0
 10
-70.14873522062265
 20
-17.49780562985536
 30
0.0
 10
-69.5612270911784
 20
-18.21355362028842
 30
0.0
 10
-68.84317627645036
 20
-18.64721492495672
 30
0.0
 10
-68.33382827997302
 20
-18.69901368360093
 30
0.0
 10
-68.07462292993833
 20
-18.72537388420757
 30
0.0
  0
SPLINE
  5
23F
330
1F
100
AcDbEntity
  8
0
  6
Continuous
 62
     7
100
AcDbSpline
210
0.0
220
0.0
230
1.0
 70
     8
 71
     3
 72
    11
 73
     7
 74
     0
 42
0.00000001
 43
0.00000001
 40
0.0
 40
0.0
 40
0.0
 40
0.0
 40
0.2837022065825241
 40
0.5579152668075349
 40
0.775024976620197
 40
1.0
 40
1.0
 40
1.0
 40
1.0
 10
-68.0746078491211
 20
-18.72537388420757
 30
0.0
 10
-67.74681343903099
 20
-18.68293479927696
 30
0.0
 10
-67.10218854179652
 20
-18.59947611322251
 30
0.0
 10
-66.3864408788072
 20
-18.01197723002807
 30
0.0
 10
-65.9527819686612
 20
-17.29392469680269
 30
0.0
 10
-65.90098328204219
 20
-16.78457826470348
 30
0.0
 10
-65.87462315273169
 20
-16.52537405142419
 30
0.0
  0
SPLINE
  5
240
330
1F
100
AcDbEntity
  8
0
  6
Continuous
 62
     7
100
AcDbSpline
210
0.0
220
0.0
230
1.0
 70
     8
 71
     3
 72
    11
 73
     7
 74
     0
 42
0.00000001
 43
0.00000001
 40
0.0
 40
0.0
 40
0.0
 40
0.0
 40
0.2837062313760373
 40
0.5579172425688015
 40
0.775025594888785
 40
1.0
 40
1.0
 40
1.0
 40
1.0
 10
-70.66206932067871
 20
-16.52537405142419
 30
0.0
 10
-70.70451740144354
 20
-16.1975747730865
 30
0.0
 10
-70.78799288965463
 20
-15.55294716445354
 30
0.0
 10
-71.37548693597438
 20
-14.83719118571362
 30
0.0
 10
-72.09354194712418
 20
-14.4035326739225
 30
0.0
 10
-72.60288918839774
 20
-14.35173425638393
 30
0.0
 10
-72.86209425956227
 20
-14.32537421864087
 30
0.0
  0
SPLINE
  5
241
330
1F
100
AcDbEntity
  8
0
  6
Continuous
 62
     7
100
AcDbSpline
210
0.0
220
0.0
230
1.0
 70
     8
 71
     3
 72
    11
 73
     7
 74
     0
 42
0.00000001
 43
0.00000001
 40
0.0
 40
0.0
 40
0.0
 40
0.0
 40
0.2837127379921647
 40
0.5579212695615386
 40
0.7750277351224145
 40
1.0
 40
1.0
 40
1.0
 40
1.0
 10
-72.86205291748047
 20
-14.32537421864087
 30
0.0
 10
-73.18986615021926
 20
-14.36780963599948
 30
0.0
 10
-73.83451106917157
 20
-14.45125890970725
 30
0.0
 10
-74.55027424944272
 20
-15.03876831421119
 30
0.0
 10
-74.98393503533357
 20
-15.75682104982431
 30
0.0
 10
-75.03573385872004
 20
-16.26616881724795
 30
0.0
 10
-75.06209409234557
 20
-16.52537405142419
 30
0.0
  0
SPLINE
  5
242
330
1F
100
AcDbEntity
  8
0
  6
Continuous
 62
     7
100
AcDbSpline
210
0.0
220
0.0
230
1.0
 70
     8
 71
     3
 72
    11
 73
     7
 74
     0
 42
0.00000001
 43
0.00000001
 40
0.0
 40
0.0
 40
0.0
 40
0.0
 40
0.2837040735216929
 40
0.5579164323455168
 40
0.7750256612820657
 40
1.0
 40
1.0
 40
1.0
 40
1.0
 10
-75.06208419799805
 20
-16.52537405142419
 30
0.0
 10
-75.01964989661599
 20
-16.8531728836346
 30
0.0
 10
-74.93620099247352
 20
-17.49780358182539
 30
0.0
 10
-74.34869670189926
 20
-18.21355342576344
 30
0.0
 10
-73.63064539727013
 20
-18.64721442667635
 30
0.0
 10
-73.12129856900074
 20
-18.69901354561528
 30
0.0
 10
-72.86209425956226
 20
-18.72537388420757
 30
0.0
  0
SPLINE
  5
243
330
1F
100
AcDbEntity
  8
0
  6
Continuous
 62
     7
100
AcDbSpline
210
0.0
220
0.0
230
1.0
 70
     8
 71
     3
 72
    11
 73
     7
 74
     0
 42
0.00000001
 43
0.00000001
 40
0.0
 40
0.0
 40
0.0
 40
0.0
 40
0.2836968657716429
 40
0.5579119726318811
 40
0.7750233008412809
 40
1.0
 40
1.0
 40
1.0
 40
1.0
 10
-72.86205291748047
 20
-18.72537388420757
 30
0.0
 10
-72.53426779609433
 20
-18.68293316574759
 30
0.0
 10
-71.88965283648058
 20
-18.59947018884258
 30
0.0
 10
-71.17391219366867
 20
-18.01197728810576
 30
0.0
 10
-70.74025323928369
 20
-17.29392468605126
 30
0.0
 10
-70.6884545548868
 20
-16.7845782606094
 30
0.0
 10
-70.66209442677895
 20
-16.52537405142419
 30
0.0
  0
SPLINE
  5
244
330
1F
100
AcDbEntity
  8
0
  6
Continuous
 62
     7
100
AcDbSpline
210
0.0
220
0.0
230
1.0
 70
     8
 71
     3
 72
    11
 73
     7
 74
     0
 42
0.00000001
 43
0.00000001
 40
0.0
 40
0.0
 40
0.0
 40
0.0
 40
0.2837056871628122
 40
0.5579171855737717
 40
0.7750257399712569
 40
1.0
 40
1.0
 40
1.0
 40
1.0
 10
-23.86845350265503
 20
-16.26798738482192
 30
0.0
 10
-23.91089295534455
 20
-15.94018618286696
 30
0.0
 10
-23.99435162774063
 20
-15.29555362068127
 30
0.0
 10
-24.58185439907193
 20
-14.57979845224326
 30
0.0
 10
-25.29991005779809
 20
-14.14613908610189
 30
0.0
 10
-25.80925840271081
 20
-14.09434056601496
 30
0.0
 10
-26.06846383493809
 20
-14.06798049648304
 30
0.0
  0
SPLINE
  5
245
330
1F
100
AcDbEntity
  8
0
  6
Continuous
 62
     7
100
AcDbSpline
210
0.0
220
0.0
230
1.0
 70
     8
 71
     3
 72
    11
 73
     7
 74
     0
 42
0.00000001
 43
0.00000001
 40
0.0
 40
0.0
 40
0.0
 40
0.0
 40
0.2837068407808124
 40
0.5579168684894896
 40
0.7750251153635489
 40
1.0
 40
1.0
 40
1.0
 40
1.0
 10
-26.06844902038574
 20
-14.06798049648304
 30
0.0
 10
-26.39625248481007
 20
-14.11041749747667
 30
0.0
 10
-27.04088650860834
 20
-14.1938709617544
 30
0.0
 10
-27.75664068526033
 20
-14.78137631075115
 30
0.0
 10
-28.19029845097971
 20
-15.49943178335942
 30
0.0
 10
-28.24209661432453
 20
-16.00878098359395
 30
0.0
 10
-28.26845655658938
 20
-16.26798738482192
 30
0.0
  0
SPLINE
  5
246
330
1F
100
AcDbEntity
  8
0
  6
Continuous
 62
     7
100
AcDbSpline
210
0.0
220
0.0
230
1.0
 70
     8
 71
     3
 72
    11
 73
     7
 74
     0
 42
0.00000001
 43
0.00000001
 40
0.0
 40
0.0
 40
0.0
 40
0.0
 40
0.2837048291954836
 40
0.557916612747662
 40
0.7750254893146706
 40
1.0
 40
1.0
 40
1.0
 40
1.0
 10
-28.26845645904541
 20
-16.26798738482192
 30
0.0
 10
-28.22601859965837
 20
-16.59578556433214
 30
0.0
 10
-28.14256289385096
 20
-17.24041347037026
 30
0.0
 10
-27.55506367494618
 20
-17.95616315505066
 30
0.0
 10
-26.83701325592794
 20
-18.38982153533187
 30
0.0
 10
-26.32766776679955
 20
-18.4416200831779
 30
0.0
 10
-26.06846383493808
 20
-18.46798016204967
 30
0.0
  0
SPLINE
  5
247
330
1F
100
AcDbEntity
  8
0
  6
Continuous
 62
     7
100
AcDbSpline
210
0.0
220
0.0
230
1.0
 70
     8
 71
     3
 72
    11
 73
     7
 74
     0
 42
0.00000001
 43
0.00000001
 40
0.0
 40
0.0
 40
0.0
 40
0.0
 40
0.2837025525653519
 40
0.5579157293781126
 40
0.7750252036783284
 40
1.0
 40
1.0
 40
1.0
 40
1.0
 10
-26.06844902038574
 20
-18.46798016204967
 30
0.0
 10
-25.74065422253103
 20
-18.42554140120777
 30
0.0
 10
-25.09602881441337
 20
-18.34208338507462
 30
0.0
 10
-24.38027825326171
 20
-17.75458814336848
 30
0.0
 10
-23.94661632313531
 20
-17.03653738015875
 30
0.0
 10
-23.89481730246252
 20
-16.52719138523551
 30
0.0
 10
-23.86845700217604
 20
-16.26798738482192
 30
0.0
  0
SPLINE
  5
248
330
1F
100
AcDbEntity
  8
0
  6
Continuous
 62
     7
100
AcDbSpline
210
0.0
220
0.0
230
1.0
 70
     8
 71
     3
 72
    11
 73
     7
 74
     0
 42
0.00000001
 43
0.00000001
 40
0.0
 40
0.0
 40
0.0
 40
0.0
 40
0.2837063267102292
 40
0.5579176147543086
 40
0.7750258630290393
 40
1.0
 40
1.0
 40
1.0
 40
1.0
 10
-28.5529613494873
 20
-16.26798738482192
 30
0.0
 10
-28.5954033217229
 20
-15.94018638747657
 30
0.0
 10
-28.67886682495078
 20
-15.29555518494508
 30
0.0
 10
-29.26636485708584
 20
-14.57979851082659
 30
0.0
 10
-29.98441923518682
 20
-14.14613897516444
 30
0.0
 10
-30.49376657415214
 20
-14.09434053600395
 30
0.0
 10
-30.75297160431522
 20
-14.06798049648304
 30
0.0
  0
SPLINE
  5
249
330
1F
100
AcDbEntity
  8
0
  6
Continuous
 62
     7
100
AcDbSpline
210
0.0
220
0.0
230
1.0
 70
     8
 71
     3
 72
    11
 73
     7
 74
     0
 42
0.00000001
 43
0.00000001
 40
0.0
 40
0.0
 40
0.0
 40
0.0
 40
0.28370439403995
 40
0.5579156586340983
 40
0.7750246427977963
 40
1.0
 40
1.0
 40
1.0
 40
1.0
 10
-30.75296878814697
 20
-14.06798049648304
 30
0.0
 10
-31.08076844610951
 20
-14.11041833110627
 30
0.0
 10
-31.72539914593032
 20
-14.19387397350105
 30
0.0
 10
-32.44115249604223
 20
-14.78137591750382
 30
0.0
 10
-32.8748133485162
 20
-15.49943126971226
 30
0.0
 10
-32.92661202656012
 20
-16.00878091964663
 30
0.0
 10
-32.95297221398392
 20
-16.26798738482192
 30
0.0
  0
SPLINE
  5
24A
330
1F
100
AcDbEntity
  8
0
  6
Continuous
 62
     7
100
AcDbSpline
210
0.0
220
0.0
230
1.0
 70
     8
 71
     3
 72
    11
 73
     7
 74
     0
 42
0.00000001
 43
0.00000001
 40
0.0
 40
0.0
 40
0.0
 40
0.0
 40
0.2837035886675779
 40
0.557915868928174
 40
0.775025263241841
 40
1.0
 40
1.0
 40
1.0
 40
1.0
 10
-32.95295238494873
 20
-16.26798738482192
 30
0.0
 10
-32.91052219683966
 20
-16.59578599308297
 30
0.0
 10
-32.8270813232898
 20
-17.24041670156406
 30
0.0
 10
-32.23957349013224
 20
-17.95616302210562
 30
0.0
 10
-31.52152251308746
 20
-18.38982139347144
 30
0.0
 10
-31.01217592154251
 20
-18.44162004717191
 30
0.0
 10
-30.75297160431522
 20
-18.46798016204968
 30
0.0
  0
SPLINE
  5
24B
330
1F
100
AcDbEntity
  8
0
  6
Continuous
 62
     7
100
AcDbSpline
210
0.0
220
0.0
230
1.0
 70
     8
 71
     3
 72
    11
 73
     7
 74
     0
 42
0.00000001
 43
0.00000001
 40
0.0
 40
0.0
 40
0.0
 40
0.0
 40
0.2837049195418022
 40
0.5579169228726951
 40
0.7750256926351602
 40
1.0
 40
1.0
 40
1.0
 40
1.0
 10
-30.75296878814697
 20
-18.46798016204967
 30
0.0
 10
-30.42517025180663
 20
-18.42554220258483
 30
0.0
 10
-29.78054149100635
 20
-18.34208628015718
 30
0.0
 10
-29.06478991248604
 20
-17.75458776856648
 30
0.0
 10
-28.63113053889217
 20
-17.0365369596049
 30
0.0
 10
-28.57933193113684
 20
-16.52719133381048
 30
0.0
 10
-28.55297182710856
 20
-16.26798738482192
 30
0.0
  0
SPLINE
  5
24C
330
1F
100
AcDbEntity
  8
0
  6
Continuous
 62
     7
100
AcDbSpline
210
0.0
220
0.0
230
1.0
 70
     8
 71
     3
 72
    11
 73
     7
 74
     0
 42
0.00000001
 43
0.00000001
 40
0.0
 40
0.0
 40
0.0
 40
0.0
 40
0.2837057102611068
 40
0.557917199829586
 40
0.7750257472259883
 40
1.0
 40
1.0
 40
1.0
 40
1.0
 10
-33.34043025970459
 20
-16.26798738482192
 30
0.0
 10
-33.38286991823939
 20
-15.94018619089317
 30
0.0
 10
-33.46632899077505
 20
-15.29555368050343
 30
0.0
 10
-34.05383163131867
 20
-14.57979844617052
 30
0.0
 10
-34.77188732228041
 20
-14.14613908752862
 30
0.0
 10
-35.28123566312883
 20
-14.09434056649614
 30
0.0
 10
-35.5404410932878
 20
-14.06798049648304
 30
0.0
  0
SPLINE
  5
24D
330
1F
100
AcDbEntity
  8
0
  6
Continuous
 62
     7
100
AcDbSpline
210
0.0
220
0.0
230
1.0
 70
     8
 71
     3
 72
    11
 73
     7
 74
     0
 42
0.00000001
 43
0.00000001
 40
0.0
 40
0.0
 40
0.0
 40
0.0
 40
0.2837045169854657
 40
0.5579154342851967
 40
0.7750243855009454
 40
1.0
 40
1.0
 40
1.0
 40
1.0
 10
-35.54043769836426
 20
-14.06798049648304
 30
0.0
 10
-35.86823712022326
 20
-14.1104182079713
 30
0.0
 10
-36.51286681716343
 20
-14.19387353849132
 30
0.0
 10
-37.22861793266928
 20
-14.78137628700039
 30
0.0
 10
-37.66227571189986
 20
-15.49943178893943
 30
0.0
 10
-37.71407387354116
 20
-16.00878098547589
 30
0.0
 10
-37.7404338149391
 20
-16.26798738482192
 30
0.0
  0
SPLINE
  5
24E
330
1F
100
AcDbEntity
  8
0
  6
Continuous
 62
     7
100
AcDbSpline
210
0.0
220
0.0
230
1.0
 70
     8
 71
     3
 72
    11
 73
     7
 74
     0
 42
0.00000001
 43
0.00000001
 40
0.0
 40
0.0
 40
0.0
 40
0.0
 40
0.2837042568382706
 40
0.5579162594999706
 40
0.7750253095483004
 40
1.0
 40
1.0
 40
1.0
 40
1.0
 10
-37.74042129516602
 20
-16.26798738482192
 30
0.0
 10
-37.6979885366337
 20
-16.59578576321278
 30
0.0
 10
-37.61454274634334
 20
-17.24041495270795
 30
0.0
 10
-37.02704028645532
 20
-17.95616300457262
 30
0.0
 10
-36.30899066624539
 20
-18.38982157068495
 30
0.0
 10
-35.79964507640248
 20
-18.44162009510121
 30
0.0
 10
-35.5404410932878
 20
-18.46798016204967
 30
0.0
  0
SPLINE
  5
24F
330
1F
100
AcDbEntity
  8
0
  6
Continuous
 62
     7
100
AcDbSpline
210
0.0
220
0.0
230
1.0
 70
     8
 71
     3
 72
    11
 73
     7
 74
     0
 42
0.00000001
 43
0.00000001
 40
0.0
 40
0.0
 40
0.0
 40
0.0
 40
0.2837048763787675
 40
0.5579171635886637
 40
0.7750259335419507
 40
1.0
 40
1.0
 40
1.0
 40
1.0
 10
-35.54043769836426
 20
-18.46798016204967
 30
0.0
 10
-35.21263885794868
 20
-18.42554211169117
 30
0.0
 10
-34.5680091229696
 20
-18.34208596181295
 30
0.0
 10
-33.85225550067237
 20
-17.75458811961304
 30
0.0
 10
-33.41859358405503
 20
-17.03653738573981
 30
0.0
 10
-33.366794561679
 20
-16.52719138711779
 30
0.0
 10
-33.34043426052576
 20
-16.26798738482192
 30
0.0
  0
SPLINE
  5
250
330
1F
100
AcDbEntity
  8
0
  6
Continuous
 62
     7
100
AcDbSpline
210
0.0
220
0.0
230
1.0
 70
     8
 71
     3
 72
    11
 73
     7
 74
     0
 42
0.00000001
 43
0.00000001
 40
0.0
 40
0.0
 40
0.0
 40
0.0
 40
0.2837060010831127
 40
0.5579173710459852
 40
0.7750257889049129
 40
1.0
 40
1.0
 40
1.0
 40
1.0
 10
-37.97345161437988
 20
-16.3709420514628
 30
0.0
 10
-38.0158977320943
 20
-16.0431422996102
 30
0.0
 10
-38.09936944688328
 20
-15.39851308808515
 30
0.0
 10
-38.68686417038901
 20
-14.68275562348557
 30
0.0
 10
-39.40491871008791
 20
-14.24909428686315
 30
0.0
 10
-39.91426638633219
 20
-14.19729541632486
 30
0.0
 10
-40.17347153064492
 20
-14.17093516312392
 30
0.0
  0
SPLINE
  5
251
330
1F
100
AcDbEntity
  8
0
  6
Continuous
 62
     7
100
AcDbSpline
210
0.0
220
0.0
230
1.0
 70
     8
 71
     3
 72
    11
 73
     7
 74
     0
 42
0.00000001
 43
0.00000001
 40
0.0
 40
0.0
 40
0.0
 40
0.0
 40
0.2837065647234198
 40
0.5579174769806065
 40
0.7750259408425578
 40
1.0
 40
1.0
 40
1.0
 40
1.0
 10
-40.17345905303955
 20
-14.17093516312392
 30
0.0
 10
-40.50126216084102
 20
-14.21337276213379
 30
0.0
 10
-41.14589681365312
 20
-14.29682757465033
 30
0.0
 10
-41.86165154783221
 20
-14.88433350874408
 30
0.0
 10
-42.29531208270394
 20
-15.60238795119373
 30
0.0
 10
-42.3471110280614
 20
-16.11173655040114
 30
0.0
 10
-42.37347130785159
 20
-16.37094205146281
 30
0.0
  0
SPLINE
  5
252
330
1F
100
AcDbEntity
  8
0
  6
Continuous
 62
     7
100
AcDbSpline
210
0.0
220
0.0
230
1.0
 70
     8
 71
     3
 72
    11
 73
     7
 74
     0
 42
0.00000001
 43
0.00000001
 40
0.0
 40
0.0
 40
0.0
 40
0.0
 40
0.2837043153506228
 40
0.5579163151209668
 40
0.7750254742182544
 40
1.0
 40
1.0
 40
1.0
 40
1.0
 10
-42.37346649169922
 20
-16.3709420514628
 30
0.0
 10
-42.33103018443038
 20
-16.69874040746277
 30
0.0
 10
-42.24757742429342
 20
-17.3433694842401
 30
0.0
 10
-41.66007387387054
 20
-18.05911785941025
 30
0.0
 10
-40.94202212421705
 20
-18.49277603828448
 30
0.0
 10
-40.43267575385191
 20
-18.54457470520173
 30
0.0
 10
-40.17347153064492
 20
-18.57093482869062
 30
0.0
  0
SPLINE
  5
253
330
1F
100
AcDbEntity
  8
0
  6
Continuous
 62
     7
100
AcDbSpline
210
0.0
220
0.0
230
1.0
 70
     8
 71
     3
 72
    11
 73
     7
 74
     0
 42
0.00000001
 43
0.00000001
 40
0.0
 40
0.0
 40
0.0
 40
0.0
 40
0.2837030327454051
 40
0.5579157571913748
 40
0.7750250898097835
 40
1.0
 40
1.0
 40
1.0
 40
1.0
 10
-40.17345905303955
 20
-18.57093482869062
 30
0.0
 10
-39.84566382234991
 20
-18.52849629117312
 30
0.0
 10
-39.20103862196282
 20
-18.44503885131411
 30
0.0
 10
-38.48528957190176
 20
-17.85754247572894
 30
0.0
 10
-38.0516303928358
 20
-17.13949158325714
 30
0.0
 10
-37.99983183379994
 20
-16.63014599329442
 30
0.0
 10
-37.97347175343824
 20
-16.3709420514628
 30
0.0
  0
SPLINE
  5
254
330
1F
100
AcDbEntity
  8
0
  6
Continuous
 62
     7
100
AcDbSpline
210
0.0
220
0.0
230
1.0
 70
     8
 71
     3
 72
    11
 73
     7
 74
     0
 42
0.00000001
 43
0.00000001
 40
0.0
 40
0.0
 40
0.0
 40
0.0
 40
0.2837069465599441
 40
0.5579179472385088
 40
0.7750261402007398
 40
0.9999999999999999
 40
0.9999999999999999
 40
0.9999999999999999
 40
0.9999999999999999
 10
-70.06974220275879
 20
-40.21116332328058
 30
0.0
 10
-70.3677443254292
 20
-40.17258396072042
 30
0.0
 10
-70.95377415151903
 20
-40.09671652417606
 30
0.0
 10
-71.60445955683721
 20
-39.56262382676939
 30
0.0
 10
-71.99869500013651
 20
-38.90984967167307
 30
0.0
 10
-72.04578459913188
 20
-38.44680763761207
 30
0.0
 10
-72.06974831531583
 20
-38.21116732378056
 30
0.0
  0
SPLINE
  5
255
330
1F
100
AcDbEntity
  8
0
  6
Continuous
 62
     7
100
AcDbSpline
210
0.0
220
0.0
230
1.0
 70
     8
 71
     3
 72
    11
 73
     7
 74
     0
 42
0.00000001
 43
0.00000001
 40
0.0
 40
0.0
 40
0.0
 40
0.0
 40
0.2837043289675187
 40
0.5579161252499384
 40
0.7750251333673148
 40
0.9999999999999999
 40
0.9999999999999999
 40
0.9999999999999999
 40
0.9999999999999999
 10
-72.06974029541016
 20
-32.21116521416946
 30
0.0
 10
-72.03116366912053
 20
-31.91316628090715
 30
0.0
 10
-71.9553011613363
 20
-31.32713923373664
 30
0.0
 10
-71.42120792593543
 20
-30.67645773457389
 30
0.0
 10
-70.76843373444245
 20
-30.28222243513304
 30
0.0
 10
-70.30539119839912
 20
-30.23513290453053
 30
0.0
 10
-70.06975054570509
 20
-30.21116921466944
 30
0.0
  0
SPLINE
  5
256
330
1F
100
AcDbEntity
  8
0
  6
Continuous
 62
     7
100
AcDbSpline
210
0.0
220
0.0
230
1.0
 70
     8
 71
     3
 72
    11
 73
     7
 74
     0
 42
0.00000001
 43
0.00000001
 40
0.0
 40
0.0
 40
0.0
 40
0.0
 40
0.2837048745411726
 40
0.5579165974193402
 40
0.7750254430416692
 40
0.9999999999999999
 40
0.9999999999999999
 40
0.9999999999999999
 40
0.9999999999999999
 10
5.930250883102417
 20
-30.21116921466944
 30
0.0
 10
6.228249683284218
 20
-30.24974913114903
 30
0.0
 10
6.81427583775675
 20
-30.32561802753587
 30
0.0
 10
7.464958325932688
 20
-30.8597088249327
 30
0.0
 10
7.859193578171157
 20
-31.51248289615553
 30
0.0
 10
7.906283172172822
 20
-31.97552490330586
 30
0.0
 10
7.930246886906351
 20
-32.21116521416946
 30
0.0
  0
SPLINE
  5
257
330
1F
100
AcDbEntity
  8
0
  6
Continuous
 62
     7
100
AcDbSpline
210
0.0
220
0.0
230
1.0
 70
     8
 71
     3
 72
    11
 73
     7
 74
     0
 42
0.00000001
 43
0.00000001
 40
0.0
 40
0.0
 40
0.0
 40
0.0
 40
0.2837046773503985
 40
0.5579164757170315
 40
0.7750253811078286
 40
1.0
 40
1.0
 40
1.0
 40
1.0
 10
7.930243015289307
 20
-38.21116732378056
 30
0.0
 10
7.891664688316857
 20
-38.50916618442478
 30
0.0
 10
7.815798881575349
 20
-39.0951927372862
 30
0.0
 10
7.281707075052936
 20
-39.74587471540286
 30
0.0
 10
6.628933252781567
 20
-40.14011002556494
 30
0.0
 10
6.16589121424318
 20
-40.18719961226356
 30
0.0
 10
5.930250887406324
 20
-40.21116332328058
 30
0.0
  0
SPLINE
  5
258
330
1F
100
AcDbEntity
  8
0
  6
Continuous
 62
     7
100
AcDbSpline
210
0.0
220
0.0
230
1.0
 70
     8
 71
     3
 72
    11
 73
     7
 74
     0
 42
0.00000001
 43
0.00000001
 40
0.0
 40
0.0
 40
0.0
 40
0.0
 40
0.250000514723212
 40
0.4999979773793697
 40
0.7499989886896795
 40
1.0
 40
1.0
 40
1.0
 40
1.0
 10
-3.971421718597412
 20
-33.13555588060504
 30
0.0
 10
-3.990355569084515
 20
-33.05719441685753
 30
0.0
 10
-4.028223038909673
 20
-32.90047244601831
 30
0.0
 10
-4.271420205821165
 20
-32.80309460209841
 30
0.0
 10
-4.514618529963765
 20
-32.90047149258027
 30
0.0
 10
-4.552487138855646
 20
-33.05719441793012
 30
0.0
 10
-4.571421443301587
 20
-33.13555588060504
 30
0.0
  0
SPLINE
  5
259
330
1F
100
AcDbEntity
  8
0
  6
Continuous
 62
     7
100
AcDbSpline
210
0.0
220
0.0
230
1.0
 70
     8
 71
     3
 72
    11
 73
     7
 74
     0
 42
0.00000001
 43
0.00000001
 40
0.0
 40
0.0
 40
0.0
 40
0.0
 40
0.2500007893254045
 40
0.500002199066498
 40
0.7500000601477839
 40
1.0
 40
1.0
 40
1.0
 40
1.0
 10
-4.571419954299927
 20
-33.13555588060504
 30
0.0
 10
-4.552486208726746
 20
-33.21391736846287
 30
0.0
 10
-4.514618670593362
 20
-33.37064053864472
 30
0.0
 10
-4.271420263725694
 20
-33.46801704161673
 30
0.0
 10
-4.028222781101881
 20
-33.37063972207861
 30
0.0
 10
-3.990357015885505
 20
-33.21391737829043
 30
0.0
 10
-3.971424054562718
 20
-33.13555588060504
 30
0.0
  0
SPLINE
  5
25A
330
1F
100
AcDbEntity
  8
0
  6
Continuous
 62
     7
100
AcDbSpline
210
0.0
220
0.0
230
1.0
 70
     8
 71
     3
 72
    11
 73
     7
 74
     0
 42
0.00000001
 43
0.00000001
 40
0.0
 40
0.0
 40
0.0
 40
0.0
 40
0.2500015567652571
 40
0.4999986705888012
 40
0.7499993330615177
 40
1.0
 40
1.0
 40
1.0
 40
1.0
 10
-21.70370817184448
 20
-33.13555588060504
 30
0.0
 10
-21.72264330005975
 20
-33.05719445993691
 30
0.0
 10
-21.7605132199817
 20
-32.90047301121285
 30
0.0
 10
-22.00370975138832
 20
-32.80309449922857
 30
0.0
 10
-22.24690835529135
 20
-32.90047152003003
 30
0.0
 10
-22.28477692415951
 20
-33.05719442661345
 30
0.0
 10
-22.3037112087627
 20
-33.13555588060504
 30
0.0
  0
SPLINE
  5
25B
330
1F
100
AcDbEntity
  8
0
  6
Continuous
 62
     7
100
AcDbSpline
210
0.0
220
0.0
230
1.0
 70
     8
 71
     3
 72
    11
 73
     7
 74
     0
 42
0.00000001
 43
0.00000001
 40
0.0
 40
0.0
 40
0.0
 40
0.0
 40
0.2499978939974516
 40
0.5000002673656931
 40
0.7499990920604768
 40
1.0
 40
1.0
 40
1.0
 40
1.0
 10
-22.30370044708252
 20
-33.13555588060504
 30
0.0
 10
-22.28477026563623
 20
-33.21391748787605
 30
0.0
 10
-22.24690956355957
 20
-33.37064210647267
 30
0.0
 10
-22.00370940283173
 20
-33.46801675744607
 30
0.0
 10
-21.76051271720637
 20
-33.37063979138939
 30
0.0
 10
-21.72264684844541
 20
-33.21391740186066
 30
0.0
 10
-21.70371383518102
 20
-33.13555588060504
 30
0.0
  0
SPLINE
  5
25C
330
1F
100
AcDbEntity
  8
0
  6
Continuous
 62
     7
100
AcDbSpline
210
0.0
220
0.0
230
1.0
 70
     8
 71
     3
 72
    11
 73
     7
 74
     0
 42
0.00000001
 43
0.00000001
 40
0.0
 40
0.0
 40
0.0
 40
0.0
 40
0.2500050109647944
 40
0.5000033391546309
 40
0.7500016673444564
 40
1.0
 40
1.0
 40
1.0
 40
1.0
 10
-41.4597749710083
 20
-33.13555588060504
 30
0.0
 10
-41.47871544701761
 20
-33.05719456766317
 30
0.0
 10
-41.51659589274659
 20
-32.90047403642151
 30
0.0
 10
-41.75979211677426
 20
-32.8030943341175
 30
0.0
 10
-42.00299274902191
 20
-32.90047144612191
 30
0.0
 10
-42.04086120087137
 20
-33.05719440197741
 30
0.0
 10
-42.05979542696522
 20
-33.13555588060504
 30
0.0
  0
SPLINE
  5
25D
330
1F
100
AcDbEntity
  8
0
  6
Continuous
 62
     7
100
AcDbSpline
210
0.0
220
0.0
230
1.0
 70
     8
 71
     3
 72
    11
 73
     7
 74
     0
 42
0.00000001
 43
0.00000001
 40
0.0
 40
0.0
 40
0.0
 40
0.0
 40
0.2499949214211414
 40
0.4999966127921719
 40
0.7499983041632136
 40
1.0
 40
1.0
 40
1.0
 40
1.0
 10
-42.05977916717529
 20
-33.13555588060504
 30
0.0
 10
-42.04085109798646
 20
-33.21391760993676
 30
0.0
 10
-42.00299444703005
 20
-33.37064319066322
 30
0.0
 10
-41.75979210075482
 20
-33.46801643529619
 30
0.0
 10
-41.51659422758757
 20
-33.37064056303723
 30
0.0
 10
-41.47872540786071
 20
-33.21391744188236
 30
0.0
 10
-41.45979099782816
 20
-33.13555588060504
 30
0.0
  0
SPLINE
  5
25E
330
1F
100
AcDbEntity
  8
0
  6
Continuous
 62
     7
100
AcDbSpline
210
0.0
220
0.0
230
1.0
 70
     8
 71
     3
 72
    11
 73
     7
 74
     0
 42
0.00000001
 43
0.00000001
 40
0.0
 40
0.0
 40
0.0
 40
0.0
 40
0.2500010753883198
 40
0.500002389774462
 40
0.7500001555021488
 40
1.0
 40
1.0
 40
1.0
 40
1.0
 10
1.54091864824295
 20
-33.13555588060504
 30
0.0
 10
1.52198455090455
 20
-33.0571944045529
 30
0.0
 10
1.484116338126995
 20
-32.90047137753604
 30
0.0
 10
1.240918104841966
 20
-32.80309469147401
 30
0.0
 10
0.9977205439919787
 20
-32.9004720461613
 30
0.0
 10
0.9598547892057817
 20
-33.05719438526294
 30
0.0
 10
0.940921833098106
 20
-33.13555588060505
 30
0.0
  0
SPLINE
  5
25F
330
1F
100
AcDbEntity
  8
0
  6
Continuous
 62
     7
100
AcDbSpline
210
0.0
220
0.0
230
1.0
 70
     8
 71
     3
 72
    11
 73
     7
 74
     0
 42
0.00000001
 43
0.00000001
 40
0.0
 40
0.0
 40
0.0
 40
0.0
 40
0.2499999958363414
 40
0.499997631453161
 40
0.7499988157265891
 40
1.0
 40
1.0
 40
1.0
 40
1.0
 10
0.9409211575984955
 20
-33.13555588060504
 30
0.0
 10
0.9598543700144676
 20
-33.21391736576717
 30
0.0
 10
0.9977206161002585
 20
-33.37063959629021
 30
0.0
 10
1.240918097874196
 20
-33.46801710810556
 30
0.0
 10
1.484116280119565
 20
-33.37064028138139
 30
0.0
 10
1.521984907931172
 20
-33.21391734753049
 30
0.0
 10
1.540919221836974
 20
-33.13555588060504
 30
0.0
  0
SPLINE
  5
260
330
1F
100
AcDbEntity
  8
0
  6
Continuous
 62
     7
100
AcDbSpline
210
0.0
220
0.0
230
1.0
 70
     8
 71
     3
 72
    11
 73
     7
 74
     0
 42
0.00000001
 43
0.00000001
 40
0.0
 40
0.0
 40
0.0
 40
0.0
 40
0.2837057827181675
 40
0.5579169335819618
 40
0.7750254835369738
 40
1.0
 40
1.0
 40
1.0
 40
1.0
 10
-70.11122703552246
 20
-51.52860604267339
 30
0.0
 10
-70.40922691512141
 20
-51.49002643312654
 30
0.0
 10
-70.99525366946075
 20
-51.41415833748554
 30
0.0
 10
-71.64593553763834
 20
-50.88006622767979
 30
0.0
 10
-72.04016823893903
 20
-50.22729192384616
 30
0.0
 10
-72.08725737517452
 20
-49.76425029717804
 30
0.0
 10
-72.11122087086113
 20
-49.52861004317336
 30
0.0
  0
SPLINE
  5
261
330
1F
100
AcDbEntity
  8
0
  6
Continuous
 62
     7
100
AcDbSpline
210
0.0
220
0.0
230
1.0
 70
     8
 71
     3
 72
    11
 73
     7
 74
     0
 42
0.00000001
 43
0.00000001
 40
0.0
 40
0.0
 40
0.0
 40
0.0
 40
0.2837028606441532
 40
0.5579151974902092
 40
0.7750245111909709
 40
1.0
 40
1.0
 40
1.0
 40
1.0
 10
-72.11117744445801
 20
-43.52860793356226
 30
0.0
 10
-72.07261574238736
 20
-43.23060853443972
 30
0.0
 10
-71.99678231731207
 20
-42.64457851262069
 30
0.0
 10
-71.46268294421972
 20
-41.99390097762592
 30
0.0
 10
-70.80991266324952
 20
-41.59966487661268
 30
0.0
 10
-70.34687068284504
 20
-41.55257554078511
 30
0.0
 10
-70.11123015575794
 20
-41.52861193406224
 30
0.0
  0
SPLINE
  5
262
330
1F
100
AcDbEntity
  8
0
  6
Continuous
 62
     7
100
AcDbSpline
210
0.0
220
0.0
230
1.0
 70
     8
 71
     3
 72
    11
 73
     7
 74
     0
 42
0.00000001
 43
0.00000001
 40
0.0
 40
0.0
 40
0.0
 40
0.0
 40
0.2837053762665137
 40
0.5579169070744463
 40
0.7750256006239717
 40
1.0
 40
1.0
 40
1.0
 40
1.0
 10
5.888769030570984
 20
-41.52861193406224
 30
0.0
 10
6.186768624222233
 20
-41.56719171108769
 30
0.0
 10
6.772795627965589
 20
-41.64306024116955
 30
0.0
 10
7.423478716979223
 20
-42.17715154898767
 30
0.0
 10
7.817713966565902
 20
-42.829925614453
 30
0.0
 10
7.864803560901904
 20
-43.29296762232925
 30
0.0
 10
7.888767275805579
 20
-43.52860793356226
 30
0.0
  0
SPLINE
  5
263
330
1F
100
AcDbEntity
  8
0
  6
Continuous
 62
     7
100
AcDbSpline
210
0.0
220
0.0
230
1.0
 70
     8
 71
     3
 72
    11
 73
     7
 74
     0
 42
0.00000001
 43
0.00000001
 40
0.0
 40
0.0
 40
0.0
 40
0.0
 40
0.2837047147952285
 40
0.5579164988272552
 40
0.7750253928685371
 40
1.0
 40
1.0
 40
1.0
 40
1.0
 10
7.888764142990112
 20
-49.52861004317336
 30
0.0
 10
7.850185512648704
 20
-49.82660889198919
 30
0.0
 10
7.774319116190807
 20
-50.41263536851736
 30
0.0
 10
7.240227502422387
 20
-51.06331744374527
 30
0.0
 10
6.587453632642698
 20
-51.45755274285515
 30
0.0
 10
6.124411600094224
 20
-51.50464233094723
 30
0.0
 10
5.888771276305616
 20
-51.52860604267339
 30
0.0
  0
SPLINE
  5
264
330
1F
100
AcDbEntity
  8
0
  6
Continuous
 62
     7
100
AcDbSpline
210
0.0
220
0.0
230
1.0
 70
     8
 71
     3
 72
    11
 73
     7
 74
     0
 42
0.00000001
 43
0.00000001
 40
0.0
 40
0.0
 40
0.0
 40
0.0
 40
0.2499991752577979
 40
0.4999977772935775
 40
0.7499999280414142
 40
1.0
 40
1.0
 40
1.0
 40
1.0
 10
-5.397152900695801
 20
-47.92989876579536
 30
0.0
 10
-5.416086572234127
 20
-47.85153822048716
 30
0.0
 10
-5.453953871897847
 20
-47.69481730954331
 30
0.0
 10
-5.697150493359767
 20
-47.59744689472501
 30
0.0
 10
-5.940348007837351
 20
-47.6948165112923
 30
0.0
 10
-5.978217165205126
 20
-47.85153823148766
 30
0.0
 10
-5.997151665167364
 20
-47.92989876579536
 30
0.0
  0
SPLINE
  5
265
330
1F
100
AcDbEntity
  8
0
  6
Continuous
 62
     7
100
AcDbSpline
210
0.0
220
0.0
230
1.0
 70
     8
 71
     3
 72
    11
 73
     7
 74
     0
 42
0.00000001
 43
0.00000001
 40
0.0
 40
0.0
 40
0.0
 40
0.0
 40
0.2500010893960569
 40
0.5000023991129423
 40
0.7500001601714384
 40
1.0
 40
1.0
 40
1.0
 40
1.0
 10
-5.997151136398315
 20
-47.92989876579536
 30
0.0
 10
-5.978217021834948
 20
-48.00826024126938
 30
0.0
 10
-5.940348776021963
 20
-48.16498326127578
 30
0.0
 10
-5.697150551236761
 20
-48.26235995630316
 30
0.0
 10
-5.453952986556286
 20
-48.16498259989478
 30
0.0
 10
-5.416087232280811
 20
-48.00826026102269
 30
0.0
 10
-5.397154276428497
 20
-47.92989876579536
 30
0.0
  0
SPLINE
  5
266
330
1F
100
AcDbEntity
  8
0
  6
Continuous
 62
     7
100
AcDbSpline
210
0.0
220
0.0
230
1.0
 70
     8
 71
     3
 72
    11
 73
     7
 74
     0
 42
0.00000001
 43
0.00000001
 40
0.0
 40
0.0
 40
0.0
 40
0.0
 40
0.2500018757070164
 40
0.5000036147868758
 40
0.7500018051605539
 40
1.0
 40
1.0
 40
1.0
 40
1.0
 10
-21.7451810836792
 20
-44.45299859999784
 30
0.0
 10
-21.76411762952754
 20
-44.37463813076221
 30
0.0
 10
-21.80199071087531
 20
-44.21791723511534
 30
0.0
 10
-22.04518709711857
 20
-44.12054660753266
 30
0.0
 10
-22.28838442829173
 20
-44.21791695349596
 30
0.0
 10
-22.32625065149131
 20
-44.37463805069729
 30
0.0
 10
-22.3451837632602
 20
-44.45299859999784
 30
0.0
  0
SPLINE
  5
267
330
1F
100
AcDbEntity
  8
0
  6
Continuous
 62
     7
100
AcDbSpline
210
0.0
220
0.0
230
1.0
 70
     8
 71
     3
 72
    11
 73
     7
 74
     0
 42
0.00000001
 43
0.00000001
 40
0.0
 40
0.0
 40
0.0
 40
0.0
 40
0.2499965358722378
 40
0.4999953233109514
 40
0.7499976594225913
 40
1.0
 40
1.0
 40
1.0
 40
1.0
 10
-22.34517335891724
 20
-44.45299859999784
 30
0.0
 10
-22.32624440508435
 20
-44.53136022787684
 30
0.0
 10
-22.28838632693701
 20
-44.68808418939027
 30
0.0
 10
-22.0451867485648
 20
-44.78545948781797
 30
0.0
 10
-21.80198951777354
 20
-44.68808308396265
 30
0.0
 10
-21.76412076582294
 20
-44.53136009511937
 30
0.0
 10
-21.74518638967852
 20
-44.45299859999784
 30
0.0
  0
SPLINE
  5
268
330
1F
100
AcDbEntity
  8
0
  6
Continuous
 62
     7
100
AcDbSpline
210
0.0
220
0.0
230
1.0
 70
     8
 71
     3
 72
    11
 73
     7
 74
     0
 42
0.00000001
 43
0.00000001
 40
0.0
 40
0.0
 40
0.0
 40
0.0
 40
0.250002419663425
 40
0.4999995872060495
 40
0.750000830761044
 40
1.0
 40
1.0
 40
1.0
 40
1.0
 10
-41.50125980377197
 20
-44.45299859999784
 30
0.0
 10
-41.52019729744541
 20
-44.37463819382648
 30
0.0
 10
-41.55807188694814
 20
-44.21791902770111
 30
0.0
 10
-41.80126627104801
 20
-44.12054638365053
 30
0.0
 10
-42.04446450642379
 20
-44.21791645066074
 30
0.0
 10
-42.08233354215126
 20
-44.37463810027877
 30
0.0
 10
-42.10126798146272
 20
-44.45299859999784
 30
0.0
  0
SPLINE
  5
269
330
1F
100
AcDbEntity
  8
0
  6
Continuous
 62
     7
100
AcDbSpline
210
0.0
220
0.0
230
1.0
 70
     8
 71
     3
 72
    11
 73
     7
 74
     0
 42
0.00000001
 43
0.00000001
 40
0.0
 40
0.0
 40
0.0
 40
0.0
 40
0.2500001990924309
 40
0.5000020526656913
 40
0.7499998302645665
 40
1.0
 40
1.0
 40
1.0
 40
1.0
 10
-42.10126399993896
 20
-44.45299859999784
 30
0.0
 10
-42.08233121313768
 20
-44.53136011223135
 30
0.0
 10
-42.04446551423951
 20
-44.68808365528849
 30
0.0
 10
-41.80126680911042
 20
-44.78545970787929
 30
0.0
 10
-41.55806979035221
 20
-44.68808235032515
 30
0.0
 10
-41.52020442803131
 20
-44.53136010004198
 30
0.0
 10
-41.50127165629138
 20
-44.45299859999784
 30
0.0
  0
SPLINE
  5
26A
330
1F
100
AcDbEntity
  8
0
  6
Continuous
 62
     7
100
AcDbSpline
210
0.0
220
0.0
230
1.0
 70
     8
 71
     3
 72
    11
 73
     7
 74
     0
 42
0.00000001
 43
0.00000001
 40
0.0
 40
0.0
 40
0.0
 40
0.0
 40
0.2499996738895194
 40
0.5000004755190476
 40
0.7500012771485757
 40
1.0
 40
1.0
 40
1.0
 40
1.0
 10
-5.405279994010925
 20
-44.31968387780898
 30
0.0
 10
-5.42421537940182
 20
-44.24132331824936
 30
0.0
 10
-5.46208623560049
 20
-44.08460184564834
 30
0.0
 10
-5.705284342536531
 20
-43.98723213214743
 30
0.0
 10
-5.948483077305938
 20
-44.08460147677642
 30
0.0
 10
-5.986352225397009
 20
-44.24132329465826
 30
0.0
 10
-6.005286720720915
 20
-44.31968387780898
 30
0.0
  0
SPLINE
  5
26B
330
1F
100
AcDbEntity
  8
0
  6
Continuous
 62
     7
100
AcDbSpline
210
0.0
220
0.0
230
1.0
 70
     8
 71
     3
 72
    11
 73
     7
 74
     0
 42
0.00000001
 43
0.00000001
 40
0.0
 40
0.0
 40
0.0
 40
0.0
 40
0.2499992092150914
 40
0.4999994728100584
 40
0.7499997364050254
 40
1.0
 40
1.0
 40
1.0
 40
1.0
 10
-6.005284190177917
 20
-44.31968387780898
 30
0.0
 10
-5.986350844311667
 20
-44.39804543026576
 30
0.0
 10
-5.948484072727158
 20
-44.55476886567175
 30
0.0
 10
-5.705284325572854
 20
-44.65214485356331
 30
0.0
 10
-5.462085274523591
 20
-44.55476845670754
 30
0.0
 10
-5.424216609125516
 20
-44.3980454041085
 30
0.0
 10
-5.405282276426479
 20
-44.31968387780898
 30
0.0
  0
SPLINE
  5
26C
330
1F
100
AcDbEntity
  8
0
  6
Continuous
 62
     7
100
AcDbSpline
210
0.0
220
0.0
230
1.0
 70
     8
 71
     3
 72
    15
 73
    11
 74
     0
 42
0.00000001
 43
0.00000001
 40
0.0
 40
0.0
 40
0.0
 40
0.0
 40
0.1272007789808048
 40
0.2500004273665142
 40
0.3728000932402871
 40
0.5000008905572091
 40
0.6272005917267239
 40
0.7499997403168133
 40
0.8727992373527959
 40
1.0
 40
1.0
 40
1.0
 40
1.0
 10
-0.3677912056446075
 20
-45.93822832184884
 30
0.0
 10
-0.3862945268830353
 20
-45.77827813269197
 30
0.0
 10
-0.4226609568245129
 20
-45.46391201035392
 30
0.0
 10
-0.7003421056786691
 20
-45.06860590555911
 30
0.0
 10
-1.092911943895788
 20
-44.80137013834361
 30
0.0
 10
-1.56779246124264
 20
-44.70609882793774
 30
0.0
 10
-2.042672278072128
 20
-44.80137039344098
 30
0.0
 10
-2.435239289485378
 20
-45.06860648966718
 30
0.0
 10
-2.712919091868311
 20
-45.46391223869256
 30
0.0
 10
-2.749285360977711
 20
-45.7782781522004
 30
0.0
 10
-2.767788610419176
 20
-45.93822832184884
 30
0.0
  0
SPLINE
  5
26D
330
1F
100
AcDbEntity
  8
0
  6
Continuous
 62
     7
100
AcDbSpline
210
0.0
220
0.0
230
1.0
 70
     8
 71
     3
 72
    15
 73
    11
 74
     0
 42
0.00000001
 43
0.00000001
 40
0.0
 40
0.0
 40
0.0
 40
0.0
 40
0.1272000822160615
 40
0.2499995267040656
 40
0.3727989711920734
 40
0.499999092324233
 40
0.6272003096075189
 40
0.750000271381427
 40
0.872799867220236
 40
1.0
 40
1.0
 40
1.0
 40
1.0
 10
-2.767787873744965
 20
-45.93822832184884
 30
0.0
 10
-2.749284827611726
 20
-46.09817714814042
 30
0.0
 10
-2.712918870174405
 20
-46.41254118134788
 30
0.0
 10
-2.435238693759186
 20
-46.80784418496782
 30
0.0
 10
-2.042672113317239
 20
-47.07507923966468
 30
0.0
 10
-1.567792457926843
 20
-47.17035075199712
 30
0.0
 10
-1.092912121683665
 20
-47.07507949242739
 30
0.0
 10
-0.7003426574782088
 20
-46.80784477803019
 30
0.0
 10
-0.4226613188572845
 20
-46.41254133925175
 30
0.0
 10
-0.3862946797375195
 20
-46.09817715790927
 30
0.0
 10
-0.3677912943524674
 20
-45.93822832184884
 30
0.0
  0
SPLINE
  5
26E
330
1F
100
AcDbEntity
  8
0
  6
Continuous
 62
     7
100
AcDbSpline
210
0.0
220
0.0
230
1.0
 70
     8
 71
     3
 72
    11
 73
     7
 74
     0
 42
0.00000001
 43
0.00000001
 40
0.0
 40
0.0
 40
0.0
 40
0.0
 40
0.2500007651083188
 40
0.5000028773684282
 40
0.7500014409171158
 40
1.0
 40
1.0
 40
1.0
 40
1.0
 10
-11.97175979614258
 20
-53.62546070881594
 30
0.0
 10
-12.05012061863406
 20
-53.64439514927803
 30
0.0
 10
-12.20684268587143
 20
-53.68226413223219
 30
0.0
 10
-12.3042123496601
 20
-53.92546179198327
 30
0.0
 10
-12.20684221251424
 20
-54.16865866598874
 30
0.0
 10
-12.050121088977
 20
-54.20652495381218
 30
0.0
 10
-11.97176052790828
 20
-54.2254580975548
 30
0.0
  0
SPLINE
  5
26F
330
1F
100
AcDbEntity
  8
0
  6
Continuous
 62
     7
100
AcDbSpline
210
0.0
220
0.0
230
1.0
 70
     8
 71
     3
 72
    11
 73
     7
 74
     0
 42
0.00000001
 43
0.00000001
 40
0.0
 40
0.0
 40
0.0
 40
0.0
 40
0.2499992304386195
 40
0.4999971226742068
 40
0.7499985635699565
 40
1.0
 40
1.0
 40
1.0
 40
1.0
 10
-11.97175979614258
 20
-54.2254580975548
 30
0.0
 10
-11.89339859055678
 20
-54.20652507655988
 30
0.0
 10
-11.73667659883928
 20
-54.16865913591526
 30
0.0
 10
-11.63929933221457
 20
-53.9254617920098
 30
0.0
 10
-11.73667612548647
 20
-53.68226366228859
 30
0.0
 10
-11.89339906090093
 20
-53.64439502652741
 30
0.0
 10
-11.97176052790828
 20
-53.62546070881594
 30
0.0
  0
SPLINE
  5
270
330
1F
100
AcDbEntity
  8
0
  6
Continuous
 62
     7
100
AcDbSpline
210
0.0
220
0.0
230
1.0
 70
     8
 71
     3
 72
    11
 73
     7
 74
     0
 42
0.00000001
 43
0.00000001
 40
0.0
 40
0.0
 40
0.0
 40
0.0
 40
0.2500076655614612
 40
0.5000074776487432
 40
0.7500037410572538
 40
1.0
 40
1.0
 40
1.0
 40
1.0
 10
-15.58196544647217
 20
-53.62546070881594
 30
0.0
 10
-15.66032984967604
 20
-53.64439430249725
 30
0.0
 10
-15.81705619442801
 20
-53.68226089510016
 30
0.0
 10
-15.91442717144094
 20
-53.9254618596311
 30
0.0
 10
-15.81705700304987
 20
-54.1686586490769
 30
0.0
 10
-15.66033588367864
 20
-54.2065249481749
 30
0.0
 10
-15.58197532469291
 20
-54.2254580975548
 30
0.0
  0
SPLINE
  5
271
330
1F
100
AcDbEntity
  8
0
  6
Continuous
 62
     7
100
AcDbSpline
210
0.0
220
0.0
230
1.0
 70
     8
 71
     3
 72
    11
 73
     7
 74
     0
 42
0.00000001
 43
0.00000001
 40
0.0
 40
0.0
 40
0.0
 40
0.0
 40
0.249992329896645
 40
0.499992522291138
 40
0.7499962633784436
 40
1.0
 40
1.0
 40
1.0
 40
1.0
 10
-15.58196544647217
 20
-54.2254580975548
 30
0.0
 10
-15.50360782156727
 20
-54.20652422979434
 30
0.0
 10
-15.34689010733524
 20
-54.16865589878518
 30
0.0
 10
-15.24951415398935
 20
-53.92546185966507
 30
0.0
 10
-15.34689091602354
 20
-53.68226364537468
 30
0.0
 10
-15.50361385560304
 20
-53.64439502088943
 30
0.0
 10
-15.58197532469291
 20
-53.62546070881594
 30
0.0
  0
SPLINE
  5
272
330
1F
100
AcDbEntity
  8
0
  6
Continuous
 62
     7
100
AcDbSpline
210
0.0
220
0.0
230
1.0
 70
     8
 71
     3
 72
    11
 73
     7
 74
     0
 42
0.00000001
 43
0.00000001
 40
0.0
 40
0.0
 40
0.0
 40
0.0
 40
0.2500007651083168
 40
0.5000028773684867
 40
0.7500014409171455
 40
0.9999999999999999
 40
0.9999999999999999
 40
0.9999999999999999
 40
0.9999999999999999
 10
-11.97175979614258
 20
-55.78592120827578
 30
0.0
 10
-12.05012061863406
 20
-55.80485564873788
 30
0.0
 10
-12.20684268587145
 20
-55.84272463169208
 30
0.0
 10
-12.30421234966009
 20
-56.08592229144313
 30
0.0
 10
-12.20684221251425
 20
-56.32911916544865
 30
0.0
 10
-12.05012108897701
 20
-56.36698545327204
 30
0.0
 10
-11.97176052790828
 20
-56.38591859701464
 30
0.0
  0
SPLINE
  5
273
330
1F
100
AcDbEntity
  8
0
  6
Continuous
 62
     7
100
AcDbSpline
210
0.0
220
0.0
230
1.0
 70
     8
 71
     3
 72
    11
 73
     7
 74
     0
 42
0.00000001
 43
0.00000001
 40
0.0
 40
0.0
 40
0.0
 40
0.0
 40
0.2499992304385898
 40
0.4999971226741481
 40
0.7499985635699583
 40
1.0
 40
1.0
 40
1.0
 40
1.0
 10
-11.97175979614258
 20
-56.38591859701464
 30
0.0
 10
-11.89339859055677
 20
-56.36698557601974
 30
0.0
 10
-11.73667659883928
 20
-56.32911963537515
 30
0.0
 10
-11.63929933221458
 20
-56.08592229146971
 30
0.0
 10
-11.73667612548645
 20
-55.84272416174841
 30
0.0
 10
-11.89339906090093
 20
-55.80485552598725
 30
0.0
 10
-11.97176052790828
 20
-55.78592120827578
 30
0.0
  0
SPLINE
  5
274
330
1F
100
AcDbEntity
  8
0
  6
Continuous
 62
     7
100
AcDbSpline
210
0.0
220
0.0
230
1.0
 70
     8
 71
     3
 72
    11
 73
     7
 74
     0
 42
0.00000001
 43
0.00000001
 40
0.0
 40
0.0
 40
0.0
 40
0.0
 40
0.2500076655614593
 40
0.5000074776488018
 40
0.7500037410572835
 40
0.9999999999999999
 40
0.9999999999999999
 40
0.9999999999999999
 40
0.9999999999999999
 10
-15.58196544647217
 20
-55.78592120827578
 30
0.0
 10
-15.66032984967604
 20
-55.80485480195709
 30
0.0
 10
-15.81705619442803
 20
-55.84272139456002
 30
0.0
 10
-15.91442717144093
 20
-56.08592235909098
 30
0.0
 10
-15.81705700304988
 20
-56.32911914853681
 30
0.0
 10
-15.66033588367864
 20
-56.36698544763477
 30
0.0
 10
-15.58197532469291
 20
-56.38591859701464
 30
0.0
  0
SPLINE
  5
275
330
1F
100
AcDbEntity
  8
0
  6
Continuous
 62
     7
100
AcDbSpline
210
0.0
220
0.0
230
1.0
 70
     8
 71
     3
 72
    11
 73
     7
 74
     0
 42
0.00000001
 43
0.00000001
 40
0.0
 40
0.0
 40
0.0
 40
0.0
 40
0.2499923298966154
 40
0.4999925222910795
 40
0.7499962633784456
 40
1.0
 40
1.0
 40
1.0
 40
1.0
 10
-15.58196544647217
 20
-56.38591859701465
 30
0.0
 10
-15.50360782156727
 20
-56.36698472925422
 30
0.0
 10
-15.34689010733524
 20
-56.32911639824511
 30
0.0
 10
-15.24951415398935
 20
-56.08592235912494
 30
0.0
 10
-15.34689091602352
 20
-55.84272414483453
 30
0.0
 10
-15.50361385560304
 20
-55.80485552034929
 30
0.0
 10
-15.58197532469291
 20
-55.78592120827578
 30
0.0
  0
SPLINE
  5
276
330
1F
100
AcDbEntity
  8
0
  6
Continuous
 62
     7
100
AcDbSpline
210
0.0
220
0.0
230
1.0
 70
     8
 71
     3
 72
     9
 73
     5
 74
     0
 42
0.00000001
 43
0.00000001
 40
0.0
 40
0.0
 40
0.0
 40
0.0
 40
0.5556572788329633
 40
1.0
 40
1.0
 40
1.0
 40
1.0
 10
-76.26209259033203
 20
-10.65587855289157
 30
0.0
 10
-76.17626564355264
 20
-10.63313494957792
 30
0.0
 10
-76.02180542130982
 20
-10.59220395815564
 30
0.0
 10
-75.9906878481429
 20
-10.43880522086829
 30
0.0
 10
-75.97686098100583
 20
-10.37064360851844
 30
0.0
  0
SPLINE
  5
277
330
1F
100
AcDbEntity
  8
0
  6
Continuous
 62
     7
100
AcDbSpline
210
0.0
220
0.0
230
1.0
 70
     8
 71
     3
 72
     9
 73
     5
 74
     0
 42
0.00000001
 43
0.00000001
 40
0.0
 40
0.0
 40
0.0
 40
0.0
 40
0.5556657120469546
 40
1.0
 40
1.0
 40
1.0
 40
1.0
 10
-75.97684860229492
 20
-4.941111387653614
 30
0.0
 10
-75.99959658152733
 20
-4.855283088089628
 30
0.0
 10
-76.0405348268414
 20
-4.700822775525419
 30
0.0
 10
-76.19393497830602
 20
-4.669703710763316
 30
0.0
 10
-76.26209592537893
 20
-4.655876443280482
 30
0.0
  0
SPLINE
  5
278
330
1F
100
AcDbEntity
  8
0
  6
Continuous
 62
     7
100
AcDbSpline
210
0.0
220
0.0
230
1.0
 70
     8
 71
     3
 72
     9
 73
     5
 74
     0
 42
0.00000001
 43
0.00000001
 40
0.0
 40
0.0
 40
0.0
 40
0.0
 40
0.555687333109783
 40
1.0
 40
1.0
 40
1.0
 40
1.0
 10
-81.69159889221191
 20
-4.655876443280482
 30
0.0
 10
-81.77743947867783
 20
-4.678616850630955
 30
0.0
 10
-81.93191589257331
 20
-4.719539876936435
 30
0.0
 10
-81.96303602263515
 20
-4.87294953385944
 30
0.0
 10
-81.97686309061692
 20
-4.941111387653615
 30
0.0
  0
SPLINE
  5
279
330
1F
100
AcDbEntity
  8
0
  6
Continuous
 62
     7
100
AcDbSpline
210
0.0
220
0.0
230
1.0
 70
     8
 71
     3
 72
     9
 73
     5
 74
     0
 42
0.00000001
 43
0.00000001
 40
0.0
 40
0.0
 40
0.0
 40
0.0
 40
0.5556516085780309
 40
1.0
 40
1.0
 40
1.0
 40
1.0
 10
-81.97684288024902
 20
-10.37064360851844
 30
0.0
 10
-81.95410728247545
 20
-10.45647202138377
 30
0.0
 10
-81.91319028084601
 20
-10.61093645834452
 30
0.0
 10
-81.75979090994763
 20
-10.64205228525578
 30
0.0
 10
-81.69162814624377
 20
-10.65587855289157
 30
0.0
  0
SPLINE
  5
27A
330
1F
100
AcDbEntity
  8
0
  6
Continuous
 62
     7
100
AcDbSpline
210
0.0
220
0.0
230
1.0
 70
     8
 71
     3
 72
    11
 73
     7
 74
     0
 42
0.00000001
 43
0.00000001
 40
0.0
 40
0.0
 40
0.0
 40
0.0
 40
0.2500125715505394
 40
0.5000060153023078
 40
0.750003007651179
 40
1.0
 40
1.0
 40
1.0
 40
1.0
 10
-78.66964340209961
 20
-7.556951553666294
 30
0.0
 10
-78.68859207591822
 20
-7.47859058754739
 30
0.0
 10
-78.72648797384272
 20
-7.321874650499274
 30
0.0
 10
-78.96967782798113
 20
-7.224489090072536
 30
0.0
 10
-79.21287944830667
 20
-7.321867461915107
 30
0.0
 10
-79.25074761770541
 20
-7.478590189749239
 30
0.0
 10
-79.26968170240477
 20
-7.556951553666296
 30
0.0
  0
SPLINE
  5
27B
330
1F
100
AcDbEntity
  8
0
  6
Continuous
 62
     7
100
AcDbSpline
210
0.0
220
0.0
230
1.0
 70
     8
 71
     3
 72
    11
 73
     7
 74
     0
 42
0.00000001
 43
0.00000001
 40
0.0
 40
0.0
 40
0.0
 40
0.0
 40
0.2499905986835745
 40
0.4999954053279935
 40
0.7499966632643894
 40
1.0
 40
1.0
 40
1.0
 40
1.0
 10
-79.2696475982666
 20
-7.556951553666294
 30
0.0
 10
-79.25072638591244
 20
-7.635313462060399
 30
0.0
 10
-79.21288288583632
 20
-7.792041732467796
 30
0.0
 10
-78.9696782929351
 20
-7.889411712898502
 30
0.0
 10
-78.72648359768064
 20
-7.792035645585718
 30
0.0
 10
-78.68861746081438
 20
-7.635313134833861
 30
0.0
 10
-78.6696843136659
 20
-7.556951553666294
 30
0.0
  0
SPLINE
  5
27C
330
1F
100
AcDbEntity
  8
0
  6
Continuous
 62
     7
100
AcDbSpline
210
0.0
220
0.0
230
1.0
 70
     8
 71
     3
 72
    11
 73
     7
 74
     0
 42
0.00000001
 43
0.00000001
 40
0.0
 40
0.0
 40
0.0
 40
0.0
 40
0.2500122077628
 40
0.5000088314230009
 40
0.7500054550831794
 40
1.0
 40
1.0
 40
1.0
 40
1.0
 10
-78.66988182067871
 20
-9.354862330994619
 30
0.0
 10
-78.68883261486651
 20
-9.276502288696859
 30
0.0
 10
-78.72673302197528
 20
-9.119787088546573
 30
0.0
 10
-78.96992352757005
 20
-9.022409353352968
 30
0.0
 10
-79.21312568870121
 20
-9.119780237954132
 30
0.0
 10
-79.250994379947
 20
-9.276501850507636
 30
0.0
 10
-79.26992864684918
 20
-9.354862330994619
 30
0.0
  0
SPLINE
  5
27D
330
1F
100
AcDbEntity
  8
0
  6
Continuous
 62
     7
100
AcDbSpline
210
0.0
220
0.0
230
1.0
 70
     8
 71
     3
 72
    11
 73
     7
 74
     0
 42
0.00000001
 43
0.00000001
 40
0.0
 40
0.0
 40
0.0
 40
0.0
 40
0.2499866806608541
 40
0.499991120440562
 40
0.7499955602202922
 40
1.0
 40
1.0
 40
1.0
 40
1.0
 10
-79.26988601684572
 20
-9.35486233099462
 30
0.0
 10
-79.25096808029535
 20
-9.433224400452414
 30
0.0
 10
-79.21313086325954
 20
-9.58995410622981
 30
0.0
 10
-78.96992350999378
 20
-9.68732207509692
 30
0.0
 10
-78.72672788607868
 20
-9.589947217806131
 30
0.0
 10
-78.68885876372936
 20
-9.433223959931787
 30
0.0
 10
-78.66992420255471
 20
-9.354862330994619
 30
0.0
  0
SPLINE
  5
27E
330
1F
100
AcDbEntity
  8
0
  6
Continuous
 62
     7
100
AcDbSpline
210
0.0
220
0.0
230
1.0
 70
     8
 71
     3
 72
     9
 73
     5
 74
     0
 42
0.00000001
 43
0.00000001
 40
0.0
 40
0.0
 40
0.0
 40
0.0
 40
0.5556808294577512
 40
1.0
 40
1.0
 40
1.0
 40
1.0
 10
-83.89744758605957
 20
-30.21071765911398
 30
0.0
 10
-84.08003384337226
 20
-30.25909091986629
 30
0.0
 10
-84.40861501377336
 20
-30.34614315954767
 30
0.0
 10
-84.47480849967734
 20
-30.67245807519513
 30
0.0
 10
-84.50421953442945
 20
-30.81744604785118
 30
0.0
  0
SPLINE
  5
27F
330
1F
100
AcDbEntity
  8
0
  6
Continuous
 62
     7
100
AcDbSpline
210
0.0
220
0.0
230
1.0
 70
     8
 71
     3
 72
     9
 73
     5
 74
     0
 42
0.00000001
 43
0.00000001
 40
0.0
 40
0.0
 40
0.0
 40
0.0
 40
0.5556492202830725
 40
1.0
 40
1.0
 40
1.0
 40
1.0
 10
-84.50417518615723
 20
-46.87773198828052
 30
0.0
 10
-84.45581524787951
 20
-47.06029898851111
 30
0.0
 10
-84.36878203247595
 20
-47.38886419397937
 30
0.0
 10
-84.04248256741384
 20
-47.45505045868792
 30
0.0
 10
-83.89749114569229
 20
-47.48446037701772
 30
0.0
  0
SPLINE
  5
280
330
1F
100
AcDbEntity
  8
0
  6
Continuous
 62
     7
100
AcDbSpline
210
0.0
220
0.0
230
1.0
 70
     8
 71
     3
 72
     9
 73
     5
 74
     0
 42
0.00000001
 43
0.00000001
 40
0.0
 40
0.0
 40
0.0
 40
0.0
 40
0.5556567515131053
 40
1.0
 40
1.0
 40
1.0
 40
1.0
 10
-79.81476783752441
 20
-47.48446037701772
 30
0.0
 10
-79.63220482378361
 20
-47.43608167003813
 30
0.0
 10
-79.30365124597921
 20
-47.3490158567499
 30
0.0
 10
-79.23746211715753
 20
-47.02271954943991
 30
0.0
 10
-79.2080514246424
 20
-46.87773198828052
 30
0.0
  0
SPLINE
  5
281
330
1F
100
AcDbEntity
  8
0
  6
Continuous
 62
     7
100
AcDbSpline
210
0.0
220
0.0
230
1.0
 70
     8
 71
     3
 72
     9
 73
     5
 74
     0
 42
0.00000001
 43
0.00000001
 40
0.0
 40
0.0
 40
0.0
 40
0.0
 40
0.5556605187789837
 40
1.0
 40
1.0
 40
1.0
 40
1.0
 10
-79.20804023742676
 20
-30.81744604785118
 30
0.0
 10
-79.25642127517636
 20
-30.63487924067431
 30
0.0
 10
-79.34349069276949
 20
-30.30632106350157
 30
0.0
 10
-79.6697914875187
 20
-30.24012928128513
 30
0.0
 10
-79.8147798133796
 20
-30.21071765911398
 30
0.0
  0
SPLINE
  5
282
330
1F
100
AcDbEntity
  8
0
  6
Continuous
 62
     7
100
AcDbSpline
210
0.0
220
0.0
230
1.0
 70
     8
 71
     3
 72
    11
 73
     7
 74
     0
 42
0.00000001
 43
0.00000001
 40
0.0
 40
0.0
 40
0.0
 40
0.0
 40
0.2499920514794876
 40
0.4999970668214576
 40
0.7499985334107567
 40
1.0
 40
1.0
 40
1.0
 40
1.0
 10
-81.09250068664552
 20
-30.75249260342301
 30
0.0
 10
-81.07357621854563
 20
-30.8308534781205
 30
0.0
 10
-81.03572630097781
 20
-30.98757929108308
 30
0.0
 10
-80.79252394907171
 20
-31.08494362970841
 30
0.0
 10
-80.54932929952695
 20
-30.98757449320053
 30
0.0
 10
-80.51146271605653
 20
-30.83085323334884
 30
0.0
 10
-80.49252942432132
 20
-30.752492603423
 30
0.0
  0
SPLINE
  5
283
330
1F
100
AcDbEntity
  8
0
  6
Continuous
 62
     7
100
AcDbSpline
210
0.0
220
0.0
230
1.0
 70
     8
 71
     3
 72
    11
 73
     7
 74
     0
 42
0.00000001
 43
0.00000001
 40
0.0
 40
0.0
 40
0.0
 40
0.0
 40
0.2500100777696027
 40
0.5000043527738299
 40
0.7500021763869147
 40
1.0
 40
1.0
 40
1.0
 40
1.0
 10
-80.49249649047852
 20
-30.752492603423
 30
0.0
 10
-80.51144209875362
 20
-30.67413153437062
 30
0.0
 10
-80.54933211778008
 20
-30.51741434935257
 30
0.0
 10
-80.79252348393285
 20
-30.42003038493354
 30
0.0
 10
-81.0357244226372
 20
-30.51740845039536
 30
0.0
 10
-81.0735926829192
 20
-30.67413121908046
 30
0.0
 10
-81.09252681306019
 20
-30.75249260342301
 30
0.0
  0
SPLINE
  5
284
330
1F
100
AcDbEntity
  8
0
  6
Continuous
 62
     7
100
AcDbSpline
210
0.0
220
0.0
230
1.0
 70
     8
 71
     3
 72
    11
 73
     7
 74
     0
 42
0.00000001
 43
0.00000001
 40
0.0
 40
0.0
 40
0.0
 40
0.0
 40
0.2499957926200493
 40
0.4999995609034011
 40
0.7499997804516944
 40
1.0
 40
1.0
 40
1.0
 40
1.0
 10
-83.16068649291992
 20
-31.94816232534632
 30
0.0
 10
-83.14175742370958
 20
-32.02652304567471
 30
0.0
 10
-83.10389868139123
 20
-32.18324698628847
 30
0.0
 10
-82.86069860053014
 20
-32.28061371940638
 30
0.0
 10
-82.61750292768393
 20
-32.18324412318069
 30
0.0
 10
-82.57963648065306
 20
-32.02652292462445
 30
0.0
 10
-82.56070325713762
 20
-31.94816232534632
 30
0.0
  0
SPLINE
  5
285
330
1F
100
AcDbEntity
  8
0
  6
Continuous
 62
     7
100
AcDbSpline
210
0.0
220
0.0
230
1.0
 70
     8
 71
     3
 72
    11
 73
     7
 74
     0
 42
0.00000001
 43
0.00000001
 40
0.0
 40
0.0
 40
0.0
 40
0.0
 40
0.250006335281195
 40
0.5000018577696925
 40
0.7500009288848446
 40
1.0
 40
1.0
 40
1.0
 40
1.0
 10
-82.56068229675293
 20
-31.94816232534632
 30
0.0
 10
-82.57962330403991
 20
-31.86980110182479
 30
0.0
 10
-82.61750449941387
 20
-31.7130820439105
 30
0.0
 10
-82.8606981352058
 20
-31.6157004747055
 30
0.0
 10
-83.1038980508381
 20
-31.71307808035596
 30
0.0
 10
-83.14176644753039
 20
-31.86980091034954
 30
0.0
 10
-83.16070064587652
 20
-31.94816232534633
 30
0.0
  0
SPLINE
  5
286
330
1F
100
AcDbEntity
  8
0
  6
Continuous
 62
     7
100
AcDbSpline
210
0.0
220
0.0
230
1.0
 70
     8
 71
     3
 72
     9
 73
     5
 74
     0
 42
0.00000001
 43
0.00000001
 40
0.0
 40
0.0
 40
0.0
 40
0.0
 40
0.5556629639416175
 40
1.0
 40
1.0
 40
1.0
 40
1.0
 10
-57.17287063598633
 20
-54.49736509748674
 30
0.0
 10
-57.22125622907365
 20
-54.3147983320985
 30
0.0
 10
-57.30833346154579
 20
-53.98624167593198
 30
0.0
 10
-57.63463453897717
 20
-53.92004869964209
 30
0.0
 10
-57.7796221925857
 20
-53.89063670874954
 30
0.0
  0
SPLINE
  5
287
330
1F
100
AcDbEntity
  8
0
  6
Continuous
 62
     7
100
AcDbSpline
210
0.0
220
0.0
230
1.0
 70
     8
 71
     3
 72
     9
 73
     5
 74
     0
 42
0.00000001
 43
0.00000001
 40
0.0
 40
0.0
 40
0.0
 40
0.0
 40
0.5556824696985306
 40
1.0
 40
1.0
 40
1.0
 40
1.0
 10
-73.8398551940918
 20
-53.89063670874954
 30
0.0
 10
-74.02244303488581
 20
-53.93900959846219
 30
0.0
 10
-74.35102608500985
 20
-54.02606091346751
 30
0.0
 10
-74.41721986775998
 20
-54.35237709680764
 30
0.0
 10
-74.44663092583282
 20
-54.49736509748674
 30
0.0
  0
SPLINE
  5
288
330
1F
100
AcDbEntity
  8
0
  6
Continuous
 62
     7
100
AcDbSpline
210
0.0
220
0.0
230
1.0
 70
     8
 71
     3
 72
     9
 73
     5
 74
     0
 42
0.00000001
 43
0.00000001
 40
0.0
 40
0.0
 40
0.0
 40
0.0
 40
0.5556581515039759
 40
1.0
 40
1.0
 40
1.0
 40
1.0
 10
-74.44663047790527
 20
-58.58008348535492
 30
0.0
 10
-74.39825386063777
 20
-58.7626503329863
 30
0.0
 10
-74.31119202750067
 20
-59.09120998272282
 30
0.0
 10
-73.98489151152809
 20
-59.15740060890246
 30
0.0
 10
-73.83990253709565
 20
-59.18681187409225
 30
0.0
  0
SPLINE
  5
289
330
1F
100
AcDbEntity
  8
0
  6
Continuous
 62
     7
100
AcDbSpline
210
0.0
220
0.0
230
1.0
 70
     8
 71
     3
 72
     9
 73
     5
 74
     0
 42
0.00000001
 43
0.00000001
 40
0.0
 40
0.0
 40
0.0
 40
0.0
 40
0.5556515525220468
 40
1.0
 40
1.0
 40
1.0
 40
1.0
 10
-57.77959823608398
 20
-59.18681187409225
 30
0.0
 10
-57.59704024118309
 20
-59.138431991257
 30
0.0
 10
-57.2684926215962
 20
-59.05136324715712
 30
0.0
 10
-57.2023044364755
 20
-58.72507095763022
 30
0.0
 10
-57.17289381917574
 20
-58.58008348535492
 30
0.0
  0
SPLINE
  5
28A
330
1F
100
AcDbEntity
  8
0
  6
Continuous
 62
     7
100
AcDbSpline
210
0.0
220
0.0
230
1.0
 70
     8
 71
     3
 72
    11
 73
     7
 74
     0
 42
0.00000001
 43
0.00000001
 40
0.0
 40
0.0
 40
0.0
 40
0.0
 40
0.2500065455611715
 40
0.5000043651960121
 40
0.7500021848308527
 40
1.0
 40
1.0
 40
1.0
 40
1.0
 10
-57.71465301513672
 20
-57.30232943011884
 30
0.0
 10
-57.79301793087767
 20
-57.32126294529749
 30
0.0
 10
-57.94974502720529
 20
-57.35912931482228
 30
0.0
 10
-58.04712276239047
 20
-57.60233171645586
 30
0.0
 10
-57.94974624373695
 20
-57.84553090195595
 30
0.0
 10
-57.79302321027436
 20
-57.88339955037362
 30
0.0
 10
-57.71466169424298
 20
-57.90233387441334
 30
0.0
  0
SPLINE
  5
28B
330
1F
100
AcDbEntity
  8
0
  6
Continuous
 62
     7
100
AcDbSpline
210
0.0
220
0.0
230
1.0
 70
     8
 71
     3
 72
    11
 73
     7
 74
     0
 42
0.00000001
 43
0.00000001
 40
0.0
 40
0.0
 40
0.0
 40
0.0
 40
0.2499924104490901
 40
0.4999956347207397
 40
0.7499988589923893
 40
0.9999999999999999
 40
0.9999999999999999
 40
0.9999999999999999
 40
0.9999999999999999
 10
-57.71465301513673
 20
-57.90233387441336
 30
0.0
 10
-57.63629582570464
 20
-57.88339856218605
 30
0.0
 10
-57.47957805737459
 20
-57.84552711865413
 30
0.0
 10
-57.38221005146343
 20
-57.60233171647765
 30
0.0
 10
-57.47957927379635
 20
-57.35913309805305
 30
0.0
 10
-57.63630110508752
 20
-57.32126393350306
 30
0.0
 10
-57.71466169424298
 20
-57.30232943011884
 30
0.0
  0
SPLINE
  5
28C
330
1F
100
AcDbEntity
  8
0
  6
Continuous
 62
     7
100
AcDbSpline
210
0.0
220
0.0
230
1.0
 70
     8
 71
     3
 72
    11
 73
     7
 74
     0
 42
0.00000001
 43
0.00000001
 40
0.0
 40
0.0
 40
0.0
 40
0.0
 40
0.2500069359952298
 40
0.5000046254853829
 40
0.7500023149755359
 40
1.0
 40
1.0
 40
1.0
 40
1.0
 10
-58.91032218933105
 20
-55.23415559730252
 30
0.0
 10
-58.98868730767462
 20
-55.25308906456819
 30
0.0
 10
-59.14541464602829
 20
-55.29095529884537
 30
0.0
 10
-59.24279245552314
 20
-55.53415788746657
 30
0.0
 10
-59.14541593510145
 20
-55.77735706818287
 30
0.0
 10
-58.98869290187464
 20
-55.81522571723838
 30
0.0
 10
-58.91033138596112
 20
-55.83416004159704
 30
0.0
  0
SPLINE
  5
28D
330
1F
100
AcDbEntity
  8
0
  6
Continuous
 62
     7
100
AcDbSpline
210
0.0
220
0.0
230
1.0
 70
     8
 71
     3
 72
    11
 73
     7
 74
     0
 42
0.00000001
 43
0.00000001
 40
0.0
 40
0.0
 40
0.0
 40
0.0
 40
0.2499920200022895
 40
0.4999953744232417
 40
0.7499987288441938
 40
1.0
 40
1.0
 40
1.0
 40
1.0
 10
-58.91032218933105
 20
-55.83416004159702
 30
0.0
 10
-58.83196520250205
 20
-55.81522468145913
 30
0.0
 10
-58.67524767620703
 20
-55.7773531026707
 30
0.0
 10
-58.57787974459509
 20
-55.53415788749071
 30
0.0
 10
-58.67524896516112
 20
-55.29095926427939
 30
0.0
 10
-58.83197079668786
 20
-55.25309010036762
 30
0.0
 10
-58.91033138596111
 20
-55.23415559730252
 30
0.0
  0
SPLINE
  5
28E
330
1F
100
AcDbEntity
  8
0
  6
Continuous
 62
     7
100
AcDbSpline
210
0.0
220
0.0
230
1.0
 70
     8
 71
     3
 72
    15
 73
    11
 74
     0
 42
0.00000001
 43
0.00000001
 40
0.0
 40
0.0
 40
0.0
 40
0.0
 40
0.1272070352275333
 40
0.2500054922148585
 40
0.3728037512296956
 40
0.5000030363693689
 40
0.6272026499768861
 40
0.7500015202471189
 40
0.8728003893541232
 40
1.0
 40
1.0
 40
1.0
 40
1.0
 10
-63.62156867980957
 20
-55.46567659724476
 30
0.0
 10
-63.76204403374142
 20
-55.48192444055082
 30
0.0
 10
-64.03812632699642
 20
-55.51385703025309
 30
0.0
 10
-64.38528794696045
 20
-55.75771686586434
 30
0.0
 10
-64.6199732528072
 20
-56.10246590801435
 30
0.0
 10
-64.70364005326338
 20
-56.51950182440038
 30
0.0
 10
-64.61997297257412
 20
-56.93653823318529
 30
0.0
 10
-64.38528814901161
 20
-57.2812892261321
 30
0.0
 10
-64.03813400866984
 20
-57.52514684083538
 30
0.0
 10
-63.76206046470582
 20
-57.55708376357555
 30
0.0
 10
-63.62159382132236
 20
-57.57333331894
 30
0.0
  0
SPLINE
  5
28F
330
1F
100
AcDbEntity
  8
0
  6
Continuous
 62
     7
100
AcDbSpline
210
0.0
220
0.0
230
1.0
 70
     8
 71
     3
 72
    15
 73
    11
 74
     0
 42
0.00000001
 43
0.00000001
 40
0.0
 40
0.0
 40
0.0
 40
0.0
 40
0.1271940253632072
 40
0.2499947342422692
 40
0.3727954442845768
 40
0.4999969635960835
 40
0.6271981544348253
 40
0.7499982532125795
 40
0.8727985499657879
 40
1.0
 40
1.0
 40
1.0
 40
1.0
 10
-63.62156867980957
 20
-57.57333331894
 30
0.0
 10
-63.48111082633188
 20
-57.55708234765707
 30
0.0
 10
-63.20504657211769
 20
-57.52514171809169
 30
0.0
 10
-62.85789951648142
 20
-57.28128928457856
 30
0.0
 10
-62.62321466329133
 20
-56.93653821796041
 30
0.0
 10
-62.53954759283133
 20
-56.5195018244038
 30
0.0
 10
-62.62321438305554
 20
-56.10246592322565
 30
0.0
 10
-62.85789971854291
 20
-55.75771680746377
 30
0.0
 10
-63.20505425369857
 20
-55.51386215280474
 30
0.0
 10
-63.48112725729315
 20
-55.48192585650232
 30
0.0
 10
-63.62159382132236
 20
-55.46567659724476
 30
0.0
  0
SPLINE
  5
290
330
1F
100
AcDbEntity
  8
0
  6
Continuous
 62
     7
100
AcDbSpline
210
0.0
220
0.0
230
1.0
 70
     8
 71
     3
 72
     9
 73
     5
 74
     0
 42
0.00000001
 43
0.00000001
 40
0.0
 40
0.0
 40
0.0
 40
0.0
 40
0.5556491660636957
 40
1.0
 40
1.0
 40
1.0
 40
1.0
 10
-73.68950843811035
 20
-47.6841255436345
 30
0.0
 10
-73.50695255361116
 20
-47.63574512106739
 30
0.0
 10
-73.17840732102769
 20
-47.54867503166216
 30
0.0
 10
-73.11221760424593
 20
-47.22238458636885
 30
0.0
 10
-73.08280614839593
 20
-47.07739715489732
 30
0.0
  0
SPLINE
  5
291
330
1F
100
AcDbEntity
  8
0
  6
Continuous
 62
     7
100
AcDbSpline
210
0.0
220
0.0
230
1.0
 70
     8
 71
     3
 72
     9
 73
     5
 74
     0
 42
0.00000001
 43
0.00000001
 40
0.0
 40
0.0
 40
0.0
 40
0.0
 40
0.5556656318705787
 40
1.0
 40
1.0
 40
1.0
 40
1.0
 10
-73.0827808380127
 20
-31.01711121446798
 30
0.0
 10
-73.13116831724278
 20
-30.83454449467916
 30
0.0
 10
-73.21824852601364
 20
-30.50598949808123
 30
0.0
 10
-73.54454832301285
 20
-30.43979521893085
 30
0.0
 10
-73.68953453713324
 20
-30.41038282573078
 30
0.0
  0
SPLINE
  5
292
330
1F
100
AcDbEntity
  8
0
  6
Continuous
 62
     7
100
AcDbSpline
210
0.0
220
0.0
230
1.0
 70
     8
 71
     3
 72
     9
 73
     5
 74
     0
 42
0.00000001
 43
0.00000001
 40
0.0
 40
0.0
 40
0.0
 40
0.0
 40
0.5556678764149621
 40
1.0
 40
1.0
 40
1.0
 40
1.0
 10
-77.77223587036133
 20
-30.41038282573078
 30
0.0
 10
-77.95480981611679
 20
-30.45875901645788
 30
0.0
 10
-78.28337648967253
 20
-30.54581855828204
 30
0.0
 10
-78.3495695920102
 20
-30.87212346315123
 30
0.0
 10
-78.37898131373859
 20
-31.01711121446798
 30
0.0
  0
SPLINE
  5
293
330
1F
100
AcDbEntity
  8
0
  6
Continuous
 62
     7
100
AcDbSpline
210
0.0
220
0.0
230
1.0
 70
     8
 71
     3
 72
     9
 73
     5
 74
     0
 42
0.00000001
 43
0.00000001
 40
0.0
 40
0.0
 40
0.0
 40
0.0
 40
0.5556568518425148
 40
1.0
 40
1.0
 40
1.0
 40
1.0
 10
-78.37896347045898
 20
-47.07739715489732
 30
0.0
 10
-78.33059238638795
 20
-47.25996402473739
 30
0.0
 10
-78.2435403075543
 20
-47.58852448293147
 30
0.0
 10
-77.91724154458089
 20
-47.65471447443383
 30
0.0
 10
-77.7722529250014
 20
-47.6841255436345
 30
0.0
  0
SPLINE
  5
294
330
1F
100
AcDbEntity
  8
0
  6
Continuous
 62
     7
100
AcDbSpline
210
0.0
220
0.0
230
1.0
 70
     8
 71
     3
 72
    11
 73
     7
 74
     0
 42
0.00000001
 43
0.00000001
 40
0.0
 40
0.0
 40
0.0
 40
0.0
 40
0.2500006922580003
 40
0.4999980957364836
 40
0.749999047868277
 40
1.0
 40
1.0
 40
1.0
 40
1.0
 10
-76.49450302124023
 20
-47.14235059932548
 30
0.0
 10
-76.51343709003822
 20
-47.06398914290496
 30
0.0
 10
-76.55130497855492
 20
-46.90726726091525
 30
0.0
 10
-76.79450203774034
 20
-46.80988930336758
 30
0.0
 10
-77.0377004104317
 20
-46.90726621566367
 30
0.0
 10
-77.07556901285038
 20
-47.06398913810489
 30
0.0
 10
-77.09450331405971
 20
-47.14235059932548
 30
0.0
  0
SPLINE
  5
295
330
1F
100
AcDbEntity
  8
0
  6
Continuous
 62
     7
100
AcDbSpline
210
0.0
220
0.0
230
1.0
 70
     8
 71
     3
 72
    11
 73
     7
 74
     0
 42
0.00000001
 43
0.00000001
 40
0.0
 40
0.0
 40
0.0
 40
0.0
 40
0.2499875759008501
 40
0.4999933901462447
 40
0.7499956556693138
 40
1.0
 40
1.0
 40
1.0
 40
1.0
 10
-77.0944595336914
 20
-47.14235059932548
 30
0.0
 10
-77.07554203973635
 20
-47.22071263245017
 30
0.0
 10
-77.03770567166254
 20
-47.37744241575872
 30
0.0
 10
-76.79449924295444
 20
-47.47481046138323
 30
0.0
 10
-76.55130537474506
 20
-47.37743476553881
 30
0.0
 10
-76.51343912760599
 20
-47.22071220525776
 30
0.0
 10
-76.49450592532084
 20
-47.14235059932548
 30
0.0
  0
SPLINE
  5
296
330
1F
100
AcDbEntity
  8
0
  6
Continuous
 62
     7
100
AcDbSpline
210
0.0
220
0.0
230
1.0
 70
     8
 71
     3
 72
    11
 73
     7
 74
     0
 42
0.00000001
 43
0.00000001
 40
0.0
 40
0.0
 40
0.0
 40
0.0
 40
0.250001405124457
 40
0.500001629674083
 40
0.750001854223709
 40
1.0
 40
1.0
 40
1.0
 40
1.0
 10
-74.42631721496582
 20
-45.94668087740218
 30
0.0
 10
-74.44525472904114
 20
-45.86832038928429
 30
0.0
 10
-74.48312966776368
 20
-45.71159978308808
 30
0.0
 10
-74.72632672435459
 20
-45.6142289615633
 30
0.0
 10
-74.9695259325036
 20
-45.71159851891359
 30
0.0
 10
-75.0073950174778
 20
-45.86832030843276
 30
0.0
 10
-75.02632948124341
 20
-45.94668087740219
 30
0.0
  0
SPLINE
  5
297
330
1F
100
AcDbEntity
  8
0
  6
Continuous
 62
     7
100
AcDbSpline
210
0.0
220
0.0
230
1.0
 70
     8
 71
     3
 72
    11
 73
     7
 74
     0
 42
0.00000001
 43
0.00000001
 40
0.0
 40
0.0
 40
0.0
 40
0.0
 40
0.2499974781836725
 40
0.4999983187891032
 40
0.7499991593945339
 40
1.0
 40
1.0
 40
1.0
 40
1.0
 10
-75.02632141113281
 20
-45.94668087740218
 30
0.0
 10
-75.00739019397157
 20
-46.02504250129623
 30
0.0
 10
-74.96952750502757
 20
-46.1817668030343
 30
0.0
 10
-74.7263267073743
 20
-46.2791416829938
 30
0.0
 10
-74.48312812972632
 20
-46.18176549884144
 30
0.0
 10
-74.44525940120813
 20
-46.02504241788193
 30
0.0
 10
-74.42632503694901
 20
-45.94668087740218
 30
0.0
  0
SPLINE
  5
298
330
1F
100
AcDbEntity
  8
0
  6
Continuous
 62
     7
100
AcDbSpline
210
0.0
220
0.0
230
1.0
 70
     8
 71
     3
 72
    11
 73
     7
 74
     0
 42
0.00000001
 43
0.00000001
 40
0.0
 40
0.0
 40
0.0
 40
0.0
 40
0.2837061664118145
 40
0.557917389111892
 40
0.7750255931190743
 40
1.0
 40
1.0
 40
1.0
 40
1.0
 10
-23.67550134658813
 20
-14.19119871867446
 30
0.0
 10
-23.69590945740224
 20
-14.03358331406103
 30
0.0
 10
-23.73604267003598
 20
-13.72362750260329
 30
0.0
 10
-24.0185256214011
 20
-13.37947099109284
 30
0.0
 10
-24.36378557514235
 20
-13.17095433330231
 30
0.0
 10
-24.6086939184896
 20
-13.14604809135468
 30
0.0
 10
-24.73332698011138
 20
-13.13337338560558
 30
0.0
  0
SPLINE
  5
299
330
1F
100
AcDbEntity
  8
0
  6
Continuous
 62
     7
100
AcDbSpline
210
0.0
220
0.0
230
1.0
 70
     8
 71
     3
 72
    11
 73
     7
 74
     0
 42
0.00000001
 43
0.00000001
 40
0.0
 40
0.0
 40
0.0
 40
0.0
 40
0.2837053224338881
 40
0.5579163695264676
 40
0.7750252794530962
 40
1.0
 40
1.0
 40
1.0
 40
1.0
 10
-41.76754951477051
 20
-13.13337338560558
 30
0.0
 10
-41.92516536004401
 20
-13.15377869198831
 30
0.0
 10
-42.23512239370286
 20
-13.19390643565721
 30
0.0
 10
-42.57927580659496
 20
-13.47639551325341
 30
0.0
 10
-42.78779148885967
 20
-13.82165620170753
 30
0.0
 10
-42.81269782962423
 20
-14.06656535735359
 30
0.0
 10
-42.8253725741004
 20
-14.19119871867446
 30
0.0
  0
SPLINE
  5
29A
330
1F
100
AcDbEntity
  8
0
  6
Continuous
 62
     7
100
AcDbSpline
210
0.0
220
0.0
230
1.0
 70
     8
 71
     3
 72
    11
 73
     7
 74
     0
 42
0.00000001
 43
0.00000001
 40
0.0
 40
0.0
 40
0.0
 40
0.0
 40
0.2837051640502863
 40
0.5579178318261925
 40
0.7750266249424879
 40
1.0
 40
1.0
 40
1.0
 40
1.0
 10
-42.82536506652833
 20
-18.07554310659222
 30
0.0
 10
-42.80496269533337
 20
-18.23315882582193
 30
0.0
 10
-42.76484059625452
 20
-18.54311659704804
 30
0.0
 10
-42.48235204103186
 20
-18.88727019772524
 30
0.0
 10
-42.13709394570084
 20
-19.09578709635533
 30
0.0
 10
-41.89218648761813
 20
-19.12069363060136
 30
0.0
 10
-41.7675543233098
 20
-19.13336843966109
 30
0.0
  0
SPLINE
  5
29B
330
1F
100
AcDbEntity
  8
0
  6
Continuous
 62
     7
100
AcDbSpline
210
0.0
220
0.0
230
1.0
 70
     8
 71
     3
 72
    11
 73
     7
 74
     0
 42
0.00000001
 43
0.00000001
 40
0.0
 40
0.0
 40
0.0
 40
0.0
 40
0.2837005788752702
 40
0.5579134185255833
 40
0.7750235886263671
 40
1.0
 40
1.0
 40
1.0
 40
1.0
 10
-24.73331689834595
 20
-19.13336843966109
 30
0.0
 10
-24.57570524152479
 20
-19.11296242475979
 30
0.0
 10
-24.26575290161351
 20
-19.07283282905291
 30
0.0
 10
-23.92160289979418
 20
-18.79034653610336
 30
0.0
 10
-23.71308914733211
 20
-18.4450852544524
 30
0.0
 10
-23.6881832558239
 20
-18.20017641284404
 30
0.0
 10
-23.67550872932078
 20
-18.07554310659222
 30
0.0
  0
SPLINE
  5
29C
330
1F
100
AcDbEntity
  8
0
  6
Continuous
 62
     7
100
AcDbSpline
210
0.0
220
0.0
230
1.0
 70
     8
 71
     3
 72
    11
 73
     7
 74
     0
 42
0.00000001
 43
0.00000001
 40
0.0
 40
0.0
 40
0.0
 40
0.0
 40
0.2499989692529526
 40
0.5000000042733572
 40
0.7500010392937841
 40
1.0
 40
1.0
 40
1.0
 40
1.0
 10
-69.90890502929688
 20
-50.98599854280912
 30
0.0
 10
-69.92783954461918
 20
-50.90763795424568
 30
0.0
 10
-69.9657087317216
 20
-50.75091612961707
 30
0.0
 10
-70.2089072629748
 20
-50.65354686597423
 30
0.0
 10
-70.45210579987034
 20
-50.7509161263021
 30
0.0
 10
-70.48997497162226
 20
-50.90763795403366
 30
0.0
 10
-70.50890947894565
 20
-50.98599854280912
 30
0.0
  0
SPLINE
  5
29D
330
1F
100
AcDbEntity
  8
0
  6
Continuous
 62
     7
100
AcDbSpline
210
0.0
220
0.0
230
1.0
 70
     8
 71
     3
 72
    11
 73
     7
 74
     0
 42
0.00000001
 43
0.00000001
 40
0.0
 40
0.0
 40
0.0
 40
0.0
 40
0.2499999230199763
 40
0.4999999471914308
 40
0.749999971362863
 40
1.0
 40
1.0
 40
1.0
 40
1.0
 10
-70.50890922546387
 20
-50.98599854280912
 30
0.0
 10
-70.48997500547394
 20
-51.06436006573419
 30
0.0
 10
-70.45210655783319
 20
-51.22108314328989
 30
0.0
 10
-70.2089072470479
 20
-51.31845958916921
 30
0.0
 10
-69.96570800598981
 20
-51.221083102324
 30
0.0
 10
-69.92783936864842
 20
-51.064360063114
 30
0.0
 10
-69.9089050498086
 20
-50.98599854280912
 30
0.0
  0
SPLINE
  5
29E
330
1F
100
AcDbEntity
  8
0
  6
Continuous
 62
     7
100
AcDbSpline
210
0.0
220
0.0
230
1.0
 70
     8
 71
     3
 72
    11
 73
     7
 74
     0
 42
0.00000001
 43
0.00000001
 40
0.0
 40
0.0
 40
0.0
 40
0.0
 40
0.2500037668725341
 40
0.5000025097597757
 40
0.7500012526470397
 40
1.0
 40
1.0
 40
1.0
 40
1.0
 10
-67.84071922302246
 20
-49.79033587644132
 30
0.0
 10
-67.85965816941474
 20
-49.71197451215363
 30
0.0
 10
-67.89753568160907
 20
-49.55525335829986
 30
0.0
 10
-68.14073266029757
 20
-49.45787445224092
 30
0.0
 10
-68.38393295240432
 20
-49.55525141138642
 30
0.0
 10
-68.42180144960591
 20
-49.7119743876231
 30
0.0
 10
-68.4407356983758
 20
-49.79033587644132
 30
0.0
  0
SPLINE
  5
29F
330
1F
100
AcDbEntity
  8
0
  6
Continuous
 62
     7
100
AcDbSpline
210
0.0
220
0.0
230
1.0
 70
     8
 71
     3
 72
    11
 73
     7
 74
     0
 42
0.00000001
 43
0.00000001
 40
0.0
 40
0.0
 40
0.0
 40
0.0
 40
0.2499932436819802
 40
0.4999974418813711
 40
0.7500016400807398
 40
1.0
 40
1.0
 40
1.0
 40
1.0
 10
-68.44072341918947
 20
-49.79033587644133
 30
0.0
 10
-68.421793286193
 20
-49.86869525133884
 30
0.0
 10
-68.38393219069577
 20
-50.0254174347832
 30
0.0
 10
-68.14073264429386
 20
-50.12278888831747
 30
0.0
 10
-67.89753647591472
 20
-50.02541545033559
 30
0.0
 10
-67.8596661907333
 20
-49.86869512442444
 30
0.0
 10
-67.84073126923877
 20
-49.79033587644133
 30
0.0
  0
SPLINE
  5
2A0
330
1F
100
AcDbEntity
  8
0
  6
Continuous
 62
     7
100
AcDbSpline
210
0.0
220
0.0
230
1.0
 70
     8
 71
     3
 72
    11
 73
     7
 74
     0
 42
0.00000001
 43
0.00000001
 40
0.0
 40
0.0
 40
0.0
 40
0.0
 40
0.2500055931774258
 40
0.5000056706731152
 40
0.7500030955600402
 40
1.0
 40
1.0
 40
1.0
 40
1.0
 10
-69.9242115020752
 20
-39.68974365674428
 30
0.0
 10
-69.94315300818258
 20
-39.6113833410742
 30
0.0
 10
-69.98103560250543
 20
-39.45466443853761
 30
0.0
 10
-70.22422983009547
 20
-39.35729130643269
 30
0.0
 10
-70.46742868277092
 20
-39.45466192519233
 30
0.0
 10
-70.50529548823413
 20
-39.61138313393762
 30
0.0
 10
-70.52422887125786
 20
-39.68974365674428
 30
0.0
  0
SPLINE
  5
2A1
330
1F
100
AcDbEntity
  8
0
  6
Continuous
 62
     7
100
AcDbSpline
210
0.0
220
0.0
230
1.0
 70
     8
 71
     3
 72
    11
 73
     7
 74
     0
 42
0.00000001
 43
0.00000001
 40
0.0
 40
0.0
 40
0.0
 40
0.0
 40
0.2499957250983342
 40
0.4999953801761511
 40
0.7499976878552033
 40
1.0
 40
1.0
 40
1.0
 40
1.0
 10
-70.52421569824219
 20
-39.68974365674428
 30
0.0
 10
-70.50528746355177
 20
-39.76810532687706
 30
0.0
 10
-70.46743069661555
 20
-39.92482989900272
 30
0.0
 10
-70.22423017464176
 20
-40.02220442081777
 30
0.0
 10
-69.98103289190206
 20
-39.92482820073121
 30
0.0
 10
-69.94316410813627
 20
-39.76810517187317
 30
0.0
 10
-69.92422971608427
 20
-39.68974365674428
 30
0.0
  0
SPLINE
  5
2A2
330
1F
100
AcDbEntity
  8
0
  6
Continuous
 62
     7
100
AcDbSpline
210
0.0
220
0.0
230
1.0
 70
     8
 71
     3
 72
    11
 73
     7
 74
     0
 42
0.00000001
 43
0.00000001
 40
0.0
 40
0.0
 40
0.0
 40
0.0
 40
0.2500096689393481
 40
0.5000088102505036
 40
0.7500044028923497
 40
1.0
 40
1.0
 40
1.0
 40
1.0
 10
-67.85602569580078
 20
-38.49407393482097
 30
0.0
 10
-67.87497182282031
 20
-38.41571378720187
 30
0.0
 10
-67.91286327905911
 20
-38.25899679162202
 30
0.0
 10
-68.15605493853704
 20
-38.16162117634541
 30
0.0
 10
-68.39925440022958
 20
-38.25899247982045
 30
0.0
 10
-68.43712033936121
 20
-38.4157134493542
 30
0.0
 10
-68.45605330909615
 20
-38.49407393482098
 30
0.0
  0
SPLINE
  5
2A3
330
1F
100
AcDbEntity
  8
0
  6
Continuous
 62
     7
100
AcDbSpline
210
0.0
220
0.0
230
1.0
 70
     8
 71
     3
 72
    11
 73
     7
 74
     0
 42
0.00000001
 43
0.00000001
 40
0.0
 40
0.0
 40
0.0
 40
0.0
 40
0.2499924701099331
 40
0.4999926127899286
 40
0.7499963041620904
 40
1.0
 40
1.0
 40
1.0
 40
1.0
 10
-68.45602989196777
 20
-38.49407393482097
 30
0.0
 10
-68.43710593865312
 20
-38.57243573048329
 30
0.0
 10
-68.3992574512249
 20
-38.72916172682585
 30
0.0
 10
-68.15605540469734
 20
-38.82653442295304
 30
0.0
 10
-67.91285928603664
 20
-38.72915851870832
 30
0.0
 10
-67.87499038580125
 20
-38.57243546325001
 30
0.0
 10
-67.85605593551446
 20
-38.49407393482097
 30
0.0
  0
MTEXT
  5
2A5
330
1F
100
AcDbEntity
  8
0
  6
Continuous
 62
     7
100
AcDbMText
 10
-86.1584928371
 20
-70.5580500104
 30
0.0
 40
0.483362
 41
0.0
 71
     1
 72
     1
  1
SOLIDWORKS Educational Product.
  7
SLDTEXTSTYLE0
 73
     1
 44
1.0
  0
MTEXT
  5
2A6
330
1F
100
AcDbEntity
  8
0
  6
Continuous
 62
     7
100
AcDbMText
 10
-86.1584928371
 20
-71.2830930104
 30
0.0
 40
0.483362
 41
0.0
 71
     1
 72
     1
  1
For Instructional Use Only.
  7
SLDTEXTSTYLE0
 73
     1
 44
1.0
  0
ENDSEC
  0
SECTION
  2
OBJECTS
  0
DICTIONARY
  5
C
330
0
100
AcDbDictionary
281
     1
  3
ACAD_GROUP
350
D
  3
ACAD_LAYOUT
350
1A
  3
ACAD_MLINESTYLE
350
17
  3
ACAD_PLOTSETTINGS
350
19
  3
ACAD_PLOTSTYLENAME
350
E
  3
ACAD_SCALELIST
350
47
  3
DWGPROPS
350
2A7
  0
DICTIONARY
  5
D
102
{ACAD_REACTORS
330
C
102
}
330
C
100
AcDbDictionary
281
     1
  0
DICTIONARY
  5
1A
102
{ACAD_REACTORS
330
C
102
}
330
C
100
AcDbDictionary
281
     1
  3
Layout1
350
1E
  3
Layout2
350
26
  3
Model
350
22
  0
DICTIONARY
  5
17
102
{ACAD_REACTORS
330
C
102
}
330
C
100
AcDbDictionary
281
     1
  3
Standard
350
18
  0
DICTIONARY
  5
19
102
{ACAD_REACTORS
330
C
102
}
330
C
100
AcDbDictionary
281
     1
  0
ACDBDICTIONARYWDFLT
  5
E
102
{ACAD_REACTORS
330
C
102
}
330
C
100
AcDbDictionary
281
     1
  3
Normal
350
F
100
AcDbDictionaryWithDefault
340
F
  0
DICTIONARY
  5
47
102
{ACAD_REACTORS
330
C
102
}
330
C
100
AcDbDictionary
281
     1
  3
A0
350
48
  3
A1
350
49
  3
A2
350
4A
  3
A3
350
4B
  3
A4
350
4C
  3
A5
350
4D
  3
A6
350
4E
  3
A7
350
4F
  3
A8
350
50
  3
A9
350
51
  3
B0
350
52
  3
B1
350
53
  3
B2
350
54
  3
B3
350
55
  3
B4
350
56
  3
B5
350
57
  3
B6
350
58
  0
XRECORD
  5
2A7
102
{ACAD_REACTORS
330
C
102
}
330
C
100
AcDbXrecord
280
     1
  1
DWGPROPS COOKIE
  2

  3

  4

  6

  7

  8
andre
  9

300
=
301
=
302
=
303
=
304
=
305
=
306
=
307
=
308
=
309
=
 40
0.0
 41
2461187.940909005
 42
2461187.940964491
  1

 90
        0
  0
LAYOUT
  5
1E
102
{ACAD_REACTORS
330
1A
102
}
330
1A
100
AcDbPlotSettings
  1

  2
none_device
  4

  6

 40
0.0
 41
0.0
 42
0.0
 43
0.0
 44
0.0
 45
0.0
 46
0.0
 47
0.0
 48
0.0
 49
0.0
140
0.0
141
0.0
142
1.0
143
1.0
 70
   688
 72
     1
 73
     0
 74
     5
  7

 75
    16
147
1.0
148
0.0
149
0.0
100
AcDbLayout
  1
Layout1
 70
     1
 71
     1
 10
0.0
 20
0.0
 11
420.0
 21
297.0
 12
0.0
 22
0.0
 32
0.0
 14
1.0000000000E+20
 24
1.0000000000E+20
 34
1.0000000000E+20
 15
-1.0000000000E+20
 25
-1.0000000000E+20
 35
-1.0000000000E+20
146
0.0
 13
0.0
 23
0.0
 33
0.0
 16
1.0
 26
0.0
 36
0.0
 17
0.0
 27
1.0
 37
0.0
 76
     0
330
1B
  0
LAYOUT
  5
26
102
{ACAD_REACTORS
330
1A
102
}
330
1A
100
AcDbPlotSettings
  1

  2
none_device
  4

  6

 40
0.0
 41
0.0
 42
0.0
 43
0.0
 44
0.0
 45
0.0
 46
0.0
 47
0.0
 48
0.0
 49
0.0
140
0.0
141
0.0
142
1.0
143
1.0
 70
   688
 72
     1
 73
     0
 74
     5
  7

 75
    16
147
1.0
148
0.0
149
0.0
100
AcDbLayout
  1
Layout2
 70
     1
 71
     2
 10
0.0
 20
0.0
 11
0.0
 21
0.0
 12
0.0
 22
0.0
 32
0.0
 14
0.0
 24
0.0
 34
0.0
 15
0.0
 25
0.0
 35
0.0
146
0.0
 13
0.0
 23
0.0
 33
0.0
 16
1.0
 26
0.0
 36
0.0
 17
0.0
 27
1.0
 37
0.0
 76
     0
330
23
  0
LAYOUT
  5
22
102
{ACAD_REACTORS
330
1A
102
}
330
1A
100
AcDbPlotSettings
  1

  2
none_device
  4
ANSI_A_(11.00_x_8.50_Inches)
  6

 40
6.35
 41
19.05
 42
6.35000508
 43
19.05000254
 44
279.4
 45
215.9
 46
201.5626020397
 47
177.3022103416
 48
0.0
 49
0.0
140
0.0
141
0.0
142
0.0943671987
143
1.0
 70
  1696
 72
     0
 73
     0
 74
     0
  7

 75
     0
147
0.0179189148
148
-1300.4909072572
149
0.0
100
AcDbLayout
  1
Model
 70
     1
 71
     0
 10
0.0
 20
0.0
 11
420.0
 21
297.0
 12
0.0
 22
0.0
 32
0.0
 14
-86.1584928371
 24
-70.4560933713
 34
0.0
 15
29.2417749451
 25
-3.3068683325
 35
0.0
146
0.0
 13
0.0
 23
0.0
 33
0.0
 16
1.0
 26
0.0
 36
0.0
 17
0.0
 27
1.0
 37
0.0
 76
     0
330
1F
331
29
  0
MLINESTYLE
  5
18
102
{ACAD_REACTORS
330
17
102
}
330
17
100
AcDbMlineStyle
  2
Standard
 70
     0
  3

 62
   256
 51
90.0
 52
90.0
 71
     2
 49
0.5
 62
   256
  6
BYLAYER
 49
-0.5
 62
   256
  6
BYLAYER
  0
ACDBPLACEHOLDER
  5
F
102
{ACAD_REACTORS
330
E
102
}
330
E
  0
SCALE
  5
48
102
{ACAD_REACTORS
330
47
102
}
330
47
100
AcDbScale
 70
     0
300
1:1
140
1.0
141
1.0
290
     1
  0
SCALE
  5
49
102
{ACAD_REACTORS
330
47
102
}
330
47
100
AcDbScale
 70
     0
300
1:2
140
1.0
141
2.0
290
     0
  0
SCALE
  5
4A
102
{ACAD_REACTORS
330
47
102
}
330
47
100
AcDbScale
 70
     0
300
1:4
140
1.0
141
4.0
290
     0
  0
SCALE
  5
4B
102
{ACAD_REACTORS
330
47
102
}
330
47
100
AcDbScale
 70
     0
300
1:5
140
1.0
141
5.0
290
     0
  0
SCALE
  5
4C
102
{ACAD_REACTORS
330
47
102
}
330
47
100
AcDbScale
 70
     0
300
1:8
140
1.0
141
8.0
290
     0
  0
SCALE
  5
4D
102
{ACAD_REACTORS
330
47
102
}
330
47
100
AcDbScale
 70
     0
300
1:10
140
1.0
141
10.0
290
     0
  0
SCALE
  5
4E
102
{ACAD_REACTORS
330
47
102
}
330
47
100
AcDbScale
 70
     0
300
1:16
140
1.0
141
16.0
290
     0
  0
SCALE
  5
4F
102
{ACAD_REACTORS
330
47
102
}
330
47
100
AcDbScale
 70
     0
300
1:20
140
1.0
141
20.0
290
     0
  0
SCALE
  5
50
102
{ACAD_REACTORS
330
47
102
}
330
47
100
AcDbScale
 70
     0
300
1:30
140
1.0
141
30.0
290
     0
  0
SCALE
  5
51
102
{ACAD_REACTORS
330
47
102
}
330
47
100
AcDbScale
 70
     0
300
1:40
140
1.0
141
40.0
290
     0
  0
SCALE
  5
52
102
{ACAD_REACTORS
330
47
102
}
330
47
100
AcDbScale
 70
     0
300
1:50
140
1.0
141
50.0
290
     0
  0
SCALE
  5
53
102
{ACAD_REACTORS
330
47
102
}
330
47
100
AcDbScale
 70
     0
300
1:100
140
1.0
141
100.0
290
     0
  0
SCALE
  5
54
102
{ACAD_REACTORS
330
47
102
}
330
47
100
AcDbScale
 70
     0
300
2:1
140
2.0
141
1.0
290
     0
  0
SCALE
  5
55
102
{ACAD_REACTORS
330
47
102
}
330
47
100
AcDbScale
 70
     0
300
4:1
140
4.0
141
1.0
290
     0
  0
SCALE
  5
56
102
{ACAD_REACTORS
330
47
102
}
330
47
100
AcDbScale
 70
     0
300
8:1
140
8.0
141
1.0
290
     0
  0
SCALE
  5
57
102
{ACAD_REACTORS
330
47
102
}
330
47
100
AcDbScale
 70
     0
300
10:1
140
10.0
141
1.0
290
     0
  0
SCALE
  5
58
102
{ACAD_REACTORS
330
47
102
}
330
47
100
AcDbScale
 70
     0
300
100:1
140
100.0
141
1.0
290
     0
  0
ENDSEC
  0
EOF
